image_name,camera,variation_id,ground_truth_posture,ground_truth_status,ground_truth_error,ground_truth_side,model_name,model_layout,hand_refined_left,hand_refined_right,landmark_detection_status,processing_ms,detect_ms,pose_ms,landmarks_supported_by_model,required_landmarks_available,parameter_calculation_ok,landmarks_available_count,body_landmarks_available,feet_landmarks_available,arm_landmarks_available,left_hand_available,right_hand_available,left_knee_flexion_deg,right_knee_flexion_deg,mean_knee_flexion_deg,left_knee_joint_angle_deg,right_knee_joint_angle_deg,knee_asymmetry_deg,foot_separation_norm,heel_separation_norm,toe_separation_norm,toe_heel_separation_ratio,foot_line_deviation_deg,ankle_line_deviation_deg,left_foot_turnout_deg,right_foot_turnout_deg,mean_foot_turnout_deg,foot_turnout_asymmetry_deg,left_knee_foot_alignment_deg,right_knee_foot_alignment_deg,mean_knee_foot_alignment_deg,knee_spread_norm,knee_over_ankle_spread_ratio,trunk_inclination_deg,hip_tilt_deg,shoulder_tilt_deg,pelvic_symmetry_deg,com_lateral_offset_norm,pelvis_lateral_offset_norm,leg_length_ratio_proxy,weight_shift_proxy,left_heel_lift_norm,right_heel_lift_norm,mean_heel_lift_norm,hip_height_norm,knee_height_norm,hip_height_torso_norm,knee_height_torso_norm,trunk_foreshortening_ratio,left_foot_length_norm,right_foot_length_norm,shin_crossing_angle_deg,shin_crossing_distance_norm,ankle_crossing_signed_norm,knee_crossing_signed_norm,left_ankle_hip_deviation_norm,right_ankle_hip_deviation_norm,left_elbow_shoulder_alignment_norm,right_elbow_shoulder_alignment_norm,mean_elbow_shoulder_alignment_norm,left_arm_abduction_deg,right_arm_abduction_deg,shoulder_width_px,scale_px,view_class,facing,mudra_measurable,shoulder_torso_ratio,torso_height_px,mudra_hand_used,left_hand_palm_size_px,left_hand_mean_finger_straightness_deg,left_hand_min_finger_straightness_deg,left_hand_mean_finger_flexion_deg,left_hand_mean_interfinger_spread_deg,left_hand_max_interfinger_spread_deg,left_hand_mean_adjacent_fingertip_gap_norm,left_hand_max_adjacent_fingertip_gap_norm,left_hand_index_pinky_tip_gap_norm,left_hand_palm_opening_norm,left_hand_pinky_relative_extension,left_hand_thumb_index_tip_distance_norm,left_hand_thumb_middle_tip_distance_norm,left_hand_fingertip_cluster_spread_norm,left_hand_extended_finger_contrast,left_hand_ring_pinky_straightness_deg,left_hand_wrist_joint_angle_deg,left_hand_wrist_deviation_deg,left_hand_palm_axis_from_vertical_deg,left_hand_wrist_lift_norm,right_hand_palm_size_px,right_hand_mean_finger_straightness_deg,right_hand_min_finger_straightness_deg,right_hand_mean_finger_flexion_deg,right_hand_mean_interfinger_spread_deg,right_hand_max_interfinger_spread_deg,right_hand_mean_adjacent_fingertip_gap_norm,right_hand_max_adjacent_fingertip_gap_norm,right_hand_index_pinky_tip_gap_norm,right_hand_palm_opening_norm,right_hand_pinky_relative_extension,right_hand_thumb_index_tip_distance_norm,right_hand_thumb_middle_tip_distance_norm,right_hand_fingertip_cluster_spread_norm,right_hand_extended_finger_contrast,right_hand_ring_pinky_straightness_deg,right_hand_wrist_joint_angle_deg,right_hand_wrist_deviation_deg,right_hand_palm_axis_from_vertical_deg,right_hand_wrist_lift_norm,recognition_family,recognition_confidence,score_SAMAPADHAM,score_ARAMANDI,score_MUZHUMANDI,score_SWASTIKAPADAM,detected_posture,predicted_status,predicted_error,predicted_error_text,predicted_error_kind,primary_parameter,primary_value,primary_expected,predicted_side,borderline,rule_message,posture_correct,status_correct,error_correct,unused_landmark_slots,score_PATAKA,score_ALAPADMA,score_MUSHTI,score_KATAKAMUKHA
DJI_20260917131455_0056_D.JPG,Cam 5,1,ARAMANDI,CORRECT,,,dwpose_l_wholebody,coco_wholebody_133,1,1,OK,696.72,470.81,225.91,67,1,1,67.0,1.0,1.0,1.0,1.0,1.0,63.613349090107576,52.411449691608865,58.01239939085822,116.38665090989242,127.58855030839113,11.20189939849871,0.6002952362399645,0.3512306173994708,1.6428981722403653,4.677548285523813,24.623493048315165,12.804259048548515,69.71748546232642,72.21615651838353,70.96682099035498,2.4986710560571055,13.028137667142943,13.179883037660346,13.104010352401644,1.7611341524373179,2.9337799904400956,3.152949410447331,3.1797495317134903,3.8140748342903543,3.1797495317134903,-0.13968975624192265,-0.05321471084501134,0.9529411204547331,0.09645223354346699,0.22616397234882096,0.22616397234882096,0.22616397234882096,2.002222050907593,0.9312661473328351,1.273493107469846,0.5923224246335596,1.5722284158141797,0.6524285483646891,0.7404850100360503,64.27437872409332,0.6002952362399645,0.5853676243252158,1.7561020436856345,0.013304299678762595,0.11973372136878527,0.6252780354914645,0.6385815058802141,0.6319297706858393,45.60315133965978,45.00003720338473,294.3971604253046,294.3971604253046,CORONAL,FRONT,1.0,0.6360398972194821,462.85958115566956,left,0.0,,,,,,,,,,,,,,,,,,,0.6773283892871887,0.0,,,,,,,,,,,,,,,,,,,-0.04000057294109059,BODY,0.8152,0.3444,0.8152,0.2845,0.3436,ARAMANDI,INCORRECT,FEET_NOT_IN_LINE,Feet not spread in a straight line / V-shaped,CANONICAL,foot_line_deviation_deg,24.623493048315165,<= 8°,,True,2 of 8 parameter checks out of range,1,0,0,0,,,,
DJI_20260917131459_0057_D.JPG,Cam 5,1,ARAMANDI,CORRECT,,,dwpose_l_wholebody,coco_wholebody_133,1,1,OK,736.52,487.87,248.65,67,1,1,46.0,1.0,1.0,1.0,1.0,0.0,63.846559268288956,54.6700614003214,59.25831033430518,116.15344073171104,125.3299385996786,9.176497867967555,0.6039699383964994,0.3420398271687271,1.6682897904924592,4.877472323331216,13.49584125206413,7.594617397359213,72.64593726646314,69.92853584113703,71.28723655380008,2.717401425326102,15.420826425598506,12.453428793144354,13.93712760937143,1.8142029841750196,3.0037968263645864,2.2120583445853885,2.1210670669587635,3.814122203120024,2.1210670669587635,-0.11973479234751046,-0.059867189029453156,0.9725553753203299,0.08980099068848181,0.19955784914964939,0.2527715631966588,0.2261647061731541,2.0354823555583867,0.9445701459493837,1.312325354511343,0.6089875199649203,1.5510500872067037,0.6690384012506843,0.7365311731700122,65.29978211114269,0.6039699383964994,0.5986718902945316,1.809318477962441,0.0,0.11973437805890631,0.6252791616066404,0.6252791616066404,0.6252791616066404,45.000037962200324,45.603120450430026,294.6504231131783,294.6504231131783,CORONAL,FRONT,1.0,0.6447245051904846,457.0175644651873,left,0.0,,,,,,,,,,,,,,,,,,,0.6689289516283453,,,,,,,,,,,,,,,,,,,,,BODY,0.8138,0.356,0.8138,0.2686,0.2859,ARAMANDI,INCORRECT,EXCESSIVE_KNEE_BEND,Knee bend deeper than Aramandi,SECONDARY,mean_knee_flexion_deg,59.25831033430518,30-45°,,True,1 of 8 parameter checks out of range,1,0,0,21,,,,
DJI_20260917131827_0058_D.JPG,Cam 5,2,SAMAPADHAM,CORRECT,,,dwpose_l_wholebody,coco_wholebody_133,1,1,OK,703.82,431.19,272.63,67,1,1,66.0,1.0,1.0,1.0,1.0,1.0,5.3407715896715615,5.743795471168937,5.542283530420249,174.65922841032844,174.25620452883106,0.40302388149737567,0.30215973955074005,0.20333921952217685,0.2477217235939254,1.218268291655895,19.65403083707763,5.194402152472194,7.12511678405852,2.7264586929809127,4.925787738519716,4.398658091077607,78.74018968843927,76.6131978120564,77.67669375024784,0.6018376893221622,1.9917864974896788,1.3260793397534958,2.2906673998632736,3.1363461545024407,2.2906673998632736,-0.17097689964592208,-0.13678097424639507,0.9912828647195522,0.15387893694615856,0.3282749615860254,0.2872400069552623,0.30775748427064387,2.43470414686188,1.1489615863077425,1.6477068129681505,0.7775695605718944,1.477631898891069,0.3308297415678573,0.2875655267876198,14.795037022464845,0.30215973955074005,0.3009188446610811,0.6018376893221622,0.054712233849888714,0.32827418234267886,0.6565491439287043,0.6291938062471065,0.6428714750879054,39.09388192726091,43.72690231254668,313.3047283269511,313.3047283269511,CORONAL,FRONT,1.0,0.6767585355665904,462.94906064930325,left,160.1395673789021,165.41430797298688,147.12624028744045,14.585692027013124,17.166373720982705,23.065063144313733,0.20385921939222174,0.2192043196878357,,0.6812676296475929,,0.42417626424351945,0.35563770362799774,0.19297308026352336,-0.11453890877495354,172.18099197280006,40.79460766641009,139.2053923335899,2.305969652837001,0.03175522115558185,0.0,,,,,,,,,,,,,,,,,,,-0.013017871382377262,BODY,0.9616,0.9616,0.6404,0.0513,0.7212,SAMAPADHAM,CORRECT,,,,foot_gap_norm,0.0021597395507400585,<= 0.05,,True,7 parameter checks within range,1,1,0,1,0.8143,0.516,0.725,0.6389
DJI_20260917131830_0059_D.JPG,Cam 5,2,SAMAPADHAM,CORRECT,,,dwpose_l_wholebody,coco_wholebody_133,1,1,OK,689.17,487.41,201.76,67,1,1,67.0,1.0,1.0,1.0,1.0,1.0,4.737815892641692,3.8839451770384983,4.310880534840095,175.2621841073583,176.1160548229615,0.8538707156031933,0.2956278488478507,0.18109521156407296,0.22790607160839813,1.2584875637518615,17.10262295711048,7.765179278853997,7.765325143514048,2.8622992584911344,5.313812201002591,4.903025885022913,78.09999687455677,77.78468625418675,77.94234156437176,0.5593645846414169,1.8921241243726747,2.3640697671250392,2.290594377947527,3.052858177760534,2.290594377947527,-0.1797448223628511,-0.11983026136542403,0.9866936547441381,0.14978754186413756,0.2929169819080967,0.2662883725292824,0.27960267721868953,2.3766225664637664,1.1184107088747581,1.6362221100641714,0.7699869368472236,1.452506082056645,0.2956279514783222,0.26662100056168847,13.487692469251254,0.2956278488478507,0.2929169819080967,0.559206114017759,0.0665711436568457,0.3062316663876938,0.6390911825738219,0.6124633327753876,0.6257772576746048,38.36749585027482,43.069372988251246,321.41512795010675,321.41512795010675,CORONAL,FRONT,1.0,0.6884652755354189,466.85742821254485,left,0.0,,,,,,,,,,,,,,,,,,,0.6389113668388022,0.0,,,,,,,,,,,,,,,,,,,-0.07596007318516432,BODY,0.9575,0.9575,0.6287,0.0537,0.7129,SAMAPADHAM,CORRECT,,,,foot_gap_norm,0.0,<= 0.05,,True,7 parameter checks within range,1,1,0,0,,,,
DJI_20260917131942_0060_D.JPG,Cam 5,3,MUZHUMANDI,CORRECT,,,dwpose_l_wholebody,coco_wholebody_133,1,1,OK,772.95,495.93,277.02,67,1,1,67.0,1.0,1.0,1.0,1.0,1.0,51.94963388474778,98.07929084339541,75.01446236407159,128.05036611525222,81.92070915660459,46.12965695864763,1.070898619756657,0.9404004250773169,1.4466602174763052,1.5383449208430178,7.2889703647393125,6.9810650824711455,63.43501562831571,55.61966409951969,59.5273398639177,7.815351528796022,77.90511908831255,41.583237244313445,59.74417816631299,0.8612581722963756,0.8042387546377466,1.8151138325678517,1.7623689078680085,3.7313507854718693,1.7623689078680085,0.03253960887468579,0.08134924350545317,0.8939579672882063,0.05694442619006948,0.15185121299021542,0.1410048242444793,0.14642801861734736,1.1605777601930427,0.027115971864340338,0.7531427081541395,0.017596577484600293,1.5409798802108523,0.33955042652614265,0.24970581255697627,155.3765615718345,0.8612581722963756,1.0629593762064626,0.8243361679754034,0.09761838398657999,0.2603168709974863,0.6074048519608617,0.7050241212223964,0.6562144865916291,48.36649752163733,45.0,275.779432917328,275.779432917328,CORONAL,FRONT,1.0,0.6489377394487267,424.97055750156085,left,335.81396484375,0.0,0.0,180.0,0.0,0.0,0.1102412418132443,0.3248531073199883,0.3268102223637471,0.14363992136643278,1.6018808838275096,0.3268102223637471,0.32289635578199544,0.14437923958794271,0.037573264587122734,,163.93618588609118,16.06381411390882,90.0,0.5691628211334655,0.0,,,,,,,,,,,,,,,,,,,0.5461752451795381,BODY,0.6218,0.0764,0.4035,0.6218,0.1492,MUZHUMANDI,INCORRECT,KNEE_ASYMMETRY,Knees bent unequally,SECONDARY,knee_asymmetry_deg,46.12965695864763,<= 10°,,True,2 of 6 parameter checks out of range,1,0,0,0,0.4449,0.1427,0.5238,0.5233
DJI_20260917131944_0061_D.JPG,Cam 5,3,MUZHUMANDI,CORRECT,,,dwpose_l_wholebody,coco_wholebody_133,1,1,OK,694.92,449.01,245.91,67,1,1,65.0,1.0,1.0,1.0,1.0,1.0,48.578069864198284,89.54025067560156,69.05916026989992,131.42193013580172,90.45974932439844,40.96218081140327,1.070549599866186,0.8729040288768904,1.4452358294570196,1.6556640611643316,6.499386463934046,5.8860014340349505,66.03728880590162,57.38080935776392,61.709049081832774,8.656479448137702,71.25343929431894,51.67039915055572,61.46191922243733,0.8507375319667542,0.7946736256527419,1.0121899778510124,0.8952188066000086,2.516901265462266,0.8952188066000086,0.0329351230546368,0.06038120644074761,0.9056756349963041,0.0466581647476922,0.13174226230550898,0.17565457965371686,0.15369842097961292,1.1582218867547376,0.06038120644074761,0.7454666161506283,0.03886316962166708,1.5536871291909178,0.3243748713155714,0.32585776141908723,143.0011383074288,0.8507375319667542,1.064905557259353,0.8124017671158298,0.12076241288149522,0.24152482576299045,0.5928339850704242,0.7026183186148675,0.6477261518426458,48.94515069824752,45.88137776468508,275.8515601430532,275.8515601430532,CORONAL,FRONT,1.0,0.643630227226475,428.5870185614961,left,144.635986328125,157.99373990624554,135.9874798124911,22.006260093754463,21.116962659351124,31.675443989026686,0.47687420424476845,0.6502247526707842,0.6636769975811447,1.0208077086907608,1.7280529015129644,0.6636769975811447,0.7659897123672599,0.3523866020784937,0.29291445877241284,180.0,163.38848432957812,16.61151567042188,90.0,0.5776897603251236,81.33319653181529,143.24004752511004,111.72104825491367,36.75995247488996,34.49517062531568,66.10238462897053,0.030815301414662034,0.05392615211439924,0.030814300836647112,1.7395717734604264,1.0017288269974403,1.5946667086861355,1.6485928608005347,0.7207243487748156,-0.00013090343043975494,137.99909432041648,170.39368826899127,9.60631173100873,111.22760150353642,0.25308340435230975,BODY,0.5849,0.0756,0.459,0.5849,0.1503,MUZHUMANDI,INCORRECT,KNEES_FACING_FORWARD,Feet and knees facing forward,CANONICAL,turnout_deviation_deg,16.709049081832774,<= 8°,,False,3 of 6 parameter checks out of range,1,0,0,2,0.76,0.7513,0.4297,0.7719
DJI_20260917132031_0062_D.JPG,Cam 5,4,SWASTIKAPADAM,CORRECT,,RIGHT,dwpose_l_wholebody,coco_wholebody_133,1,1,OK,656.91,459.51,197.4,67,1,1,67.0,1.0,1.0,1.0,1.0,1.0,24.26435568194367,14.834236832918151,19.54929625743091,155.73564431805633,165.16576316708185,9.430118849025519,0.04442860033924951,0.05065554455735932,0.07024910429421703,1.386799903309126,33.68951575083258,18.433155583915585,74.84592759897671,76.55125027638044,75.69858893767858,1.7053226774037284,7.778036286432652,10.435995656533109,9.10701597148288,0.44981058340467656,10.124347379165599,3.292135355325893,1.1935143190141602,4.028244552027679,1.1935143190141602,0.028099114051309212,0.11942189430103615,0.9742351759388989,0.07376050417617268,0.18264643994341656,0.15454820533607003,0.1685973226397433,2.2901024196126554,1.0818273237469194,1.4400972964163115,0.6802912353503995,1.5902414547347499,0.6986823875882799,0.6645076796262812,19.919354620369536,0.04442860033924951,0.04214911079894516,0.4495911014847234,0.4355402252931248,0.1966964366910525,0.6603357760354865,0.6884357695307584,0.6743857727831224,45.60314125989269,43.19126147149488,277.60793792755015,277.60793792755015,CORONAL,FRONT,1.0,0.6288353237318911,441.4636510558215,right,0.0,,,,,,,,,,,,,,,,,,,0.6480092054723938,1.0111083984375,90.0,0.0,90.0,0.0,0.0,2.0001207292043945,3.0001207292043945,5.000241458408789,2.175135820354989,0.1445688504131787,3.0001207292043945,0.0,1.3333869907575335,-1.8500905469033861,90.0,6.439935961867987,173.56006403813203,90.0,0.6299634326996595,BODY,0.9801,0.7647,0.7027,0.1236,0.9801,SWASTIKAPADAM,INCORRECT,INSUFFICIENT_ARAMANDI,Insufficient Aramandi (left leg),CANONICAL,mean_knee_flexion_deg,19.54929625743091,30-45°,LEFT,False,1 of 5 parameter checks out of range,1,0,0,0,0.2526,0.0586,0.0699,0.0001
DJI_20260917132033_0063_D.JPG,Cam 5,4,SWASTIKAPADAM,CORRECT,,RIGHT,dwpose_l_wholebody,coco_wholebody_133,1,1,OK,689.56,471.79,217.77,67,1,1,67.0,1.0,1.0,1.0,1.0,1.0,25.776767845661595,19.523207350525183,22.64998759809339,154.2232321543384,160.47679264947482,6.253560495136412,0.03918939590294122,0.027711087593574036,0.0692768486061603,2.4999685909918963,0.0,45.0,76.75951548694324,75.96380946167275,76.36166247430799,0.7957060252704906,10.58377149779649,8.704070351066903,9.643920924431697,0.40181077010682353,10.253048327204938,2.5335797061096903,1.1935659365108833,3.9725028503560655,1.1935659365108833,0.04156576101258627,0.11084391518540876,0.9690626990824475,0.07620483809899752,0.16626565518366943,0.16626565518366943,0.16626565518366943,2.265377494074691,1.0530195878002637,1.4454886001612237,0.6719091250323715,1.5672053683591973,0.7259281150314134,0.6855333914064976,18.49213582359289,0.0365432028943444,0.027711087593574036,0.40181077010682353,0.4295209873226228,0.20783315695180526,0.665065231868002,0.6373532738966533,0.6512092528823277,44.396908008098535,44.37039965325738,280.49960841495374,280.49960841495374,CORONAL,FRONT,1.0,0.6380784676911622,439.60049213056817,left,0.0,,,,,,,,,,,,,,,,,,,0.6565742674556022,0.0,,,,,,,,,,,,,,,,,,,0.18937843788277814,BODY,0.8416,0.7163,0.7375,0.1234,0.8416,SWASTIKAPADAM,INCORRECT,INSUFFICIENT_ARAMANDI,Insufficient Aramandi (left leg),CANONICAL,mean_knee_flexion_deg,22.64998759809339,30-45°,LEFT,False,1 of 5 parameter checks out of range,1,0,0,0,,,,
DJI_20260917132059_0064_D.JPG,Cam 5,5,SWASTIKAPADAM,CORRECT,,LEFT,dwpose_l_wholebody,coco_wholebody_133,1,1,OK,671.12,431.96,239.16,67,1,1,67.0,1.0,1.0,1.0,1.0,1.0,22.053649461134484,60.96610790751622,41.50987868432535,157.94635053886552,119.03389209248378,38.912458446381734,0.04202930335253842,0.01879526790229364,0.02971975293533342,1.5812359307582222,44.996481251646436,18.43530068263149,67.83360450386043,65.1576347425943,66.49561962322736,2.6759697612661313,10.363944014626256,23.21632454758884,16.790134281107548,0.7727013061034204,18.38482307503562,2.910837070024764,2.1611145115109385,4.573898884148104,2.1611145115109385,-0.37214445845926486,-0.29239921736085095,0.9768606479053342,0.3322718379100579,0.2924004416679224,0.3322720419612365,0.3123362418145794,2.1198958562500088,0.8572618519358959,1.3499515412516603,0.5459050994723178,1.570349595130255,0.7749860368951164,0.7908919325444485,36.256238323481234,0.03631092977059807,0.039872416498028376,0.7708702558489772,0.039872416498028376,0.6246708512197303,0.6778351614900539,0.6113805898568637,0.6446078756734588,44.43272531274482,46.21889274843945,299.1169013411752,299.1169013411752,CORONAL,FRONT,1.0,0.6368008773976558,469.71810491773095,left,131.32373046875,135.0,90.0,45.0,60.0,180.0,0.7570372174361376,1.6800002602704582,2.271111652308413,0.9877779781447178,0.7321578473511506,0.0,0.5911113920379548,0.2627161742390912,-0.4253334250476839,90.0,160.3598048726041,19.640195127395913,90.0,0.6800210797635098,0.0,,,,,,,,,,,,,,,,,,,0.6079464972135047,BODY,0.8623,0.4748,0.8274,0.1928,0.8623,SWASTIKAPADAM,CORRECT,,,,ankle_crossing_signed_norm,0.039872416498028376,>= -0.55,RIGHT,False,5 parameter checks within range,1,1,0,0,0.3233,0.7006,0.5063,0.4705
DJI_20260917132100_0065_D.JPG,Cam 5,5,SWASTIKAPADAM,CORRECT,,LEFT,dwpose_l_wholebody,coco_wholebody_133,1,1,OK,734.26,483.1,251.16,67,1,1,63.0,1.0,1.0,1.0,1.0,1.0,17.794699098397786,56.07021700135171,36.93245804987475,162.20530090160221,123.92978299864829,38.27551790295392,0.0426976917610567,0.019094753573264726,0.027005718951253838,1.4143004698979487,44.99823949056706,18.43530092048119,68.96246628827467,66.54095165819551,67.75170897323508,2.421514630079159,11.713984703913383,21.54095165819551,16.627468181054446,0.7697569461374053,18.02806930278788,1.6989700881026526,3.2397702645950766,2.32153444133666,3.2397702645950766,-0.344311922503802,-0.2970529515206818,0.9825725113019116,0.32068243701224186,0.27004889205994637,0.31055622586893833,0.29030255896444235,2.1468866175134256,0.8911605140525638,1.3468657277789122,0.5590763594760402,1.593987116335502,0.7522683900478303,0.7801087454054828,35.67645099218806,0.03778385813073782,0.040506504063732754,0.7696385126255879,0.04050816355425116,0.6346140665956147,0.648116511198612,0.6346140665956147,0.6413652888971133,45.59065796298145,46.19349095149405,294.23563713367,294.23563713367,CORONAL,FRONT,1.0,0.6273576428264683,469.0078147578378,left,54.24877513997535,120.31549792977347,107.5156953874309,59.68450207022653,3.013507785979242,3.013507785979242,0.20688516141799843,0.20688516141799843,,0.8598312975514991,,,,,,111.90694961795712,141.8015508673418,38.1984491326582,81.92986594101201,0.38536096627903704,0.0,,,,,,,,,,,,,,,,,,,0.6065015774610477,BODY,0.8833,0.503,0.8236,0.1857,0.8833,SWASTIKAPADAM,CORRECT,,,,ankle_crossing_signed_norm,0.040506504063732754,>= -0.55,RIGHT,False,5 parameter checks within range,1,1,0,4,0.5414,0.3128,0.7036,0.9855
DJI_20260917132133_0066_D.JPG,Cam 5,6,ARAMANDI,INCORRECT,INSUFFICIENT_KNEE_BEND,,dwpose_l_wholebody,coco_wholebody_133,1,1,OK,777.76,598.71,179.05,67,1,1,67.0,1.0,1.0,1.0,1.0,1.0,12.538670878956566,23.80797870702682,18.173324792991693,167.46132912104343,156.19202129297318,11.269307828070254,0.5194662216799975,0.2820894125958908,1.4068834114021396,4.9873669431811685,5.710510165914054,1.548177272962879,74.98168401319509,67.69374401360241,71.33771401339875,7.28793999959268,9.112172243977454,6.52549534198215,7.818833792979802,1.013986340531434,1.9519774303170605,2.0454052862951966,2.2457708749104723,4.830393548602083,2.2457708749104723,-0.1684141088255299,-0.11227620939662686,0.9864600725342956,0.14034515911107837,0.154379018160073,0.22455241879325372,0.18946571847666335,2.4069147986124375,1.2560866287034627,1.5302734765414678,0.7985974631305619,1.5728657887034965,0.5957639825231854,0.5916168404101035,21.686904387242883,0.5194662216799975,0.519276596064405,1.0104838318755378,0.014034680126636143,0.21051773866661755,0.659620934097842,0.6455870750488473,0.6526040045733446,42.45523692189011,44.370393296816395,297.34170394129353,297.34170394129353,CORONAL,FRONT,1.0,0.6357821545754987,467.6785936840642,left,0.0,,,,,,,,,,,,,,,,,,,0.016504912230042097,0.0,,,,,,,,,,,,,,,,,,,0.6311731202005211,BODY,0.8195,0.7717,0.8195,0.0888,0.4306,ARAMANDI,INCORRECT,INSUFFICIENT_KNEE_BEND,Insufficient knee bend,CANONICAL,mean_knee_flexion_deg,18.173324792991693,30-45°,,True,1 of 8 parameter checks out of range,1,1,1,0,,,,
DJI_20260917132135_0067_D.JPG,Cam 5,6,ARAMANDI,INCORRECT,INSUFFICIENT_KNEE_BEND,,dwpose_l_wholebody,coco_wholebody_133,1,1,OK,693.67,442.19,251.48,67,1,1,46.0,1.0,1.0,1.0,1.0,0.0,11.948739021976166,22.99504482682579,17.47189192440098,168.05126097802383,157.0049551731742,11.046305804849624,0.4846287106104709,0.2799158033200671,1.3727643545802757,4.904204544002116,8.53081459757337,1.6365933842142208,74.24885074093987,70.71002071624959,72.47943572859472,3.5388300246902844,9.776777738295365,3.5092128215158453,6.642995279905605,0.9713329455741434,2.0042827102640848,2.300813187585821,2.245763076203361,4.763680073840325,2.245763076203361,-0.17301119382935878,-0.1107273899213387,0.9985284872757746,0.14186929187534875,0.15224965696650794,0.1937719240116772,0.17301079048909257,2.3737171610003664,1.231841507029427,1.5300155289429407,0.7940021944978504,1.5514333783529135,0.5608553537605849,0.586566737285148,21.755137982999294,0.4846287106104709,0.4844310200499916,0.9688644601415805,0.0,0.2214547798426774,0.6366822903775644,0.6366822903775644,0.6366822903775644,43.06939739919988,43.72696009051578,302.6484651465344,302.6484651465344,CORONAL,FRONT,1.0,0.6445652220410873,469.53893073561187,left,0.0,,,,,,,,,,,,,,,,,,,0.044179289780883965,,,,,,,,,,,,,,,,,,,,,BODY,0.8057,0.7929,0.8057,0.0885,0.4785,ARAMANDI,INCORRECT,INSUFFICIENT_KNEE_BEND,Insufficient knee bend,CANONICAL,mean_knee_flexion_deg,17.47189192440098,30-45°,,True,2 of 8 parameter checks out of range,1,1,1,21,,,,
DJI_20260917132212_0068_D.JPG,Cam 5,7,ARAMANDI,INCORRECT,FEET_TOO_FAR_APART,,dwpose_l_wholebody,coco_wholebody_133,1,1,OK,742.74,489.99,252.75,67,1,1,67.0,1.0,1.0,1.0,1.0,1.0,55.257054295128285,67.52490110839697,61.39097770176263,124.74294570487172,112.47509889160303,12.26784681326869,1.0380369591607055,0.7052271773134404,2.187655661936901,3.1020580776123303,1.080861788919696,1.4687630973281782,77.9052385591801,65.5560844340922,71.73066149663615,12.349154125087907,12.6325825905665,6.0857606601229435,9.359171625344722,2.1153034243801336,2.037792012810836,2.5193751769985164,4.927069824872798,3.814093834221107,4.927069824872798,-0.08647389751792454,-0.013303452845822532,0.9797632781229554,0.04988867518187354,0.1596455884929506,0.33259421439741577,0.2461199014451832,2.028829111427901,1.0243924569240483,1.2188212793223834,0.6154048745868157,1.6645829424276626,0.7619253857193952,0.8037514468551934,55.257020257417125,1.0380369591607055,1.037695909769871,2.1153034243801336,0.146340889344204,0.11973398365255895,0.5986707491314108,0.6385823539718024,0.6186265515516066,46.24533299657404,45.0,293.83782259317724,293.83782259317724,CORONAL,FRONT,1.0,0.6007510797518921,489.1174273286885,right,0.0,,,,,,,,,,,,,,,,,,,0.6854616529724908,35.11994697922661,88.81587053908352,39.509599838053774,91.18412946091648,53.43125580059429,96.06284020813507,0.6358369520922807,1.3917220064351528,1.907086373494322,0.9075959204582644,1.1928191041610205,1.2029304986975555,2.4200679660768714,0.9193849950255599,-0.041940011904564534,133.34467235164666,174.20268215495574,5.797317845044262,121.92085959365953,0.40817799878164346,BODY,0.7165,0.1942,0.7165,0.3308,0.1235,ARAMANDI,INCORRECT,FEET_TOO_FAR_APART,Feet too far apart,CANONICAL,foot_separation_deviation_pct,73.00615986011759,<= 5,,True,2 of 8 parameter checks out of range,1,1,1,0,0.3941,0.7258,0.4482,0.2323
DJI_20260917132213_0069_D.JPG,Cam 5,7,ARAMANDI,INCORRECT,FEET_TOO_FAR_APART,,dwpose_l_wholebody,coco_wholebody_133,1,1,OK,743.22,513.94,229.28,67,1,1,56.0,1.0,1.0,1.0,0.0,1.0,57.53241992207042,68.76691136718793,63.149665644629174,122.46758007792958,111.23308863281207,11.234491445117513,1.025773947455091,0.692309891812702,2.1478536814378217,3.102445460968372,2.202650788240317,2.9738053952148547,75.46543959200045,66.42531556480826,70.94537757840436,9.040124027192192,11.390354719313251,8.700947533001724,10.045651126157487,2.1286083367607658,2.075124194801172,2.0454165575414667,4.927108896360994,3.8140748342903543,4.927108896360994,-0.1064309959260316,-0.0465636382740665,0.9904263764999907,0.07649731710004905,0.186254553096266,0.3192909196066901,0.25277273635147807,1.988918662841409,0.9844814384787103,1.1857518660565667,0.5869273211537385,1.6773481195993556,0.7421566396578017,0.7983388512604039,58.20054709550625,1.025773947455091,1.0243925966124061,2.1286083367607658,0.17294959281552458,0.07982231626739159,0.6385834937505039,0.6518867994941216,0.6452351466223127,45.0,44.40932839779405,295.11652714653536,295.11652714653536,CORONAL,FRONT,1.0,0.5961791641909467,495.01315187193325,right,,,,,,,,,,,,,,,,,,,,0.1029370633944193,38.776255961731856,91.11278949940521,23.368166248826224,88.88721050059479,46.450150415964174,80.4413427529071,0.6745792005867566,1.3051096483492828,1.8927725312260288,0.8888481682856822,1.172666039726285,1.0819272268690134,2.3047156793558217,0.8446805665847524,-0.10953540835080255,125.03004038668408,170.97426212867538,9.025737871324623,125.11205037706478,0.401361455685426,BODY,0.6869,0.1855,0.6869,0.3589,0.1268,ARAMANDI,INCORRECT,FEET_TOO_FAR_APART,Feet too far apart,CANONICAL,foot_separation_deviation_pct,70.96232457584853,<= 5,,True,2 of 8 parameter checks out of range,1,1,1,11,0.3971,0.75,0.4683,0.2337
DJI_20260917132228_0070_D.JPG,Cam 5,8,ARAMANDI,INCORRECT,FEET_NOT_IN_LINE,,dwpose_l_wholebody,coco_wholebody_133,1,1,OK,685.05,450.57,234.48,67,1,1,61.0,1.0,1.0,1.0,1.0,1.0,21.541399652687375,49.437393785022635,35.489396718855005,158.45860034731263,130.56260621497736,27.89599413233526,0.447799367813174,0.2051077023818202,1.1317682246725476,5.517921616447605,3.5761835047365076,0.0,57.42589651084081,49.26786675050563,53.346881630673224,8.158029760335175,19.874499701544934,8.944848804529641,14.409674253037288,1.2154553144768176,2.714285463180727,2.121108736417893,2.1609867613269005,3.667818059435513,2.1609867613269005,-0.1471341679514809,-0.08955963742886001,0.992489182683997,0.11834690269017045,0.2942683359029618,0.3966228819181583,0.3454456089105601,2.0470814749529396,0.908391676431228,1.3159694829616262,0.5839609900174244,1.5555691081421776,0.5465709957085445,0.6078292814381835,44.486888232578956,0.447799367813174,0.447799367813174,1.2154553144768176,0.025589030060090428,0.20470830491781047,0.6013311868359688,0.626918642670894,0.6141249147534313,46.77146599733456,44.409367508202045,310.1724332697099,310.1724332697099,CORONAL,FRONT,1.0,0.6428515420920796,482.4946553916518,left,,,,,,,,,,,,,,,,,,,,0.04397919505507365,28.651956981552633,104.10395107621716,20.11801864039603,75.89604892378284,10.771196130605343,14.119777211181859,1.1767399744087248,1.586516120437259,,1.6696299842555984,,2.1710941192538593,2.67372164262859,1.2369692700741706,-0.15726365513984453,136.90792935922724,172.50527767439172,7.494722325608279,123.97645162307047,0.3681322149106405,BODY,0.9179,0.4829,0.9179,0.1993,0.4373,ARAMANDI,INCORRECT,KNEE_ASYMMETRY,Knees bent unequally,SECONDARY,knee_asymmetry_deg,27.89599413233526,<= 10°,,True,2 of 8 parameter checks out of range,1,1,0,6,,,,
DJI_20260917132230_0071_D.JPG,Cam 5,8,ARAMANDI,INCORRECT,FEET_NOT_IN_LINE,,dwpose_l_wholebody,coco_wholebody_133,1,1,OK,604.34,421.72,182.62,67,1,1,45.0,1.0,1.0,1.0,0.0,1.0,20.29419086635724,43.24779948931203,31.770995177834635,159.70580913364276,136.75220051068797,22.95360862295479,0.44757898785496814,0.19343834031222196,1.1321214461232716,5.852621793052787,7.594488936857151,1.6365453112853647,59.93137315539757,49.39873031846087,54.66505173692922,10.532642836936702,17.369051034321473,12.445069507924302,14.907060271122887,1.137737025441547,2.541980424269191,2.602584740577796,2.1611700062265515,4.398712289291627,2.1611700062265515,-0.1342190842204624,-0.06391332363216888,0.9972775070007569,0.09906620392631563,0.28122067536837175,0.3834823087778156,0.33235149207309367,2.051631811601941,0.9075757442347511,1.3250778749363175,0.5861717154674639,1.5483103675703147,0.5612773339680328,0.5892556652519273,40.85577598389578,0.44757898785496814,0.44739642140491853,1.1376652084009338,0.051131605699656024,0.17895825296399379,0.6135721674414654,0.6135721674414654,0.6135721674414654,46.16915257869937,45.0,309.43243669455967,309.43243669455967,CORONAL,FRONT,1.0,0.6458653387235593,479.09744979673184,right,,,,,,,,,,,,,,,,,,,,,39.81255514389603,115.08111839155372,90.00003332064352,64.91888160844628,1.0377139809249334,2.0199174193113487,0.4412337642515171,0.6716901716160514,,0.6534534683041245,,1.0359122893418755,1.6615000556006756,0.615114727988174,-0.3427557601867194,139.36637144856482,177.53702156042021,2.4629784395797856,114.88053777909965,0.3737526987875265,BODY,0.9009,0.5241,0.9009,0.1893,0.4786,ARAMANDI,INCORRECT,KNEE_ASYMMETRY,Knees bent unequally,SECONDARY,knee_asymmetry_deg,22.95360862295479,<= 10°,,True,2 of 8 parameter checks out of range,1,1,0,22,0.4759,0.3809,0.6746,0.2711
DJI_20260917132310_0072_D.JPG,Cam 5,9,SAMAPADHAM,INCORRECT,FEET_TOO_FAR_APART,,dwpose_l_wholebody,coco_wholebody_133,1,1,OK,617.95,437.21,180.74,67,1,1,51.0,1.0,1.0,1.0,1.0,0.0,6.818224189503837,2.7926974654566834,4.80546082748026,173.18177581049616,177.20730253454332,4.025526724047154,0.819961407335798,0.6352952428325629,0.9907626742521033,1.5595310769755388,5.0795204765942215,5.906098372031162,32.00539557800987,19.653734389987292,25.82956498399858,12.351661188022575,57.99460442199013,67.55356814455598,62.77408628327306,0.8759307854804953,1.0682585517366627,2.073160616683997,3.3665024226165645,3.224518034754378,3.3665024226165645,-0.16171587436484886,-0.1054667159889671,0.9847623197256785,0.133591295176908,0.3374933290435175,0.39374208211645595,0.36561770557998674,2.467919613990646,1.1531018698128985,1.5871958823436987,0.7415956862267513,1.554892903544108,0.3979882660014812,0.4180995421305408,2.7926974654566887,0.8187511398081682,0.8156089460723244,0.8718576991452629,0.15468467890499574,0.05624875307293849,0.6609242671673287,0.6328002959338027,0.6468622815505657,41.09953512501813,44.35624678142508,301.18289177730173,301.18289177730173,CORONAL,FRONT,1.0,0.6431311106512055,468.30714109341955,left,0.0,,,,,,,,,,,,,,,,,,,0.6699410101822512,,,,,,,,,,,,,,,,,,,,-0.014162338424446448,BODY,0.7904,0.7904,0.6898,0.0664,0.276,SAMAPADHAM,INCORRECT,FEET_TOO_FAR_APART,Feet too far apart,CANONICAL,foot_gap_norm,0.5199614073357981,<= 0.05,,True,2 of 7 parameter checks out of range,1,1,1,16,,,,
DJI_20260917132312_0073_D.JPG,Cam 5,9,SAMAPADHAM,INCORRECT,FEET_TOO_FAR_APART,,dwpose_l_wholebody,coco_wholebody_133,1,1,OK,654.75,443.94,210.81,67,1,1,46.0,1.0,1.0,1.0,1.0,0.0,8.202376217053342,3.532278378425275,5.867327297739308,171.79762378294666,176.46772162157473,4.670097838628067,0.8154691420748748,0.6142950946906824,1.0362404753970653,1.6868773401468329,8.130211819873326,6.115466295498972,33.69013067929218,25.71000497874826,29.70006782902022,7.980125700543923,55.619635257761395,60.75771664282655,58.18867595029397,0.9051438577097853,1.109967025124633,1.8224385846739894,3.4336146559124323,2.48949096027459,3.4336146559124323,-0.16650964418294043,-0.1158327598714241,0.9846206351674214,0.14117120202718225,0.34749744972998,0.39093359359086205,0.36921552166042104,2.5410758272992346,1.187283091558147,1.59464771520934,0.7450774388232878,1.5935029430407146,0.4176402645897112,0.4338879437264016,4.222512441371688,0.8146404928921218,0.8108284892156764,0.897701606821733,0.15927056350089086,0.07239495624195735,0.6805150783272762,0.666036916963177,0.6732759976452266,41.09952145340121,43.72697646360295,294.1863429089514,294.1863429089514,CORONAL,FRONT,1.0,0.6275482604957132,468.78680322779894,left,0.0,,,,,,,,,,,,,,,,,,,0.6627820772078271,,,,,,,,,,,,,,,,,,,,,BODY,0.795,0.795,0.6996,0.0646,0.3,SAMAPADHAM,INCORRECT,FEET_TOO_FAR_APART,Feet too far apart,CANONICAL,foot_gap_norm,0.5154691420748747,<= 0.05,,True,2 of 7 parameter checks out of range,1,1,1,21,,,,
DJI_20260917132527_0074_D.JPG,Cam 5,10,SAMAPADHAM,INCORRECT,FEET_NOT_ALIGNED,,dwpose_l_wholebody,coco_wholebody_133,1,1,OK,633.84,427.53,206.31,67,1,1,58.0,1.0,1.0,1.0,1.0,0.0,0.9637868235294889,2.9256542528047476,1.9447205381671182,179.0362131764705,177.07434574719525,1.9618674292752587,0.375882952296337,0.16717933546983277,0.9523133241341438,5.696357874959895,4.763574517085141,4.23631507082958,56.30990749933259,42.87888136557351,49.59439443245305,13.431026133759076,31.568993138969553,39.480725628659705,35.52485938381463,0.5693945129003901,1.5148186674119057,0.7638999998407072,3.3664681271482486,1.5912028524464508,3.3664681271482486,-0.11800995570406302,-0.09718462312554904,0.9996450314880025,0.10759728941480604,0.27767136328770237,0.38873927922474455,0.3332053212562235,2.4920947227644614,1.131508032200404,1.5954147786584216,0.7243804259336948,1.5620356261586437,0.5005788417345836,0.5304893446320923,9.761492367464646,0.375882952296337,0.3748559864132514,0.5692252326643494,0.06941725078001429,0.2637864970311124,0.6664098557898985,0.6386416967218154,0.652525776255857,40.50285571793557,45.00003529040943,310.32620775730993,310.32620775730993,CORONAL,FRONT,1.0,0.6401902640717606,484.740592247627,left,0.0,,,,,,,,,,,,,,,,,,,0.6486691734210017,,,,,,,,,,,,,,,,,,,,0.6792071121708536,BODY,0.9224,0.9224,0.6313,0.0636,0.5303,SAMAPADHAM,INCORRECT,FEET_NOT_ALIGNED,Feet not aligned / V-shaped,CANONICAL,turnout_deviation_deg,49.59439443245305,<= 8°,,True,1 of 7 parameter checks out of range,1,1,1,9,,,,
DJI_20260917132528_0075_D.JPG,Cam 5,10,SAMAPADHAM,INCORRECT,FEET_NOT_ALIGNED,,dwpose_l_wholebody,coco_wholebody_133,1,1,OK,635.62,423.27,212.35,67,1,1,64.0,1.0,1.0,1.0,1.0,1.0,0.7607897288397396,2.3777531178282345,1.569271423333987,179.23921027116026,177.62224688217177,1.616963388988495,0.37830920535119694,0.16259042919408445,0.9013311951292197,5.543568582707284,4.763308578311279,2.045490529103516,54.09033469141836,39.80548663130803,46.947910661363196,14.284848060110335,34.545760125959276,42.4609227391704,38.50334143256484,0.5562276934791821,1.470299124661314,1.8060114598673342,3.3664680659059134,2.3215388088190494,3.3664680659059134,-0.16202888104355917,-0.11477074197458315,0.9949797849128,0.13839981150907116,0.2835503521137427,0.40507409973375613,0.34431222592374944,2.4034337140957307,1.113951118293028,1.6028079333424994,0.7428745295884196,1.4995144858583302,0.483454395909649,0.5272876616226705,9.097495812143933,0.37830920535119694,0.37806814795158133,0.5535992460362846,0.04050740997337562,0.2700488939225419,0.6481162830241799,0.6346140659830358,0.6413651745036079,41.185948912613625,43.111842290742715,321.7245084557546,321.7245084557546,CORONAL,FRONT,1.0,0.666882520596388,482.43056088505483,right,0.0,,,,,,,,,,,,,,,,,,,0.6507752262748513,97.49560546875,135.0,90.0,45.0,0.0,0.0,0.05930505681846637,0.12883443264169558,0.14110461709512148,0.5490801117838845,1.2450591928858832,0.03681055336027766,0.006135092226712943,0.014996892109743008,0.06134967020749138,180.0,6.462344097381514,173.5376559026185,90.0,0.6542101340658242,BODY,0.9214,0.9214,0.6291,0.0615,0.5254,SAMAPADHAM,INCORRECT,FEET_NOT_ALIGNED,Feet not aligned / V-shaped,CANONICAL,turnout_deviation_deg,46.947910661363196,<= 8°,,True,1 of 7 parameter checks out of range,1,1,1,3,0.5226,0.2634,0.9122,0.4456
DJI_20260917132546_0076_D.JPG,Cam 5,11,SAMAPADHAM,INCORRECT,WEIGHT_ON_ONE_LEG,,dwpose_l_wholebody,coco_wholebody_133,1,1,OK,637.49,425.43,212.06,67,1,1,46.0,1.0,1.0,1.0,0.0,1.0,6.9682340442485895,4.040620107191614,5.504427075720102,173.0317659557514,175.95937989280839,2.927613937056975,0.4991864716708919,0.3140980913070771,0.9324215430641498,2.968568001110744,2.60263777412195,0.0,59.8587181684569,24.775197456854343,42.31695781265562,35.08352071160256,30.141281831543083,54.98073453426221,42.56100818290265,0.7166797247237732,1.4356954072190324,3.3067542864919433,3.5036311905919555,3.2705380797742705,3.5036311905919555,-0.34943003251179167,-0.25672384314824126,0.9912360607936263,0.30307693783001644,0.2567234284333807,0.37082475745420157,0.3137740929437911,2.517324595007706,1.219440432207164,1.5662773156461611,0.7587348451350527,1.6072023580123131,0.5112648277770397,0.4084157658553754,10.244068008883474,0.4991864716708919,0.4991864716708919,0.7131229385086162,0.156886631757035,0.35656105453944753,0.6703359769129598,0.6703351474832386,0.6703355621980992,41.09950882729898,44.38399402025972,294.3475725214508,294.3475725214508,CORONAL,FRONT,1.0,0.6221991866890596,473.07611263167604,right,,,,,,,,,,,,,,,,,,,,,0.0,,,,,,,,,,,,,,,,,,,0.6555266803617311,BODY,0.8945,0.8945,0.6844,0.0726,0.4033,SAMAPADHAM,INCORRECT,FEET_NOT_ALIGNED,Feet not aligned / V-shaped,CANONICAL,turnout_deviation_deg,42.31695781265562,<= 8°,,True,3 of 7 parameter checks out of range,1,1,0,21,,,,
DJI_20260917132548_0077_D.JPG,Cam 5,11,SAMAPADHAM,INCORRECT,WEIGHT_ON_ONE_LEG,,dwpose_l_wholebody,coco_wholebody_133,1,1,OK,620.54,433.22,187.32,67,1,1,32.0,1.0,1.0,1.0,0.0,0.0,5.744599088593617,4.373452740158882,5.0590259143762495,174.25540091140638,175.62654725984112,1.3711463484347348,0.4995414474012116,0.3143221170781787,0.9316641037517521,2.964042468319298,2.602459073396814,0.0,57.65260938735068,28.442857010670174,43.04773319901042,29.209752376680505,33.013604106612355,50.772832352855126,41.89321822973374,0.7142013904125029,1.4297139789461455,3.02603611552178,2.2906526561547498,2.454033033057194,2.2906526561547498,-0.34967934543709145,-0.26404362127456327,0.9977042063835511,0.30686148335582736,0.27117923942093364,0.3425428966501127,0.30686106803552315,2.483435170072709,1.2131722052087437,1.53090206403757,0.7478543653437509,1.6222038159142247,0.506828483033394,0.3895664668575774,10.11809714251167,0.4995076783993387,0.4995414474012116,0.713630757807532,0.15699855075109886,0.3710886917980277,0.6565408287929189,0.6708128957262679,0.6636768622595934,41.009088696246664,43.75464754656792,293.91847994687316,293.91847994687316,CORONAL,FRONT,0.0,0.6164453505717038,476.7956797375262,,,,,,,,,,,,,,,,,,,,,,,,,,,,,,,,,,,,,,,,,0.6929749675689444,BODY,0.8833,0.8833,0.6783,0.0837,0.4013,SAMAPADHAM,INCORRECT,FEET_NOT_ALIGNED,Feet not aligned / V-shaped,CANONICAL,turnout_deviation_deg,43.04773319901042,<= 8°,,True,3 of 7 parameter checks out of range,1,1,0,35,,,,
DJI_20260917132617_0078_D.JPG,Cam 5,12,MUZHUMANDI,INCORRECT,KNEES_FACING_FORWARD,,dwpose_l_wholebody,coco_wholebody_133,1,1,OK,610.84,446.73,164.11,67,1,1,61.0,1.0,1.0,1.0,1.0,1.0,134.60871679572543,141.59408495736207,138.10140087654375,45.39128320427457,38.40591504263793,6.985368161636643,0.1424941043947833,0.032185626114226915,0.07197084834505088,2.2361177032761788,71.56603129578728,0.0,63.08343892772099,66.99108472958815,65.03726182865458,3.9076458018671616,74.85173601367356,53.405082589505795,64.12840930158967,2.342766372275114,16.44114598442911,3.104531916929164,0.0,4.085591904259866,0.0,-0.09160329064389204,-0.010177901588609886,0.9940930065309848,0.05089059611625096,0.33587902254045787,0.3155232193632381,0.325701120951848,0.9160329064389204,-0.2493649003255111,0.6092733724348294,-0.16585800872463502,1.5034842287267418,0.7419585083515092,0.8072241508555665,154.64570077396513,0.1424941043947833,0.1424941043947833,2.340974820925315,0.25445406875445636,0.2748098719316761,0.6310446976493538,0.7226488588318071,0.6768467782405805,48.058718075974845,43.76356958046161,280.4478007904726,280.4478007904726,CORONAL,FRONT,1.0,0.6651217092226313,421.64884546957467,right,114.8022213321493,163.83333637561668,149.51308412590862,16.166663624383318,21.567058416728035,51.97727813494272,0.41245018220642726,0.8888448583764135,1.179876835000678,1.1092868227886676,1.1758982406857237,0.8470427331170877,1.0595077384599867,0.4238988484424194,0.0471970560217696,165.0955972944633,80.7265004673054,99.2734995326946,44.999956920822825,0.015712416010375523,227.77824526985526,127.98122262540119,127.98122262540119,52.01877737459881,91.6233221198337,91.6233221198337,0.016528762760748404,0.016528762760748404,0.677696422545731,0.5399233474397912,2.8782689613953916,0.42968769273520324,0.41906524913377025,0.18868532195918114,0.6236564279588911,,129.75296793444895,50.24703206555105,132.87889878169315,0.5260447282779411,BODY,0.9894,0.2811,0.2018,0.9894,0.576,MUZHUMANDI,INCORRECT,KNEES_FACING_FORWARD,Feet and knees facing forward,CANONICAL,turnout_deviation_deg,20.03726182865458,<= 8°,,False,1 of 6 parameter checks out of range,1,1,1,6,0.1156,0.254,0.7606,0.9193
DJI_20260917132619_0079_D.JPG,Cam 5,12,MUZHUMANDI,INCORRECT,KNEES_FACING_FORWARD,,dwpose_l_wholebody,coco_wholebody_133,1,1,OK,701.89,439.82,262.07,67,1,1,57.0,1.0,1.0,1.0,1.0,0.0,136.03286904645645,141.0041632603674,138.51851615341192,43.96713095354354,38.9958367396326,4.971294213910937,0.1660120860025399,0.29065767822125843,0.0514786967482502,0.17711108498246134,22.932155678381168,7.125053978705953,47.231161426786215,67.49647235232885,57.36381688955753,20.265310925542636,53.571363115564594,55.27136525172992,54.421364183647256,2.5175215879459247,15.164688599283116,3.0940656301186147,0.8551409765723084,2.9507759977796484,0.8551409765723084,-0.08751267688704904,-0.005147623545163845,0.9666187961789322,0.046330150216106446,0.38093732785325457,0.298572714028407,0.33975502094083077,0.9214562598110404,-0.19561628747179113,0.6038478570799918,-0.12819108312749178,1.5259742152052962,0.5609921675288158,0.7800921488426544,161.4346912106227,0.1660120860025399,0.1647301066837704,2.512126435379339,0.2573899675989456,0.2676852146892733,0.6383272954522001,0.7515794086161814,0.6949533520341908,48.058703827527005,42.969051849721595,277.7373845341082,277.7373845341082,CORONAL,FRONT,1.0,0.6553190676721006,423.82008739760727,left,301.920654296875,88.80655679624066,88.80655679624066,91.19344320375934,57.380752449989984,57.38075244998999,0.25387693777857545,0.29386171305326864,0.1819956382761083,0.13440727271678443,1.777098052952169,0.6989810370097004,0.40796604032312284,0.24744653075280432,-0.04298269255805692,,51.95642961787594,128.04357038212407,0.0,-0.15003308720749295,176.79376218826718,132.32216732787683,132.32216732787683,47.67783267212317,14.631443698596971,14.631443698596971,0.38640414643527005,0.38640414643527005,,1.1933572950895925,,0.5666791016400414,0.8892515044400556,0.3418156469159279,,,55.32806444695785,124.67193555304215,19.707933261345882,-0.22860024538117132,BODY,0.9878,0.2821,0.2077,0.9878,0.74,MUZHUMANDI,CORRECT,,,,turnout_deviation_deg,12.363816889557533,<= 8°,,True,6 parameter checks within range,1,0,0,10,0.2063,0.4124,0.5238,0.4403
DJI_20260917132650_0080_D.JPG,Cam 5,13,MUZHUMANDI,INCORRECT,BACK_BENT_FORWARD,,dwpose_l_wholebody,coco_wholebody_133,1,1,OK,635.06,414.61,220.45,67,1,1,62.0,1.0,1.0,1.0,1.0,1.0,150.67954280291536,147.71721511568202,149.19837895929868,29.320457197084632,32.28278488431798,2.9623276872333406,0.7511094027459863,0.29424175847746625,1.2461517607644843,4.235128851909433,0.0,6.054185491244518,62.904447506248204,56.63363399894044,59.76904075259432,6.270813507307764,44.46949868332618,49.72241174173928,47.09595521253273,3.004436028165265,3.999997892692231,2.16561397434384,1.818237044427548,5.194379367945924,1.818237044427548,-0.09053568080903318,-0.03960936035395202,0.9173040965030882,0.0650725205814926,0.24897312222484125,0.305557922730487,0.2772655224776641,0.6280912856126677,0.2546316022754058,0.46605317420914105,0.18894047603073286,1.3476815959434107,0.5466220595402009,0.5555693854889984,154.65382891987684,0.7511094027459863,0.7469201625226322,2.987679058394312,0.05658480050564574,0.022633920202258295,0.5092632045508116,0.6111166413090824,0.560189922929947,52.66680426181418,43.91903853214895,306.7678649104377,306.7678649104377,CORONAL,FRONT,1.0,0.7420150301154591,413.42540576665135,right,0.0,,,,,,,,,,,,,,,,,,,0.6308161194705342,291.0870361328125,0.0,0.0,180.0,,,,,0.03326826261173328,0.047455951454865315,2.0793737180642813,0.4109587202804681,,,0.03326826261173328,,166.60445412681008,13.395545873189917,90.0,0.5774616203007367,BODY,0.9099,0.1349,0.2862,0.9099,0.1179,MUZHUMANDI,CORRECT,,,,turnout_deviation_deg,14.769040752594321,<= 8°,,True,6 parameter checks within range,1,0,0,5,0.269,0.0216,0.4804,0.4436
DJI_20260917132653_0081_D.JPG,Cam 5,13,MUZHUMANDI,INCORRECT,BACK_BENT_FORWARD,,dwpose_l_wholebody,coco_wholebody_133,1,1,OK,664.76,434.8,229.96,67,1,1,43.0,1.0,1.0,1.0,0.0,1.0,149.15459568598675,143.40577618964932,146.28018593781803,30.845404314013265,36.59422381035069,5.748819496337433,0.7933538628234741,0.31899522673230135,1.1807614170745744,3.701501834901942,16.50418827927782,9.865767433729804,58.81506217484285,60.5725013102267,59.693781742534775,1.7574391353838479,40.02643750058729,49.60028335588774,44.813360428237516,3.0050210031425157,3.7877435832327326,1.684705254943495,0.9093550250168806,4.548006661936395,0.9093550250168806,-0.07363138894508851,-0.033983410967029996,0.8382776567508108,0.05380739995605925,0.26053975015383934,0.249213010791267,0.2548763804725532,0.6853351810111131,0.2945239593406976,0.5081836629726729,0.2183927932462922,1.3485974283434734,0.503164694280615,0.5072296724911902,150.23915737140544,0.7933538628234741,0.7816216451210027,2.990552936615891,0.06796682193405999,0.0,0.5210810967473352,0.6230329260880816,0.5720570114177084,51.581921079331124,43.93900595701105,305.8563773611215,305.8563773611215,CORONAL,FRONT,1.0,0.7415111277709708,412.4771239516594,right,,,,,,,,,,,,,,,,,,,,,293.4639892578125,,,,,,,,0.0,0.4000000000000003,1.0,0.6242659803823287,,,0.0,,165.31697044232564,14.68302955767436,90.0,0.5790224044563991,BODY,0.9397,0.1232,0.2885,0.9397,0.2114,MUZHUMANDI,CORRECT,,,,turnout_deviation_deg,14.693781742534775,<= 8°,,True,6 parameter checks within range,1,0,0,24,0.5486,0.2671,0.8921,0.4436
DJI_20260917132733_0082_D.JPG,Cam 5,14,MUZHUMANDI,INCORRECT,FEET_APART_HEEL_DOWN,,dwpose_l_wholebody,coco_wholebody_133,1,1,OK,589.28,410.1,179.18,67,1,1,67.0,1.0,1.0,1.0,1.0,1.0,155.62875444812445,150.0796842023522,152.85421932523832,24.37124555187554,29.9203157976478,5.549070245772242,0.9763007887249843,0.9772025817019653,2.0372599742765725,2.084787752738369,2.462796129756812,0.0,72.71846154885296,76.93072923782766,74.8245953933403,4.2122676889747055,88.56980299967016,85.22788886714513,86.89884593340764,3.014365583032454,3.087537793520697,2.612454852050579,1.8183578574075954,4.214187351757733,1.8183578574075954,-0.09448148436425656,-0.031494099950349894,0.972197292009882,0.06298779215730323,0.14697029180351784,0.13647171482887246,0.14172100331619514,0.7663435202509563,0.4776526328746399,0.554556223950753,0.3456481766301788,1.3819041012494542,0.49473749247568993,0.6035129136110688,152.9911049192056,0.0,-0.9763007887249843,2.9918889351020663,0.7873386354832642,0.850326835383964,0.6823602051179486,0.7873386354832642,0.7348494203006064,46.70983237042468,41.3477758819082,299.3802316105004,299.3802316105004,CORONAL,FRONT,1.0,0.723639215699444,413.714769895562,left,0.0,,,,,,,,,,,,,,,,,,,0.638275411125424,0.0,,,,,,,,,,,,,,,,,,,0.5063648093560238,BODY,0.9247,0.0753,0.2674,0.9247,0.3972,MUZHUMANDI,INCORRECT,KNEES_FACING_FORWARD,Feet and knees facing forward,CANONICAL,turnout_deviation_deg,29.824595393340303,<= 8°,,False,1 of 6 parameter checks out of range,1,1,0,0,,,,
DJI_20260917132735_0083_D.JPG,Cam 5,14,MUZHUMANDI,INCORRECT,FEET_APART_HEEL_DOWN,,dwpose_l_wholebody,coco_wholebody_133,1,1,OK,661.46,447.24,214.22,67,1,1,67.0,1.0,1.0,1.0,1.0,1.0,158.86298209585962,152.76340849871778,155.8131952972887,21.137017904140386,27.23659150128221,6.099573597141841,0.9448853038626203,0.8406787699234907,1.929661766089911,2.2953615996101906,5.063582402637083,3.2154617299562402,69.82933360524946,68.7494905408526,69.28941207305104,1.0798430643968544,89.88543440471612,75.26051140260894,82.57297290366253,3.0447036178999034,3.2222996859548805,4.010506062389084,2.5637525143794173,4.864478661825221,2.5637525143794173,-0.04769996370903535,0.05300032329720027,0.8828246319675153,0.05035014350311781,0.1907998548361414,0.2225995579267942,0.20669970638146778,0.7101986869743092,0.4769990234807693,0.49325444179654643,0.3312902310012518,1.4398221826195863,0.553335482665162,0.6141586830993685,153.43287833877835,0.0,-0.9433977368582649,3.0103931643807185,0.8797983306769592,0.7737976840825587,0.6783985748106002,0.8267988255258711,0.7525987001682357,46.73569241744796,39.80551532550431,298.40711988563396,298.40711988563396,CORONAL,FRONT,1.0,0.6945302080154219,429.653190662958,right,0.0,,,,,,,,,,,,,,,,,,,0.6651820901897346,136.5399169921875,134.20697636616552,133.0274257990118,45.79302363383448,2.5613807540195097,5.8330411098397015,0.06260744019902013,0.1106812636912633,0.08173101422843272,0.583759192027129,0.8298826743699855,0.562582230436432,0.6155534122971106,0.26181261475059014,-0.05075885270311886,134.52267345954078,7.088339227745723,172.91166077225427,90.0,0.5350367552693618,BODY,0.8851,0.0789,0.2656,0.8851,0.4143,MUZHUMANDI,INCORRECT,KNEES_FACING_FORWARD,Feet and knees facing forward,CANONICAL,turnout_deviation_deg,24.28941207305104,<= 8°,,False,1 of 6 parameter checks out of range,1,1,0,0,0.5451,0.2772,0.9507,0.6226
DJI_20260917132751_0084_D.JPG,Cam 5,15,SWASTIKAPADAM,INCORRECT,OVERCROSSING_SHINS,RIGHT,dwpose_l_wholebody,coco_wholebody_133,1,1,OK,614.82,412.15,202.67,67,1,1,56.0,1.0,1.0,1.0,0.0,1.0,36.622605859816304,10.146110254725698,23.384358057271,143.3773941401837,169.8538897452743,26.476495605090605,0.14945871844255088,0.1373743648907736,0.04388227924549956,0.31943572063383424,44.99974470875713,21.801532730513713,62.850277370435215,70.4268647682106,66.63857106932291,7.576587397775391,2.0990993536413356,17.37051859244596,9.734808973043648,0.680106973342153,4.5504670482208995,1.9834783669905238,0.0,2.3859646779473738,0.0,0.09713747934114556,0.15264491954799708,0.9922595058741512,0.12489119944457132,0.2775376338509333,0.22202976082740608,0.24978369733916966,2.2480502463357976,1.0615789824247683,1.4017575431486302,0.6619408746256681,1.6037368639987648,0.6082119700967372,0.6627559733348249,27.046205343862677,0.1365329305339134,0.13876881692546664,0.6799653851047487,0.430181687765579,0.12489184866958485,0.6660884168488669,0.7077193216165123,0.6869038692326896,45.590717225937475,42.049233014263166,282.036990155693,282.036990155693,CORONAL,FRONT,1.0,0.623543688773603,452.3131181239416,right,,,,,,,,,,,,,,,,,,,,0.6282417553647476,228.0134831977987,0.0,0.0,180.0,,,0.0,0.0,0.0,0.20000000000000015,1.0,0.2941859761970102,0.2941859761970102,0.13074932275422665,0.0,0.0,159.68877384014422,20.311226159855778,77.85092088719341,0.4999202418367105,BODY,0.8868,0.7043,0.7679,0.1431,0.8868,SWASTIKAPADAM,INCORRECT,INSUFFICIENT_ARAMANDI,Insufficient Aramandi (left leg),CANONICAL,mean_knee_flexion_deg,23.384358057271,30-45°,LEFT,False,1 of 5 parameter checks out of range,1,1,0,11,0.282,0.0578,0.557,0.5019
DJI_20260917132753_0085_D.JPG,Cam 5,15,SWASTIKAPADAM,INCORRECT,OVERCROSSING_SHINS,RIGHT,dwpose_l_wholebody,coco_wholebody_133,1,1,OK,708.76,440.96,267.8,67,1,1,52.0,1.0,1.0,1.0,1.0,0.0,36.38141923252209,16.160913917611566,26.27116657506683,143.6185807674779,163.83908608238843,20.220505314910525,0.20435390226917174,0.1827783020407674,0.06382895177729724,0.34921514788478913,38.65980825409009,24.775487825451115,65.22489415704749,73.41268216309,69.31878816006875,8.18778800604251,3.570614271605436,10.731275303878519,7.150944787741977,0.6590173465678093,3.2248826141805798,1.9920908847990013,1.1456888322874146,2.4540273240675035,1.1456888322874146,0.09277226214995275,0.1498626121925898,0.9843442058241016,0.12131743717127128,0.2569065751918667,0.1998162251492297,0.2283614001705482,2.33357160463813,1.0989910116434334,1.4208801217011247,0.6691607316735898,1.6423423545712643,0.6130578673153093,0.6999399499500641,22.489677581526454,0.1758387198053895,0.1855445242999055,0.6565399121516612,0.4139059244704537,0.1141807000852741,0.6708124996623205,0.7279028497049576,0.699357674683639,45.60309040568063,42.66269710087851,275.3482252387656,275.3482252387656,CORONAL,FRONT,1.0,0.6088864463713178,452.2160525656532,left,0.0,,,,,,,,,,,,,,,,,,,-0.01632720203025205,,,,,,,,,,,,,,,,,,,,,BODY,0.8746,0.6679,0.8181,0.137,0.8746,SWASTIKAPADAM,CORRECT,,,,ankle_crossing_signed_norm,0.1855445242999055,>= -0.55,LEFT,True,5 parameter checks within range,1,0,0,15,,,,
DJI_20260917132825_0086_D.JPG,Cam 5,16,SWASTIKAPADAM,INCORRECT,OVERCROSSING_SHINS,LEFT,dwpose_l_wholebody,coco_wholebody_133,1,1,OK,603.07,437.25,165.82,67,1,1,62.0,1.0,1.0,1.0,1.0,1.0,9.68016457720043,36.80146220503843,23.24081339111943,170.31983542279957,143.19853779496157,27.121297627838004,0.019067202363319557,0.09437866172557077,0.06029578796247837,0.6388709784612463,0.0,45.00350711755166,59.0363208294558,67.79647889742338,63.416399863439594,8.76015806796758,26.200071744164198,11.150530917569682,18.67530133086694,0.6428046769420466,33.71258481939852,1.5008763368967082,2.2905736274597728,3.8654917713517847,2.2905736274597728,-0.34381116521103977,-0.303362283103445,0.9782544880764753,0.3235867241572424,0.3235861051995973,0.2696559129431912,0.2966210090713942,2.2044345712161646,1.0179497096537276,1.4274578677464083,0.6591623725142975,1.544307976456359,0.6289397530917794,0.7135685753396603,28.590444593766307,0.012315429153406594,0.013481722787241378,0.6336904876119531,0.026965921405063174,0.6336904876119531,0.6876223304220795,0.6471730356760547,0.6673976830490671,43.264291121096484,45.0,295.82875370901166,295.82875370901166,CORONAL,FRONT,1.0,0.647539231322658,456.8507040179704,left,117.92169713120259,168.40426623058931,147.6005589577735,11.595733769410685,20.312526262246774,34.125384224350995,0.29757868082473043,0.6092755065920903,0.8927360424741912,1.0638782192954763,1.174315456666823,,,,0.2665592759716233,163.80027947888675,64.04197297250343,115.95802702749657,11.273338376451953,0.2698889355119884,0.0,,,,,,,,,,,,,,,,,,,0.006741979596202711,BODY,0.8388,0.6967,0.7348,0.1315,0.8388,SWASTIKAPADAM,INCORRECT,INSUFFICIENT_ARAMANDI,Insufficient Aramandi (right leg),CANONICAL,mean_knee_flexion_deg,23.24081339111943,30-45°,RIGHT,False,1 of 5 parameter checks out of range,1,1,0,5,0.8814,0.7153,0.3129,0.6775
DJI_20260917132826_0087_D.JPG,Cam 5,16,SWASTIKAPADAM,INCORRECT,OVERCROSSING_SHINS,LEFT,dwpose_l_wholebody,coco_wholebody_133,1,1,OK,879.2,473.75,405.45,67,1,1,63.0,1.0,1.0,1.0,1.0,1.0,6.910191049171232,34.27354266770047,20.59186685843585,173.08980895082877,145.72645733229953,27.363351618529236,0.09722546567992381,0.03813595447645964,0.1159830941783785,3.0413056594655816,44.9982433767822,33.69047291108518,59.98165988814593,66.37060691049821,63.17613339932207,6.3889470223522835,26.152907682188314,8.646282531979168,17.39959510708374,0.665590767147284,6.84584807583722,0.75058245138094,2.245795164673778,3.8654356229986826,2.245795164673778,-0.3235876900344282,-0.30336283934277014,0.9992041332892277,0.3134752646885992,0.3505522285337304,0.283137988651112,0.3168451085924212,2.2246575148362804,1.0112082243468876,1.4409243780109213,0.6549657967526736,1.5439099711167625,0.7007160010349373,0.7063984801539344,28.41024319181521,0.07707636047351646,0.08089609575593193,0.6606564091894949,0.0,0.6067256786855403,0.7011036303147857,0.6336902171848424,0.6673969237498141,43.298691504989606,45.603050712803764,295.3006773908282,295.3006773908282,CORONAL,FRONT,1.0,0.6477061607916594,455.9176603012339,right,0.0,,,,,,,,,,,,,,,,,,,0.03448091695765454,124.40420954568188,123.94745187420342,95.73909893280297,56.05254812579658,3.247899191045611,5.281458410503835,0.0,0.0,0.0,1.204782328095688,1.0,0.0,0.0,0.0,0.0,123.5333640168401,136.02950397231427,43.970496027685726,100.61965527615514,0.3536016936247231,BODY,0.9232,0.7571,0.7299,0.1239,0.9232,SWASTIKAPADAM,INCORRECT,INSUFFICIENT_ARAMANDI,Insufficient Aramandi (right leg),CANONICAL,mean_knee_flexion_deg,20.59186685843585,30-45°,RIGHT,False,1 of 5 parameter checks out of range,1,1,0,4,0.6828,0.3027,0.6389,0.3454
DJI_20260917132841_0088_D.JPG,Cam 5,17,SWASTIKAPADAM,INCORRECT,INSUFFICIENT_ARAMANDI,RIGHT,dwpose_l_wholebody,coco_wholebody_133,1,1,OK,699.27,475.21,224.06,67,1,1,49.0,1.0,1.0,1.0,1.0,0.0,18.207080608574643,9.921358109417667,14.064219358996155,161.79291939142536,170.07864189058233,8.285722499156975,0.04394674700389539,0.014648915667965131,0.014648915667965131,1.0,90.0,0.0,71.56514334019059,71.56514334019059,71.56514334019059,0.0,1.6604044512656628,16.984647009934562,9.322525730600113,0.4562405242719762,10.381667708682409,2.579137002593854,0.0,5.0424837020727145,0.0,0.08056991980969119,0.15381449814951684,0.9846490432748097,0.11719220897960402,0.21973373501947696,0.21973373501947696,0.21973373501947696,2.5342730141885634,1.1792430130864908,1.5569799409772354,0.7244908921153076,1.6276850764037023,0.6948624346007641,0.6948624346007641,18.645051461200243,0.04393267065999502,0.04394674700389539,0.454119036614568,0.48341686795049826,0.17578787165146453,0.688502570937893,0.6885016873020101,0.6885021291199516,43.7546038984224,43.75467899592238,276.2909810519932,276.2909810519932,CORONAL,FRONT,1.0,0.6143694591151843,449.7147066032674,left,0.0,,,,,,,,,,,,,,,,,,,0.07303702705966578,,,,,,,,,,,,,,,,,,,,,BODY,0.8786,0.8786,0.654,0.0782,0.7528,SAMAPADHAM,INCORRECT,FEET_NOT_ALIGNED,Feet not aligned / V-shaped,CANONICAL,turnout_deviation_deg,71.56514334019059,<= 8°,,True,2 of 7 parameter checks out of range,0,1,0,18,,,,
DJI_20260917132842_0089_D.JPG,Cam 5,17,SWASTIKAPADAM,INCORRECT,INSUFFICIENT_ARAMANDI,RIGHT,dwpose_l_wholebody,coco_wholebody_133,1,1,OK,738.9,485.8,253.1,67,1,1,54.0,1.0,1.0,1.0,1.0,0.0,16.546816950673872,11.762673107720985,14.154745029197429,163.45318304932613,168.23732689227901,4.784143842952886,0.072576896231545,0.042699475225144015,0.0142337320484913,0.33334676769305177,0.0,11.308733497037657,71.9656229708176,71.93939786037791,71.95251041559776,0.026225110439696664,0.4005782080037079,15.858015063083911,8.12929663554381,0.4166810442250134,5.7412353773804154,2.0273054971206714,0.0,4.8991149089297075,0.0,0.06405093375804591,0.1209845712617637,0.9936480939997109,0.0925177525099048,0.1992705277585483,0.21350425980703963,0.20638739378279397,2.4552839297280693,1.1315653491119244,1.52559315259027,0.7030992739421239,1.6093962702698936,0.6436645074340624,0.6886728560532462,16.23236816064795,0.07056824186561872,0.07116779978229155,0.41277306664525804,0.42700507777341945,0.1850359352498921,0.6547430696289503,0.6832096732657681,0.6689763714473592,44.37035455087997,43.78114513958467,283.73262929156147,283.73262929156147,CORONAL,FRONT,1.0,0.6213510112287642,456.6382353357094,left,0.0,,,,,,,,,,,,,,,,,,,0.007570078109717758,,,,,,,,,,,,,,,,,,,,0.030974552598873047,BODY,0.8731,0.8731,0.6608,0.0884,0.8326,SAMAPADHAM,INCORRECT,FEET_NOT_ALIGNED,Feet not aligned / V-shaped,CANONICAL,turnout_deviation_deg,71.95251041559776,<= 8°,,False,2 of 7 parameter checks out of range,0,1,0,13,,,,
DJI_20260917132906_0090_D.JPG,Cam 5,18,SWASTIKAPADAM,INCORRECT,INSUFFICIENT_ARAMANDI,LEFT,dwpose_l_wholebody,coco_wholebody_133,1,1,OK,672.47,450.45,222.02,67,1,1,51.0,1.0,1.0,1.0,1.0,0.0,3.07746272017863,13.140344250963892,8.108903485571261,176.92253727982137,166.8596557490361,10.062881530785262,0.019343137554949413,0.07975708309104175,0.049316624268671234,0.6183353547719004,30.964346312368583,44.996657774050746,56.30985337075626,58.24056922510028,57.275211297928266,1.9307158543440224,33.69014662924374,10.675646627442177,22.18289662834296,0.4532393699507753,23.431533207227954,3.2921417650893754,4.573905319756891,3.136347113309784,4.573905319756891,-0.3556304264916625,-0.26672281986874685,0.9853341180795763,0.31117662318020467,0.35563202220579787,0.3556304264916625,0.3556312243487302,2.3321174591909646,1.1079262652514315,1.506358699260917,0.7156304933200588,1.5481820235347659,0.6411234179161711,0.6756489085990692,21.083784147457553,0.017682778761799064,0.013678461568325948,0.4513780617558088,0.06839071212749438,0.6018363518649882,0.642871736569966,0.6702278618495502,0.6565497992097581,44.99996444557413,40.60129464500447,305.9954406489773,305.9954406489773,CORONAL,FRONT,1.0,0.6459188808540923,473.73664049634607,left,0.0,,,,,,,,,,,,,,,,,,,0.023139257396292846,,,,,,,,,,,,,,,,,,,,,BODY,0.9697,0.9046,0.5799,0.0929,0.9697,SWASTIKAPADAM,INCORRECT,INSUFFICIENT_ARAMANDI,Insufficient Aramandi (right leg),CANONICAL,mean_knee_flexion_deg,8.108903485571261,30-45°,RIGHT,False,1 of 5 parameter checks out of range,1,1,1,16,,,,
DJI_20260917132909_0091_D.JPG,Cam 5,18,SWASTIKAPADAM,INCORRECT,INSUFFICIENT_ARAMANDI,LEFT,dwpose_l_wholebody,coco_wholebody_133,1,1,OK,638.27,417.11,221.16,67,1,1,32.0,1.0,1.0,1.0,0.0,0.0,4.416529112434432,12.528871138846966,8.4727001256407,175.58347088756557,167.47112886115303,8.112342026412534,0.020461323094148075,0.07791439693243901,0.06138337149049518,0.7878309260831706,21.80140948635181,45.00334730264929,59.93138245541347,60.1011264614967,60.01625445845508,0.16974400608322782,29.34344204428436,10.245014139748235,19.794228092016297,0.43789657457515346,21.40118566919026,1.5275264332925245,1.2187934465448658,3.317753140079394,1.2187934465448658,-0.30383810444692133,-0.26043266095450396,0.9731557401628069,0.28213538270071264,0.318306867364878,0.33277436239065555,0.32554061487776675,2.488577351462839,1.1791807218081567,1.5283456998907485,0.7241871684278555,1.62828171116046,0.6352963904717813,0.6675906227113542,18.928683898452867,0.018491165559953202,0.014467495025777533,0.43405528018562606,0.07234254669760434,0.5932078686066123,0.6800179103299941,0.6944870958786773,0.6872525031043357,44.3839455091528,43.78113688168094,288.8344478470226,288.8344478470226,CORONAL,FRONT,0.0,0.6141443419439442,470.3038489824366,,154.4483381778006,,,,,,,,,0.818736717349086,,,,,-0.44828328840620035,,25.670281483225843,154.32971851677416,39.071310578726035,0.26789659094681934,,,,,,,,,,,,,,,,,,,,,BODY,0.9554,0.9104,0.586,0.0854,0.9554,SWASTIKAPADAM,INCORRECT,INSUFFICIENT_ARAMANDI,Insufficient Aramandi (right leg),CANONICAL,mean_knee_flexion_deg,8.4727001256407,30-45°,RIGHT,False,1 of 5 parameter checks out of range,1,1,1,35,,,,
DJI_20260917133308_0092_D.JPG,Cam 5,19,PATAKA,INCORRECT,ELBOWS_NOT_ALIGNED,,dwpose_l_wholebody,coco_wholebody_133,1,1,OK,675.25,422.62,252.63,67,1,1,67.0,1.0,1.0,1.0,1.0,1.0,7.647475396217459,4.735653343428112,6.191564369822785,172.35252460378254,175.2643466565719,2.911822052789347,0.323388946878688,0.2370231999334409,0.3118245731612303,1.315586715767885,7.124837327243273,0.0,5.7104614664246185,8.130213177070956,6.9203373217477875,2.419751710646338,77.25159078258699,73.44276127416616,75.34717602837657,0.6467795996922006,2.0000052751797517,1.8141805524317616,1.1691808520064184,1.6846455250043855,1.1691808520064184,-0.11759648470935742,-0.06614847578795131,0.9982723013415443,0.09187248024865437,0.29399057204783435,0.30869061243067347,0.3013405922392539,2.565066632259719,1.1906606226393521,1.5783938604575212,0.7326637807482095,1.6251118916011216,0.29545680038832794,0.3118246937895286,15.464973299751229,0.323388946878688,0.323388946878688,0.6467795996922006,0.1322952456410781,0.26459219721698074,0.7937748857161178,0.8672725287280764,0.830523707222097,21.25047579584529,18.72578099200236,286.22503215446176,286.22503215446176,CORONAL,FRONT,1.0,0.6153422451513553,465.1477034281292,right,95.74876579959589,177.61526064440847,175.27741675424,2.3847393555915346,3.674434617397024,5.547142030939581,0.23230790832266787,0.305011511394356,0.5434281298128054,0.93698577147942,0.7273600374351543,1.0264751837845434,1.1790946887246851,0.49311060920332456,-0.17889699041314122,176.65751651806676,150.3373699381373,29.6626300618627,9.356716996860218,0.9253161699695529,102.32706134529914,177.70894136426193,176.32312815195468,2.291058635738068,4.164365630557558,6.519729786602609,0.22519915034873983,0.3031374182266416,0.5381038461437493,0.9088781806512143,0.7425139133388761,1.0422131015769656,1.1909450802758101,0.499969057130148,-0.1481823881966554,178.09600222847422,159.0298510477368,20.9701489522632,2.4628144730961017,0.8676577058929235,MUDRA,0.9176,0.9406,0.6529,0.0692,0.6241,PATAKA,INCORRECT,ELBOWS_NOT_ALIGNED,Elbows down / not aligned with shoulders,CANONICAL,mean_elbow_shoulder_alignment_norm,0.830523707222097,<= 0.08,,False,1 of 4 parameter checks out of range,1,1,1,0,0.9176,0.4517,0.3889,0.361
DJI_20260917133309_0093_D.JPG,Cam 5,19,PATAKA,INCORRECT,ELBOWS_NOT_ALIGNED,,dwpose_l_wholebody,coco_wholebody_133,1,1,OK,672.45,452.9,219.55,67,1,1,67.0,1.0,1.0,1.0,1.0,1.0,7.731375554491876,4.332736347629634,6.032055951060755,172.26862444550812,175.66726365237037,3.398639206862242,0.33823506843615664,0.25043168713187264,0.2683568695175887,1.0715771338324172,3.3663117581643025,0.0,2.7263485700688648,0.0,1.3631742850344324,2.7263485700688648,80.77426863334728,81.36284777536264,81.06855820435496,0.6470597262553733,1.9130474236367028,1.8060320308769708,0.0,0.0,0.0,-0.1397054184520998,-0.08823464214889702,0.9947768503274217,0.1139700303004984,0.3088229526701781,0.33823506843615664,0.3235290105531674,2.5294108369041997,1.1617645052765837,1.5487793584769811,0.7113580992583306,1.6331640934261542,0.30917290346080606,0.33823506843615664,15.136535021221206,0.33823506843615664,0.33823506843615664,0.6470597262553733,0.10294155260640556,0.2794108369041996,0.7794116894787189,0.867646331627616,0.8235290105531674,20.674378180082176,17.850327812633825,286.35693359375,286.35693359375,CORONAL,FRONT,1.0,0.6123083430655992,467.66786184893016,right,101.39167246174233,177.38200167534603,174.8376422837652,2.6179983246539678,3.7907575269466953,5.786893786166413,0.22377320793757072,0.2960047823401561,0.5136337480188193,0.8929928464783976,0.7293088607950278,0.960217864485381,1.1152810685077852,0.4639721460980953,-0.16333610988940173,176.7490781453336,147.13652241602736,32.86347758397264,9.99101490857251,0.9074555940298965,103.4091595062325,178.5610141951426,176.87468836223684,1.4389858048573956,4.147343923718046,6.208550707757085,0.223992790690938,0.30299085832574285,0.5392060731141544,0.8950088762889582,0.7414267797874599,1.0236591613568966,1.1598275423547557,0.48919490486310513,-0.14810273387343786,179.10142783658478,159.4038566160716,20.596143383928393,2.3613447009592172,0.8703992137678761,MUDRA,0.9069,0.9296,0.6539,0.0781,0.5818,PATAKA,INCORRECT,ELBOWS_NOT_ALIGNED,Elbows down / not aligned with shoulders,CANONICAL,mean_elbow_shoulder_alignment_norm,0.8235290105531674,<= 0.08,,False,1 of 4 parameter checks out of range,1,1,1,0,0.9069,0.4444,0.3987,0.3728
DJI_20260917133318_0094_D.JPG,Cam 5,20,ALAPADMA,INCORRECT,ELBOWS_NOT_ALIGNED,,dwpose_l_wholebody,coco_wholebody_133,1,1,OK,660.68,449.48,211.2,67,1,1,67.0,1.0,1.0,1.0,1.0,1.0,6.9113221741426685,1.6820908100682743,4.296706492105471,173.08867782585733,178.31790918993173,5.229231364074394,0.3775023106925737,0.28290618405407536,0.30411425636191347,1.0749650361258427,18.43500391676587,9.09027176382524,19.178974579286873,15.945499851931856,17.562237215609365,3.2334747273550164,65.757376509832,81.09242453442005,73.42490052212602,0.6269483985120206,1.660780293931997,1.3019410678676049,1.1935080675101097,2.563807692015865,1.1935080675101097,-0.1491043642107333,-0.11182859575046364,0.9664618060572979,0.13046647998059846,0.34294068286951396,0.31311851965771265,0.3280296012636133,2.6018704027616644,1.1928344835626483,1.5859532262364764,0.727084521797988,1.6405719662590528,0.36309346356012556,0.3256483447314426,12.10157329723309,0.3772601522257603,0.3727611255884424,0.6262387598082981,0.059640885437856894,0.28329807693878417,0.8648057425454714,0.8946261852643999,0.8797159639049357,16.33604831917686,14.931417178137554,283.8031227568948,283.8031227568948,CORONAL,FRONT,1.0,0.6095435132176921,465.59944713173826,right,54.14037220776841,145.33499021087079,101.63380459586634,34.665009789129215,56.82064571596326,135.71976032030716,1.2768080587215895,1.87153324303852,1.0767002151216463,1.1931304380006271,0.11959057042475203,0.906754149080076,1.919348323532215,0.798029165956714,-0.22811488035151606,140.19258704146262,159.80038724464842,20.19961275535158,32.22867785021295,0.8925838516598905,61.75343651526233,167.80877981412974,154.1333253571039,12.191220185870264,23.72761421339484,46.95227180183571,0.6497382312049765,0.9482316807444143,1.5076711962328848,1.3704728953349643,1.276828869518514,0.44116880821090215,1.3362638282605552,0.5176095205980542,0.6627431296056674,173.0684705154963,146.79553766757107,33.20446233242893,48.576319388116545,0.8700191695488046,MUDRA,0.7879,0.9304,0.6501,0.0667,0.6224,ALAPADMA,INCORRECT,ELBOWS_NOT_ALIGNED,Elbows not aligned with shoulders,CANONICAL,mean_elbow_shoulder_alignment_norm,0.8797159639049357,<= 0.08,,False,1 of 3 parameter checks out of range,1,1,1,0,0.71,0.7879,0.2321,0.7591
DJI_20260917133319_0095_D.JPG,Cam 5,20,ALAPADMA,INCORRECT,ELBOWS_NOT_ALIGNED,,dwpose_l_wholebody,coco_wholebody_133,1,1,OK,638.16,408.47,229.69,67,1,1,66.0,1.0,1.0,1.0,1.0,1.0,7.558243697506867,1.4838185263450896,4.5210311119259785,172.44175630249313,178.5161814736549,6.074425171161778,0.35909116109246714,0.26039936917348194,0.272089491204399,1.0448930505017044,13.240443971860023,4.763675921283181,15.25509324954561,13.392511955264723,14.323802602405166,1.8625812942808864,69.0343054224628,83.56042417730508,76.29736479988394,0.6262381764563861,1.743953191582813,1.3138810549369064,1.1935339262362732,2.563766533211084,1.1935339262362732,-0.1416492036031457,-0.10437345996455892,0.9776841339569753,0.12301133178385232,0.3280296440167245,0.3131195187833543,0.3205745814000394,2.6018711031734183,1.2077446855471778,1.6004968224829197,0.7429236326239543,1.6256646477667,0.340010266815729,0.32187246805716385,12.663537460561392,0.35909116109246714,0.35785075559378743,0.6262381764563861,0.07455148727717356,0.2832984072062914,0.8349842352751815,0.8797154720856146,0.8573498536803981,18.741351799921453,15.172931283773385,283.5184048229138,283.5184048229138,CORONAL,FRONT,1.0,0.6151330173623303,460.9058477118188,right,54.15292019699939,139.2674144569586,90.32926108664195,40.73258554304141,52.59581374296594,132.26275628959715,1.2450634807445318,1.8335330462248844,1.0175337834403988,1.1840249595904597,0.1370595512454044,0.9898104816009333,1.935956439494548,0.803428987481169,-0.18864178288995426,134.50966332472666,158.94758653993853,21.052413460061473,31.138940194492946,0.8998695265251885,60.868670778069244,170.9310226445292,155.74832310395567,9.068977355470793,27.62900975083696,48.443579034388904,0.8740699156460909,0.9733945601872844,,1.2892281917723416,,0.44213109404906004,1.3754397862578724,0.5295367661602262,0.6719827536309664,176.4832953171262,152.61907295331875,27.38092704668125,42.41423184059622,0.8781363074237883,MUDRA,0.8309,0.9387,0.6477,0.0627,0.6143,ALAPADMA,INCORRECT,ELBOWS_NOT_ALIGNED,Elbows not aligned with shoulders,CANONICAL,mean_elbow_shoulder_alignment_norm,0.8573498536803981,<= 0.08,,True,1 of 3 parameter checks out of range,1,1,1,1,0.7031,0.8309,0.2227,0.7679
DJI_20260917133408_0096_D.JPG,Cam 5,21,ALAPADMA,CORRECT,,,dwpose_l_wholebody,coco_wholebody_133,1,1,OK,629.73,432.41,197.32,67,1,1,67.0,1.0,1.0,1.0,1.0,1.0,3.9360351314361424,4.492981036621188,4.214508084028665,176.06396486856386,175.5070189633788,0.5569459051850458,0.3796026115493354,0.27025181762134565,0.26731421062015365,0.9891301119561462,8.972626614896393,2.1210963966614536,5.194428907734803,5.710593137499629,5.452511022617216,0.5161642297648257,82.14256762681079,86.91317342743376,84.52787052712227,0.6196230488451565,1.6322939568729145,2.0731523308029347,0.0,4.02826695768375,0.0,-0.18264598998521722,-0.1264470980359054,0.9881264423761732,0.1545465440105613,0.309093905721215,0.28099445974655907,0.295044182733887,2.4797732453130608,1.1942252273727376,1.5962394114910905,0.7687272930023947,1.5535095972831776,0.3103685251730239,0.28239593706769794,11.460423175520273,0.3796026115493354,0.3793425206578548,0.61818781144243,0.02809944597465591,0.2809936420464667,0.309093905721215,0.3793425206578548,0.3442182131895349,68.19854869990782,62.560245825365634,298.56988799946384,298.56988799946384,CORONAL,FRONT,1.0,0.6437037799758873,463.83118646693055,right,75.73665418957289,158.47182924980694,123.35005449486384,21.528170750193055,32.68951747626152,42.06832891517809,0.5818628162791238,0.7969813170389609,0.8185964691833156,1.1723298842689023,0.7946710535254714,1.982111921077577,2.2098302358765163,0.9831272230245096,0.0950611584816472,146.13112087590483,160.19910551094722,19.80089448905278,68.96249560476413,0.831575065395586,84.56431236892377,136.05246231168448,59.70888503766555,43.94753768831552,30.417116622092394,43.34243703243466,0.5966364242945982,0.6637983268665861,0.8280653896639577,0.8290978883090554,0.30618273456226736,1.1105674605752816,1.7081945714188822,0.6274550282447576,-0.38890817649826437,104.93534995705446,155.6248994831353,24.375100516864705,56.492641670235905,0.7952767219418349,MUDRA,0.706,0.9326,0.65,0.0638,0.5617,ALAPADMA,INCORRECT,ELBOWS_NOT_ALIGNED,Elbows not aligned with shoulders,CANONICAL,mean_elbow_shoulder_alignment_norm,0.3442182131895349,<= 0.08,,False,2 of 3 parameter checks out of range,1,0,0,0,0.4124,0.706,0.5348,0.2665
DJI_20260917133409_0097_D.JPG,Cam 5,21,ALAPADMA,CORRECT,,,dwpose_l_wholebody,coco_wholebody_133,1,1,OK,598.73,426.14,172.59,67,1,1,67.0,1.0,1.0,1.0,1.0,1.0,5.738462003423166,5.2578270552085655,5.498144529315866,174.26153799657683,174.74217294479143,0.4806349482146004,0.39960345012886833,0.2743439158201712,0.2856053873994203,1.0410487382072322,8.97243662574428,2.04536584648646,7.431401749183209,5.440369642505573,6.435885695844391,1.9910321066776362,79.2411874685047,86.64298696287595,82.94208721569032,0.657466519048055,1.6452974038037667,2.638498067833285,1.1934661880042061,3.2705178839172646,1.1934661880042061,-0.1996744275713215,-0.12836195345337736,0.994550723170345,0.16401819051234945,0.32803638102469884,0.2995120579894173,0.3137742195070581,2.5815049802771037,1.21230956021044,1.6664339421292311,0.7825798574618988,1.549119299009639,0.330815087083135,0.30086734190171616,12.12479346194174,0.39960345012886833,0.399348855142643,0.6560727620493977,0.014262161517640764,0.2709860684243955,0.3137742195070581,0.3850858603601321,0.3494300399335951,68.55225627526326,62.56031593011822,292.9928210623181,292.9928210623181,CORONAL,FRONT,1.0,0.6455280756229077,453.8808335789148,left,75.68931071813103,162.24657924712926,143.2439556650291,17.75342075287074,32.863451847823136,45.724192978097555,0.5749860418527027,0.8270381638483914,0.8430350407802317,1.1856013095420765,0.7692290588232417,2.03492307247491,2.2042641748957505,0.9941730530874408,0.0467678768076627,154.26364978985853,160.97697852581462,19.023021474185384,70.61552306167187,0.8173639695654782,69.73308957759508,133.40184950740033,44.2107952613405,46.59815049259967,32.708319413951614,47.5812663412594,0.6871436956925061,0.7297628549419668,1.009241949496293,0.9852619099420976,0.36508148249792466,1.3698668826786897,2.07109708420813,0.7657947126561734,-0.41451910487313803,100.0263185343069,156.16022740803893,23.839772591961065,58.33918914364073,0.7887887894675837,MUDRA,0.8894,0.9479,0.6628,0.0472,0.5437,ALAPADMA,INCORRECT,ELBOWS_NOT_ALIGNED,Elbows not aligned with shoulders,CANONICAL,mean_elbow_shoulder_alignment_norm,0.3494300399335951,<= 0.08,,True,1 of 3 parameter checks out of range,1,0,0,0,0.7732,0.8894,0.3458,0.1863
DJI_20260917133417_0098_D.JPG,Cam 5,22,MUSHTI,CORRECT,,,dwpose_l_wholebody,coco_wholebody_133,1,1,OK,681.26,449.24,232.02,67,1,1,56.0,1.0,1.0,1.0,0.0,1.0,3.783667703682312,6.059424358178717,4.921546030930514,176.2163322963177,173.94057564182128,2.275756654496405,0.39664540332335985,0.2994248323511332,0.2642484893803444,0.8825202883322055,11.310126111276263,2.1212573190044206,0.0,6.709951359955809,3.3549756799779047,6.709951359955809,88.02506864658702,87.03661698653525,87.53084281656113,0.6606220834331873,1.6655231042590048,2.1211027186129883,0.0,3.366469343723389,0.0,-0.21286755531943827,-0.1541453821296974,0.9880507939164085,0.18350646872456783,0.30829162424172113,0.24956859106965393,0.27893010765568754,2.6791906594564545,1.2845435611073222,1.68865668893004,0.8096299787511069,1.586581024443774,0.30829162424172113,0.25128983326972076,11.648265726833527,0.39664540332335985,0.3963735940528429,0.6606220834331873,0.0,0.3082907642593948,0.2789292476733612,0.337651420863102,0.3082903342682316,70.61550480511619,66.13982065600344,283.89028183629057,283.89028183629057,CORONAL,FRONT,1.0,0.6302861212843395,450.4149341854536,right,81.78329250163274,84.87862820483379,5.1412284080112425,95.12137179516621,,,,,,0.590653266756961,,,,,,,165.92816808697933,14.071831913020674,68.56316574824395,0.8953465687136103,64.5775615986915,78.20593879384776,8.031018814315651,101.79406120615224,2.4922102150857697,3.7477504438335867,0.3119658840472262,0.376069395158799,,2.6194977392575507,1.0120781632927656,,,,0.010823064798812343,66.3833836761109,173.7893954478972,6.210604552102808,67.38025168879551,0.8970244378234661,MUDRA,0.4494,0.9526,0.655,0.0426,0.5598,PATAKA,INCORRECT,ELBOWS_NOT_ALIGNED,Elbows down / not aligned with shoulders,CANONICAL,mean_elbow_shoulder_alignment_norm,0.3082903342682316,<= 0.08,,True,2 of 4 parameter checks out of range,0,0,0,11,0.4494,0.1531,0.35,0.1326
DJI_20260917133418_0099_D.JPG,Cam 5,22,MUSHTI,CORRECT,,,dwpose_l_wholebody,coco_wholebody_133,1,1,OK,600.96,425.33,175.63,67,1,1,59.0,1.0,1.0,1.0,0.0,1.0,7.677527874475658,2.8661763545371457,5.271852114506402,172.32247212552434,177.13382364546285,4.811351519938512,0.4033716240648251,0.307147248004288,0.2698299318363787,0.8785034982068656,14.036282813586404,4.23639479905884,7.431550946133157,14.036282813586396,10.733916879859777,6.604731867453239,77.96838236226871,83.08874756767256,80.52856496497063,0.6706138427116155,1.6625211162693052,2.1408892606395074,0.0,3.4165941307328778,0.0,-0.17878645055230397,-0.11919140186065963,0.9842699260788224,0.1489889262064818,0.3426740302252493,0.29797654793559264,0.32032528908042096,2.6966904112544343,1.3036485929891413,1.690407532137303,0.8171859074560716,1.5952901060756726,0.3455768451645006,0.307147248004288,11.725097072857103,0.4033716240648251,0.40226951374268394,0.6704483199195592,0.029796872107136697,0.2681796758284559,0.2830785467078146,0.35757290110460793,0.3203257239062113,70.2777021904021,65.6374995607159,280.7338369040248,280.7338369040248,CORONAL,FRONT,1.0,0.6268452340997375,447.85191245365235,right,78.07832021204096,81.80287853380176,1.1494518244158933,98.19712146619824,,,,,,0.7001486844114765,,,,,,,164.22244242597944,15.777557574020562,67.3551703018662,0.8913294387043865,64.76293540737633,77.9232016244657,31.625056605187872,102.0767983755343,68.2430912542706,157.93901653867823,1.1368716852831449,2.866222174915411,2.8550595892807173,0.8921114651989329,0.37471680745800484,,,,-1.2559450530368321,96.62717269091127,173.2241046618403,6.7758953381597,65.77225960622249,0.8965431284812313,MUDRA,0.4486,0.9519,0.6593,0.0423,0.5706,ALAPADMA,INCORRECT,ELBOWS_NOT_ALIGNED,Elbows not aligned with shoulders,CANONICAL,mean_elbow_shoulder_alignment_norm,0.3203257239062113,<= 0.08,,False,2 of 3 parameter checks out of range,0,0,0,8,0.1888,0.4486,0.1733,0.322
DJI_20260917133452_0100_D.JPG,Cam 5,23,KATAKAMUKHA,CORRECT,,,dwpose_l_wholebody,coco_wholebody_133,1,1,OK,635.63,433.02,202.61,67,1,1,67.0,1.0,1.0,1.0,1.0,1.0,5.714789528479457,1.075826629524272,3.3953080790018646,174.28521047152054,178.92417337047573,4.638962898955185,0.4198344057023053,0.3212536300965253,0.30521326207409466,0.9500694575260951,7.765166018425333,1.9749458548687493,2.3858172841284357,4.969765675269812,3.677791479699124,2.5839483911413765,84.36222213967203,89.13028016085894,86.7462511502655,0.622311919479747,1.4822794678743259,2.140880780294971,2.4367308638328775,3.317749853824562,2.4367308638328775,-0.1736211708227341,-0.11574786693364734,0.979538408848829,0.14468451887819073,0.3472431810824508,0.3327746452509334,0.34000891316669213,2.6404956174156653,1.2732248573961558,1.7044174131521297,0.8218557923334466,1.5492071349660548,0.34754444470775836,0.33403041573832193,9.09144609061047,0.4198344057023053,0.4195850208030548,0.6221436830073149,0.014468535831517328,0.24596426969881202,0.2749005019248641,0.2749013413618467,0.2749009216433554,70.9423288693873,71.25864054304999,290.8385382944932,290.8385382944932,CORONAL,FRONT,1.0,0.6454914758844764,450.56913864892704,right,98.30039881969698,170.5593715430675,164.1262293298903,9.440628456932501,33.637457776920776,48.59122148478101,0.5747992572735621,0.8552586318479132,1.4463653887411336,1.0133139509687652,0.9872607693605702,0.15836695520420926,0.9430420994330372,0.3843399366588321,0.0019417555056080449,174.47162743575007,127.61772218854766,52.38227781145234,38.15728053613891,0.8363475549854659,99.55818887925646,157.27387964810111,113.25711824085025,22.726120351898885,38.96139094945999,54.750826443509844,0.6254412491908341,0.9326415248651024,1.5782248806442667,1.021682879758079,0.9901810857074352,0.13059880233964064,1.0157104699057868,0.4272483539331744,0.01487580171992775,171.19608497628093,128.15412866435622,51.84587133564378,35.39478303511583,0.8246043235001084,MUDRA,0.9589,0.9455,0.6456,0.0393,0.5055,ALAPADMA,INCORRECT,ELBOWS_NOT_ALIGNED,Elbows not aligned with shoulders,CANONICAL,mean_elbow_shoulder_alignment_norm,0.2749009216433554,<= 0.08,,False,2 of 3 parameter checks out of range,0,0,0,0,0.6627,0.9589,0.5493,0.5672
DJI_20260917133454_0101_D.JPG,Cam 5,23,KATAKAMUKHA,CORRECT,,,dwpose_l_wholebody,coco_wholebody_133,1,1,OK,645.44,437.25,208.19,67,1,1,67.0,1.0,1.0,1.0,1.0,1.0,3.8877682385233356,1.3543359097879204,2.621052074155628,176.11223176147666,178.64566409021208,2.5334323287354152,0.4365380310646043,0.3266622903015414,0.30714765302303165,0.9402605141214928,12.80439732288562,5.7104277659331215,2.290631387707734,4.969646717606523,3.630139052657128,2.679015329898789,85.01510139169342,88.99534398257566,87.00522268713453,0.6232718294450514,1.4277606648040524,1.591123530051171,1.1691504536493136,2.489525609730795,1.1691504536493136,-0.15203030646949084,-0.10859355843227898,0.9743334604570957,0.1303119324508849,0.3619765583784724,0.3330181635739147,0.34749736097619355,2.649668643697913,1.2379604036897205,1.6937905532919735,0.7913614565000024,1.564342556137262,0.3622660292836437,0.33427479266154264,8.668569955630266,0.4365380310646043,0.43437170122024193,0.6225987349409929,0.028957550634933018,0.246144667499491,0.28958141553670286,0.3040614571086064,0.2968214363226546,70.34614571111983,70.0961679377562,289.20801917797877,289.20801917797877,CORONAL,FRONT,1.0,0.6392461779402336,452.42041197627356,right,94.11609305196026,152.46870436671233,97.43658401745878,27.53129563328767,33.72829598563282,48.51360740627341,0.5841253338808579,0.882348341027663,1.4822804880918992,1.0727583859614822,0.9754035078421012,0.15940978777417963,0.964347941283244,0.3931909851459664,0.009136665984328385,173.92581622059186,126.6732166666703,53.3267833333297,35.65529068687238,0.8366765313751502,96.86885396142497,171.0396520311949,165.33104028944877,8.96034796880511,42.70048109485361,59.54617654009825,0.6442713795723614,0.9351988885969866,1.5980678735158584,0.9624240570390199,1.0954180617240865,0.13930664369496473,0.19956769854415315,0.09267223641356537,0.16482980890899346,171.8593747449545,132.04509834141018,47.95490165858982,37.32878884276317,0.827743999467556,MUDRA,0.9463,0.9353,0.6443,0.0411,0.5173,ALAPADMA,INCORRECT,ELBOWS_NOT_ALIGNED,Elbows not aligned with shoulders,CANONICAL,mean_elbow_shoulder_alignment_norm,0.2968214363226546,<= 0.08,,False,2 of 3 parameter checks out of range,0,0,0,0,0.7279,0.9463,0.4764,0.6258
DJI_20260917133505_0102_D.JPG,Cam 5,24,PATAKA,INCORRECT,FINGERS_TOO_FAR_APART,,dwpose_l_wholebody,coco_wholebody_133,1,1,OK,653.66,444.15,209.51,67,1,1,67.0,1.0,1.0,1.0,1.0,1.0,2.5448043798130584,0.17249624973035793,1.3586503147717082,177.45519562018694,179.82750375026964,2.3723081300827005,0.39446092662967996,0.296996362533745,0.3265580569842574,1.09953554379695,5.440559174226008,2.045502915306675,2.489508421958419,2.3857688501523313,2.4376386360553752,0.10373957180608784,84.96568719822844,81.83987808900295,83.4027826436157,0.5779228435528081,1.4650952845713976,2.0273250723211214,0.0,1.6135175616740693,0.0,-0.1619079472829767,-0.10559217552878626,0.9896238257168304,0.13375006140588147,0.323816722483387,0.33789463052514257,0.3308556765042648,2.5975640407549205,1.26006549648969,1.6317227042393432,0.7915406308339937,1.591915117688959,0.32412263198686303,0.3381877715597575,8.31915744065785,0.39446092662967996,0.39420957436189935,0.5772364535010934,0.056315771754190426,0.26750012281176294,0.38013083840271017,0.43644661015690056,0.40828872427980534,62.56031032815497,60.592826154381214,294.8852326060737,294.8852326060737,CORONAL,FRONT,1.0,0.6281741965311167,469.4322597688339,left,101.65885211829985,175.23758830659528,172.48739530156817,4.762411693404715,12.428981368744074,15.78791224700196,0.4509143141782758,0.5349679560084009,1.1687619240944997,1.094211529112306,0.7892718841442278,1.3927455973671108,1.690386235921873,0.7052076298644564,-0.1642204563725489,177.20933641224573,113.59757672109842,66.40242327890158,25.240576382716537,0.7589913912622145,99.79484152196645,173.32951036142904,171.11577233042976,6.670489638570956,12.429594626933488,16.574643273268066,0.4391711405503711,0.5485587294840728,1.1560646965764485,1.0904672000925784,0.8646789625310595,1.1935496658615006,1.4385163995558183,0.6035930705490339,-0.06678507528448208,174.0258453611856,108.79720599068254,71.20279400931746,16.99080095004433,0.7302140055542587,MUDRA,0.9626,0.9238,0.6307,0.0542,0.5102,PATAKA,INCORRECT,ELBOWS_NOT_ALIGNED,Elbows down / not aligned with shoulders,CANONICAL,mean_elbow_shoulder_alignment_norm,0.40828872427980534,<= 0.08,,True,2 of 4 parameter checks out of range,1,1,0,0,0.9626,0.5967,0.2846,0.1868
DJI_20260917133510_0103_D.JPG,Cam 5,24,PATAKA,INCORRECT,FINGERS_TOO_FAR_APART,,dwpose_l_wholebody,coco_wholebody_133,1,1,OK,595.47,414.76,180.71,67,1,1,67.0,1.0,1.0,1.0,1.0,1.0,3.1411278891700363,1.922686078396481,2.5319069837832586,176.85887211082996,178.07731392160352,1.2184418107735553,0.4283962608588248,0.3296766760626944,0.358137438672856,1.0863293180156586,4.969709088348888,0.0,2.4894638292050644,2.4896101959318457,2.489537012568455,0.0001463667267813662,85.60137749880883,80.6179582515976,83.10966787520321,0.6284772781614244,1.4670466005036746,1.520773884397808,0.0,1.6365178938646925,0.0,-0.17135875652527477,-0.12851896231822907,0.9946681969174281,0.14993885942175192,0.32843730144626226,0.32843730144626226,0.32843730144626226,2.613219040571627,1.2923297289844342,1.6188978883890883,0.8006025659822598,1.6141963364792293,0.328747564884388,0.3287476013977382,8.80159022445678,0.4283962608588248,0.4283962608588248,0.628315020289766,0.014280211604287276,0.2713181362407454,0.37127709565330796,0.4141177304661698,0.3926974130597389,63.43494882292201,62.198515047338766,290.4341372823095,290.4341372823095,CORONAL,FRONT,1.0,0.6195033264547788,468.8177203896096,right,105.28337799735691,174.5226772828355,170.8852380804587,5.477322717164498,12.445052677874736,17.31427975766031,0.4265575078252449,0.5385715485222748,1.1111012737006625,1.043637976314726,0.786145418752959,1.338894853818974,1.5962652342141312,0.6701497986433131,-0.15057921951942244,177.49420481257596,109.48216683921993,70.51783316078007,22.729757747991187,0.7570929664046014,110.91164050575046,174.26854176378754,171.60619410031467,5.731458236212461,13.427577662316082,18.51158874276577,0.4096554113882662,0.5221928869770417,1.0671246953806686,0.9795134557927367,0.8409785186722007,1.083554314148781,1.2954977541121433,0.5452921223069511,-0.07468090096710034,175.6249156695055,112.32941300734478,67.67058699265522,20.706130742635107,0.7459601997572303,MUDRA,0.9602,0.9198,0.6473,0.0576,0.4748,PATAKA,INCORRECT,ELBOWS_NOT_ALIGNED,Elbows down / not aligned with shoulders,CANONICAL,mean_elbow_shoulder_alignment_norm,0.3926974130597389,<= 0.08,,True,1 of 4 parameter checks out of range,1,1,0,0,0.9602,0.6025,0.3753,0.3312
DJI_20260917133555_0104_D.JPG,Cam 5,25,KATAKAMUKHA,INCORRECT,FINGERS_BENT,,dwpose_l_wholebody,coco_wholebody_133,1,1,OK,675.03,433.86,241.17,67,1,1,67.0,1.0,1.0,1.0,1.0,1.0,6.372231806566276,2.4510107469264426,4.411621276746359,173.62776819343372,177.54898925307356,3.9212210596398336,0.45509635243001273,0.3127257706449663,0.39826897501003283,1.2735406301458367,0.0,1.7899040700722162,20.55612172224312,6.842757557022381,13.69943963963275,13.713364165220739,66.11645100795786,89.86708611246142,77.99176856020964,0.6680975138410747,1.4680353078501513,2.374967980125258,0.0,5.7105741795633005,0.0,-0.1847928409218172,-0.12082596039938617,0.9989191864560119,0.15280940066060167,0.3411553105834439,0.35537008055268265,0.3482626955680633,2.551561185338918,1.2153686516219069,1.6529570448083144,0.7873423480028243,1.5436342967005596,0.36435421385565164,0.3579195877840797,10.037270939283243,0.45509635243001273,0.4548743016590671,0.6680975138410747,0.0,0.24165192079877235,0.3269405406142051,0.35537091187439557,0.34115572624430035,66.54101506823558,62.96914195483673,293.6776715985472,293.6776715985472,CORONAL,FRONT,1.0,0.6478218332784194,453.3309260546813,right,94.29888392035309,143.15217338428735,136.3011292019796,36.84782661571265,31.77963238833503,55.91215746844434,0.4661870493594968,0.768042223886046,1.339693013138861,0.811613084480259,1.112939582798886,0.11241241675197254,0.2332572998719744,0.07892272064337112,-0.002467525633619294,148.83680363226392,122.46147283954103,57.53852716045897,31.686315482763618,0.8259759221508187,96.74305422580325,149.7619915170455,140.15910025249173,30.238008482954513,45.69811301702109,102.66621101133478,0.5702662494220113,1.2157547743210428,1.3476072276506887,0.79146273018353,1.3423846870867595,0.19240617057748005,0.420108130489234,0.17901680216691845,0.07832875593836619,155.29820670238456,119.36804092695122,60.631959073048776,23.24094783651439,0.7869082780278007,MUDRA,0.9178,0.9286,0.6661,0.0499,0.4249,ALAPADMA,INCORRECT,ELBOWS_NOT_ALIGNED,Elbows not aligned with shoulders,CANONICAL,mean_elbow_shoulder_alignment_norm,0.34115572624430035,<= 0.08,,False,2 of 3 parameter checks out of range,0,1,0,0,0.4745,0.9178,0.741,0.6633
DJI_20260917133558_0105_D.JPG,Cam 5,25,KATAKAMUKHA,INCORRECT,FINGERS_BENT,,dwpose_l_wholebody,coco_wholebody_133,1,1,OK,625.16,438.17,186.99,67,1,1,67.0,1.0,1.0,1.0,1.0,1.0,7.090192669935902,3.018407050774016,5.054299860354959,172.9098073300641,176.98159294922598,4.071785619161886,0.46224982129231434,0.31796929332446583,0.404529884801432,1.2722294048332428,2.602679900368681,1.7897795703125663,20.556137215330978,7.124913030515245,13.840525122923111,13.431224184815733,65.49865668671258,89.58489856476042,77.5417776257365,0.6931868451727933,1.4995935384784942,2.5675903208966657,1.1691910516237733,4.969761727763587,1.1691910516237733,-0.18047814093707062,-0.10828705379447816,0.9959994871499372,0.14438259736577438,0.3465182336778585,0.3465182336778585,0.3465182336778585,2.570010233110784,1.2416907604262493,1.5948101836194222,0.770526531031351,1.611483460231076,0.3700818586263009,0.34921483558504013,10.655017693232164,0.46224982129231434,0.462024311570478,0.693036467355717,0.014438048196282704,0.231012155785239,0.3465182336778585,0.37539433007042394,0.3609562818741412,66.80139863123881,62.52558106081038,288.5273291612603,288.5273291612603,CORONAL,FRONT,1.0,0.6205462387163482,464.9570187680184,left,96.02082958626293,135.5957597541826,104.9491298687391,44.40424024581739,38.36521760544833,60.08793966931096,0.4873401283003897,0.787186431784428,1.3177558377164083,0.8100741400939973,1.0857727768171912,0.12391068611514339,0.6725863654896954,0.2775272642971176,-0.03679077285150634,148.95905616661526,122.97689049617625,57.02310950382375,31.701422378712717,0.8214776136482633,93.96032679097581,150.7678070607708,136.39890294953494,29.232192939229208,35.1561307228359,85.10815468349152,0.5389023690709327,1.0181573209847201,1.4585568878086455,0.8180385620640497,1.3262657813557786,0.11318133732674893,0.4542554282258103,0.18688440114325022,0.010715711197536892,154.04551560297722,124.3996974173709,55.6003025826291,25.883006238503462,0.8077367392066783,MUDRA,0.8122,0.9131,0.6747,0.0644,0.4357,MUSHTI,CORRECT,,,,pinky_relative_extension,1.0857727768171912,<= 1.25,,True,3 parameter checks within range,0,0,0,0,0.4331,0.7922,0.8122,0.6081
DJI_20260917133633_0106_D.JPG,Cam 5,26,MUSHTI,INCORRECT,PINKY_DROPPED,,dwpose_l_wholebody,coco_wholebody_133,1,1,OK,645.47,420.93,224.54,67,1,1,67.0,1.0,1.0,1.0,1.0,1.0,5.8128633505064045,1.2261422728691684,3.5195028116877864,174.1871366494936,178.77385772713083,4.586721077637236,0.4359280870249619,0.30968765869921305,0.42210045194675233,1.3629876428389458,2.6025138211498935,0.0,21.370732175176883,2.4896477936086683,11.930189984392776,18.881084381568215,64.68408291812565,87.04930446328177,75.86669369070371,0.6342038956098194,1.4548360486198815,2.6025262621070286,0.0,3.224458971019164,0.0,-0.15468370874302784,-0.08437364257259712,0.9966471774902489,0.11952867565781247,0.32343099388822205,0.32343099388822205,0.32343099388822205,2.517135416775219,1.2023189561392291,1.625594461803709,0.7764711518482771,1.5484399559175934,0.3473114033279923,0.3237365732330026,9.385528237024527,0.4359280870249619,0.4359280870249619,0.6327992340943199,0.042186615606287996,0.21093390075148225,0.4078034023807558,0.46405359438921023,0.43592849838498304,58.86106167058992,52.495833679650694,296.74811899959684,296.74811899959684,CORONAL,FRONT,1.0,0.6458112865005526,459.4966443023645,left,74.10312510339985,115.71244318272898,81.73913792446149,64.28755681727102,7.864256036073812,13.176206167993604,0.24960080289802952,0.28230901047822343,0.734247303174836,0.8836959143546053,1.2337528835614078,0.3132672077197948,0.5624811706942181,0.1996038680396855,0.11548573480300317,118.42850261341874,175.12832260315807,4.871677396841932,66.95630562516038,0.8823123317463938,66.57907896582691,100.45213473186942,78.28652146441357,79.54786526813058,11.026923190694106,20.943323266132616,0.3724966289814397,0.49724181078739793,1.0595911564655087,0.7636873214357359,1.6646756446831352,0.35938153108523513,0.577011913990053,0.24562028418744802,0.23106525170954906,109.7462420510879,175.1470318713963,4.852968128603692,70.34619714117362,0.871332564912003,MUDRA,0.7764,0.9242,0.6564,0.0561,0.4562,MUSHTI,CORRECT,,,,pinky_relative_extension,1.2337528835614078,<= 1.25,,False,3 parameter checks within range,1,0,0,0,0.6365,0.3489,0.7764,0.7315
DJI_20260917133635_0107_D.JPG,Cam 5,26,MUSHTI,INCORRECT,PINKY_DROPPED,,dwpose_l_wholebody,coco_wholebody_133,1,1,OK,623.28,422.32,200.96,67,1,1,64.0,1.0,1.0,1.0,1.0,1.0,5.872238861125879,2.352733491712087,4.112486176418983,174.12776113887412,177.6472665082879,3.5195053694137926,0.4502097547656063,0.31064462548842753,0.42210047158261516,1.3587889084478615,5.194483542735167,1.7899333684382674,20.556075655637017,2.489590651250552,11.522833153443784,18.066485004386465,66.11651942899277,86.44546541706394,76.28099242302835,0.6474727362492791,1.4381579461475114,3.4283476842755194,1.1935038827257813,3.2245595124596815,1.1935038827257813,-0.1898399360913714,-0.0984361737562964,0.9852875864801904,0.1441380549238339,0.33749194733571325,0.32342957837338254,0.3304607628545479,2.4890102687512123,1.2023182319786234,1.628417114414017,0.7866080789245996,1.5284844691938027,0.36044162955764186,0.3237351423426513,9.371530149556783,0.4502097547656063,0.44999008107432176,0.6468616106268772,0.014061551002293365,0.21093389851488617,0.39374224114507356,0.46405245003665246,0.428897345590863,60.255082079558775,51.842808457200775,298.47500348222525,298.47500348222525,CORONAL,FRONT,1.0,0.6542428269012435,456.21440726514743,left,75.71905431753194,102.98451892565453,77.3454028816091,77.01548107434547,4.884761012014198,4.884761012014198,0.2811336828793175,0.2811336828793175,,0.8837381346837279,1.2207196430479395,,,,,116.26267510745748,173.67766018522994,6.322339814770061,67.042018932343,0.8812510571970518,63.27698437383631,99.83356186988809,77.81589690549887,80.16643813011191,12.675204767703569,22.374221637105485,0.3981728668336002,0.5363023975576804,1.1352377835836647,0.7667108274460562,1.70737605268637,0.4163587339606481,0.6351692413851069,0.2713880806618467,0.2412154929295529,109.52467148148257,173.96290898879207,6.037091011207934,70.82094658425348,0.8775550817966464,MUDRA,0.9718,0.9231,0.664,0.0555,0.4601,KATAKAMUKHA,INCORRECT,FINGERS_BENT,Fingers bent,CANONICAL,ring_pinky_straightness_deg,116.26267510745748,>= 160°,,False,2 of 2 parameter checks out of range,0,1,0,3,0.5573,0.3191,0.4932,0.9718
DJI_20260917131549_0049_D.JPG,Cam 6,1,ARAMANDI,CORRECT,,,dwpose_l_wholebody,coco_wholebody_133,1,1,OK,611.36,405.31,206.05,67,1,1,66.0,1.0,1.0,1.0,1.0,1.0,9.362997027464786,5.018808873309695,7.19090295038724,170.6370029725352,174.9811911266903,4.344188154155091,0.9373452501638334,1.1008858042510279,0.6849661922016163,0.6221954988942956,7.125058816707283,12.011466670476246,41.81994395195315,14.036243467926468,27.92809370993981,27.78370048402668,30.981520825755616,59.18114005461522,45.08133044018542,0.362849038552129,0.38710287216872186,12.147387861338958,9.462284905230975,20.556023161521942,9.462284905230975,0.14630205130591437,-0.3218629339993546,0.8592441912644018,0.23408249265263448,0.37063269660274645,0.46816498530526895,0.4193988409540077,3.111345532867233,1.0241113987532937,1.3984636173745009,0.4603097007921122,2.2248312320834818,0.49733070650797423,0.482573421157341,33.981151699749546,0.34209744726777247,-0.9168229865788144,-0.292603444747805,0.5461929214321629,1.1899187894308723,0.975343938673985,1.1313984951997254,1.0533712169368552,9.09024979046603,23.317660915210695,185.5555374610206,185.5555374610206,CORONAL,FRONT,1.0,0.44947229505742453,412.8297550293151,left,139.17466761502635,92.73367670379442,59.369667741746724,87.26632329620558,61.96477134916316,171.72926418188348,0.20252634594423058,0.38134782575786597,0.5267579298177995,0.3794595623592461,0.7275705480859369,0.036612983319535955,0.20303791353244902,0.08256474464989617,-0.2201609516383386,63.90630032872575,168.03309434100328,11.966905658996723,136.77145802271832,0.2876426301079127,82.51960638171506,151.3499213478064,116.86329058214366,28.6500786521936,14.270819313942882,38.66959060537261,0.3121360937646856,0.5937564187518399,0.808247951562112,0.8861885795388723,0.42673024883395305,0.5596700165431684,0.5667721441123096,0.25384976192919234,-0.6503357069912601,127.14784261771565,179.852174011766,0.14782598823398985,113.38520423671592,0.30337874847506796,BODY,0.697,0.697,0.6694,0.1366,0.4818,SAMAPADHAM,INCORRECT,FEET_TOO_FAR_APART,Feet too far apart,CANONICAL,foot_gap_norm,0.6373452501638335,<= 0.05,,True,4 of 7 parameter checks out of range,0,0,0,1,0.1969,0.4485,0.6425,0.3515
DJI_20260917131553_0050_D.JPG,Cam 6,1,ARAMANDI,CORRECT,,,dwpose_l_wholebody,coco_wholebody_133,1,1,OK,661.56,409.62,251.94,67,1,1,67.0,1.0,1.0,1.0,1.0,1.0,2.3473561080773493,3.624576226678215,2.985966167377782,177.65264389192265,176.37542377332178,1.2772201186008658,0.8753184770490313,1.0358504558452717,0.5366365766364087,0.5180637548674959,0.0,4.763610808559717,62.44722982381292,17.102712832405317,39.77497132810912,45.3445169914076,20.898358219902548,54.99284520622028,37.945601713061414,0.36391045099984465,0.41574633752357093,14.338115246744215,12.994564614876094,19.093442048701526,12.994564614876094,0.14538249243278423,-0.3725427354898516,0.8772241328304986,0.2589626139613179,0.21807358083982903,0.4724925480738332,0.3452830644568311,3.043947256964703,1.135801215285337,1.4554494811970549,0.5430781646257667,2.091413887111469,0.47144381494109744,0.4943533001007547,24.55885391765893,0.36391045099984465,-0.8722949545967054,-0.3634563888913078,0.41797509971995966,1.1630605706996628,0.9813317450166198,1.05402251780497,1.0176771314107949,6.34018770082018,20.7722908860265,193.3825761789516,193.3825761789516,CORONAL,FRONT,1.0,0.4781454336526081,404.44300534605094,right,77.43037617478859,140.7644927823423,118.52855188858334,39.2355072176577,27.78953469104935,50.41337602033144,0.36260970525342057,0.706140384159356,0.9888918182251116,1.232894911634244,0.9177699813851163,0.06120170625032504,0.24864482492553236,0.12383824700787356,-0.21202970645422958,142.32385944217629,174.3168845816747,5.683115418325286,110.90402693037184,0.26349262470803675,77.97734777953114,149.33246740071766,118.00156721175773,30.66753259928234,13.72861905296188,23.1985652762963,0.4215294453871508,0.831053835335147,1.089201082818072,0.9660468494081478,0.34510421453883466,0.661647359792092,0.7126658110621779,0.30952715194275343,-0.9019760811321192,122.35309380683086,179.76301058487078,0.23698941512921579,113.19860229107007,0.28072190454880885,BODY,0.7268,0.7268,0.6552,0.111,0.4106,SAMAPADHAM,INCORRECT,FEET_TOO_FAR_APART,Feet too far apart,CANONICAL,foot_gap_norm,0.5753184770490314,<= 0.05,,False,5 of 7 parameter checks out of range,0,0,0,0,0.5687,0.7249,0.351,0.5446
DJI_20260917131859_0051_D.JPG,Cam 6,2,SAMAPADHAM,CORRECT,,,dwpose_l_wholebody,coco_wholebody_133,1,1,OK,657.12,452.45,204.67,67,1,1,67.0,1.0,1.0,1.0,1.0,1.0,2.353662957896944,9.199912035958306,5.776787496927625,177.64633704210306,170.8000879640417,,,,,,,,,,,,,,,,,2.9482515570951553,,,,,,,,0.32539539744581364,-0.10846718154553561,0.10846410795013901,18.276541821889747,8.080725111662092,1.444437499066377,0.6386384516655349,12.653051332233431,5.216531068519546,5.424397545933893,,,,,,,,,,4.398747377203711,0.8550568970427791,39.71580405006206,39.71580405006206,SAGITTAL,,1.0,0.0790323198525653,502.52610734635965,right,64.97861065078341,168.05865336354128,164.10491454323557,11.941346636458718,4.657067621136739,7.02597203816227,0.3293098054052255,0.55723708847691,0.7911368912253847,1.1283823524098184,1.0386449448628772,1.6456927681535387,2.0567253801844125,0.8391291020176119,0.18180778348825122,171.7651494291477,136.8951990056853,43.1048009943147,83.20065019369473,0.3817624164200098,80.29725167374856,109.61445260345663,45.0,70.38554739654337,17.061459762705425,40.83337278341071,0.2536190022656097,0.402265090980194,0.760857006796829,0.49871959497542484,1.2725802206476433,0.22067206513564222,0.458817353368999,0.21002488836315814,0.059304682427085476,141.92167890518493,32.97440092627284,147.02559907372716,81.27388344480899,0.3730928380848046,BODY,0.8755,0.8755,0.5787,0.1161,0.857,SAMAPADHAM,CORRECT,,,,mean_knee_flexion_deg,5.776787496927625,<= 5°,,True,2 parameter checks within range,1,1,0,0,0.4881,0.3331,0.912,0.6232
DJI_20260917131902_0052_D.JPG,Cam 6,2,SAMAPADHAM,CORRECT,,,dwpose_l_wholebody,coco_wholebody_133,1,1,OK,876.88,665.14,211.74,67,1,1,67.0,1.0,1.0,1.0,1.0,1.0,2.4753053956871724,6.745602219181109,4.610453807434141,177.52469460431283,173.2543977808189,,,,,,,,,,,,,,,,,3.9282898528925125,,,,,,,,0.6575987174712027,0.0,0.32879935873560134,27.126084438777642,12.16563214159306,1.4129823862517152,0.6337008930457836,19.19775129733661,7.590955122521889,8.220025869671892,,,,,,,,,,4.267932840181385,0.924053792685018,26.219551378808845,26.219551378808845,SAGITTAL,,1.0,0.05208943404422239,503.3564264981114,left,63.7396992076057,166.6270749050693,160.3488114973969,13.372925094930707,3.702533251386034,6.655928944791411,0.3018502014175802,0.5212670157177584,0.7460884948323021,1.1405294200649472,1.0453759426143892,0.3892520453309496,0.6896258299804607,0.3065696044804988,0.1723504311146451,172.24383920329055,128.55887683197375,51.44112316802625,75.06858282186245,0.38049632123929206,61.396855082120105,156.9826666759816,138.0795680815122,23.01733332401841,3.1192557520487245,5.180895697455772,0.2580007248934431,0.3644293335084837,0.7647724089755071,1.0479541504914631,1.1723066395525357,0.9099210857998399,1.1620362686736427,0.47480630810247626,0.1726012459329217,165.63199981270185,64.65965852856591,115.34034147143409,78.18323616405029,0.38826472969593306,BODY,0.8589,0.8589,0.5563,0.1294,0.8309,SAMAPADHAM,CORRECT,,,,mean_knee_flexion_deg,4.610453807434141,<= 5°,,False,2 parameter checks within range,1,1,0,0,0.9513,0.5754,0.4618,0.737
DJI_20260917132012_0053_D.JPG,Cam 6,3,MUZHUMANDI,CORRECT,,,dwpose_l_wholebody,coco_wholebody_133,0,1,OK,681.16,494.88,186.28,67,1,1,44.0,1.0,1.0,1.0,0.0,1.0,132.60632589990985,145.51526207196625,139.06079398593806,47.39367410009015,34.48473792803376,,,,,,,,,,,,,,,,,0.7440531585695473,,,,,,,,1.1266742136771837,1.0891171939621591,1.1078957038196715,3.229800625133712,-1.276896229575023,0.5583946514612264,-0.22076038363395287,5.784082309316285,1.8182601362016089,1.140360917562136,,,,,,,,,,18.16596978101761,1.1016967115744696,80.53509639677263,80.53509639677263,SAGITTAL,,1.0,0.1728882727670254,465.8216263476543,right,,,,,,,,,,,,,,,,,,,,,0.0,,,,,,,,,,,,,,,,,,,-0.08496490710673679,BODY,0.9757,0.0219,0.049,0.9757,0.0,MUZHUMANDI,CORRECT,,,,trunk_inclination_deg,0.7440531585695473,<= 8°,,False,3 parameter checks within range,1,1,0,23,,,,
DJI_20260917132014_0054_D.JPG,Cam 6,3,MUZHUMANDI,CORRECT,,,dwpose_l_wholebody,coco_wholebody_133,0,1,OK,605.56,449.74,155.82,67,1,1,40.0,1.0,1.0,1.0,0.0,0.0,127.99658536723251,144.02758088894194,136.01208312808723,52.00341463276749,35.972419111058045,,,,,,,,,,,,,,,,,0.5826600601687922,,,,,,,,1.176692626095229,1.3728101723645305,1.2747513992298798,3.5104727657070613,-1.2355316854321934,0.606748015549897,-0.21354855836177128,5.785717753894114,2.121318062776975,1.4390139051649977,,,,,,,,,,19.334826264080824,0.0,77.18933813786757,77.18933813786757,SAGITTAL,,0.0,0.17283940256624922,446.5957240755964,,,,,,,,,,,,,,,,,,,,,,,,,,,,,,,,,,,,,,,,,,BODY,0.9904,0.027,0.0596,0.9904,0.0,MUZHUMANDI,CORRECT,,,,trunk_inclination_deg,0.5826600601687922,<= 8°,,False,3 parameter checks within range,1,1,0,27,,,,
DJI_20260917132102_0055_D.JPG,Cam 6,4,SWASTIKAPADAM,CORRECT,,RIGHT,dwpose_l_wholebody,coco_wholebody_133,0,1,OK,626.64,470.1,156.54,67,1,1,46.0,1.0,1.0,1.0,0.0,1.0,6.178621325238481,66.62288809044111,36.400754707839795,173.82137867476152,113.37711190955889,,,,,,,,,,,,,,,,,0.9508789835017091,,,,,,,,0.798587554400602,1.2285902336679024,1.0135888940342523,9.368014190525384,3.7779188710452654,1.2653863964973542,0.5103031495539627,7.403283468556692,2.8184117250477736,2.2662444528027454,,,,,,,,,,1.709812423886125,2.6026147371903967,62.55979370195446,62.55979370195446,SAGITTAL,,1.0,0.13507520065214457,463.1478865099965,right,,,,,,,,,,,,,,,,,,,,,0.0,,,,,,,,,,,,,,,,,,,0.5633667490243277,BODY,0.9064,0.3142,0.9064,0.2285,0.7048,ARAMANDI,CORRECT,,,,mean_knee_flexion_deg,36.400754707839795,30-45°,,False,2 parameter checks within range,0,1,0,21,,,,
DJI_20260917132104_0056_D.JPG,Cam 6,4,SWASTIKAPADAM,CORRECT,,RIGHT,dwpose_l_wholebody,coco_wholebody_133,1,1,OK,652.83,449.52,203.31,67,1,1,67.0,1.0,1.0,1.0,1.0,1.0,2.282308805343291,68.44499676934534,35.363652787344314,177.7176911946567,111.55500323065466,,,,,,,,,,,,,,,,,4.0349275786595795,,,,,,,,1.4485865911308051,1.1769726403160488,1.3127796157234268,13.489895225284208,5.251101161172703,1.233450125288023,0.4801350401157097,10.936717220028804,4.752937898955268,3.807904652878269,,,,,,,,,,3.69130277867817,5.194478768340662,42.33231334587006,42.33231334587006,SAGITTAL,,1.0,0.09143511529846121,462.9765403334323,left,0.0,,,,,,,,,,,,,,,,,,,0.41536383419990197,0.0,,,,,,,,,,,,,,,,,,,0.659128189199609,BODY,0.8865,0.3117,0.8865,0.2451,0.7324,ARAMANDI,CORRECT,,,,mean_knee_flexion_deg,35.363652787344314,30-45°,,False,2 parameter checks within range,0,1,0,0,,,,
DJI_20260917132129_0057_D.JPG,Cam 6,5,SWASTIKAPADAM,CORRECT,,LEFT,dwpose_l_wholebody,coco_wholebody_133,1,1,OK,664.94,429.34,235.6,67,1,1,62.0,1.0,1.0,1.0,1.0,1.0,50.599951743513,76.18172785275613,63.390839798134564,129.400048256487,103.81827214724387,,,,,,,,,,,,,,,,,1.173939677329367,,,,,,,,3.719913595222068,3.254922666302658,3.487418130762363,17.495237003643215,5.92862396662257,1.233347647104952,0.4179454338504423,14.185162670646786,6.324541078725435,6.161107813952111,,,,,,,,,,9.34468200904494,4.763622878259649,35.2902969674792,35.2902969674792,SAGITTAL,,1.0,0.07049619544154329,500.59860317912546,right,0.0,,,,,,,,,,,,,,,,,,,-0.5332975679170999,131.2762451171875,,,,,,0.3333333333333333,1.0,1.0,0.5833333333333336,0.49999999999999867,,,,-0.1666666666666673,,49.29039405259833,130.70960594740166,0.0,0.3415205727581954,BODY,0.6522,0.2065,0.6522,0.3321,0.119,ARAMANDI,INCORRECT,EXCESSIVE_KNEE_BEND,Knee bend deeper than Aramandi,SECONDARY,mean_knee_flexion_deg,63.390839798134564,30-45°,,False,1 of 2 parameter checks out of range,0,0,0,5,0.6058,0.7907,0.9254,0.3136
DJI_20260917132132_0058_D.JPG,Cam 6,5,SWASTIKAPADAM,CORRECT,,LEFT,dwpose_l_wholebody,coco_wholebody_133,1,1,OK,586.91,413.85,173.06,67,1,1,37.0,1.0,1.0,1.0,0.0,0.0,2.676368240994151,68.267643411709,35.47200582635158,177.32363175900585,111.732356588291,,,,,,,,,,,,,,,,,1.374863253994383,,,,,,,,3.1820034061947178,2.710591842057312,2.946297624126015,17.913449266711467,6.599694986077586,1.2156501007905884,0.447871303597646,14.73569512729164,6.2860402359023055,5.955886859389352,,,,,,,,,,10.713107326253697,1.8778406767468827,34.662560858365275,34.662560858365275,SAGITTAL,,0.0,0.06786242463363151,510.7769291400631,,,,,,,,,,,,,,,,,,,,,0.36092478000449735,,,,,,,,,,,,,,,,,,,,,BODY,0.8784,0.3024,0.8784,0.2556,0.7295,ARAMANDI,CORRECT,,,,mean_knee_flexion_deg,35.47200582635158,30-45°,,False,2 parameter checks within range,0,1,0,30,,,,
DJI_20260917132204_0059_D.JPG,Cam 6,6,ARAMANDI,INCORRECT,INSUFFICIENT_KNEE_BEND,,dwpose_l_wholebody,coco_wholebody_133,1,1,OK,630.86,413.47,217.39,67,1,1,49.0,1.0,1.0,1.0,1.0,0.0,28.307210169888947,30.243981153450505,29.275595661669726,151.69278983011105,149.7560188465495,,,,,,,,,,,,,,,,,1.4833601465833744e-05,,,,,,,,3.444436044753553,2.666660366898498,3.0555482058260255,18.66661626852132,8.277753628666465,1.534246007900912,0.6803648972302389,12.166638317710316,4.424945466809135,4.268735717604005,,,,,,,,,,8.880611149897245,5.527553547775761,38.75390625,38.75390625,SAGITTAL,,1.0,0.08219197233342214,471.5047607422033,left,75.68324177567868,160.82626600399743,146.24566508171586,19.173733996002568,11.89042793449267,22.569335406766058,0.3406517855632805,0.6647974410489473,0.7111918226793965,1.0086186451541446,0.9925110788757681,0.6121612818342876,1.25486424799538,0.4460338577809616,0.1677621561514131,172.9714549667371,116.34628317498732,63.65371682501268,79.53087315510301,0.31928015747039695,,,,,,,,,,,,,,,,,,,,0.30854998761185504,BODY,0.9323,0.5419,0.9323,0.0966,0.8769,ARAMANDI,CORRECT,,,,mean_knee_flexion_deg,29.275595661669726,30-45°,,True,2 parameter checks within range,1,0,0,18,0.8844,0.6883,0.4945,0.6747
DJI_20260917132206_0060_D.JPG,Cam 6,6,ARAMANDI,INCORRECT,INSUFFICIENT_KNEE_BEND,,dwpose_l_wholebody,coco_wholebody_133,1,1,OK,622.43,422.88,199.55,67,1,1,56.0,1.0,1.0,1.0,1.0,0.0,29.586502240856703,31.36610793734519,30.476305089100947,150.4134977591433,148.6338920626548,,,,,,,,,,,,,,,,,0.7707553274093579,,,,,,,,6.181202285299074,3.296641218826173,4.738921752062623,22.45837995941126,9.615205497602664,1.4662344955756208,0.6277454566229965,15.317045143310759,7.353581475851036,5.170655688295755,,,,,,,,,,4.398674848180637,3.751727335791329,31.417808403299368,31.417808403299368,SAGITTAL,,1.0,0.06528674366653014,481.2279896172245,left,58.36972510760169,158.58508367231633,130.4082741148198,21.41491632768367,13.158813157047703,20.825939491552063,0.4217093774650659,0.7357312974516386,0.930530797294459,1.2885479635714328,1.0351891720723894,,,,0.2333979586631567,171.30713070407683,102.16881177540021,77.83118822459979,76.12624055173497,0.3401063626869654,,,,,,,,,,,,,,,,,,,,0.551052495879457,BODY,0.9338,0.4914,0.9338,0.1226,0.8515,ARAMANDI,CORRECT,,,,mean_knee_flexion_deg,30.476305089100947,30-45°,,False,2 parameter checks within range,1,0,0,11,0.836,0.6906,0.349,0.5078
DJI_20260917132245_0061_D.JPG,Cam 6,7,ARAMANDI,INCORRECT,FEET_TOO_FAR_APART,,dwpose_l_wholebody,coco_wholebody_133,1,1,OK,638.99,436.57,202.42,67,1,1,52.0,1.0,1.0,1.0,1.0,0.0,42.852370904181925,46.84942562162365,44.85089826290279,137.14762909581808,133.15057437837635,,,,,,,,,,,,,,,,,2.0007782307820325,,,,,,,,6.184683860856156,4.365657486826916,5.2751706738415365,18.311499721352813,6.972924749039986,1.3179733357829588,0.5018774557792929,13.893679958612088,6.887782981581252,5.6828062952544265,,,,,,,,,,8.56915006583588,6.241911035644135,33.611730908865425,33.611730908865425,SAGITTAL,,1.0,0.07197517165926537,466.990632102766,left,0.0,,,,,,,,,,,,,,,,,,,-0.6080601076403382,,,,,,,,,,,,,,,,,,,,,BODY,0.9232,0.2748,0.9232,0.2169,0.4748,ARAMANDI,CORRECT,,,,mean_knee_flexion_deg,44.85089826290279,30-45°,,False,2 parameter checks within range,1,0,0,15,,,,
DJI_20260917132246_0062_D.JPG,Cam 6,7,ARAMANDI,INCORRECT,FEET_TOO_FAR_APART,,dwpose_l_wholebody,coco_wholebody_133,1,1,OK,635.85,439.38,196.47,67,1,1,57.0,1.0,1.0,1.0,1.0,0.0,47.914930483316994,47.23767694260982,47.57630371296341,132.085069516683,132.76232305739018,,,,,,,,,,,,,,,,,2.036318693405961,,,,,,,,4.0692400924132714,2.6574647423184583,3.363352417365865,12.913609194181383,5.024267881314901,1.3813490150951462,0.5374382471289021,9.34854917407814,4.395150848688553,3.5863843010061327,,,,,,,,,,11.63365248636587,3.7517162308295924,49.14682590193281,49.14682590193281,SAGITTAL,,1.0,0.10696846979987243,459.4515186940761,left,38.66237771696781,,,,,,0.0,0.0,0.0,0.3556507760455037,1.0,1.2525677144915137,1.2525677144915137,0.5566967619962276,0.0,,118.53050281509864,61.46949718490136,48.72411839743437,0.3033093838221472,83.19925159133284,175.90621308982836,175.90621308982836,4.093786910171644,81.20298039860012,81.20298039860012,0.15914392685586795,0.46364299310939416,0.4695193877254899,0.5416704101394133,0.9624072928061385,,,,-0.03207843457322013,175.90621308982836,178.9776437711854,1.0223562288146013,138.1302026652521,0.40831235464959903,BODY,0.928,0.2943,0.928,0.1922,0.4051,ARAMANDI,CORRECT,,,,mean_knee_flexion_deg,47.57630371296341,30-45°,,True,2 parameter checks within range,1,0,0,10,0.5305,0.1307,0.6913,0.2592
DJI_20260917132319_0063_D.JPG,Cam 6,8,ARAMANDI,INCORRECT,FEET_NOT_IN_LINE,,dwpose_l_wholebody,coco_wholebody_133,1,1,OK,834.31,558.36,275.95,67,1,1,67.0,1.0,1.0,1.0,1.0,1.0,63.78312115385137,67.56061283099469,65.67186699242302,116.21687884614863,112.43938716900531,,,,,,,,,,,,,,,,,3.699318848428221,,,,,,,,5.309902120272377,3.4358273886256367,4.372864754449007,24.050758520863532,9.760861621752312,1.3248204072382221,0.5376707207595187,18.153976485764424,9.186413777196254,8.674318188186003,,,,,,,,,,5.710622670668279,2.41950852754883,25.738091767285635,25.738091767285635,SAGITTAL,,1.0,0.05508435029560369,467.2487127317503,left,0.0,,,,,,,,,,,,,,,,,,,-0.1927600699094014,0.0,,,,,,,,,,,,,,,,,,,0.43664011412082493,BODY,0.6576,0.2486,0.6576,0.2932,0.0956,ARAMANDI,INCORRECT,EXCESSIVE_KNEE_BEND,Knee bend deeper than Aramandi,SECONDARY,mean_knee_flexion_deg,65.67186699242302,30-45°,,False,1 of 2 parameter checks out of range,1,1,0,0,,,,
DJI_20260917132321_0064_D.JPG,Cam 6,8,ARAMANDI,INCORRECT,FEET_NOT_IN_LINE,,dwpose_l_wholebody,coco_wholebody_133,1,1,OK,753.39,554.2,199.19,67,1,1,43.0,1.0,1.0,1.0,0.0,0.0,52.003456106359835,64.53081555408018,58.267135830220006,127.99654389364017,115.46918444591982,,,,,,,,,,,,,,,,,4.20898842776678,,,,,,,,4.919385776793219,2.9814420831465607,3.9504139299698897,22.808038275672583,9.093397447939667,1.3211026973923579,0.5267139484655928,17.264394600580218,8.683367713666245,8.027786899153345,,,,,,,,,,6.809109812652548,3.416566556951121,26.95728435765127,26.95728435765127,SAGITTAL,,0.0,0.05792267977739528,465.40119451054017,,2.244384765625,104.8718523760618,0.0,75.1281476239382,89.61544570700188,89.61544570700188,22.962689002501904,24.66637659088437,19.555313825736974,16.931720804230117,1.4594712963331333,,,,0.5598135140743778,90.0,111.76125478655491,68.23874521344509,90.0,0.11623692073825853,55.27921405814741,,,,,,,,,1.590173794637854,,,,,,,51.817332470989605,128.1826675290104,8.196020585184995,0.17802075971438797,BODY,0.7716,0.249,0.7716,0.2597,0.1873,ARAMANDI,INCORRECT,EXCESSIVE_KNEE_BEND,Knee bend deeper than Aramandi,SECONDARY,mean_knee_flexion_deg,58.267135830220006,30-45°,,False,1 of 2 parameter checks out of range,1,1,0,24,,,,
DJI_20260917132342_0065_D.JPG,Cam 6,9,SAMAPADHAM,INCORRECT,FEET_TOO_FAR_APART,,dwpose_l_wholebody,coco_wholebody_133,1,1,OK,628.7,423.42,205.28,67,1,1,55.0,1.0,1.0,1.0,1.0,0.0,4.026397618813775,4.141897279862576,4.084147449338175,175.97360238118623,175.85810272013742,,,,,,,,,,,,,,,,,1.9920950343073311,,,,,,,,0.25000879470347775,0.7500123125848689,0.5000105536441734,21.187622686113514,9.687559364248475,1.4730215054928255,0.6735056353740448,14.383783676684896,6.005241589181368,6.791573428774381,,,,,,,,,,8.130131020241533,3.1798036588438534,34.699951171875,34.699951171875,SAGITTAL,,1.0,0.06952273633125683,499.11659124777856,left,46.933464782258255,144.61141126261072,132.88756990569527,35.388588737389284,12.39340752967964,19.554491065061498,0.17098088449061177,0.3327863012129198,0.34895737269567123,0.710750446988909,0.7831579872500405,0.2446702558490996,0.19503950004506085,0.10168567559758536,-0.12349750201834764,148.25004429238703,116.88196138413144,63.11803861586856,129.313942099549,0.3267526051912242,,,,,,,,,,,,,,,,,,,,0.36193708419774256,BODY,0.8844,0.8844,0.5657,0.1043,0.8187,SAMAPADHAM,CORRECT,,,,mean_knee_flexion_deg,4.084147449338175,<= 5°,,False,2 parameter checks within range,1,0,0,12,0.6264,0.4745,0.8296,0.563
DJI_20260917132344_0066_D.JPG,Cam 6,9,SAMAPADHAM,INCORRECT,FEET_TOO_FAR_APART,,dwpose_l_wholebody,coco_wholebody_133,1,1,OK,674.65,457.39,217.26,67,1,1,60.0,1.0,1.0,1.0,1.0,0.0,0.9843783497890684,2.3196753860106014,1.6520268678998349,179.01562165021093,177.6803246139894,,,,,,,,,,,,,,,,,2.300840951847461,,,,,,,,0.48506724527115963,0.7276144842116258,0.6063408647413927,20.49433450415634,9.337651699870802,1.5077122275716384,0.6869455381361675,13.593001455698918,5.720205102251595,6.829891508062765,,,,,,,,,,6.241943060652253,5.710582521462017,35.86004089036398,35.86004089036398,SAGITTAL,,1.0,0.07356726939661631,487.44558802414036,left,89.6090641752172,146.70824831414495,137.855284368076,33.29175168585505,11.878929340390437,20.2770032193933,0.22264816767085874,0.30518169283594365,0.6679445030125762,0.7772798380282866,1.135377772573415,0.5920676241985444,0.7539542430773143,0.31909620435887376,0.09502676484302564,155.5229824135493,5.438628723852703,174.5613712761473,78.20477944339841,0.37297983100807375,62.59266255853439,163.2373211883605,159.93848286346628,16.76267881163949,51.13845884184542,51.13845884184542,0.7610193618568625,0.7610193618568625,,0.8855180496394623,,0.33472748313881334,0.4705660102674687,0.28823125251771836,,,79.90069772554587,100.09930227445413,178.2284128161668,0.45999500188025716,BODY,0.883,0.883,0.5464,0.0909,0.7587,SAMAPADHAM,CORRECT,,,,mean_knee_flexion_deg,1.6520268678998349,<= 5°,,False,2 parameter checks within range,1,0,0,7,0.6722,0.4932,0.7589,0.7084
DJI_20260917132559_0067_D.JPG,Cam 6,10,SAMAPADHAM,INCORRECT,FEET_NOT_ALIGNED,,dwpose_l_wholebody,coco_wholebody_133,1,1,OK,601.64,415.11,186.53,67,1,1,67.0,1.0,1.0,1.0,1.0,1.0,4.871030328785821,6.27108243836588,5.571056383575851,175.12896967121418,173.72891756163412,,,,,,,,,,,,,,,,,4.208973054198352,,,,,,,,1.8083928510410563,2.959164811048393,2.3837788310447245,26.796969271321057,12.165490453771683,1.4074488504994005,0.6389642567992644,19.039391209003988,7.137629418688983,8.581856849334915,,,,,,,,,,6.4287313681625715,4.398731842019044,26.455152466572017,26.455152466572017,SAGITTAL,,1.0,0.05252268778043104,503.68999730491146,right,0.0,,,,,,,,,,,,,,,,,,,-0.8277658483602807,53.04009434562613,119.00284512008267,90.88614191733126,60.99715487991733,67.45431267941926,93.92908162590535,1.174271816898932,2.0715299786579866,0.6202445066191774,1.1725822731787154,0.7439224588734502,0.6202445066191774,2.0715299786579866,0.7828478779326209,-0.48121507095721927,133.63684450304686,82.57101686948558,97.42898313051442,54.57026877093577,0.3475474066994005,BODY,0.8582,0.8582,0.5659,0.1321,0.8525,SAMAPADHAM,CORRECT,,,,mean_knee_flexion_deg,5.571056383575851,<= 5°,,True,2 parameter checks within range,1,0,0,0,0.3069,0.5038,0.4718,0.3125
DJI_20260917132601_0068_D.JPG,Cam 6,10,SAMAPADHAM,INCORRECT,FEET_NOT_ALIGNED,,dwpose_l_wholebody,coco_wholebody_133,1,1,OK,652.86,458.1,194.76,67,1,1,56.0,1.0,1.0,1.0,1.0,0.0,3.8332639357851974,7.626842441194071,5.730053188489634,176.1667360642148,172.37315755880593,,,,,,,,,,,,,,,,,3.9967001912809113,,,,,,,,0.6201806107004663,2.1085807751137833,1.3643806929071247,20.155576727230855,9.302572139665518,1.415762559912226,0.6534287519755059,14.236551592719369,5.2462249193420005,6.433056178728323,,,,,,,,,,5.792754519516862,4.332349827713142,35.19010167917136,35.19010167917136,SAGITTAL,,1.0,0.07024172907935122,500.9856981085636,left,310.9210390614748,160.03718971332762,148.7651009745505,19.96281028667238,8.177689104366905,15.382676020293234,0.32687783500568696,0.7236983137403772,0.7343665312861166,0.37236155311309965,0.3748745453588881,0.10623246122637549,0.023319387787767057,0.052396513386781786,-0.3965968677009292,155.6000452836447,7.432958522937164,172.56704147706284,63.36856292990112,0.1305514692180681,110.09670703201971,170.03229408601544,170.03229408601544,9.96770591398456,,,,,,0.2813161219178393,,,,,,170.03229408601544,88.0763784295332,91.9236215704668,6.753555773737473,0.3912311697581665,BODY,0.8622,0.8622,0.5703,0.1284,0.856,SAMAPADHAM,CORRECT,,,,mean_knee_flexion_deg,5.730053188489634,<= 5°,,True,2 parameter checks within range,1,0,0,11,0.6292,0.54,0.561,0.3556
DJI_20260917132635_0069_D.JPG,Cam 6,11,SAMAPADHAM,INCORRECT,WEIGHT_ON_ONE_LEG,,dwpose_l_wholebody,coco_wholebody_133,1,1,OK,656.92,434.54,222.38,67,1,1,57.0,1.0,1.0,1.0,1.0,0.0,5.822395465726686,3.8621511480140214,4.842273306870354,174.1776045342733,176.13784885198598,,,,,,,,,,,,,,,,,0.7345243962717339,,,,,,,,1.150807690544011,0.9864039437666063,1.0686058171553086,26.879382343579728,12.823195658272418,1.3973209572805656,0.6666120450082826,19.236369571019512,7.486974594085948,8.60551096949652,,,,,,,,,,7.883126564002767,5.52751517594883,26.341044478222233,26.341044478222233,SAGITTAL,,1.0,0.05198486108868207,506.70606646974574,left,60.77637771173611,135.98852637675282,123.43671495413786,44.011473623247184,6.260722117726812,16.121556489281144,0.279616860608233,0.3569574379872216,0.838850581824699,0.810314751883914,1.2384893075832764,1.3385913967099612,0.9816339587227396,0.5156056345406006,0.12110898472741305,140.67433088301692,119.20235453395908,60.79764546604092,76.5837528464337,0.37020854194509706,75.41583311246407,0.0,0.0,180.0,,,,,,,,,,,,0.0,100.63442101354104,79.36557898645896,171.51102873901118,0.4638789793979787,BODY,0.8522,0.8522,0.5541,0.1366,0.8362,SAMAPADHAM,CORRECT,,,,mean_knee_flexion_deg,4.842273306870354,<= 5°,,False,2 parameter checks within range,1,0,0,10,0.6273,0.4206,0.6647,0.4415
DJI_20260917132637_0070_D.JPG,Cam 6,11,SAMAPADHAM,INCORRECT,WEIGHT_ON_ONE_LEG,,dwpose_l_wholebody,coco_wholebody_133,1,1,OK,591.98,411.84,180.14,67,1,1,54.0,1.0,1.0,1.0,1.0,0.0,9.45901925193914,0.03808942319358266,4.748554337566361,170.54098074806086,179.96191057680642,,,,,,,,,,,,,,,,,2.2215832434897025,,,,,,,,2.0124422807388727,1.788829183318581,1.9006357320287268,36.33595029244892,17.329454379414774,1.39980899352219,0.66760125709932,25.957791713439878,9.82339431808011,11.54334891067473,,,,,,,,,,4.332259451895032,2.8155419703265516,19.377254116541756,19.377254116541756,SAGITTAL,,1.0,0.03852407828213835,502.9907263355864,left,82.79934536116785,142.8561021010881,142.4295594472889,37.14389789891189,26.70222670217383,55.389035890521335,0.2863632949747342,0.43394275189645315,0.8590898849242026,0.4699552906493331,1.4342832365172156,0.0,0.43394275189645315,0.1928634452873128,0.06085472653532842,143.0693734279877,72.3207061369517,107.6792938630483,65.76458243492559,0.3371394223609365,57.73681640625,,,,,,,,,,,,,,,,97.8820960614597,82.1179039385403,180.0,0.4489003728842709,BODY,0.8531,0.8531,0.5538,0.1354,0.8341,SAMAPADHAM,CORRECT,,,,mean_knee_flexion_deg,4.748554337566361,<= 5°,,False,2 parameter checks within range,1,0,0,13,0.4473,0.5375,0.8447,0.5021
DJI_20260917132649_0071_D.JPG,Cam 6,12,MUZHUMANDI,INCORRECT,KNEES_FACING_FORWARD,,dwpose_l_wholebody,coco_wholebody_133,1,1,OK,597.68,412.12,185.56,67,1,1,65.0,1.0,1.0,1.0,1.0,1.0,123.92269241387842,149.2580527073738,136.59037256062612,56.07730758612157,30.7419472926262,,,,,,,,,,,,,,,,,1.359324503955795,,,,,,,,0.8246198187686559,1.4067067981095713,1.1156633084391137,4.171609744085997,1.261187094452927,0.5828870550205181,0.1762220524960966,7.156806294041225,3.399994613760861,4.127665014358158,,,,,,,,,,8.042858485930124,1.684667647135479,59.80383755648646,59.80383755648646,SAGITTAL,,1.0,0.13972712952041227,428.00448103208123,right,56.44433318453444,170.7785354872055,163.74363166958983,9.221464512794512,9.508813269798567,23.653141350497368,0.5730741519789915,0.9093145141910268,1.567307092932713,1.3518558272388348,1.0128299999984354,1.3686629419361145,1.7988666574250887,0.781794958375281,0.09369522232851679,175.8143765604535,137.89242204970935,42.10757795029065,77.5175069209174,0.25462060467880115,64.6905517578125,150.0,90.0,30.0,60.0,180.0,0.02512461985048763,0.030150298615894102,0.045227334912113525,0.26809065091660594,0.8381297960312069,,,,-0.03768881676400382,90.0,41.254532183131246,138.74546781686877,90.0,-0.021328426486008585,BODY,0.9848,0.0244,0.0542,0.9848,0.0,MUZHUMANDI,CORRECT,,,,trunk_inclination_deg,1.359324503955795,<= 8°,,False,3 parameter checks within range,1,0,0,2,0.3206,0.5403,0.7023,0.2029
DJI_20260917132651_0072_D.JPG,Cam 6,12,MUZHUMANDI,INCORRECT,KNEES_FACING_FORWARD,,dwpose_l_wholebody,coco_wholebody_133,1,1,OK,784.04,430.28,353.76,67,1,1,56.0,1.0,1.0,1.0,1.0,0.0,126.76378959595125,150.18838513987436,138.4760873679128,53.23621040404875,29.81161486012565,,,,,,,,,,,,,,,,,1.3501468695317285,,,,,,,,0.9121812169855689,1.3465486704024945,1.1293649436940316,3.713874099917876,1.3031133965700366,0.5755976244147022,0.2019640287281879,6.452205399030855,1.590653669703613,3.6055430763844805,,,,,,,,,,8.13006502735596,1.1344211554759493,66.36468715481972,66.36468715481972,SAGITTAL,,1.0,0.15498576659543475,428.1985927653214,left,62.10902170056798,171.3081369598537,163.33936778659742,8.691863040146302,10.131793409421697,23.39313450651837,0.5264418423909678,0.8255748443537683,1.4386052015663433,1.2596469323471347,1.0151570989120624,1.3859156856974792,1.755604540676691,0.7642549339871733,0.10353781269377804,175.62784114397053,138.8351059821865,41.16489401781351,80.06353556940405,0.25768694336627845,79.077392578125,180.0,180.0,0.0,,,,,,0.07060696529701044,,,,,,,47.347280590582066,132.65271940941793,0.0,-0.03899278408555694,BODY,0.9812,0.0236,0.0526,0.9812,0.0,MUZHUMANDI,CORRECT,,,,trunk_inclination_deg,1.3501468695317285,<= 8°,,False,3 parameter checks within range,1,0,0,11,0.981,0.6761,0.2922,0.2176
DJI_20260917132740_0073_D.JPG,Cam 6,13,MUZHUMANDI,INCORRECT,BACK_BENT_FORWARD,,dwpose_l_wholebody,coco_wholebody_133,1,1,OK,707.19,440.67,266.52,67,1,1,67.0,1.0,1.0,1.0,1.0,1.0,111.968781401847,141.0676431557642,126.51821227880559,68.031218598153,38.93235684423581,,,,,,,,,,,,,,,,,26.729694996124998,,,,,,,,1.2206012258758177,2.8480695270435743,2.034335376459696,5.492700489046205,-1.1624744851798408,0.6072058279786305,-0.12850896998394842,9.045862598735647,1.5704195285420783,4.110800545343273,,,,,,,,,,0.5787048364892632,16.905168563980443,48.562053754467186,48.562053754467186,SAGITTAL,,1.0,0.11054777685212369,439.28566577532473,right,0.0,,,,,,,,,,,,,,,,,,,-0.08918481834716893,77.28261239639889,86.22472679818956,27.810562775217086,93.77527320181044,26.145672952510818,44.99956290634511,0.4334239407027775,0.4724878303986451,1.221416480887509,0.5599869410128557,0.6987832583013035,0.2034509627444866,0.673848775420351,0.2551525644828713,-0.32654132735027896,99.92870135238812,142.6783535469519,37.32164645304809,149.1458197099192,-0.7308354386203968,BODY,0.9783,0.0271,0.0599,0.9783,0.0,MUZHUMANDI,INCORRECT,BACK_BENT_FORWARD,Back bent forward,CANONICAL,trunk_inclination_deg,26.729694996124998,<= 8°,,False,1 of 3 parameter checks out of range,1,1,1,0,0.3642,0.4364,0.6474,0.5577
DJI_20260917132742_0074_D.JPG,Cam 6,13,MUZHUMANDI,INCORRECT,BACK_BENT_FORWARD,,dwpose_l_wholebody,coco_wholebody_133,1,1,OK,674.08,445.45,228.63,67,1,1,66.0,1.0,1.0,1.0,1.0,1.0,106.13109513836208,141.25653619927468,123.69381566881839,73.86890486163792,38.74346380072533,,,,,,,,,,,,,,,,,26.974304628590325,,,,,,,,1.014048239463463,2.433707023486943,1.7238776314752031,4.791365898529982,-0.8619366279312597,0.6037233716775904,-0.10860604224501529,7.936359802033207,1.3642594508071526,3.5880565818604966,,,,,,,,,,1.1344259917557786,16.750244846150036,55.795757678832416,55.795757678832416,SAGITTAL,,1.0,0.12600235182681752,442.81520836627124,right,53.90618198293735,127.86887692087187,92.59699562904132,52.13112307912813,53.510459370339525,108.64848176459996,0.15488781221273193,0.37129452762847903,0.45806649652130077,0.23629782085284512,1.2912939407533492,0.3791943499280016,0.5988695260422852,0.2561163679638453,0.07156148880041585,111.50144984926155,51.15173358350259,128.8482664164974,15.79234047397942,0.043533608118659944,72.22377852897098,94.19175233769647,30.08010505469815,85.80824766230353,16.03231585073947,21.829074252729498,0.4465555346788344,0.49878563621040717,1.27412422084493,0.6024114285599966,0.6866502088515122,0.23797851461052266,0.7367473984715848,0.2745668433236774,-0.3665348533549326,106.2526757683412,143.90979217623234,36.090207823767656,150.6794153994442,-0.730731129618812,BODY,0.9682,0.0267,0.0593,0.9682,0.0,MUZHUMANDI,INCORRECT,BACK_BENT_FORWARD,Back bent forward,CANONICAL,trunk_inclination_deg,26.974304628590325,<= 8°,,False,1 of 3 parameter checks out of range,1,1,1,1,0.4453,0.3783,0.6669,0.5846
DJI_20260917132806_0075_D.JPG,Cam 6,14,MUZHUMANDI,INCORRECT,FEET_APART_HEEL_DOWN,,dwpose_l_wholebody,coco_wholebody_133,1,1,OK,690.67,481.97,208.7,67,1,1,67.0,1.0,1.0,1.0,1.0,1.0,72.68145695566893,126.04455580687187,99.3630063812704,107.31854304433107,53.95544419312812,,,,,,,,,,,,,,,,,18.866676977012755,,,,,,,,0.10489524460689323,1.8880632206415375,0.9964792326242153,3.4789308307905875,0.9615132032685373,0.6773687416499519,0.18721239951465657,5.135948290611284,0.7416988687091192,2.5030516731281636,,,,,,,,,,1.3168779495847505,5.946852050226859,85.86039996381442,85.86039996381442,SAGITTAL,,1.0,0.19470601014968147,440.97457442535386,left,62.512578585026475,159.05654969102085,144.6531329077427,20.943450308979152,20.037185083619836,29.743395539252617,0.5697851969297784,1.0057950664649415,0.551661986476627,0.8678763575740509,0.44980694804980104,0.5589753319588602,1.1121757345582284,0.3981647810902253,-0.741200701247108,146.29882635778785,43.99007437943746,136.00992562056254,7.414597614579363,0.01809983578580126,30.68960576713502,93.71901172376694,77.84322283436113,86.28098827623306,59.27974707447791,111.03751102542181,0.19526438802178814,0.34390824866635833,0.5579387853789441,0.28478456801585317,1.1827971114666531,0.08770339356436893,0.190194466252216,0.0785025417510811,-0.07430575351990851,106.56318074768203,39.872783350531826,140.12721664946818,9.519758017306254,0.08910234828933124,BODY,0.8174,0.0362,0.0931,0.8174,0.0011,MUZHUMANDI,INCORRECT,BACK_BENT_FORWARD,Back bent forward,CANONICAL,trunk_inclination_deg,18.866676977012755,<= 8°,,False,2 of 3 parameter checks out of range,1,1,0,0,0.6277,0.8116,0.3784,0.5865
DJI_20260917132807_0076_D.JPG,Cam 6,14,MUZHUMANDI,INCORRECT,FEET_APART_HEEL_DOWN,,dwpose_l_wholebody,coco_wholebody_133,1,1,OK,696.02,478.54,217.48,67,1,1,46.0,1.0,1.0,1.0,1.0,0.0,61.88719722380398,124.63914392685885,93.26317057533142,118.11280277619602,55.36085607314115,,,,,,,,,,,,,,,,,18.929932224211985,,,,,,,,-0.030526826521798535,1.5874626661102906,0.778467919794246,3.129131332050285,0.9921632262220321,0.7000465344431238,0.2219658922604406,4.469890468837848,0.4589388415762881,2.1397994908128917,,,,,,,,,,4.398725124097329,3.887930750778175,97.38648688235304,97.38648688235304,SAGITTAL,,1.0,0.22371912845998568,435.30692950903193,left,,,,,,,,,,,,,,,,,,,,-0.06904308110721542,,,,,,,,,,,,,,,,,,,,0.06054316302330004,BODY,0.7668,0.0397,0.1153,0.7668,0.0029,MUZHUMANDI,INCORRECT,BACK_BENT_FORWARD,Back bent forward,CANONICAL,trunk_inclination_deg,18.929932224211985,<= 8°,,False,2 of 3 parameter checks out of range,1,1,0,21,,,,
DJI_20260917132840_0077_D.JPG,Cam 6,15,SWASTIKAPADAM,INCORRECT,OVERCROSSING_SHINS,RIGHT,dwpose_l_wholebody,coco_wholebody_133,1,1,OK,670.59,441.61,228.98,67,1,1,61.0,1.0,1.0,1.0,1.0,1.0,36.833856176664455,74.43928362260337,55.63656989963391,143.16614382333555,105.56071637739663,,,,,,,,,,,,,,,,,5.239564968894187,,,,,,,,0.5547001962252291,3.4668938583274604,2.010797027276345,20.87070508247286,8.043192517085323,1.3089186864674347,0.5044336040812201,15.944997422872467,3.92234015747453,3.565341598951825,,,,,,,,,,1.7098059372300194,7.3523998648930835,27.6930281069573,27.6930281069573,SAGITTAL,,1.0,0.06271559495930301,441.5652617969689,left,107.85391095853826,157.5,135.0,22.5,,,,,,0.4506772694656096,,0.1765060262088525,,,,,60.644128756245635,119.35587124375436,73.6408086147315,0.3363074993264662,52.94323954507261,99.6102717116901,75.17956608640714,80.3897282883099,0.11969082402160239,0.1807486831906242,0.23035029922420824,0.2493360872067099,,0.3045744812398406,1.7400772274590282,,0.6661880637562165,,0.19579157328497668,103.42262827269228,93.37898256706094,86.62101743293906,86.07934087390164,0.35625744753052796,BODY,0.8056,0.2452,0.8056,0.2555,0.2315,ARAMANDI,INCORRECT,EXCESSIVE_KNEE_BEND,Knee bend deeper than Aramandi,SECONDARY,mean_knee_flexion_deg,55.63656989963391,30-45°,,True,1 of 2 parameter checks out of range,0,1,0,6,0.4511,0.6588,0.7112,0.6952
DJI_20260917132841_0078_D.JPG,Cam 6,15,SWASTIKAPADAM,INCORRECT,OVERCROSSING_SHINS,RIGHT,dwpose_l_wholebody,coco_wholebody_133,1,1,OK,611.3,440.56,170.74,67,1,1,62.0,1.0,1.0,1.0,1.0,1.0,34.60452569332284,72.93328005609361,53.768902874708225,145.39547430667716,107.06671994390639,,,,,,,,,,,,,,,,,3.438498418764059,,,,,,,,0.11703919773627161,3.0430640813188212,1.5800516395275463,17.67317726418763,6.554288698597375,1.2938047662024763,0.4798214735556269,13.659848630841905,3.045321454650368,3.1230407905815283,,,,,,,,,,3.52140496095601,7.016461564654164,32.595416578694746,32.595416578694746,SAGITTAL,,1.0,0.07320725339094525,445.248456524205,right,56.41701105476726,158.97257495507316,124.04812607459482,21.027425044926844,24.821592082609286,60.65566517829289,0.516640115432203,1.058624199847967,1.3835545290685314,1.157018790717508,0.9915944178124011,0.1916704972548569,1.1564761482830523,0.4970444137370412,0.08603862821690145,174.02633438554642,112.21695224812883,67.78304775187117,77.82848476319515,0.372665163541487,61.29869733878212,115.59432618441205,0.0,64.40567381558795,9.513232550229436,9.513232550229436,0.22872506450041188,0.4529323029950316,0.5776916101226575,0.8080544842244468,0.8926852473446724,0.3986885199043294,0.21968742108741446,0.1374168757759435,-0.05772285448610737,70.96538396691867,59.13771030574012,120.86228969425989,10.944161521002842,0.2626095878796573,BODY,0.8251,0.2401,0.8251,0.2567,0.2667,ARAMANDI,CORRECT,,,,mean_knee_flexion_deg,53.768902874708225,30-45°,,True,2 parameter checks within range,0,0,0,5,0.6184,0.3911,0.8427,0.6375
DJI_20260917132856_0079_D.JPG,Cam 6,16,SWASTIKAPADAM,INCORRECT,OVERCROSSING_SHINS,LEFT,dwpose_l_wholebody,coco_wholebody_133,1,1,OK,699.52,473.4,226.12,67,1,1,59.0,1.0,1.0,1.0,1.0,0.0,48.133550438418155,27.410549804510083,37.77205012146412,131.86644956158185,152.58945019548992,,,,,,,,,,,,,,,,,1.3965342805705395e-05,,,,,,,,1.8384787941036516,2.828427955469599,2.3334533747866253,11.172273601797782,4.348701387605478,1.3112031748755066,0.5103733822895533,8.520627326011885,2.7540890182694535,2.8504390779387703,,,,,,,,,,8.930596803555773,6.146633534352644,58.77728443874161,58.77728443874161,SAGITTAL,,1.0,0.11736225065813953,500.8193359375149,left,51.43467647322296,161.87743075439914,147.9106510336648,18.122569245600857,8.700000512291409,15.276547282760957,0.4114645397766355,0.7046106126584434,1.1870752597750887,1.2939916383269925,1.1813253628765983,1.109598481276323,1.766640985903705,0.6548276960384382,0.30105500571229227,170.8640048117485,131.3725994897319,48.6274005102681,73.76129653096137,0.31815272434427794,31.60622196245298,,,,14.384672790279842,14.384672790279842,0.36998304605762206,0.9916337647768497,1.1099491381728661,2.3726759418367522,1.0396046452369365,1.5259302631079228,1.0902736929031436,0.6900980884974552,0.12352107583289484,,55.77342985861649,124.22657014138352,168.62687948486115,0.6172073496750259,BODY,0.9312,0.3212,0.9312,0.2057,0.6677,ARAMANDI,CORRECT,,,,mean_knee_flexion_deg,37.77205012146412,30-45°,,False,2 parameter checks within range,0,0,0,8,0.8632,0.6497,0.2541,0.3927
DJI_20260917132858_0080_D.JPG,Cam 6,16,SWASTIKAPADAM,INCORRECT,OVERCROSSING_SHINS,LEFT,dwpose_l_wholebody,coco_wholebody_133,1,1,OK,684.35,457.09,227.26,67,1,1,51.0,1.0,1.0,1.0,1.0,0.0,45.36829361526679,23.48759663494687,34.42794512510683,134.6317063847332,156.51240336505313,,,,,,,,,,,,,,,,,1.1836094183405257,,,,,,,,1.2799196573307037,1.9435807749728422,1.611750216151773,7.584715568776198,3.0575886287669154,1.3220321885287671,0.5329442547786424,5.7371640680072264,1.7443291317351703,1.945891768235729,,,,,,,,,,7.1250422020704836,7.765216011764192,87.79828891270773,87.79828891270773,SAGITTAL,,1.0,0.17430214442992994,503.71318838250403,left,52.06608316039505,161.37982414388767,142.31578529038217,18.620175856112326,7.431311590294836,14.272776485255982,0.41718085014441425,0.7275195418753356,1.199747806696997,1.2855256823276848,1.2278297728317196,0.5805603016925074,1.1618855486245843,0.4616654551896163,0.34197741219985645,173.0870415901982,124.62041860061382,55.37958139938618,72.75850963325954,0.3106180381065134,,,,,,,,,,,,,,,,,,,,,BODY,0.9206,0.3646,0.9206,0.1945,0.7567,ARAMANDI,CORRECT,,,,mean_knee_flexion_deg,34.42794512510683,30-45°,,False,2 parameter checks within range,0,0,0,16,0.8458,0.6524,0.3564,0.7212
DJI_20260917132930_0081_D.JPG,Cam 6,17,SWASTIKAPADAM,INCORRECT,INSUFFICIENT_ARAMANDI,RIGHT,dwpose_l_wholebody,coco_wholebody_133,1,1,OK,710.43,479.73,230.7,67,1,1,43.0,1.0,1.0,1.0,0.0,0.0,26.072830978919427,59.17968713221127,42.62625905556535,153.92716902108057,120.82031286778873,,,,,,,,,,,,,,,,,1.9920940926974116,,,,,,,,0.3922467659859242,1.9611867188599612,1.1767167424229428,31.67297235420277,14.218515378479108,1.4034993207073818,0.6300538027184847,22.567144769431867,8.833999790819886,7.706197803457562,,,,,,,,,,2.7263395381557447,0.9093535808694951,20.72893922927022,20.72893922927022,SAGITTAL,,0.0,0.0443122074244209,467.7929725036965,,,,,,,,,,,,,,,,,,,,,0.322631098408992,,,,,,,,,,,,,,,,,,,,0.34832209231582123,BODY,0.9641,0.3267,0.9641,0.1696,0.5345,ARAMANDI,CORRECT,,,,mean_knee_flexion_deg,42.62625905556535,30-45°,,False,2 parameter checks within range,0,0,0,24,,,,
DJI_20260917132932_0082_D.JPG,Cam 6,17,SWASTIKAPADAM,INCORRECT,INSUFFICIENT_ARAMANDI,RIGHT,dwpose_l_wholebody,coco_wholebody_133,1,1,OK,612.52,413.55,198.97,67,1,1,59.0,1.0,1.0,1.0,1.0,1.0,29.755527544330874,60.24664922940951,45.001088386870194,150.24447245566913,119.75335077059049,,,,,,,,,,,,,,,,,2.457529916192586,,,,,,,,0.5252240984145066,1.0504639825977802,0.7878440405061433,21.074703770610295,9.388420223581223,1.3764163751474163,0.6131699630588994,15.311285270311581,5.539830818912757,5.099022359002775,,,,,,,,,,0.8550943280515534,3.6329369113495127,30.931737136666168,30.931737136666168,SAGITTAL,,1.0,0.06531130354804304,473.6046512057864,left,,,,,,,,,,,,,,,,,,,,-0.33513848338935137,,,,,,,,,,,,,,,,,,,,0.3862768332554276,BODY,0.9446,0.3017,0.9446,0.1878,0.4709,ARAMANDI,CORRECT,,,,mean_knee_flexion_deg,45.001088386870194,30-45°,,True,2 parameter checks within range,0,0,0,8,,,,
DJI_20260917132940_0083_D.JPG,Cam 6,18,SWASTIKAPADAM,INCORRECT,INSUFFICIENT_ARAMANDI,LEFT,dwpose_l_wholebody,coco_wholebody_133,1,1,OK,645.96,436.42,209.54,67,1,1,63.0,1.0,1.0,1.0,1.0,1.0,29.069364493621293,52.59863831251258,40.834001403066935,150.9306355063787,127.40136168748742,,,,,,,,,,,,,,,,,2.6686355093519434,,,,,,,,1.6762407046992744,2.02546384743635,1.8508522760678123,11.663833908465676,5.168406174538667,1.4137183681375187,0.6264381677826755,8.250464994546272,2.575694937992569,2.08363434801418,,,,,,,,,,11.659355655501459,9.462273864908047,61.07445547303819,61.07445547303819,SAGITTAL,,1.0,0.12120528972136974,503.8926569412765,left,59.98242674413896,162.5924204644325,148.16476866249724,17.407579535567493,2.27814750651394,3.349495273050796,0.23461418922181396,0.31603198715319375,0.6062308146137819,1.4957632930134976,0.9225690372671822,0.9206041338247197,1.0518311838960261,0.4389375205199814,-0.01831085309284397,168.48746594161426,134.40824693577815,45.59175306422185,79.8752463539405,0.3249515951476393,34.514526637238326,139.72770974886723,126.24924263705714,40.27229025113277,10.518303901985144,10.518303901985144,0.06961658927598077,0.06961658927598077,,1.521188251483728,,0.7488200260146973,0.8086067405557493,0.3464169215544678,,126.8029673318303,45.224648399233615,134.77535160076638,62.11969013829439,0.3931838136441163,BODY,0.9709,0.3433,0.9709,0.1611,0.5835,ARAMANDI,CORRECT,,,,mean_knee_flexion_deg,40.834001403066935,30-45°,,False,2 parameter checks within range,0,0,0,4,0.8596,0.4295,0.3817,0.3151
DJI_20260917132942_0084_D.JPG,Cam 6,18,SWASTIKAPADAM,INCORRECT,INSUFFICIENT_ARAMANDI,LEFT,dwpose_l_wholebody,coco_wholebody_133,1,1,OK,686.58,451.41,235.17,67,1,1,53.0,1.0,1.0,1.0,1.0,0.0,27.448595998342483,48.970218151043696,38.20940707469309,152.55140400165752,131.0297818489563,,,,,,,,,,,,,,,,,5.782401823753602,,,,,,,,1.1641682740975425,1.309688959389267,1.2369286167434048,8.221936865446786,3.783544796994203,1.4231019231019606,0.6548785237421397,5.777475760503004,1.8259519150573855,1.3659700380597595,,,,,,,,,,1.7357015636136413,6.241897640686309,87.45031713267156,87.45031713267156,SAGITTAL,,1.0,0.1730859706649703,505.24208748231047,left,65.5067197040904,162.9548638993887,147.75846314566513,17.045136100611302,5.224241356496312,6.883291686443051,0.4253865673834219,0.7268059088597704,0.9415101993409217,1.3176891721406194,1.0542638570319174,0.5113786950032531,1.2012594348997039,0.4428154598878314,0.2696853953000806,171.31176013177134,134.88220796517325,45.11779203482675,80.58742238416556,0.326379450269765,,,,,,,,,,,,,,,,,,,,,BODY,0.9721,0.3696,0.9721,0.1519,0.6558,ARAMANDI,CORRECT,,,,mean_knee_flexion_deg,38.20940707469309,30-45°,,True,2 parameter checks within range,0,0,0,14,0.8769,0.6305,0.4001,0.6975
DJI_20260917133337_0085_D.JPG,Cam 6,19,PATAKA,INCORRECT,ELBOWS_NOT_ALIGNED,,dwpose_l_wholebody,coco_wholebody_133,0,1,OK,657.65,488.58,169.07,67,1,1,46.0,1.0,1.0,1.0,0.0,1.0,8.900601962210828,6.120122485685243,7.510362223948036,171.09939803778917,173.87987751431476,,,,,,,,,,,,,,,,,1.2674146442903542,,,,,,,,0.036156314923754665,0.07231055189837579,0.05423343341106523,6.182511667303025,2.8020146650325763,1.5129042021025183,0.6856727474531248,4.086518934054809,1.6273776906020725,1.8453270390781362,,,,,,,,,,20.43280310935854,12.52882707960032,117.49114598537355,117.49114598537355,SAGITTAL,,1.0,0.24470705168316925,480.12979265302675,right,,,,,,,,,,,,,,,,,,,,,88.75740995677616,171.16644956990615,168.71363901747824,8.833550430093851,2.3183318244782285,3.2320353774811896,0.2240433154884742,0.32162774609744327,0.35208308070993843,1.1627145357930484,0.7321967945117883,0.9554306924962687,1.1231664269062038,0.46216753776706826,-0.20509507389106885,171.99440265619464,154.0635415334455,25.936458466554512,11.86769222195547,0.8897165930881586,MUDRA,0.956,0.9034,0.6142,0.0904,0.8926,PATAKA,CORRECT,,,,mean_interfinger_spread_deg,2.3183318244782285,<= 10°,,False,3 parameter checks within range,1,0,0,21,0.956,0.4864,0.3017,0.3278
DJI_20260917133339_0086_D.JPG,Cam 6,19,PATAKA,INCORRECT,ELBOWS_NOT_ALIGNED,,dwpose_l_wholebody,coco_wholebody_133,1,1,OK,659.77,472.47,187.3,67,1,1,67.0,1.0,1.0,1.0,1.0,1.0,9.127174439801593,6.07249317862113,7.599833809211361,170.8728255601984,173.92750682137887,,,,,,,,,,,,,,,,,1.4688104295825273,,,,,,,,-0.042833166142493696,-0.04283807932970894,-0.04283562273610132,7.174921975463632,3.1912336269422856,1.4311540657285744,0.6365430865320421,5.013381960251086,1.970891862001576,2.185024443823001,,,,,,,,,,9.323606746428041,6.654415140593292,99.38177167054903,99.38177167054903,SAGITTAL,,1.0,0.19946615038083332,498.2387812709229,right,92.70004768510526,170.77447287480868,169.21319448890577,9.22552712519132,2.0949032822835725,3.5893630228990663,0.19432386052117182,0.29317327244227537,0.37348241305308555,1.0944085731652722,0.7321936115441905,1.3735915389781606,1.484841097533837,0.6353910509338995,-0.2089338979758597,170.8045514475166,177.62465614065195,2.3753438593480496,12.09474653785699,0.879893069478978,96.78227417405185,170.24774031604838,168.1592565413869,9.752259683951621,2.3282034908063873,4.093089341338023,0.1918528908681322,0.28420319002959954,0.3367259514548862,1.0582349981733974,0.738037068223941,0.8475155826688351,0.9700610273572033,0.4041563397958927,-0.18686121590424154,169.89307930740455,150.2331823136507,29.7668176863493,10.91585962347421,0.8712312109678512,MUDRA,0.9533,0.8666,0.598,0.1222,0.8943,PATAKA,CORRECT,,,,mean_interfinger_spread_deg,2.3282034908063873,<= 10°,,False,3 parameter checks within range,1,0,0,0,0.9533,0.4887,0.3618,0.4273
DJI_20260917133408_0087_D.JPG,Cam 6,20,ALAPADMA,INCORRECT,ELBOWS_NOT_ALIGNED,,dwpose_l_wholebody,coco_wholebody_133,1,1,OK,657.77,462.02,195.75,67,1,1,67.0,1.0,1.0,1.0,1.0,1.0,0.558486281091831,0.9314447886170569,0.744965534854444,179.44151371890817,179.06855521138294,,,,,,,,,,,,,,,,,0.0,,,,,,,,0.3199985419818112,0.0799996354954528,0.199999088738632,6.919988973737447,3.199996810585212,1.537777663026172,0.7111114823663064,4.49999316553974,1.788850714243762,2.121503783808911,,,,,,,,,,14.349295600883462,4.927156166205054,107.166015625,107.166015625,SAGITTAL,,1.0,0.22222255972694518,482.246337890625,right,92.32863061288417,162.61796038778743,142.018162391644,17.382039612212566,38.6174901389436,52.6131363533244,0.7973930103787225,1.0242254712651584,0.42757935215698045,1.0474241263254054,0.598706005397648,1.5092317292657715,1.1783974937992785,0.7125548300241622,-0.2131375865080023,158.1229885165666,161.48676077456793,18.513239225432073,46.332175020855956,0.8804630834802745,105.18808999756013,154.97907006658943,118.28711608456263,25.02092993341057,44.97401720232858,109.86403193203479,0.5841192953919748,1.2345980216066272,1.462248069105692,0.9932130187581754,0.9087857636974692,1.2643185849637495,1.3425313663975051,0.5860252446829397,-0.19369357106350849,138.9679428473044,157.56171519988015,22.438284800119845,64.61786756891112,0.8770585045874486,MUDRA,0.964,0.8864,0.5416,0.0805,0.7352,ALAPADMA,INCORRECT,PALM_NOT_OPEN,Palm not fully opened,SECONDARY,palm_opening_norm,0.9932130187581754,>= 1.3,,False,1 of 2 parameter checks out of range,1,1,0,0,0.573,0.964,0.4005,0.2658
DJI_20260917133411_0088_D.JPG,Cam 6,20,ALAPADMA,INCORRECT,ELBOWS_NOT_ALIGNED,,dwpose_l_wholebody,coco_wholebody_133,1,1,OK,629.16,431.06,198.1,67,1,1,67.0,1.0,1.0,1.0,1.0,1.0,2.038167756795133,1.696896241113933,1.867531998954533,177.96183224320487,178.30310375888607,,,,,,,,,,,,,,,,,1.2618349650939185,,,,,,,,0.2137415798787314,-0.07124719329291047,0.07124719329291046,6.055998322607783,2.7608236988350474,1.4974346336220692,0.6826542551253499,4.0442488684525975,1.58194241889531,1.782600176876964,,,,,,,,,,14.036208780348353,7.721847757516941,121.07110699837683,121.07110699837683,SAGITTAL,,1.0,0.24726470415818355,489.6416874804888,right,102.30611092311663,155.65513937500924,135.4696252798491,24.34486062499076,39.13188762407626,67.7324317942839,0.6411490222850369,0.930009377366799,1.536500612889905,1.0292409003138052,0.8127748854731273,1.360654724594184,1.4057744273913595,0.6206179070554076,-0.10234830198876255,145.73142943004592,141.10850247918762,38.89149752081238,55.74198669573386,0.8928201958337288,110.20342572333583,170.66911568402043,168.1853943741041,9.330884315979574,35.890982235251855,59.47833068825986,0.6026399330452538,0.8840846027042832,1.3544480971159443,1.0037793334400789,0.8160836972102876,1.2006106639024952,1.285647278305939,0.5576971993145309,-0.025429648393209936,172.25934821203896,157.58900920802483,22.410990791975166,61.886771953493636,0.8735788057322673,MUDRA,0.9081,0.8805,0.5469,0.0946,0.7643,ALAPADMA,INCORRECT,PALM_NOT_OPEN,Palm not fully opened,SECONDARY,palm_opening_norm,1.0037793334400789,>= 1.3,,False,1 of 2 parameter checks out of range,1,1,0,0,0.7952,0.9081,0.3708,0.3225
DJI_20260917133439_0089_D.JPG,Cam 6,21,ALAPADMA,CORRECT,,,dwpose_l_wholebody,coco_wholebody_133,1,1,OK,686.62,459.51,227.11,67,1,1,67.0,1.0,1.0,1.0,1.0,1.0,2.1872863943476943,2.1902359167247027,2.1887611555361985,177.8127136056523,177.8097640832753,,,,,,,,,,,,,,,,,4.698676219162834,,,,,,,,0.09053194867590182,-0.45268056489484393,-0.18107430810947106,15.889132594066993,7.288178436860206,1.5973533373990958,0.7326892189209766,9.947162110005422,3.8036015896239035,4.729608907926432,,,,,,,,,,44.09066435873909,49.144614104867514,46.90160558899185,46.90160558899185,SAGITTAL,,1.0,0.10053118557243006,466.53787401323825,left,75.50883392860743,142.36453781351037,112.09669628510855,37.63546218648963,95.40979580720644,154.76684015097007,0.983416203867538,1.6081478656131358,0.6457363418274589,0.7821315860986242,0.8346412125837028,1.4364585142913473,1.0759033698992417,0.7939901682916052,-0.3227261779602756,142.62978530741333,173.27349868350763,6.726501316492374,91.49432634470693,0.7297995402767691,60.74429087882294,130.82270644974864,60.687835847658036,49.17729355025136,65.7572193944093,84.27957314344413,1.2636346230076463,1.3676561716115554,1.9347363432013125,1.2894955875092111,1.1755462311327272,1.8147905569672607,0.4964102355776421,0.7141373969104124,-0.19320114113223652,111.87622226829743,172.33183736550828,7.668162634491722,91.58015500988603,0.7325419091530765,MUDRA,0.5478,0.9238,0.559,0.0631,0.7724,MUSHTI,INCORRECT,PINKY_DROPPED,Fist not fully closed / fingers loose,CANONICAL,mean_finger_flexion_deg,37.63546218648963,>= 55°,,False,1 of 3 parameter checks out of range,0,0,0,0,0.3206,0.4841,0.5478,0.2014
DJI_20260917133441_0090_D.JPG,Cam 6,21,ALAPADMA,CORRECT,,,dwpose_l_wholebody,coco_wholebody_133,1,1,OK,632.2,435.53,196.67,67,1,1,67.0,1.0,1.0,1.0,1.0,1.0,4.57588981047266,2.2467065760621665,3.411298193267413,175.42411018952734,177.75329342393783,,,,,,,,,,,,,,,,,4.720133474414455,,,,,,,,0.0,-0.49029273295806364,-0.24514636647903182,17.356295378594048,8.089793296094678,1.6183467985307969,0.7543136824957201,10.724707086485308,3.922330541291164,5.122545613565072,,,,,,,,,,43.02511116761275,51.146649652017345,43.12534440635595,43.12534440635595,SAGITTAL,,1.0,0.09324263981625619,462.5066867619652,right,85.38999680892697,159.12716835156968,139.7563069820275,20.87283164843032,53.70560555496211,92.02422491535819,0.8520988679992224,1.2730152831285306,0.5941657598163226,0.9278802006405926,0.6773678536993777,1.2506262432793833,0.0713294360009069,0.5615154077451127,-0.55540877617997,153.91308944758674,172.2777111928006,7.722288807199391,84.18233027672733,0.7055899887098929,85.40367582533602,137.0994748507332,110.44835582137492,42.9005251492668,76.84171132217072,165.1542651253485,0.871883508918965,1.5783906318158147,1.3253655427506488,0.9273294719552351,1.2113736680528318,1.2605979857230667,1.0668878347363335,0.750294696059393,0.08155695264908203,132.67397346627268,176.3279925631337,3.672007436866295,89.74530645122084,0.7259235735303705,MUDRA,0.6216,0.9399,0.5716,0.0579,0.8026,ALAPADMA,INCORRECT,PALM_NOT_OPEN,Palm not fully opened,SECONDARY,palm_opening_norm,0.9273294719552351,>= 1.3,,False,1 of 2 parameter checks out of range,1,0,0,0,0.4055,0.6216,0.5972,0.3031
DJI_20260917133507_0091_D.JPG,Cam 6,22,MUSHTI,CORRECT,,,dwpose_l_wholebody,coco_wholebody_133,1,1,OK,634.8,446.9,187.9,67,1,1,63.0,1.0,1.0,1.0,1.0,0.0,4.162445298002325,5.388831021122286,4.775638159562305,175.83755470199768,174.6111689788777,,,,,,,,,,,,,,,,,1.8647848384603696,,,,,,,,0.266669058661792,-0.19999848926623662,0.0333352846977777,11.366644698079858,5.066656406266524,1.5852065487416092,0.7066022673158858,7.170450252746614,2.7463066286177145,3.405870397901517,,,,,,,,,,63.94652150794798,63.904537680548955,64.6416015625,64.6416015625,SAGITTAL,,1.0,0.1394612562324038,463.509388261774,left,76.08241138773604,142.71653556996773,137.2869780270018,37.28346443003227,3.30658781094532,5.44117168263948,0.10016840511201552,0.18210437725331707,0.17862545480614944,0.47023969860248477,1.1472942487682445,0.012521636919250834,0.1877029374979249,0.08231135203572747,0.07169677464255408,139.08101461100767,50.98935673175234,129.01064326824766,81.30259416678332,0.634585007008142,,,,,,,,,,,,,,,,,,,,,BODY,0.9336,0.9336,0.587,0.067,0.8347,SAMAPADHAM,CORRECT,,,,mean_knee_flexion_deg,4.775638159562305,<= 5°,,False,2 parameter checks within range,0,1,0,4,0.5488,0.3106,0.8473,0.4547
DJI_20260917133509_0092_D.JPG,Cam 6,22,MUSHTI,CORRECT,,,dwpose_l_wholebody,coco_wholebody_133,1,1,OK,685.23,458.87,226.36,67,1,1,56.0,1.0,1.0,1.0,1.0,0.0,6.391612288257392,2.171304484481624,4.281458386369508,173.6083877117426,177.82869551551838,,,,,,,,,,,,,,,,,2.7133992472284922,,,,,,,,0.14142060747072166,-0.14142060747072166,0.0,8.225995418917185,3.7240900361017673,1.6521738148087584,0.7479756221949687,4.978892260115717,2.0319613308379547,2.3612542699687835,,,,,,,,,,47.91082665049326,70.20114896617329,91.29597901899123,91.29597901899123,SAGITTAL,,1.0,0.2008478889994616,454.5528433173423,left,73.49073630500232,145.00712086804668,141.8803487332254,34.992879131953316,5.200455865561438,9.28423012080272,0.10259363497538526,0.19231084267415624,0.24865845536985687,0.4476785578438549,1.252869871819187,0.07133969167751934,0.2634589784085945,0.10131292456134694,0.10457648064334646,143.1827301793936,88.97021680527412,91.02978319472588,78.78118703570684,0.6183586007403294,,,,,,,,,,,,,,,,,,,,,BODY,0.9553,0.9553,0.5792,0.05,0.8233,SAMAPADHAM,CORRECT,,,,mean_knee_flexion_deg,4.281458386369508,<= 5°,,False,2 parameter checks within range,0,1,0,11,0.5603,0.3293,0.832,0.5059
DJI_20260917133523_0093_D.JPG,Cam 6,23,KATAKAMUKHA,CORRECT,,,dwpose_l_wholebody,coco_wholebody_133,1,1,OK,639.13,441.2,197.93,67,1,1,62.0,1.0,1.0,1.0,0.0,1.0,6.7469788431180575,1.7921306333199425,4.269554738219,173.25302115688194,178.20786936668006,,,,,,,,,,,,,,,,,2.8366534018935026,,,,,,,,0.1111083144031161,-0.3333375283953259,-0.1111146069961049,19.666612130860763,8.944420672426487,1.5926398149786705,0.7243362705298461,12.3484368191085,4.779056247007844,5.565532864535978,,,,,,,,,,54.21098958868915,63.43492178242742,38.798095703125,38.798095703125,SAGITTAL,,1.0,0.08098191007079998,479.09583349176404,right,,,,,,,,,,,,,,,,,,,,,31.72468983253028,160.57515850215904,131.51184380824665,19.42484149784096,3.3300248818264238,8.91573884274301,0.2816067914574154,0.7933906581011677,0.7980444961503361,1.7349582536788373,0.6223854331571794,2.275523899190478,2.2852156590658086,1.0135099710559299,-0.35476188283862253,172.61520479480947,99.57194032521245,80.42805967478755,3.8340631844593163,0.8005270511526597,MUDRA,0.6848,0.9347,0.5813,0.0648,0.823,PATAKA,CORRECT,,,,mean_interfinger_spread_deg,3.3300248818264238,<= 10°,,False,3 parameter checks within range,0,1,0,5,0.6848,0.5346,0.2101,0.0099
DJI_20260917133525_0094_D.JPG,Cam 6,23,KATAKAMUKHA,CORRECT,,,dwpose_l_wholebody,coco_wholebody_133,1,1,OK,673.51,457.69,215.82,67,1,1,67.0,1.0,1.0,1.0,1.0,1.0,4.2556089942737,1.6857872054461893,2.970698099859945,175.7443910057263,178.3142127945538,,,,,,,,,,,,,,,,,0.0,,,,,,,,0.14249006884583648,-0.3562332755079514,-0.10687160333105747,13.002597615822168,5.984755088634037,1.6820277270608115,0.7741933032289884,7.730311104052375,3.138111347162779,3.5801202689043707,,,,,,,,,,52.49580440666668,59.4207506736371,60.256392389629184,60.256392389629184,SAGITTAL,,1.0,0.12936089978005946,465.8006591796875,left,66.07824378139367,97.31568116257705,54.72657503906771,82.68431883742295,57.30147801550464,131.17007002817468,0.5818638359627576,0.7152948283740852,1.6975576270136137,0.614093098882644,3.2919009599933977,0.41494818517660464,0.6142930359089713,0.2717844154625757,0.6425555445850761,115.48807318204513,82.186719977697,97.813280022303,8.094476426652662,0.6927037540105859,37.489945583319276,171.91198276252678,158.18686150092722,8.088017237473224,0.8188479481358146,2.2369524840825132,0.10203483426076798,0.24607834777152263,0.23782303541798747,1.508297640926201,0.846223909300845,1.862245473397456,1.8954212411937115,0.8350455568844969,-0.12113777675241133,168.09877565007656,124.53483634984188,55.46516365015812,28.141448203894335,0.7857189467375327,MUDRA,0.9578,0.9575,0.5614,0.0435,0.7919,KATAKAMUKHA,INCORRECT,FINGERS_BENT,Fingers bent,CANONICAL,ring_pinky_straightness_deg,115.48807318204513,>= 160°,,False,1 of 3 parameter checks out of range,1,0,0,0,0.136,0.6446,0.5942,0.9578
DJI_20260917133603_0095_D.JPG,Cam 6,24,PATAKA,INCORRECT,FINGERS_TOO_FAR_APART,,dwpose_l_wholebody,coco_wholebody_133,1,1,OK,649.2,438.95,210.25,67,1,1,67.0,1.0,1.0,1.0,1.0,1.0,3.001254890022693,0.5579211702409452,1.7795880301318192,176.9987451099773,179.44207882975905,,,,,,,,,,,,,,,,,2.0095487407615438,,,,,,,,0.09701260659089925,-0.19403080082185098,-0.048509097115475866,8.73128126873231,4.147357380351586,1.5779761115788102,0.7495384320983006,5.533215113121335,1.9911538858526252,2.5298214853048346,,,,,,,,,,40.81510144888115,32.275709661320974,87.38595282002532,87.38595282002532,SAGITTAL,,1.0,0.18072675281115022,483.525274818272,right,55.463880718104285,171.27449298681535,166.0286987213779,8.725507013184654,11.584679681897521,16.87614497041302,0.719788549049109,0.8803201134882689,1.7860633828277843,1.815771148946664,0.9948789208550417,0.7940855664336086,1.2259715927382866,0.5012841624858931,0.19015017211433394,173.67663308211243,150.8986750891343,29.101324910865713,17.076491434586096,0.7316823849642574,75.20777616536631,171.72265037119905,170.6514107461066,8.277349628800948,10.300611554540358,17.8266734197184,0.5374054294339657,0.6481014610199242,1.2791449525350989,1.3286760711627843,1.0530582883739377,0.7842060066800127,1.1853908600950445,0.46858756847368344,0.19376762647827905,171.05369653327102,113.13447395417187,66.86552604582813,21.25051513755975,0.7020260249843899,MUDRA,0.9485,0.913,0.5545,0.0684,0.762,PATAKA,INCORRECT,FINGERS_TOO_FAR_APART,Fingertips too far apart,CANONICAL,mean_adjacent_fingertip_gap_norm,0.5374054294339657,<= 0.3,,True,1 of 3 parameter checks out of range,1,1,1,0,0.9485,0.6014,0.333,0.5034
DJI_20260917133605_0096_D.JPG,Cam 6,24,PATAKA,INCORRECT,FINGERS_TOO_FAR_APART,,dwpose_l_wholebody,coco_wholebody_133,1,1,OK,654.91,443.77,211.14,67,1,1,67.0,1.0,1.0,1.0,1.0,1.0,4.32057606583831,3.077472719009279,3.6990243924237944,175.6794239341617,176.92252728099072,,,,,,,,,,,,,,,,,2.5561496845421665,,,,,,,,0.17888399500506805,-0.08944199750253402,0.04472099875126701,8.00510903058131,3.846029086811047,1.5966246304540208,0.7670932083481171,5.013770223690558,1.886791266395715,2.282536902995016,,,,,,,,,,40.179245819276076,30.529646307244576,94.73340005638786,94.73340005638786,SAGITTAL,,1.0,0.1994507038385807,474.97150039168287,right,60.98038067981464,171.03567879108567,169.79943180262433,8.964321208914328,11.863000902946666,16.638694961393547,0.686700888176602,0.796702191485365,1.62279961849236,1.61576508686449,1.0433954745546168,0.6985099293885367,1.2521951004563612,0.4845668081672101,0.2603281556349044,170.68629349610958,153.2234961810044,26.776503818995593,14.202647986931204,0.7270608670903232,76.17632531111212,171.2716858301178,168.29957656740635,8.728314169882196,10.800883875500885,18.12091595942845,0.5297965029529195,0.6201884797011074,1.2772911014366928,1.2711348909089555,1.0598597017813418,0.7459178124624806,1.1663547838876547,0.45238243249999815,0.19036331757739222,171.5567674496442,116.16000091278764,63.83999908721236,20.704201988974255,0.7110733227357137,MUDRA,0.9596,0.9336,0.575,0.0636,0.8095,PATAKA,INCORRECT,FINGERS_TOO_FAR_APART,Fingertips too far apart,CANONICAL,mean_adjacent_fingertip_gap_norm,0.5297965029529195,<= 0.3,,True,1 of 3 parameter checks out of range,1,1,1,0,0.9596,0.6108,0.3495,0.5434
DJI_20260917133648_0099_D.JPG,Cam 6,25,KATAKAMUKHA,INCORRECT,FINGERS_BENT,,dwpose_l_wholebody,coco_wholebody_133,1,1,OK,1001.97,656.5,345.47,67,1,1,67.0,1.0,1.0,1.0,1.0,1.0,1.2981081040735205,5.9070245908706625,3.6025663474720915,178.70189189592648,174.09297540912934,,,,,,,,,,,,,,,,,2.533568414167008,,,,,,,,-0.17541416368817306,-0.4385202829631442,-0.3069672233256586,15.523916508372464,7.2795768671724,1.5648405398607046,0.7337953015039652,9.920446277391521,3.775426311513977,4.407154574131252,,,,,,,,,,37.30392937495157,57.20048251883254,48.420561744653845,48.420561744653845,SAGITTAL,,1.0,0.1008019167725325,480.3535815089575,left,73.85433502031238,125.87512133831572,100.34938338989946,54.12487866168428,62.84511071077727,154.30899992916898,0.5471923969573717,1.0927656687928133,1.4025924266324608,0.479302165986185,3.920008260102287,0.19128210914681204,0.3386832690719848,0.12722358787097424,0.36588045763819205,137.03659895568964,92.91561647371759,87.08438352628241,8.393071093760106,0.7176553809313126,55.30041127678319,101.52550869769951,42.622774253957395,78.47449130230049,88.74200010306163,145.9334434248064,1.109356961571627,1.5734718982819116,0.07644352259566571,0.8198890843759629,2.2318900652996243,1.8789872494906408,0.5737630108642647,0.7944541122461503,0.05363281769417694,135.62471797838367,82.51375756859046,97.48624243140954,13.579661544018624,0.7485508709383274,MUDRA,0.8317,0.921,0.5729,0.0726,0.8072,MUSHTI,INCORRECT,PINKY_DROPPED,Pinky dropped / fingers loose,CANONICAL,pinky_relative_extension,3.920008260102287,<= 1.25,,True,1 of 3 parameter checks out of range,0,1,0,0,0.1733,0.6888,0.8317,0.7669
DJI_20260917133651_0100_D.JPG,Cam 6,25,KATAKAMUKHA,INCORRECT,FINGERS_BENT,,dwpose_l_wholebody,coco_wholebody_133,1,1,OK,790.82,538.58,252.24,67,1,1,59.0,1.0,1.0,1.0,0.0,1.0,3.100052200453945,1.5275998084054265,2.3138260044296857,176.89994779954606,178.47240019159457,,,,,,,,,,,,,,,,,1.7899253531313895,,,,,,,,0.2030639178812884,-0.3045958768219326,-0.0507659794703221,18.12391165260132,8.3258315477619,1.592973130870177,0.7317860626313721,11.37741202370498,4.167865484294344,5.187209541727698,,,,,,,,,,43.36351194741078,63.43494882292201,41.671184870208464,41.671184870208464,SAGITTAL,,1.0,0.08789345045397735,474.11023978434287,right,,,,,,,,,,,,,,,,,,,,0.5930810335240326,53.22260869855244,94.85630871361498,24.03596411520044,85.14369128638502,105.92677392599539,170.95249702710774,1.0436657297469665,1.4149469911625723,1.572622929573435,0.8324617750367305,2.396820048656154,1.347926753813116,0.7860384021520245,0.688114064331803,0.05309559561991428,135.70915662635608,57.716843352451505,122.2831566475485,15.653908887493163,0.7486205108410844,BODY,0.9232,0.9232,0.5603,0.0643,0.7755,SAMAPADHAM,CORRECT,,,,mean_knee_flexion_deg,2.3138260044296857,<= 5°,,False,2 parameter checks within range,0,0,0,8,0.3585,0.3948,0.5231,0.3153
DJI_20260917133704_0101_D.JPG,Cam 6,26,MUSHTI,INCORRECT,PINKY_DROPPED,,dwpose_l_wholebody,coco_wholebody_133,1,1,OK,736.46,535.67,200.79,67,1,1,59.0,1.0,1.0,1.0,1.0,1.0,1.1889097120329097,3.6914154959959546,2.440162604014432,178.8110902879671,176.30858450400405,,,,,,,,,,,,,,,,,4.35941014356006,,,,,,,,-0.33334182925741374,-0.4444430284570977,-0.3888924288572557,19.166626311027283,9.111088455313563,1.5426091366385843,0.7332979767964037,12.424810573073772,4.3461249997953,5.573299926458137,,,,,,,,,,45.88142887705918,57.52880770915151,38.31494140625,38.31494140625,SAGITTAL,,1.0,0.08048412441531574,476.05588909107706,left,107.03228135663169,142.18932513905042,103.90346039745408,37.810674860949575,56.80407444843511,56.80407444843511,0.15733833959702467,0.15733833959702467,,0.24161395335252828,1.7137874632084742,,,,,112.60866569621226,158.10397303516007,21.896026964839933,81.86986068065804,0.6846350775518302,56.83910350567901,142.06228100882026,108.31410291223634,37.937718991179736,,,,,,1.3451535315513463,,,,,,108.31410291223634,147.27538636426524,32.724613635734755,116.47645264706746,0.7689060144324679,MUDRA,0.633,0.9045,0.5588,0.0793,0.7787,MUSHTI,INCORRECT,PINKY_DROPPED,Pinky dropped / fingers loose,CANONICAL,pinky_relative_extension,1.7137874632084742,<= 1.25,,False,2 of 3 parameter checks out of range,1,1,1,8,0.083,0.5264,0.633,0.2801
DJI_20260917133706_0102_D.JPG,Cam 6,26,MUSHTI,INCORRECT,PINKY_DROPPED,,dwpose_l_wholebody,coco_wholebody_133,1,1,OK,653.86,446.59,207.27,67,1,1,67.0,1.0,1.0,1.0,1.0,1.0,8.043906243777627,0.4080977006307194,4.226001972204173,171.95609375622237,179.59190229936928,,,,,,,,,,,,,,,,,3.412670919501905,,,,,,,,0.0,-1.1094003924504583,-0.5547001962252291,48.25947101210132,22.188268992390746,1.5934998383092205,0.7326438170627727,30.2852060928396,12.480912683783766,14.188467762647656,,,,,,,,,,41.054860202046314,55.71309535402735,15.425703259577869,15.425703259577869,SAGITTAL,,1.0,0.03301942198889088,467.17060234330336,left,56.77520811882344,145.05572923179247,77.46287295069942,34.94427076820753,15.142838373879394,18.835977085929247,0.3515334018768838,0.5521076633264209,1.0443867097841624,0.5398880581660294,1.292664969134988,0.48736311897305096,0.4957134094296276,0.26182124818652236,-0.05168436359235806,118.85551952686576,159.29634657379253,20.703653426207467,104.95353296582883,0.7608998296452348,49.2655249292765,144.78893923480953,85.57851382385772,35.21106076519047,12.741708730435983,16.749700241845087,0.3357979306718141,0.44538622024668,1.0051250945460048,0.6101846214667096,1.0884992893109444,0.17079619241570387,0.53570664712768,0.22619358588066452,-0.08864087437349233,118.92356825824062,155.89348696358624,24.10651303641376,100.84582646017412,0.7581554264534318,MUDRA,0.9035,0.9349,0.5809,0.0646,0.822,MUSHTI,INCORRECT,PINKY_DROPPED,Fist not fully closed / fingers loose,CANONICAL,mean_finger_flexion_deg,34.94427076820753,>= 55°,,True,1 of 3 parameter checks out of range,1,1,1,0,0.5725,0.5176,0.9035,0.634
DJI_20260917131012_0064_D.JPG,Cam 7,1,ARAMANDI,CORRECT,,,dwpose_l_wholebody,coco_wholebody_133,1,1,OK,735.3,518.63,216.67,67,1,1,67.0,1.0,1.0,1.0,1.0,1.0,14.05212477050469,7.263305865974985,10.657715318239838,165.9478752294953,172.73669413402502,6.788818904529705,0.8216951765169069,0.727975965063922,0.7924342655786681,1.0885445448862947,24.3765137793077,23.00885596125995,59.93132691696026,43.025078906534894,51.47820291174757,16.906248010425365,33.37055746625488,55.002146041743394,44.18635175399913,0.8408066199540074,1.0232585561936876,13.922902889243582,9.950639678672834,5.94687511820592,9.950639678672834,-0.5128502031493977,-0.20721225958042963,0.8792413520234518,0.36003123136491366,0.11396718529023302,0.1554094405303204,0.13468831291027672,1.476387226588062,0.6734397616880635,1.16229829477362,0.530171131628997,1.270230915098793,0.22746232534348076,0.21258238601485205,4.72534056506309,0.7937647335136908,0.7563247638582347,0.8392092743384094,0.2900970978539353,0.12432742130692395,0.5905550873112233,0.5594724125011651,0.5750137499061942,7.0012642595930155,2.1211224704573084,372.4002320660737,372.4002320660737,CORONAL,FRONT,1.0,0.7872584331819891,473.0342875602917,right,80.405076516966,159.675530224076,157.52752313958115,20.324469775924,1.9500130687168162,3.8640933630952117,0.1545559743161189,0.21768394472921737,0.29129402042447045,1.2319180117073487,0.9151057675702542,0.7950720371316152,1.0018116651844828,0.40046163941681157,-0.04681956057004166,157.96122128344342,160.8045871363405,19.1954128636595,166.4568252093921,0.19501525321339352,89.47617706627825,136.17752530209978,113.77974661792116,43.82247469790022,7.161858049800803,15.564199680671887,0.17510714771616454,0.2696576252511676,0.12430590330519076,1.1690323896996015,0.8439369594848436,0.8003877124464717,1.048860864409874,0.4110926024402075,-0.05819629346900035,124.50224679309164,145.4515949566171,34.5484050433829,166.43775890146145,0.24374745415387367,BODY,0.6451,0.6334,0.6451,0.2666,0.4032,ARAMANDI,INCORRECT,INSUFFICIENT_KNEE_BEND,Insufficient knee bend,CANONICAL,mean_knee_flexion_deg,10.657715318239838,30-45°,,True,5 of 8 parameter checks out of range,1,0,0,0,0.7069,0.4275,0.5956,0.4394
DJI_20260917131015_0065_D.JPG,Cam 7,1,ARAMANDI,CORRECT,,,dwpose_l_wholebody,coco_wholebody_133,1,1,OK,653.74,445.93,207.81,67,1,1,67.0,1.0,1.0,1.0,1.0,1.0,35.226375392748025,2.9278245506079656,19.077099971677995,144.77362460725197,177.07217544939203,32.29855084214006,0.8161107115915007,0.801310649262975,0.7430490334460648,0.9272920984258753,26.56504011507456,25.201100377650555,66.5712337722568,72.55284412170732,69.56203894698206,5.98161034945052,7.856214893048474,18.17238046976304,13.014297681405758,0.946193497680285,1.1593935531554405,13.10278595239173,5.9061475557640035,2.489553782956769,5.9061475557640035,-0.3257791216964967,-0.03257792946650199,0.8358818332516798,0.17917852558149935,0.14117137362522164,0.11945206210679427,0.13031171786600795,1.5637399225180029,0.7601513416146667,1.209059729340969,0.5877373609998261,1.2933520855668246,0.3550510951476358,0.39840454214150833,16.297775926165084,0.7427715717443335,0.7384323760332857,0.9338999528322977,0.08687447857733864,0.02171861964433466,0.6189803139264914,0.6515585893300397,0.6352694516282655,26.161553317374736,30.256437163529263,352.8685747472962,352.8685747472962,CORONAL,FRONT,1.0,0.7731846657685173,456.38330708040843,right,84.57894177978851,161.11262892683231,156.69685936888112,18.887371073167685,7.620300355099144,17.91734776943445,0.08917036204026241,0.15650622864402824,0.22485898452664435,0.8256401302833528,0.863053829338762,0.5746030487183876,0.5283531917725397,0.24514022059604826,-0.12482485218144534,160.27597582901348,167.62288337551107,12.377116624488934,156.12475633483191,0.024965415367651844,91.20609159737029,76.50530593563676,63.999377964250584,103.49469406436324,22.155604371024392,42.22731811985467,0.2791896901447979,0.3168403808874606,0.8318169996540017,0.4860677691618942,0.6646506359306003,0.8398383746965806,0.7963395311355288,0.37486978518661934,-0.26048141639787104,70.40685172938814,81.83579237758978,98.16420762241022,136.4441117514092,0.12683178861889038,BODY,0.7579,0.548,0.7579,0.2427,0.4247,ARAMANDI,INCORRECT,FEET_TOO_FAR_APART,Feet too far apart,CANONICAL,foot_separation_deviation_pct,36.01845193191679,<= 5,,True,5 of 8 parameter checks out of range,1,0,0,0,0.4016,0.3377,0.5655,0.4163
DJI_20260917131333_0066_D.JPG,Cam 7,2,SAMAPADHAM,CORRECT,,,dwpose_l_wholebody,coco_wholebody_133,1,1,OK,598.85,403.89,194.96,67,1,1,52.0,1.0,1.0,1.0,1.0,0.0,6.596147448453564,7.2840166797314225,6.940082064092493,173.40385255154644,172.71598332026858,,,,,,,,,,,,,,,,,0.24914469728126012,,,,,,,,-0.13332872599384152,0.19999692844033878,0.03333410122324863,12.233344467737105,5.966669738226328,1.5956369423260777,0.778253132827388,7.66674682895199,3.3360025864245824,2.8071327847472114,,,,,,,,,,0.9709878152175715,17.102761074828784,63.58740234375,63.58740234375,SAGITTAL,,1.0,0.13043341880335646,487.50851528023964,left,64.10843291649195,123.1292656362772,103.00828284027885,56.8707343637228,34.00167075043997,34.00167075043997,0.23121793297282411,0.23121793297282411,,0.14387206742250935,0.11118886982366961,,,,,133.1897570342764,103.52989087698435,76.47010912301565,109.81714789631641,0.29833888940346226,,,,,,,,,,,,,,,,,,,,0.2209323889173987,BODY,0.9382,0.9382,0.6133,0.0646,0.8813,SAMAPADHAM,CORRECT,,,,mean_knee_flexion_deg,6.940082064092493,<= 5°,,True,2 parameter checks within range,1,1,0,15,0.1314,0.3878,0.6325,0.1725
DJI_20260917131335_0067_D.JPG,Cam 7,2,SAMAPADHAM,CORRECT,,,dwpose_l_wholebody,coco_wholebody_133,1,1,OK,587.2,401.84,185.36,67,1,1,59.0,1.0,1.0,1.0,1.0,0.0,6.540425868852253,6.237223002178212,6.388824435515232,173.45957413114775,173.7627769978218,,,,,,,,,,,,,,,,,0.25131691977962684,,,,,,,,-0.06666847361023452,0.4000030976175449,0.16666731200365517,12.566672345632165,6.2333377216248556,1.6534926017790146,0.8201676246201416,7.6000777578995615,3.267350259881012,2.7624513712572365,,,,,,,,,,0.0,17.037762255957094,63.052490234375,63.052490234375,SAGITTAL,,1.0,0.13157760115817166,479.2038286104528,left,0.0,,,,,,,,,,,,,,,,,,,0.4835598988320728,,,,,,,,,,,,,,,,,,,,0.4269222227733522,BODY,0.9589,0.9589,0.604,0.0502,0.87,SAMAPADHAM,CORRECT,,,,mean_knee_flexion_deg,6.388824435515232,<= 5°,,True,2 parameter checks within range,1,1,0,8,,,,
DJI_20260917131401_0068_D.JPG,Cam 7,3,MUZHUMANDI,CORRECT,,,dwpose_l_wholebody,coco_wholebody_133,1,1,OK,658.72,451.43,207.29,67,1,1,67.0,1.0,1.0,1.0,1.0,1.0,146.66243510031492,127.79106533463894,137.22675021747693,33.33756489968507,52.20893466536105,,,,,,,,,,,,,,,,,1.6737448211836436,,,,,,,,1.760455164158777,1.4497825478540276,1.6051188560064023,4.556463439689253,-1.3980052156512444,0.5711846552754438,-0.17524976064100428,7.977216120226441,2.453317668866047,2.0503021416669864,,,,,,,,,,0.0,18.71171115300876,56.624871172242635,56.624871172242635,SAGITTAL,,1.0,0.12535701489451612,451.7088351209594,right,0.0,,,,,,,,,,,,,,,,,,,-0.060222698528169145,56.197021484375,77.06041426930916,51.1812428079275,102.93958573069084,0.7582478080348777,1.3005026405148346,2.173350032059561,6.329036858884876,6.411746878981042,4.795213109914314,0.2671771837618005,6.411746878981042,6.411746878981042,2.84966527954713,-2.1769559471830386,90.0,78.43495481277637,101.56504518722363,90.0,0.9705918783731787,BODY,0.9813,0.0231,0.0516,0.9813,0.0,MUZHUMANDI,CORRECT,,,,trunk_inclination_deg,1.6737448211836436,<= 8°,,False,3 parameter checks within range,1,1,0,0,0.2483,0.0576,0.0225,0.0
DJI_20260917131447_0069_D.JPG,Cam 7,3,MUZHUMANDI,CORRECT,,,dwpose_l_wholebody,coco_wholebody_133,1,1,OK,623.2,417.76,205.44,67,1,1,67.0,1.0,1.0,1.0,1.0,1.0,145.05112216784065,145.09904968590823,145.07508592687444,34.94887783215935,34.90095031409177,,,,,,,,,,,,,,,,,0.5691316732961897,,,,,,,,1.320911211187091,1.3664614313580967,1.3436863212725938,3.9171909423522795,1.548658547561113,0.5695081088358418,0.22515461044244234,6.878200470858252,2.476862330688519,1.4892397746366883,,,,,,,,,,0.0,24.227732191563543,64.8537274114077,64.8537274114077,SAGITTAL,,1.0,0.14538686452028077,446.0769384180572,left,0.0,,,,,,,,,,,,,,,,,,,-0.09488536220927093,0.0,,,,,,,,,,,,,,,,,,,0.9509853793132178,BODY,0.9644,0.023,0.0513,0.9644,0.0,MUZHUMANDI,CORRECT,,,,trunk_inclination_deg,0.5691316732961897,<= 8°,,False,3 parameter checks within range,1,1,0,0,,,,
DJI_20260917131536_0071_D.JPG,Cam 7,4,SWASTIKAPADAM,CORRECT,,RIGHT,dwpose_l_wholebody,coco_wholebody_133,1,1,OK,729.09,455.95,273.14,67,1,1,58.0,1.0,1.0,1.0,0.0,1.0,12.040769771531728,3.4258690481187273,7.733319409825228,167.95923022846827,176.57413095188127,,,,,,,,,,,,,,,,,1.7979187764825177,,,,,,,,0.8935018564675149,0.6832635366790547,0.7883826965732847,9.145236451001505,4.362383835224235,1.559769577419559,0.7440281755060005,5.863197092310993,0.9662829541088791,0.9662805602465259,,,,,,,,,,5.792805044551939,12.225163591639642,77.66251525972389,77.66251525972389,SAGITTAL,,1.0,0.17055541273060762,455.35063365237124,right,,,,,,,,,,,,,,,,,,,,,62.49599368034156,146.43091843976939,132.8284589026918,33.569081560230615,12.90365452639154,16.017470274325845,0.6811370148272203,1.0850371116444248,1.4566330849943534,1.485056049276165,1.1412876010066744,,,,0.29300485039640733,132.8284589026918,3.431329098221719,176.5686709017783,159.35305167208864,0.5438682600472711,BODY,0.922,0.922,0.6221,0.0752,0.8968,SAMAPADHAM,CORRECT,,,,mean_knee_flexion_deg,7.733319409825228,<= 5°,,True,2 parameter checks within range,0,1,0,9,0.6293,0.6527,0.407,0.511
DJI_20260917131538_0072_D.JPG,Cam 7,4,SWASTIKAPADAM,CORRECT,,RIGHT,dwpose_l_wholebody,coco_wholebody_133,1,1,OK,670.26,434.59,235.67,67,1,1,63.0,1.0,1.0,1.0,1.0,1.0,19.08240408553695,4.690188726920979,11.886296406228965,160.91759591446305,175.30981127307902,,,,,,,,,,,,,,,,,1.2674001313101066,,,,,,,,0.6305307715467222,0.4954151005008379,0.5629729360237801,7.7690197471276115,3.625542458392878,1.526175262237284,0.7122151046450765,5.090516102153747,1.0995142937711664,1.067689735166831,,,,,,,,,,7.9071679187627355,17.300502717150724,90.15531943913659,90.15531943913659,SAGITTAL,,1.0,0.19644373574948715,458.9371052997395,left,0.0,,,,,,,,,,,,,,,,,,,0.46592298429099444,,,,,,,,,,,,,,,,,,,,0.8857265911983195,BODY,0.9621,0.8742,0.6765,0.0873,0.9621,SWASTIKAPADAM,INCORRECT,INSUFFICIENT_ARAMANDI,Insufficient Aramandi,CANONICAL,mean_knee_flexion_deg,11.886296406228965,30-45°,,False,1 of 2 parameter checks out of range,1,0,0,4,,,,
DJI_20260917131602_0073_D.JPG,Cam 7,5,SWASTIKAPADAM,CORRECT,,LEFT,dwpose_l_wholebody,coco_wholebody_133,1,0,OK,642.63,454.75,187.88,67,1,1,30.0,1.0,1.0,1.0,0.0,0.0,30.178689732248785,17.21600216843231,23.697345950340548,149.82131026775122,162.7839978315677,,,,,,,,,,,,,,,,,0.7741923697108501,,,,,,,,1.5724406334932224,1.2414088329035518,1.406924733198387,13.07608596239438,5.586297528660877,1.4232934062454488,0.608052016538775,9.187203358784753,1.5746170521523828,1.4069275271373134,,,,,,,,,,1.709825428686864,7.2242593417663254,46.26131029245852,46.26131029245852,SAGITTAL,,0.0,0.10884705181188849,425.0120653006586,,,,,,,,,,,,,,,,,,,,,,,,,,,,,,,,,,,,,,,,,,BODY,0.967,0.6043,0.8369,0.1337,0.967,SWASTIKAPADAM,INCORRECT,INSUFFICIENT_ARAMANDI,Insufficient Aramandi,CANONICAL,mean_knee_flexion_deg,23.697345950340548,30-45°,,False,1 of 2 parameter checks out of range,1,0,0,37,,,,
DJI_20260917131604_0074_D.JPG,Cam 7,5,SWASTIKAPADAM,CORRECT,,LEFT,dwpose_l_wholebody,coco_wholebody_133,1,1,OK,711.81,416.93,294.88,67,1,1,62.0,1.0,1.0,1.0,1.0,1.0,34.3845101302615,19.858545870383836,27.12152800032267,145.6154898697385,160.14145412961616,,,,,,,,,,,,,,,,,2.027325123061952,,,,,,,,1.6363657387332697,1.1818171306333651,1.4090914346833174,14.681840256699331,6.5000115630329836,1.4283097165510619,0.6323478195410794,10.279171307572952,1.6762824066567903,1.548125230806113,,,,,,,,,,1.789898165943499,151.85841255844295,42.227783203125,42.227783203125,SAGITTAL,,1.0,0.09728410686796046,434.0666174839736,left,,,,,,,,,,,,,,,,,,,,0.22263951422835024,0.0,,,,,,,,,,,,,,,,,,,1.6775320082248317,MUDRA,0.0,0.5358,0.8855,0.1346,0.9176,,UNKNOWN,,,,,,,,False,"no posture recognised, cannot apply correctness rules",0,0,0,5,,,,
DJI_20260917131638_0075_D.JPG,Cam 7,6,ARAMANDI,INCORRECT,INSUFFICIENT_KNEE_BEND,,dwpose_l_wholebody,coco_wholebody_133,1,1,OK,610.13,428.58,181.55,67,1,1,48.0,1.0,1.0,1.0,0.0,1.0,14.413625098079308,8.952047609904184,11.682836353991746,165.5863749019207,171.04795239009582,,,,,,,,,,,,,,,,,1.7740789111156252,,,,,,,,1.794160907768404,1.9650343179195664,1.8795976128439853,16.53188364629935,8.372737704494151,1.7115685648741676,0.8668410063578424,9.658908200101672,2.6608934180218125,2.840030103630552,,,,,,,,,,7.124965284134547,14.697324287121575,49.327223761986005,49.327223761986005,SAGITTAL,,1.0,0.10353137013865332,476.44712608289666,right,,,,,,,,,,,,,,,,,,,,,2.3612060546875,157.5,90.0,22.5,0.0,0.0,7.600320529390477,7.600320529390477,31.501266608075273,12.707173999207285,1.1899592486524353,0.0,,,-6.860275034896382,180.0,58.3438083277039,121.6561916722961,0.0,0.2926635781173002,BODY,0.9596,0.9406,0.6676,0.0403,0.9596,SWASTIKAPADAM,INCORRECT,INSUFFICIENT_ARAMANDI,Insufficient Aramandi,CANONICAL,mean_knee_flexion_deg,11.682836353991746,30-45°,,False,1 of 2 parameter checks out of range,0,1,0,19,0.4368,0.2453,0.191,0.1308
DJI_20260917131640_0076_D.JPG,Cam 7,6,ARAMANDI,INCORRECT,INSUFFICIENT_KNEE_BEND,,dwpose_l_wholebody,coco_wholebody_133,1,1,OK,688.07,456.08,231.99,67,1,1,40.0,1.0,1.0,1.0,0.0,0.0,14.902180460657547,9.2142113283046,12.058195894481074,165.09781953934245,170.7857886716954,,,,,,,,,,,,,,,,,1.7819709162202486,,,,,,,,1.8269943602088192,1.9100527329281443,1.8685235465684817,16.235392677296097,8.346069426009082,1.7369377423344063,0.8929012851318819,9.347135640841152,2.414033792031093,2.586441873752227,,,,,,,,,,4.610669992723935,13.815029564310654,50.5398043426069,50.5398043426069,SAGITTAL,,0.0,0.10698464625148091,472.40240645191943,,,,,,,,,,,,,,,,,,,,,0.26046581485164033,,,,,,,,,,,,,,,,,,,,,BODY,0.9642,0.942,0.6679,0.0362,0.9642,SWASTIKAPADAM,INCORRECT,INSUFFICIENT_ARAMANDI,Insufficient Aramandi,CANONICAL,mean_knee_flexion_deg,12.058195894481074,30-45°,,False,1 of 2 parameter checks out of range,0,1,0,27,,,,
DJI_20260917131718_0077_D.JPG,Cam 7,7,ARAMANDI,INCORRECT,FEET_TOO_FAR_APART,,dwpose_l_wholebody,coco_wholebody_133,1,1,OK,636.4,456.23,180.17,67,1,1,67.0,1.0,1.0,1.0,1.0,1.0,24.788680314517364,17.255135583422856,21.02190794897011,155.21131968548264,162.74486441657714,,,,,,,,,,,,,,,,,1.0050652037940648,,,,,,,,1.521529262168524,1.521529262168524,1.521529262168524,10.299604885135594,4.681638584152543,1.54362187101418,0.7016463050064454,6.672362628788497,1.8505770704349436,2.323193841109642,,,,,,,,,,1.7898738733362276,5.355821729180805,69.83041738288429,69.83041738288429,SAGITTAL,,1.0,0.1498719502572315,465.9338672982598,left,70.6907958984375,,,,0.0,0.0,0.6355723862989461,1.9067171588968381,1.9067171588968381,1.487883273171989,1.425638678148561,0.4962692044020107,1.4104479544948274,0.7371478029759252,0.8585888487813254,,93.56410336472327,86.43589663527673,90.0,0.29569521284510103,0.0,,,,,,,,,,,,,,,,,,,-0.3549394184573695,BODY,0.9906,0.7152,0.8197,0.0863,0.9906,SWASTIKAPADAM,INCORRECT,INSUFFICIENT_ARAMANDI,Insufficient Aramandi,CANONICAL,mean_knee_flexion_deg,21.02190794897011,30-45°,,False,1 of 2 parameter checks out of range,0,1,0,0,0.5993,0.2527,0.2195,0.5035
DJI_20260917131720_0078_D.JPG,Cam 7,7,ARAMANDI,INCORRECT,FEET_TOO_FAR_APART,,dwpose_l_wholebody,coco_wholebody_133,1,1,OK,668.43,452.35,216.08,67,1,1,67.0,1.0,1.0,1.0,1.0,1.0,26.2851194468777,20.42031594508319,23.352717695980445,153.7148805531223,159.5796840549168,,,,,,,,,,,,,,,,,0.5025898183554307,,,,,,,,0.9649412235441288,1.0338667713048053,0.9994039974244671,6.099811278368733,2.722512884687947,1.5525716527134423,0.6929552630428268,3.9288436496364225,1.2709037908420195,1.3909257606195988,,,,,,,,,,5.877435025417044,4.5377913331532485,118.76634168615658,118.76634168615658,SAGITTAL,,1.0,0.25452781764235916,466.6143873242058,right,0.0,,,,,,,,,,,,,,,,,,,0.1360921677548717,124.0809326171875,0.0,0.0,180.0,,,0.0,0.0,0.0,0.19999999999999926,1.0,0.0,0.0,0.0,0.0,0.0,62.774300463146005,117.225699536854,90.0,0.12481029910793509,BODY,0.9708,0.6684,0.8558,0.0851,0.9708,SWASTIKAPADAM,INCORRECT,INSUFFICIENT_ARAMANDI,Insufficient Aramandi,CANONICAL,mean_knee_flexion_deg,23.352717695980445,30-45°,,False,1 of 2 parameter checks out of range,0,1,0,0,0.282,0.0578,0.4896,0.295
DJI_20260917131754_0079_D.JPG,Cam 7,8,ARAMANDI,INCORRECT,FEET_NOT_IN_LINE,,dwpose_l_wholebody,coco_wholebody_133,1,1,OK,666.58,458.02,208.56,67,1,1,67.0,1.0,1.0,1.0,1.0,1.0,37.15705862880907,17.012557784398496,27.084808206603782,142.84294137119093,162.9874422156015,,,,,,,,,,,,,,,,,0.0,,,,,,,,1.5740115795452552,1.7239222189580408,1.648966899251648,12.816963153143856,5.996238712343357,1.5066077312665762,0.7048455624467103,8.507166721074025,3.790137691510878,3.5235893311377664,,,,,,,,,,3.5763377640853586,161.93947151047274,53.56706814776696,53.56706814776696,SAGITTAL,,1.0,0.11754794901606802,455.7039794921875,left,205.72314453125,,,,0.0,0.0,0.0,0.0,0.0,1.0198044845674838,1.0,1.0000005933717997,1.0000005933717997,0.4444447081652442,0.0,,18.21599498022874,161.78400501977126,0.0,-0.2993908324040409,0.0,,,,,,,,,,,,,,,,,,,1.6753029029015085,BODY,0.9183,0.5717,0.9021,0.1037,0.9183,SWASTIKAPADAM,CORRECT,,,,mean_knee_flexion_deg,27.084808206603782,30-45°,,True,2 parameter checks within range,0,0,0,0,0.9462,0.3268,0.4831,0.4197
DJI_20260917131755_0080_D.JPG,Cam 7,8,ARAMANDI,INCORRECT,FEET_NOT_IN_LINE,,dwpose_l_wholebody,coco_wholebody_133,1,1,OK,671.53,452.43,219.1,67,1,1,67.0,1.0,1.0,1.0,1.0,1.0,31.33772950949276,17.23701558342023,24.287372546456496,148.66227049050724,162.76298441657977,,,,,,,,,,,,,,,,,0.0,,,,,,,,1.643986090058943,1.643986090058943,1.643986090058943,14.426022181012383,7.069161182861326,1.5810809922354225,0.7747746563138966,9.124151293866388,4.1231062235785005,3.602736690449232,,,,,,,,,,4.763598435671866,177.3369747883562,48.83833948885256,48.83833948885256,SAGITTAL,,1.0,0.10959923479921242,445.6083984375,left,77.26316497298176,146.21450781746154,137.13981762109003,33.78549218253846,3.627434394853493,7.179055028705111,0.19311366447238162,0.2241666416953873,0.5793409934171448,0.7877072171089535,1.1063141986392517,0.8964838132788553,0.9980993113238037,0.42922879797674224,0.05399510859532097,154.56551004825516,79.96914097089287,100.03085902910713,72.72554142127969,0.2340095287561116,0.0,,,,,,,,,,,,,,,,,,,1.6648271543250865,MUDRA,0.6815,0.6596,0.8711,0.0774,0.96,MUSHTI,INCORRECT,PINKY_DROPPED,Fist not fully closed / fingers loose,CANONICAL,mean_finger_flexion_deg,33.78549218253846,>= 55°,,False,1 of 3 parameter checks out of range,0,1,0,0,0.6748,0.4273,0.6815,0.5134
DJI_20260917131816_0081_D.JPG,Cam 7,9,SAMAPADHAM,INCORRECT,FEET_TOO_FAR_APART,,dwpose_l_wholebody,coco_wholebody_133,1,1,OK,631.41,428.76,202.65,67,1,1,48.0,1.0,1.0,1.0,0.0,0.0,4.771216492829183,7.028666665366984,5.899941579098083,175.22878350717082,172.97133333463302,,,,,,,,,,,,,,,,,0.24909234181144832,,,,,,,,0.5986694817309437,0.2660719846991928,0.43237073321506825,12.039952727740232,5.853677615354241,1.5738978128522356,0.765209847935784,7.649767748213139,3.248556675524186,2.475547448395288,,,,,,,,,,2.6837325777608627,13.392483861057428,64.96420985299035,64.96420985299035,SAGITTAL,,0.0,0.130722922958489,496.96111732155583,,,,,,,,,,,,,,,,,,,,,,56.67297854438959,,,,,,,,,,,,,,,,54.33063461275907,125.66936538724093,115.21262517097826,0.313558321796202,BODY,0.9309,0.9309,0.5999,0.0705,0.8596,SAMAPADHAM,CORRECT,,,,mean_knee_flexion_deg,5.899941579098083,<= 5°,,True,2 parameter checks within range,1,0,0,19,,,,
DJI_20260917131818_0082_D.JPG,Cam 7,9,SAMAPADHAM,INCORRECT,FEET_TOO_FAR_APART,,dwpose_l_wholebody,coco_wholebody_133,1,0,OK,578.97,416.8,162.17,67,1,1,38.0,1.0,1.0,1.0,0.0,0.0,4.782885403829226,5.5733924052426005,5.178138904535913,175.21711459617077,174.4266075947574,,,,,,,,,,,,,,,,,0.5092792085252463,,,,,,,,0.6984243294710554,0.20953518975002153,0.45397975961053844,12.746326867388163,6.2160159868359175,1.6221585016730298,0.7910799153738888,7.857633427462303,3.492839330719449,2.592666821848045,,,,,,,,,,4.398728202036754,13.19058000097352,61.878963280432316,61.878963280432316,SAGITTAL,,0.0,0.12726478134052627,486.22221032903735,,61.453334465610695,50.95626329375356,49.56472720545717,129.04373670624645,,,,,,,,,,,,49.56472720545717,136.73602279362797,43.26397720637203,148.66046945387845,0.3927449212608156,,,,,,,,,,,,,,,,,,,,,BODY,0.9479,0.9479,0.5914,0.0573,0.8438,SAMAPADHAM,CORRECT,,,,mean_knee_flexion_deg,5.178138904535913,<= 5°,,True,2 parameter checks within range,1,0,0,29,,,,
DJI_20260917132034_0083_D.JPG,Cam 7,10,SAMAPADHAM,INCORRECT,FEET_NOT_ALIGNED,,dwpose_l_wholebody,coco_wholebody_133,1,1,OK,657.83,454.11,203.72,67,1,1,66.0,1.0,1.0,1.0,1.0,1.0,10.8247397580717,4.087642107137725,7.456190932604713,169.1752602419283,175.91235789286227,,,,,,,,,,,,,,,,,0.26042333076464247,,,,,,,,1.5112215380301193,1.1624669137296693,1.3368442258798943,21.331369718210276,10.404130464887851,1.6681639235530148,0.8136277851228833,12.787334276344192,5.668774314750596,4.567790687428259,,,,,,,,,,1.9091325343466368,4.763668668028503,36.91427307472517,36.91427307472517,SAGITTAL,,1.0,0.07820238201248407,472.0351493747627,left,39.9588623046875,166.2611397149148,149.62443416793832,13.738860285085195,11.418405920484018,19.057827178952817,0.2212455891132368,0.4109170924168471,0.5446648809723851,1.6181460374492747,1.0215717214059015,0.9646269531475828,1.329765317314026,0.5176059027465124,0.13298531821009218,176.961271008746,68.96166240657953,111.03833759342047,90.0,0.34052184771177946,28.908935546875,170.1235168009808,151.0760993437669,9.87648319901919,13.747391895493836,21.540963824834975,0.39980677499129474,0.7285421595571584,1.1946330706211556,2.2053087743650277,0.857046063930413,0.08663809166761283,0.3313289540424938,0.13191025371510162,-0.3068785650852486,165.53804967188347,124.58372069815853,55.41627930184147,90.0,0.31920173460840645,BODY,0.9612,0.9612,0.6159,0.0474,0.8915,SAMAPADHAM,CORRECT,,,,mean_knee_flexion_deg,7.456190932604713,<= 5°,,True,2 parameter checks within range,1,0,0,1,0.8457,0.4666,0.3311,0.3215
DJI_20260917132036_0084_D.JPG,Cam 7,10,SAMAPADHAM,INCORRECT,FEET_NOT_ALIGNED,,dwpose_l_wholebody,coco_wholebody_133,1,0,OK,586.2,406.08,180.12,67,1,1,44.0,1.0,1.0,1.0,1.0,0.0,8.970735007520034,4.754433986492501,6.862584497006267,171.02926499247997,175.2455660135075,,,,,,,,,,,,,,,,,0.9963396330763497,,,,,,,,1.3597898236890258,0.874150600942945,1.1169702123159855,17.823105481022964,8.838709664911912,1.5954107591742648,0.7911849319206673,11.171483819156173,4.763264808511099,3.8875685788263596,,,,,,,,,,2.6837533711344252,7.539429650047369,43.475238945103094,43.475238945103094,SAGITTAL,,1.0,0.0895136238111236,485.68292840916746,left,36.98429851016414,159.04576353433995,156.42407529153425,20.954236465660045,6.938892829691899,15.205675978511339,0.2726569878579727,0.3696726422422233,0.6507072292548373,1.739123154382184,1.0181167790908592,2.3406341527424885,2.6303277305295536,1.104684311093865,0.1846121269162153,161.5056851122485,29.949156883381292,150.0508431166187,59.091702466433894,0.339145466004871,,,,,,,,,,,,,,,,,,,,,BODY,0.9382,0.9382,0.6123,0.0647,0.8797,SAMAPADHAM,CORRECT,,,,mean_knee_flexion_deg,6.862584497006267,<= 5°,,True,2 parameter checks within range,1,0,0,23,0.726,0.4094,0.307,0.1753
DJI_20260917132109_0085_D.JPG,Cam 7,11,SAMAPADHAM,INCORRECT,WEIGHT_ON_ONE_LEG,,dwpose_l_wholebody,coco_wholebody_133,1,1,OK,683.0,448.14,234.86,67,1,1,65.0,1.0,1.0,1.0,1.0,1.0,0.7353365368367406,2.1435872707597525,1.4394619037982466,179.26466346316326,177.85641272924025,,,,,,,,,,,,,,,,,1.0139922301821311,,,,,,,,0.8898249866087063,0.15702651243741064,0.5234257495230585,9.631016514246303,4.867850680523019,1.628063510837715,0.8228799169270523,5.915627031829178,2.6160775385293444,1.7344265935448966,,,,,,,,,,4.236388009394264,15.679559147150043,80.54658428328375,80.54658428328375,SAGITTAL,,1.0,0.16904378768632222,476.48355130770057,left,74.46492401848722,120.59422379240401,90.0,59.40577620759599,55.33258525501805,104.03610096627997,0.18093221766802445,0.25416682983757777,0.5427966530040734,0.38210629138173385,1.079716102517441,0.4394076730173198,0.6461872722903241,0.24124332117947675,0.0002404581648824955,145.27805994337757,43.839754176735994,136.160245823264,76.80191350729137,0.3046583086722735,19.8427734375,157.5,90.0,22.5,,,,,,0.6309519415325557,,2.523807766130223,,,0.4857165706973723,180.0,121.44663320819761,58.55336679180239,180.0,0.29571317925583834,BODY,0.9279,0.9279,0.5509,0.0551,0.7533,SAMAPADHAM,CORRECT,,,,mean_knee_flexion_deg,1.4394619037982466,<= 5°,,False,2 parameter checks within range,1,0,0,2,0.2382,0.4706,0.9383,0.6088
DJI_20260917132111_0086_D.JPG,Cam 7,11,SAMAPADHAM,INCORRECT,WEIGHT_ON_ONE_LEG,,dwpose_l_wholebody,coco_wholebody_133,1,1,OK,611.68,407.59,204.09,67,1,1,58.0,1.0,1.0,1.0,1.0,0.0,0.46956933681963164,1.715426678711168,1.0924980077653998,179.53043066318037,178.28457332128883,,,,,,,,,,,,,,,,,1.7899133576410367,,,,,,,,1.0539216757962657,0.1664090207082589,0.6101653482522623,10.012286158888104,4.992273804281828,1.610820494718723,0.803178897563354,6.215643637335531,2.9151941268537844,1.8932972986673529,,,,,,,,,,1.9748559154448948,14.470239570404491,76.700600848897,76.700600848897,SAGITTAL,,1.0,0.16088438436098493,476.74360164625887,left,167.196044921875,0.0,0.0,180.0,,,0.3333333333333333,1.0,1.0,0.44999999999999996,0.8571428571428573,0.0,1.0,0.4444444444444443,-0.09999999999999998,,7.905758176985579,172.0942418230144,0.0,0.14307523969401187,,,,,,,,,,,,,,,,,,,,0.35290175214262415,BODY,0.9184,0.9184,0.5481,0.0594,0.7443,SAMAPADHAM,CORRECT,,,,mean_knee_flexion_deg,1.0924980077653998,<= 5°,,False,2 parameter checks within range,1,0,0,9,0.3209,0.5047,0.6301,0.418
DJI_20260917132124_0087_D.JPG,Cam 7,12,MUZHUMANDI,INCORRECT,KNEES_FACING_FORWARD,,dwpose_l_wholebody,coco_wholebody_133,1,1,OK,678.61,449.93,228.68,67,1,1,67.0,1.0,1.0,1.0,1.0,1.0,150.6621359945677,130.73829913073092,140.7002175626493,29.3378640054323,49.26170086926906,,,,,,,,,,,,,,,,,1.1087964527142893,,,,,,,,1.5607459328834936,1.3076549963070405,1.434200464595267,3.458955693199941,0.3163671377196975,0.5289327879188407,0.04837788251782348,6.539499483118982,2.6578257039526805,1.8793655279493746,,,,,,,,,,1.652325558971056,0.6227640318777288,70.41842693413201,70.41842693413201,SAGITTAL,,1.0,0.15291690175699119,460.50126653780814,left,95.09401774110187,161.1729898126865,150.97425804537957,18.827010187313505,7.7611876510150575,15.161602684192832,0.35223675230877616,0.383336087623327,0.9838286763250481,0.7363048395624661,0.651912331585515,0.7190000971465482,1.0248439929456719,0.40283225579034687,-0.30895713636509703,151.6599600153411,140.6859004066855,39.314099593314495,148.65046534121012,-0.588509828695823,62.25754103360258,112.35629723801073,60.81661937319168,67.64370276198927,9.137935571906246,13.706903357859336,0.8457270040045551,1.2619086343643715,0.0,1.1463935291117693,0.7492363726700644,0.07878610711957904,1.2376302874468639,0.5462861459982512,0.005086218673275189,108.6856714951722,105.2929986973069,74.7070013026931,166.3287577729911,0.4343374361527484,BODY,0.9634,0.0192,0.0432,0.9634,0.0,MUZHUMANDI,CORRECT,,,,trunk_inclination_deg,1.1087964527142893,<= 8°,,False,3 parameter checks within range,1,0,0,0,0.7718,0.5157,0.5582,0.5157
DJI_20260917132126_0088_D.JPG,Cam 7,12,MUZHUMANDI,INCORRECT,KNEES_FACING_FORWARD,,dwpose_l_wholebody,coco_wholebody_133,1,0,OK,678.06,390.69,287.37,67,1,1,46.0,1.0,1.0,1.0,1.0,0.0,150.2104163247258,134.78095628291027,142.49568630381805,29.78958367527421,45.21904371708973,,,,,,,,,,,,,,,,,1.2852649595022472,,,,,,,,1.3038455346440283,1.073754960383183,1.1888002475136057,3.2212633018984085,1.4572366187326897,0.5383266967404403,0.2435284861281786,5.983844608493517,2.3505370231742404,1.518518827639283,,,,,,,,,,0.5562842510025479,1.2873497828867717,77.29632692314301,77.29632692314301,SAGITTAL,,1.0,0.16711663912204403,462.5292091154016,left,113.74517792447301,125.55574026588448,89.24461220092331,54.44425973411552,14.184172096709352,27.59741103494014,0.26958607353661695,0.33789421751263277,0.7769572064057563,0.5253718445571336,0.6002530354124425,0.6474220608175473,0.8526381375278336,0.3410901284149933,-0.29858615187787435,101.24739772699881,136.62705539691086,43.37294460308914,142.03788748922474,-0.6037752132651224,,,,,,,,,,,,,,,,,,,,,BODY,0.9626,0.02,0.045,0.9626,0.0,MUZHUMANDI,CORRECT,,,,trunk_inclination_deg,1.2852649595022472,<= 8°,,False,3 parameter checks within range,1,0,0,21,0.4582,0.336,0.8504,0.5263
DJI_20260917132215_0089_D.JPG,Cam 7,13,MUZHUMANDI,INCORRECT,BACK_BENT_FORWARD,,dwpose_l_wholebody,coco_wholebody_133,1,1,OK,651.66,441.72,209.94,67,1,1,67.0,1.0,1.0,1.0,1.0,1.0,139.21476807899785,130.79096820122112,135.00286814010948,40.78523192100216,49.20903179877887,,,,,,,,,,,,,,,,,22.203459499078438,,,,,,,,2.940856061690605,2.426212343553975,2.6835342026222904,7.38891095598531,-1.0660614446948071,0.6329769005936239,-0.09132499675864568,11.673271092603501,3.812493880842066,2.480195777318327,,,,,,,,,,18.26791895167439,3.9908956137164475,38.067711512508545,38.067711512508545,SAGITTAL,,1.0,0.085665790853913,444.3747163605355,left,57.51383072290984,171.7614240642657,165.3898603067277,8.238575935734303,4.229274468000152,6.591693162164072,0.33933109839392145,0.3834970512065514,0.9668185241115098,1.3085744573788682,1.0709154572764787,0.3620605474976858,0.5793231189450715,0.2522149309240942,0.07611910495828322,176.78758387235138,139.52573813075608,40.47426186924392,65.55599489803802,0.2426486033678648,52.13301129291076,148.44311769929055,133.51880585315286,31.556882300709447,6.788054103563998,14.928004725915034,0.09644096363309428,0.18958814417459668,0.20962998056030657,0.8562109108703801,0.7653982606421749,0.33513705236423,0.3738649983150629,0.1575647878570099,-0.13141247107601317,143.58074807441227,168.7784301406327,11.221569859367293,155.6299029249031,0.10791475769931722,BODY,0.9951,0.0302,0.0661,0.9951,0.0,MUZHUMANDI,INCORRECT,BACK_BENT_FORWARD,Back bent forward,CANONICAL,trunk_inclination_deg,22.203459499078438,<= 8°,,False,1 of 3 parameter checks out of range,1,1,1,0,0.9722,0.4812,0.4593,0.622
DJI_20260917132217_0090_D.JPG,Cam 7,13,MUZHUMANDI,INCORRECT,BACK_BENT_FORWARD,,dwpose_l_wholebody,coco_wholebody_133,1,1,OK,638.21,421.04,217.17,67,1,1,62.0,1.0,1.0,1.0,1.0,1.0,132.88508345484462,108.10208508198701,120.49358426841582,47.11491654515539,71.89791491801299,,,,,,,,,,,,,,,,,22.280011039048347,,,,,,,,1.9657557669517505,2.2114605687181,2.0886081678349253,6.327264039494199,-0.39929297330163865,0.6618771067137427,-0.041768902996680235,9.559575297760974,2.457193108424874,4.038031841493963,,,,,,,,,,16.0154447292968,8.69550355030189,45.76876555894053,45.76876555894053,SAGITTAL,,1.0,0.10460715762490183,437.5299606462611,left,118.110648610043,140.10140427285288,90.0,39.898595727147125,75.74533026426,75.74533026426,0.01766259837763221,0.02384445613355162,0.05298779513289662,0.23602837210124186,1.1276654553517462,0.05033887046251854,0.03974110473093177,0.020017772265211394,0.025825912153635333,169.07833343491473,82.4272722359499,97.5727277640501,60.65049143584859,-0.14519625094268473,62.88088836894379,168.86637277744774,165.16741879278965,11.133627222552263,7.015426511703484,15.76891917656567,0.0964587033887389,0.1974186846559061,0.27919286272054145,0.626096749307842,0.6414644370975061,0.3419010187756563,0.334029092655358,0.15029354945491216,-0.17304146994878522,165.48850265429581,173.13453755776118,6.865462442238822,162.59311852031365,0.10634539588162856,BODY,0.963,0.034,0.0744,0.963,0.0,MUZHUMANDI,INCORRECT,BACK_BENT_FORWARD,Back bent forward,CANONICAL,trunk_inclination_deg,22.280011039048347,<= 8°,,False,1 of 3 parameter checks out of range,1,1,1,5,0.241,0.3735,0.7441,0.3485
DJI_20260917132241_0091_D.JPG,Cam 7,14,MUZHUMANDI,INCORRECT,FEET_APART_HEEL_DOWN,,dwpose_l_wholebody,coco_wholebody_133,1,1,OK,651.64,447.48,204.16,67,1,1,67.0,1.0,1.0,1.0,1.0,1.0,131.03531561769228,94.39875455349244,112.71703508559236,48.96468438230772,85.60124544650756,,,,,,,,,,,,,,,,,17.692506183454693,,,,,,,,2.934525906446795,2.652370341688731,2.793448124067763,5.304731206801766,1.1851026501774857,0.6419631349276619,0.14341767430996796,8.263295691269745,3.7369723826416936,4.526645174915806,,,,,,,,,,7.63333360082469,8.560894466170119,51.52507252502983,51.52507252502983,SAGITTAL,,1.0,0.12101709019762057,425.76690978844005,right,78.2470807447501,90.0,0.0,90.0,60.0,180.0,0.29296875969204206,0.4394523595069658,0.8789062790761262,0.41281286187097516,0.9726154435475786,0.7015029782472948,0.7519868183763028,0.3231972088176065,-0.23057014172015627,0.0,138.38652979780002,41.61347020219998,71.04576915441184,0.1305582962550352,81.77424275723472,169.57519769934723,160.06082108719025,10.424802300652772,6.882388404386682,18.106657428121046,0.3668373093708712,0.5715771327169912,0.9391080582415073,0.9988263200806003,0.9364972134598284,1.0346410933112626,1.5575153903941832,0.5883067719812201,0.03049084894669618,174.8640965266427,114.2693307472868,65.7306692527132,73.70598032913122,0.1382486355390685,BODY,0.9165,0.0313,0.0708,0.9165,0.0001,MUZHUMANDI,INCORRECT,BACK_BENT_FORWARD,Back bent forward,CANONICAL,trunk_inclination_deg,17.692506183454693,<= 8°,,True,1 of 3 parameter checks out of range,1,1,0,0,0.9789,0.6027,0.3935,0.3492
DJI_20260917132243_0092_D.JPG,Cam 7,14,MUZHUMANDI,INCORRECT,FEET_APART_HEEL_DOWN,,dwpose_l_wholebody,coco_wholebody_133,1,1,OK,630.23,420.67,209.56,67,1,1,67.0,1.0,1.0,1.0,1.0,1.0,130.0332467718772,86.20758962262516,108.12041819725118,49.96675322812279,93.79241037737484,,,,,,,,,,,,,,,,,15.999638089832642,,,,,,,,4.356553296687168,2.8769650103522784,3.616759153519723,7.850012281369713,1.8083795767598616,0.6580694565392368,0.1515971342005815,11.928850675812612,5.610051731389356,2.8781388124107807,,,,,,,,,,10.256844654975442,13.038648525747691,35.53795569644615,35.53795569644615,SAGITTAL,,1.0,0.08383037286464133,423.92696682655026,left,94.95524335208485,171.0802087618901,160.06935436725757,8.919791238109894,5.3760843444339725,14.387388247471016,0.31756023772544706,0.4503926723245056,0.8278019165496933,0.8866971288087352,0.9097044614716614,0.9340672128022646,1.3377027377414152,0.5142335868611898,-0.01377587215039433,176.48361813286053,149.39157897829878,30.60842102170122,75.96375653207353,0.12905803575126204,74.19297957410379,170.28159856071562,160.8373796950077,9.718401439284378,6.353540270129276,15.4719888238138,0.4045058709834795,0.583600445677324,1.0449613785809644,1.097035749371022,0.9228253097848289,1.1341419216786524,1.6677316779244742,0.6339734341681426,0.008449373796744153,175.37575880913664,126.92649753125498,53.07350246874502,73.79938098586196,0.13644916919272576,BODY,0.8858,0.0335,0.0774,0.8858,0.0002,MUZHUMANDI,INCORRECT,BACK_BENT_FORWARD,Back bent forward,CANONICAL,trunk_inclination_deg,15.999638089832642,<= 8°,,True,1 of 3 parameter checks out of range,1,1,0,0,0.9515,0.5321,0.4679,0.4189
DJI_20260917132313_0093_D.JPG,Cam 7,15,SWASTIKAPADAM,INCORRECT,OVERCROSSING_SHINS,RIGHT,dwpose_l_wholebody,coco_wholebody_133,1,1,OK,695.9,435.88,260.02,67,1,1,67.0,1.0,1.0,1.0,1.0,1.0,64.07360417975455,43.03170599508121,53.55265508741788,115.92639582024545,136.9682940049188,,,,,,,,,,,,,,,,,2.792711094382008,,,,,,,,2.445035659377333,1.916370625020871,2.180703142199102,11.1017621629386,4.229241983102811,1.364230954132888,0.5197069385190292,8.137743927673109,2.4459284998259814,2.1279971460517237,,,,,,,,,,0.0,0.0,62.366885009494624,62.366885009494624,SAGITTAL,,1.0,0.12288418127773876,507.5257397739019,right,75.79938303840581,134.4812294480385,90.0,45.518770551961495,37.106275408543716,76.39935294619939,0.2563977769397103,0.463330628878462,0.6689996269684882,0.348181357308919,1.4899219971052726,0.5661725151774083,0.706087489744239,0.28272444553814385,0.1196126511718375,112.3845144818537,70.39534637486709,109.60465362513291,68.02551602758896,0.2954288470323119,90.931152754088,169.86645840756682,159.67983717472532,10.133541592433176,5.869001441288276,7.140218713366324,0.18910141913766895,0.2567397327253396,0.5268820575873954,0.7969222915414927,1.205221469420015,0.9077181381630408,1.1635078566779347,0.46038043523649985,0.1682353311560687,174.329117067555,122.84901987910978,57.150980120890225,79.77779165714995,0.3135857347888427,BODY,0.8561,0.2736,0.8561,0.2194,0.271,ARAMANDI,CORRECT,,,,mean_knee_flexion_deg,53.55265508741788,30-45°,,True,2 parameter checks within range,0,0,0,0,0.8996,0.4666,0.4997,0.5615
DJI_20260917132315_0094_D.JPG,Cam 7,15,SWASTIKAPADAM,INCORRECT,OVERCROSSING_SHINS,RIGHT,dwpose_l_wholebody,coco_wholebody_133,1,1,OK,722.99,478.05,244.94,67,1,1,59.0,1.0,1.0,1.0,1.0,0.0,47.81778658798788,39.40749543220798,43.61264101009793,132.18221341201212,140.59250456779202,,,,,,,,,,,,,,,,,3.985467284249231,,,,,,,,1.9969271669646755,1.6086306699986652,1.8027789184816703,9.42992327269294,3.6610287651013422,1.3900732651093883,0.539675463097432,6.7837598991236465,1.9976973669873717,1.8372227542472008,,,,,,,,,,3.4682277087216784,0.8069408807972558,74.41609192531392,74.41609192531392,SAGITTAL,,1.0,0.14741087757678217,504.82090025244355,left,202.4837200068246,,,,0.0,0.0,0.0,0.0,0.0,0.3170683950932316,1.0,0.8718944594054261,0.8718944594054261,0.3875086486246338,0.0,,59.61387834722427,120.38612165277573,60.67953979957112,-0.010783720827580077,,,,,,,,,,,,,,,,,,,,-0.02890586572178945,BODY,0.9562,0.3149,0.9562,0.178,0.5078,ARAMANDI,CORRECT,,,,mean_knee_flexion_deg,43.61264101009793,30-45°,,False,2 parameter checks within range,0,0,0,8,0.6682,0.1338,0.7282,0.406
DJI_20260917132330_0095_D.JPG,Cam 7,16,SWASTIKAPADAM,INCORRECT,OVERCROSSING_SHINS,LEFT,dwpose_l_wholebody,coco_wholebody_133,1,1,OK,699.12,485.97,213.15,67,1,1,32.0,1.0,1.0,1.0,0.0,0.0,30.568764938028153,17.0175395488489,23.793152243438527,149.43123506197185,162.9824604511511,,,,,,,,,,,,,,,,,4.085627141377058,,,,,,,,1.4356208419770122,0.4417370220090818,0.9386789319930471,16.896115863506974,7.012440586855404,1.3625986274049664,0.5655229873894092,12.399921388211865,2.5423476890506276,1.7143702638892113,,,,,,,,,,2.563790380392785,8.25950177266927,34.906364704548096,34.906364704548096,SAGITTAL,,0.0,0.08064567255649395,432.8361782846497,,,,,,,,,,,,,,,,,,,,,,,,,,,,,,,,,,,,,,,,,0.39173454824776194,BODY,0.9659,0.5738,0.8185,0.162,0.9659,SWASTIKAPADAM,INCORRECT,INSUFFICIENT_ARAMANDI,Insufficient Aramandi,CANONICAL,mean_knee_flexion_deg,23.793152243438527,30-45°,,False,1 of 2 parameter checks out of range,1,1,0,35,,,,
DJI_20260917132332_0096_D.JPG,Cam 7,16,SWASTIKAPADAM,INCORRECT,OVERCROSSING_SHINS,LEFT,dwpose_l_wholebody,coco_wholebody_133,1,1,OK,656.78,432.23,224.55,67,1,1,67.0,1.0,1.0,1.0,1.0,1.0,26.48398911803119,9.715870684348403,18.099929901189796,153.5160108819688,170.2841293156516,,,,,,,,,,,,,,,,,5.102181700174947,,,,,,,,1.1180197498100937,0.7826216562808394,0.9503207030454666,17.664825246525847,7.267178210035079,1.4051247205029884,0.5780578980383182,12.571713378014174,2.600455962114482,1.7499952241074321,,,,,,,,,,2.8624446533219072,157.21758186377437,34.29198038284857,34.29198038284857,SAGITTAL,,1.0,0.07954365247849453,431.108948537657,left,0.0,,,,,,,,,,,,,,,,,,,-0.7481155012053832,0.0,,,,,,,,,,,,,,,,,,,1.716348287314935,BODY,1.0,0.7152,0.7454,0.138,1.0,SWASTIKAPADAM,INCORRECT,INSUFFICIENT_ARAMANDI,Insufficient Aramandi,CANONICAL,mean_knee_flexion_deg,18.099929901189796,30-45°,,False,1 of 2 parameter checks out of range,1,1,0,0,,,,
DJI_20260917132404_0097_D.JPG,Cam 7,17,SWASTIKAPADAM,INCORRECT,INSUFFICIENT_ARAMANDI,RIGHT,dwpose_l_wholebody,coco_wholebody_133,1,1,OK,627.7,419.65,208.05,67,1,1,44.0,1.0,1.0,1.0,0.0,0.0,9.52146136683541,5.5631955170159415,7.542328441925676,170.4785386331646,174.43680448298406,,,,,,,,,,,,,,,,,2.41950012211545,,,,,,,,1.2555535729814262,0.991232080799959,1.1233928268906925,11.762567469681366,5.782159391684139,1.6698704254344496,0.8208630461171711,7.044000115530583,1.3166696398305693,1.3558881660565116,,,,,,,,,,1.762401108053477,0.0,64.5262098126724,64.5262098126724,SAGITTAL,,0.0,0.141964790402999,454.52262937521505,,,,,,,,,,,,,,,,,,,,,-0.47499907198286206,,,,,,,,,,,,,,,,,,,,-0.4998754676447621,BODY,0.9614,0.9614,0.6169,0.047,0.8932,SAMAPADHAM,CORRECT,,,,mean_knee_flexion_deg,7.542328441925676,<= 5°,,True,2 parameter checks within range,0,0,0,23,,,,
DJI_20260917132406_0098_D.JPG,Cam 7,17,SWASTIKAPADAM,INCORRECT,INSUFFICIENT_ARAMANDI,RIGHT,dwpose_l_wholebody,coco_wholebody_133,1,1,OK,632.63,430.07,202.56,67,1,1,65.0,1.0,1.0,1.0,1.0,1.0,18.026779741239437,4.267903068149167,11.147341404694302,161.97322025876056,175.73209693185083,,,,,,,,,,,,,,,,,1.5693423156437138,,,,,,,,1.5325272660179803,1.5325272660179803,1.5325272660179803,17.384534844160807,8.380969167696492,1.656912598359195,0.7987865953790857,10.492125451503197,1.8072269510434842,1.8597634387683868,,,,,,,,,,2.68375487797527,4.537770006490446,43.85340767435423,43.85340767435423,SAGITTAL,,1.0,0.09530957331974436,460.11545479523767,left,80.30275447520009,140.36108509686846,117.05261204381031,39.638914903131536,16.164638057297566,39.45157204309949,0.18225404769966894,0.49762862748786413,0.517136355055244,0.848684631580793,0.6322850635321698,0.5308052763319285,0.5218867184324679,0.23409636764276895,-0.166916937999402,118.42551990108433,68.07806169385253,111.92193830614747,9.616591284757924,0.36042509868947237,42.37456223397468,126.37486105006401,76.23241897962492,53.62513894993599,11.459585378592427,18.092886223037457,0.23544295561700898,0.3762333330300345,0.4538981041739496,1.1749623820110158,0.8277575276968987,0.42570713574856295,0.4726877569519845,0.20661120893019716,-0.3448228664850046,107.78854052544821,127.82049048987818,52.17950951012182,154.90845130891827,0.4348825698439049,BODY,0.9526,0.9313,0.6676,0.0509,0.9526,SWASTIKAPADAM,INCORRECT,INSUFFICIENT_ARAMANDI,Insufficient Aramandi,CANONICAL,mean_knee_flexion_deg,11.147341404694302,30-45°,,False,1 of 2 parameter checks out of range,1,1,1,2,0.6216,0.5634,0.7422,0.6296
DJI_20260917132414_0099_D.JPG,Cam 7,18,SWASTIKAPADAM,INCORRECT,INSUFFICIENT_ARAMANDI,LEFT,dwpose_l_wholebody,coco_wholebody_133,1,1,OK,623.36,425.35,198.01,67,1,1,67.0,1.0,1.0,1.0,1.0,1.0,21.746542263825432,8.794584578351504,15.270563421088468,158.25345773617457,171.2054154216485,,,,,,,,,,,,,,,,,1.0184805392539507,,,,,,,,0.4338524810923136,0.9761879973460599,0.7050202392191868,18.113679638706117,8.351816260985812,1.4842094031545365,0.6843360639704654,12.204261474295558,3.0678594583623964,2.0863654937213,,,,,,,,,,4.61061940949878,163.30072359515054,36.777603869700876,36.777603869700876,SAGITTAL,,1.0,0.08193859186860145,448.84349402389364,left,42.3878173828125,171.38916941098313,155.62873006520437,8.61083058901687,15.513889531788964,23.334025359401192,0.2567198765890741,0.4435478529321134,0.7701596297672222,1.3606056921810599,0.933460985783072,2.1997122410078367,2.141830027726772,0.9675631579085855,-0.09935128211985012,167.81436503260218,96.36455870125754,83.63544129874246,90.0,0.37976778342040746,0.0,,,,,,,,,,,,,,,,,,,1.6748813172716106,MUDRA,0.9398,0.8052,0.721,0.1037,0.9923,PATAKA,CORRECT,,,,mean_interfinger_spread_deg,15.513889531788964,<= 10°,,True,3 parameter checks within range,0,0,0,0,0.9398,0.558,0.2862,0.086
DJI_20260917132415_0100_D.JPG,Cam 7,18,SWASTIKAPADAM,INCORRECT,INSUFFICIENT_ARAMANDI,LEFT,dwpose_l_wholebody,coco_wholebody_133,1,1,OK,615.71,436.23,179.48,67,1,1,66.0,1.0,1.0,0.0,1.0,1.0,19.664743263077355,11.516463563532994,15.590603413305175,160.33525673692264,168.483536436467,,,,,,,,,,,,,,,,,3.882886012245476,,,,,,,,-0.5570947144264806,0.9284988360744694,0.18570206082399437,32.68246177265476,15.691296609534406,1.5891042817822785,0.7629506859789229,20.566593487495588,5.783462661116206,3.4690927504803715,,,,,,,,,,0.9392223181102551,,21.288773657562924,21.288773657562924,SAGITTAL,,1.0,0.048622539294511574,437.83755366240126,right,0.0,,,,,,,,,,,,,,,,,,,0.941557022665462,3.009765625,146.6007062950097,112.5,33.3992937049903,57.255750468867646,61.974093077318564,30.970176292450788,46.45526443867618,65.6976650128044,35.863047577497014,0.4773204579997474,65.6976650128044,46.45526443867618,30.383547045335728,-32.34366491489022,180.0,,,90.0,1.6786883438926885,MUDRA,0.4866,0.8428,0.7372,0.0696,0.994,ALAPADMA,CORRECT,,,,mean_interfinger_spread_deg,57.255750468867646,>= 12°,,False,2 parameter checks within range,0,0,0,1,0.0797,0.4866,0.172,0.0
DJI_20260917132812_0102_D.JPG,Cam 7,19,PATAKA,INCORRECT,ELBOWS_NOT_ALIGNED,,dwpose_l_wholebody,coco_wholebody_133,1,1,OK,672.98,439.27,233.71,67,1,1,67.0,1.0,1.0,1.0,1.0,1.0,6.126498139179233,9.24609451782294,7.686296328501086,173.87350186082077,170.75390548217706,,,,,,,,,,,,,,,,,2.7500699624130527,,,,,,,,-0.11504490829046392,-0.11504490829046392,-0.11504490829046392,6.8834989536076145,3.3171176741143227,1.5658800476420898,0.7545883883448969,4.395929920668459,1.95913984921467,1.2325208450231702,,,,,,,,,,5.440346639557233,10.520752252292434,112.22265046840117,112.22265046840117,SAGITTAL,,1.0,0.227483153291019,493.3229069707629,left,105.81299674183117,173.39033686690397,171.79118987922493,6.609663133096035,0.921533189008941,1.1293153861852927,0.12312103156697303,0.17187650041230904,0.0893482089805438,0.9868292724321135,0.8436791277165873,1.186109204923208,1.3256184460121037,0.5581922873967006,-0.07157174211308714,173.0116008441849,155.98127062746894,24.018729372531055,11.381501459442799,0.8990510164243917,89.29768884395163,164.1949176973683,134.45850530289042,15.80508230263169,2.555644360625107,3.9204087229198588,0.01906059472900851,0.04288702164235123,0.05718178418702553,0.9594555426648163,1.0125663247309584,1.2033989545270047,1.2033989545270047,0.5348439797897798,0.007974164328764632,174.9054364014478,175.70936854558715,4.290631454412846,9.462302893552435,0.9106784594304286,MUDRA,0.9562,0.9246,0.6219,0.0733,0.8959,PATAKA,CORRECT,,,,mean_interfinger_spread_deg,0.921533189008941,<= 10°,,False,3 parameter checks within range,1,0,0,0,0.9562,0.442,0.3649,0.3123
DJI_20260917132815_0103_D.JPG,Cam 7,19,PATAKA,INCORRECT,ELBOWS_NOT_ALIGNED,,dwpose_l_wholebody,coco_wholebody_133,1,1,OK,638.25,420.23,218.02,67,1,1,67.0,1.0,1.0,1.0,1.0,1.0,3.613874657343956,8.643854675357488,6.128864666350722,176.38612534265604,171.3561453246425,,,,,,,,,,,,,,,,,2.5113677577664557,,,,,,,,-0.0768647346635917,0.03843345683902,-0.01921563891228585,6.937186663096351,3.3244689579090743,1.581812492854648,0.7580431066822237,4.38559354818157,1.9231942377771334,1.4225462881765814,,,,,,,,,,6.340135152667588,11.142869757427585,112.04176511591147,112.04176511591147,SAGITTAL,,1.0,0.22801930662604086,491.3696422192163,left,108.02728847873993,172.77020063613912,170.75279588502906,7.229799363860877,1.0078013126779988,1.6698698104727079,0.1291398067897791,0.19621830009617516,0.133454209923051,1.0042240171803045,0.8170304881690565,1.2131048972271226,1.3386871834219638,0.5671083643863087,-0.09465563361061435,172.96651499976008,155.24425858838197,24.755741411618033,11.31000865802347,0.8900691632745925,96.51672638248807,172.62293360044066,169.47604907302883,7.3770663995593395,0.4062935642873104,0.738959135453419,0.023723489466403107,0.04529098794028444,0.04529098794028444,0.9918166948773647,1.0102154727278319,1.241261874690051,1.242542731828496,0.5519825363753199,0.005820619354291567,174.58052862124828,175.33019690288816,4.6698030971118385,10.437490354535477,0.9042913326654287,MUDRA,0.9583,0.9339,0.603,0.0683,0.8645,PATAKA,CORRECT,,,,mean_interfinger_spread_deg,1.0078013126779988,<= 10°,,False,3 parameter checks within range,1,0,0,0,0.9583,0.4511,0.3516,0.295
DJI_20260917132844_0104_D.JPG,Cam 7,20,ALAPADMA,INCORRECT,ELBOWS_NOT_ALIGNED,,dwpose_l_wholebody,coco_wholebody_133,1,1,OK,654.13,442.04,212.09,67,1,1,67.0,1.0,1.0,1.0,1.0,1.0,2.457170531238603,10.91113480568194,6.684152668460271,177.5428294687614,169.08886519431806,,,,,,,,,,,,,,,,,3.2210320729949062,,,,,,,,-0.18749508454581204,0.18750223429735816,3.5748757730574843e-06,11.374997318843171,5.499996425124227,1.5732681734533815,0.7607007797198604,7.230170616033395,3.1306187600834194,2.756383002588958,,,,,,,,,,12.926007491321842,24.057343350454694,68.29345703125,68.29345703125,SAGITTAL,,1.0,0.13830932257427397,493.773346294683,right,60.39189224011593,168.57441374361557,160.60018442647106,11.425586256384435,41.13282695074069,56.322049430431576,0.8476137644860323,1.029134619262331,1.6867205072111273,1.1173613896312873,0.6208853305275635,1.6583178165962236,1.6252672619807815,0.7660439640082362,-0.24503324556433848,163.77732148809787,151.34399341763032,28.656006582369685,74.707085624482,0.6911624340430704,102.23269892011999,169.28210266100902,162.85176061420225,10.71789733899098,40.53654022495973,46.37856159017908,0.771370550487099,0.8191958961993521,1.7865574345671258,1.082040217981424,0.7652990159390145,1.1368562871901837,1.0634036400092735,0.5562568111595814,-0.22622251751382938,170.01884882513144,125.19551985431998,54.80448014568002,61.38954033403479,0.8787085750801458,MUDRA,0.9244,0.9302,0.6095,0.0709,0.8761,ALAPADMA,CORRECT,,,,mean_interfinger_spread_deg,40.53654022495973,>= 12°,,True,2 parameter checks within range,1,0,0,0,0.7388,0.9244,0.2884,0.2626
DJI_20260917132846_0105_D.JPG,Cam 7,20,ALAPADMA,INCORRECT,ELBOWS_NOT_ALIGNED,,dwpose_l_wholebody,coco_wholebody_133,1,1,OK,632.44,439.46,192.98,67,1,1,67.0,1.0,1.0,1.0,1.0,1.0,1.8476266695330708,4.113330386281859,2.980478527907465,178.15237333046693,175.88666961371814,,,,,,,,,,,,,,,,,2.75009983396637,,,,,,,,-0.1424929046867466,0.2849858093734932,0.0712464523433733,12.824489307341915,6.127257829332903,1.5702415121075686,0.7502267239208141,8.167208170499176,3.7075912690946806,3.1478034947888793,,,,,,,,,,10.060701323246725,24.057375492571676,60.13525848944952,60.13525848944952,SAGITTAL,,1.0,0.12244086095565755,491.1371744701121,right,64.67535346451251,172.01326817533146,169.74475752707878,7.986731824668539,18.50377123811184,40.71525153488054,0.4739246945155191,0.9206287587360731,1.293214337949039,1.233049007876984,0.8368303749662466,1.06245101741194,1.4895038767934978,0.6635368204772903,-0.16432663827567362,173.610858748933,149.67472530763612,30.325274692363877,74.94565319157661,0.6960876298716309,99.41224341303943,169.20270207094134,160.33001064080872,10.797297929058658,44.88544127829616,52.35238895070966,0.7954786139614108,0.8478120408282072,1.8320373094290687,1.085967368119912,0.7812054324502749,1.1599527310635585,1.0747112121353404,0.5659011385924542,-0.2091173842828764,168.64162607233925,126.07436369796201,53.92563630203799,64.34843749556299,0.8902007750300751,MUDRA,0.9474,0.9194,0.5665,0.0709,0.7921,ALAPADMA,CORRECT,,,,mean_interfinger_spread_deg,44.88544127829616,>= 12°,,True,2 parameter checks within range,1,0,0,0,0.7241,0.9474,0.2941,0.2558
DJI_20260917132914_0106_D.JPG,Cam 7,21,ALAPADMA,CORRECT,,,dwpose_l_wholebody,coco_wholebody_133,1,1,OK,660.09,441.33,218.76,67,1,1,67.0,1.0,1.0,1.0,1.0,1.0,4.714735174646336,3.5691204816330355,4.141927828139686,175.28526482535366,176.43087951836696,,,,,,,,,,,,,,,,,2.0007778886486487,,,,,,,,-0.2785495898977771,0.46423871114354825,0.09284456062288557,17.966008426267628,8.54197796781508,1.688926380681384,0.8030037385460114,10.637532003626697,4.74341213087402,4.296143987082993,,,,,,,,,,64.9831741962825,20.136280993582844,46.041019252465766,46.041019252465766,SAGITTAL,,1.0,0.09400676770317269,489.7628157776975,right,69.46208841972648,131.317998655639,55.900779307443216,48.682001344361,49.631290162836024,118.93156234064173,0.8914522108319028,1.5633161901263848,1.8837504909642584,1.1972278396225788,0.5110545136723986,1.3927620188279726,2.163838164454958,0.8262507069583523,-0.360650558302833,100.85509676111823,170.26332328955118,9.736676710448819,112.65717434048848,0.7289529269775874,75.75200264729814,160.96861736430063,142.6749993561263,19.031382635699373,39.33042801686411,46.43905964932021,0.6423855241988243,0.7677961039119687,1.624808838823565,0.9434763134967401,0.5660869210509791,0.9577216662118253,0.7177655273848067,0.3986697786987002,-0.5568930649730808,152.1473723646223,143.77442273445055,36.22557726554945,94.93601532953717,0.5780375913386495,BODY,0.9657,0.9657,0.5732,0.0424,0.82,SAMAPADHAM,CORRECT,,,,mean_knee_flexion_deg,4.141927828139686,<= 5°,,False,2 parameter checks within range,0,1,0,0,0.5502,0.9171,0.2537,0.4028
DJI_20260917132916_0107_D.JPG,Cam 7,21,ALAPADMA,CORRECT,,,dwpose_l_wholebody,coco_wholebody_133,1,1,OK,605.32,418.24,187.08,67,1,1,67.0,1.0,1.0,1.0,1.0,1.0,1.145065664941228,1.5019212524506145,1.3234934586959213,178.85493433505877,178.49807874754939,,,,,,,,,,,,,,,,,2.2704281056785747,,,,,,,,-0.4472085004583715,0.5962808311880295,0.07453616536482902,28.54690551887288,13.639905968498645,1.685900481028204,0.805534737145803,16.932734666201988,7.3181025355357665,6.7346022347620345,,,,,,,,,,64.85518317904871,25.38790935214204,28.750396877120263,28.750396877120263,SAGITTAL,,1.0,0.05905720603984991,486.8228418682797,right,59.463713827087496,155.72784329031418,135.83230116160794,24.272156709685817,72.80110652195151,159.6743060286181,1.1677939617052737,2.5172463336587145,2.0792686620936824,0.9806038582410774,0.4727516333956498,1.6118626050574254,1.4575795913985248,1.0573152339831124,-0.8459072756833002,157.91615058080396,170.92445814904946,9.075541850950543,120.1136924530434,0.7514612293190635,61.75671373737449,163.61279951106826,153.35534436784917,16.38720048893174,37.328857773341085,62.36706840943189,0.7737065784403958,1.2834841731046405,2.0180588009921094,1.1378154847242627,0.63572629147908,1.1233184185299945,0.7419007060106241,0.45101044982586797,-0.7136117486273205,157.99556676654225,162.21360434434413,17.786395655655866,81.15819290026461,0.5629464195424945,BODY,0.9448,0.9448,0.5441,0.0424,0.7503,SAMAPADHAM,CORRECT,,,,mean_knee_flexion_deg,1.3234934586959213,<= 5°,,False,2 parameter checks within range,0,1,0,0,0.5893,0.9196,0.1154,0.2951
DJI_20260917132941_0108_D.JPG,Cam 7,22,MUSHTI,CORRECT,,,dwpose_l_wholebody,coco_wholebody_133,1,1,OK,650.06,442.91,207.15,67,1,1,65.0,1.0,1.0,1.0,1.0,1.0,2.3565392718167004,7.53255632298638,4.94454779740154,177.6434607281833,172.46744367701362,,,,,,,,,,,,,,,,,2.054567838873255,,,,,,,,-0.1212630427615847,0.0,-0.06063152138079235,11.399169403978755,5.487368338847793,1.6850161942260304,0.8111384423688276,6.765020682317345,2.9735285967062204,2.485988989553453,,,,,,,,,,67.67135340795006,18.17798470505824,70.75591977243465,70.75591977243465,SAGITTAL,,1.0,0.14781920809404708,478.66526065690715,left,91.16545579796701,122.23425892069172,90.0,57.765741079308285,27.99038678997897,27.99038678997897,0.07486772238787522,0.07486772238787522,1.1757588631108302,0.6172398973450975,0.971475573490766,0.0,,,0.021593668193793603,138.35138838103757,167.24441308742976,12.755586912570237,122.921057693819,0.802014509781117,70.07224375617088,155.69648162947337,137.83274606923015,24.303518370526632,5.596254782771003,12.428437043112257,0.21543651872643074,0.316898710383965,0.612021800768701,0.3959482075755009,1.0614493199168795,0.3010613735302002,0.4918239163801846,0.1784860812611605,0.02507431865112142,161.17095336712873,123.28135889894357,56.718641101056434,85.64576428606988,0.6559002518966949,MUDRA,0.9111,0.9672,0.583,0.0433,0.8386,MUSHTI,CORRECT,,,,pinky_relative_extension,0.971475573490766,<= 1.25,,False,3 parameter checks within range,1,1,0,2,0.4336,0.4071,0.9111,0.4255
DJI_20260917132943_0109_D.JPG,Cam 7,22,MUSHTI,CORRECT,,,dwpose_l_wholebody,coco_wholebody_133,1,1,OK,644.88,441.38,203.5,67,1,1,63.0,1.0,1.0,1.0,0.0,1.0,3.5114099047226546,2.448437872357516,2.9799238885400854,176.48859009527735,177.55156212764248,,,,,,,,,,,,,,,,,2.6025548130820977,,,,,,,,-2.0,-0.6666666666666666,-1.3333333333333333,63.33276469919254,30.333058493498616,1.7254903504069592,0.8264189946144735,36.70421262237451,16.455176218004752,13.682803576089697,,,,,,,,,,69.44395478041653,37.568598084704576,12.88037109375,12.88037109375,SAGITTAL,,1.0,0.02724482909600437,472.7638792800866,right,,,,,,,,,,,,,,,,,,,,,87.20293779674327,125.86884470994555,90.0,54.13115529005445,49.04388820889925,72.47438716243609,0.21121321814503904,0.33103597538878554,0.4947342374233664,0.1974846863849825,0.3452698809066859,0.0,0.33103597538878554,0.14712710017279357,-0.2511683755276697,143.80326706491832,89.30906010369517,90.69093989630483,84.30053993650664,0.6456321659929091,BODY,0.9689,0.9689,0.554,0.0355,0.7921,SAMAPADHAM,CORRECT,,,,mean_knee_flexion_deg,2.9799238885400854,<= 5°,,False,2 parameter checks within range,0,1,0,4,0.1849,0.4857,0.6758,0.3218
DJI_20260917132958_0110_D.JPG,Cam 7,23,KATAKAMUKHA,CORRECT,,,dwpose_l_wholebody,coco_wholebody_133,1,1,OK,668.02,441.42,226.6,67,1,1,67.0,1.0,1.0,1.0,1.0,1.0,0.16875993536473288,1.3784388265105463,0.7735993809376396,179.83124006463527,178.62156117348945,,,,,,,,,,,,,,,,,0.2604365245905884,,,,,,,,-1.941450686788302,-2.218769296470159,-2.0801099916292305,52.834571793945614,24.822534640986806,1.7317995685210492,0.8136273905750812,30.508479592165592,14.002591061729651,12.403343904023835,,,,,,,,,,71.22194345362696,29.981655613418503,15.50668732142911,15.50668732142911,SAGITTAL,,1.0,0.03277777238878841,473.08545368791295,left,67.07948950735431,104.66207821111962,9.936939983205562,75.33792178888038,84.99052986961618,150.7671463990036,0.48441731464153853,0.6094889389686108,1.316475010889964,0.6265051798919715,1.5072252654330491,0.0,0.6094889389686108,0.27088397287493854,0.058652411550392136,149.98864492408836,35.72636088568054,144.27363911431945,8.84927142593084,0.7362838840153488,60.49314606096895,131.36496374488902,119.17747207148753,48.635036255110975,41.050903261990506,62.736132079862486,0.634076201989063,0.6748428031279452,0.8575034978203,0.7340250407332743,1.1478099540843552,0.37250644735915733,0.7947891681842478,0.33230316333208804,0.4581267014697473,133.50095250000788,93.23436380634568,86.76563619365432,10.804395464475915,0.5706775508362514,BODY,0.9507,0.9507,0.5305,0.0341,0.736,SAMAPADHAM,CORRECT,,,,mean_knee_flexion_deg,0.7735993809376396,<= 5°,,False,2 parameter checks within range,0,1,0,0,0.2877,0.4207,0.8074,0.5665
DJI_20260917133000_0111_D.JPG,Cam 7,23,KATAKAMUKHA,CORRECT,,,dwpose_l_wholebody,coco_wholebody_133,1,1,OK,628.75,441.75,187.0,67,1,1,67.0,1.0,1.0,1.0,1.0,1.0,3.0131333164573277,1.295418009585518,2.154275663021423,176.98686668354267,178.70458199041448,,,,,,,,,,,,,,,,,1.5481569064947762,,,,,,,,-0.9428001089406066,-1.4142001634109098,-1.1785001361757583,44.54733194524108,21.213009150613004,1.7020813177563274,0.810514681620783,26.17227007929509,11.822653219224799,10.233303936140329,,,,,,,,,,72.21612943037884,37.79391080876015,18.22094712823395,18.22094712823395,SAGITTAL,,1.0,0.038208378446740125,476.88354934069514,right,31.297935913747374,92.72473814372633,88.46367033679468,87.27526185627367,19.07866427078936,37.30227964743146,0.3380330714458095,0.37235007847878215,1.0018155168774208,0.35148518869613377,2.2543023706567134,0.33542701625068255,0.6188848609025511,0.24815991150840144,0.18126778384411052,93.32913084247696,128.08426888437862,51.915731115621384,90.57007843942633,0.7598479949455879,40.498367128929566,,,,14.447494902793885,43.342484708381654,0.0,0.0,0.0,1.0570040878123639,1.0,0.0,0.0,0.0,0.0,,169.59587245990932,10.404127540090684,79.81335297658087,0.5688516648385317,BODY,0.9569,0.9569,0.5499,0.0395,0.7715,SAMAPADHAM,CORRECT,,,,mean_knee_flexion_deg,2.154275663021423,<= 5°,,False,2 parameter checks within range,0,1,0,0,0.9669,0.4282,0.5503,0.3902
DJI_20260917133037_0112_D.JPG,Cam 7,24,PATAKA,INCORRECT,FINGERS_TOO_FAR_APART,,dwpose_l_wholebody,coco_wholebody_133,1,1,OK,642.9,429.71,213.19,67,1,1,67.0,1.0,1.0,1.0,1.0,1.0,3.652222038350601,5.326710528646515,4.489466283498558,176.3477779616494,174.67328947135348,,,,,,,,,,,,,,,,,3.4832795274373525,,,,,,,,-0.1240334191894333,0.12403698173019585,1.7812703812791764e-06,11.566226778178294,5.4575238824465035,1.6187423680544055,0.7638035551795009,7.145193087198886,3.103343634198661,2.6696265287236054,,,,,,,,,,56.88861875339526,26.965710409258193,68.52991762662087,68.52991762662087,SAGITTAL,,1.0,0.13995423045901587,489.65949369204054,right,58.21796662959978,173.69185427211593,170.0027775863927,6.308145727884067,7.108960355008196,9.040537863914635,0.5945690016252919,0.6928983094973571,1.433910569773711,1.3224902002536465,1.0888563777216937,0.7071379928253451,1.3993101229798703,0.4717171725842286,0.22815467480460283,170.6063459756696,119.73578759751734,60.264212402482656,25.572292152654693,0.7651462651883842,67.5042333009456,173.49307381391026,172.0800963021061,6.506926186089743,5.749508529348849,8.279282970087134,0.5182736200840731,0.5966428550377858,1.2344821485959268,1.2956354688648166,1.0599698693139525,0.7003691265085943,1.2963960315156595,0.4445058112463049,0.19563841630822143,173.6395705858749,158.17679594514212,21.823204054857882,24.269053808732856,0.7299832677797374,MUDRA,0.9538,0.9449,0.5836,0.058,0.8281,PATAKA,INCORRECT,FINGERS_TOO_FAR_APART,Fingertips too far apart,CANONICAL,mean_adjacent_fingertip_gap_norm,0.5182736200840731,<= 0.3,,False,1 of 3 parameter checks out of range,1,1,1,0,0.9538,0.5558,0.3527,0.5674
DJI_20260917133040_0113_D.JPG,Cam 7,24,PATAKA,INCORRECT,FINGERS_TOO_FAR_APART,,dwpose_l_wholebody,coco_wholebody_133,1,1,OK,659.25,448.97,210.28,67,1,1,67.0,1.0,1.0,1.0,1.0,1.0,4.179002956200208,4.306387558472892,4.24269525733655,175.8209970437998,175.6936124415271,,,,,,,,,,,,,,,,,3.483264782580291,,,,,,,,-3.000086060988554,0.5000143434980923,-1.2500358587452307,94.00134828882068,44.50064545741415,1.631762693875783,0.7724835274457131,57.60724193635504,25.17973715232022,22.00596820647343,,,,,,,,,,55.71311374988726,30.37909255715631,8.510498046875,8.510498046875,SAGITTAL,,1.0,0.01735892860666387,490.26631998520514,right,57.5612621770976,172.85634373330825,170.33618535227785,7.14365626669175,6.140502864347103,9.236035414055436,0.6098299439999856,0.7075948190159432,1.438159246262727,1.3518612007767683,1.0833982765996797,0.7226210512974668,1.4302144604238949,0.47842263161584336,0.25387460717352694,170.60279473115224,118.79699518973219,61.203004810267814,25.05401451364618,0.7531529892666021,85.18307246084854,174.39745636564157,173.85371742387247,5.602543634358426,5.779897142138036,8.205508303442583,0.41135572108048235,0.4687372906337564,0.9767386508231367,1.0795772202234732,1.0530041122779457,0.5707847566066061,1.0395187457042276,0.35784871335208457,0.1711052136836715,173.93190893993105,146.15359944730392,33.84640055269608,22.507372176047124,0.6767552036067611,MUDRA,0.9688,0.9485,0.5802,0.0548,0.8224,PATAKA,CORRECT,,,,mean_interfinger_spread_deg,5.779897142138036,<= 10°,,True,3 parameter checks within range,1,0,0,0,0.9688,0.5386,0.4266,0.7103
DJI_20260917133120_0116_D.JPG,Cam 7,25,KATAKAMUKHA,INCORRECT,FINGERS_BENT,,dwpose_l_wholebody,coco_wholebody_133,1,1,OK,626.57,436.73,189.84,67,1,1,67.0,1.0,1.0,1.0,1.0,1.0,1.8554615829964405,1.7654264311257464,1.8104440070610934,178.14453841700356,178.23457356887425,,,,,,,,,,,,,,,,,2.798894607420967,,,,,,,,0.18107046514363367,0.18107046514363367,0.18107046514363367,17.246893941353672,8.238677452521802,1.691313167880904,0.8079242389241456,10.197339126119862,4.530360726071876,3.8067728852429905,,,,,,,,,,64.39781478085,23.428634090081317,46.76776917777603,46.76776917777603,SAGITTAL,,1.0,0.09806479784893697,476.9068024778781,right,59.568521117275324,107.95082125399865,50.35992396926329,72.04917874600135,71.09528675806179,142.40737381742701,0.6418298171800222,0.7305799865280383,1.8815598590799851,0.6892216269393933,2.712395842918801,0.15382224865290756,0.591416863089879,0.2594391931940463,0.5132032392383568,141.5316788997854,73.10733515651116,106.89266484348884,1.0492604560042103,0.7481692544163038,156.88427734375,,,,,,0.0,0.0,0.0,0.19999999999999943,1.0,0.0,0.0,0.0,0.0,,23.136576830093254,156.86342316990675,0.0,0.42180770503167375,BODY,0.951,0.951,0.5481,0.0414,0.7628,SAMAPADHAM,CORRECT,,,,mean_knee_flexion_deg,1.8104440070610934,<= 5°,,False,2 parameter checks within range,0,0,0,0,0.487,0.0819,0.6676,0.295
DJI_20260917133122_0117_D.JPG,Cam 7,25,KATAKAMUKHA,INCORRECT,FINGERS_BENT,,dwpose_l_wholebody,coco_wholebody_133,1,1,OK,622.9,418.89,204.01,67,1,1,64.0,1.0,1.0,1.0,1.0,0.0,3.946363777681114,1.229769945131693,2.5880668614064035,176.0536362223189,178.7702300548683,,,,,,,,,,,,,,,,,1.2730415736286012,,,,,,,,-0.44726057653109036,0.894468951781073,0.22360418762499132,87.20683380321209,42.26176567521554,1.7329046360576479,0.8397920950991514,50.324081307559624,22.812325283150667,21.038130317200466,,,,,,,,,,62.488011076113665,24.962790647794808,9.353817370731727,9.353817370731727,SAGITTAL,,1.0,0.019871202295545558,470.722265900767,left,55.15125165234032,109.46496793261974,84.57747342309915,70.53503206738026,55.58055931166615,145.49807205180113,0.6536478861303266,0.8795826148557975,1.669964434617396,0.675523913906694,0.7604372131273716,2.2987936786833663,1.9541721062369035,0.9672139808543384,-0.7448677702115476,87.28873671154957,96.71255898754892,83.28744101245108,19.408055812708678,0.7404118002482025,,,,,,,,,,,,,,,,,,,,,MUDRA,0.7208,0.9678,0.5483,0.0342,0.7824,ALAPADMA,INCORRECT,PALM_NOT_OPEN,Palm not fully opened,SECONDARY,palm_opening_norm,0.675523913906694,>= 1.3,,False,1 of 2 parameter checks out of range,0,1,0,3,0.1424,0.7208,0.4752,0.1698
DJI_20260917133139_0118_D.JPG,Cam 7,26,MUSHTI,INCORRECT,PINKY_DROPPED,,dwpose_l_wholebody,coco_wholebody_133,1,1,OK,624.19,444.3,179.89,67,1,1,67.0,1.0,1.0,1.0,1.0,1.0,0.5463838263804917,5.153819308730732,2.850101567555612,179.4536161736195,174.84618069126927,,,,,,,,,,,,,,,,,4.436484245895532,,,,,,,,0.23008848229921186,-0.1533923215328079,0.03834808038320198,14.150463769138405,6.749275412085673,1.5857524721945315,0.7563483674350475,8.92350099858618,3.535522731621894,2.995080823845456,,,,,,,,,,45.909432034274516,20.74606369713791,55.21610519916719,55.21610519916719,SAGITTAL,,1.0,0.11206363961391812,492.72096988280794,left,63.159542124990814,158.18158431690955,134.33523146554677,21.81841568309045,12.95907797750659,19.688284834523017,0.26950299541610906,0.2910942590650194,0.7682137442549186,0.5152603271528313,1.1249275820823579,1.5230374645352294,1.2370968883472166,0.613832730984487,0.05988284054592696,152.58053893356657,173.49133558708675,6.508664412913248,90.72977817867356,0.7548311626894736,1.2701416015625,99.30776938431107,45.33637293016997,80.69223061568893,62.62066842972198,87.75863020761794,57.52301094476877,73.40694892897578,38.57164824603556,56.73880431931939,1.4318329654989537,73.0004805382028,77.49245223917029,35.046450079481595,-39.324539691588754,112.64016678369356,8.984289536485253,171.01571046351475,90.0,0.4060276745618483,BODY,0.9245,0.9245,0.5657,0.0664,0.7889,SAMAPADHAM,CORRECT,,,,mean_knee_flexion_deg,2.850101567555612,<= 5°,,False,2 parameter checks within range,0,0,0,0,0.7155,0.4606,0.6523,0.3
DJI_20260917133141_0119_D.JPG,Cam 7,26,MUSHTI,INCORRECT,PINKY_DROPPED,,dwpose_l_wholebody,coco_wholebody_133,1,1,OK,629.86,422.99,206.87,67,1,1,67.0,1.0,1.0,1.0,1.0,1.0,1.0088895611826274,7.726397302874545,4.367643432028586,178.99111043881737,172.27360269712545,,,,,,,,,,,,,,,,,3.945196549223538,,,,,,,,0.1428589178107722,0.07142531734691765,0.10714211757884493,13.428556045639974,6.24999275227268,1.6168490125105675,0.7525228010640284,8.305386552321755,3.4315434466197288,2.9294414126459856,,,,,,,,,,40.91438743590958,18.189056714219117,58.948974609375,58.948974609375,SAGITTAL,,1.0,0.1204037877948561,489.59402099385966,right,69.87069962158385,149.97585406576553,135.50217748016075,30.02414593423447,13.653959492080844,19.631830321347703,0.21081969617701946,0.2349689211309827,0.6168934604748584,0.3533709698330418,1.5485499918465717,1.2881373374138074,1.0543514916293129,0.5206554657131016,0.05651614051263587,140.02619770119856,173.5213323146413,6.478667685358687,83.77419807478358,0.7381818574795416,166.3673095703125,77.26838674125565,0.0,102.73161325874435,120.0,180.0,0.5968469245174989,0.9909911430271608,0.19144151250182517,0.4095721123120799,1.0321507720490501,0.2117118075606014,0.9864867145407412,0.3913914714490847,0.04436931764402002,109.5367734825113,91.57545021755533,88.42454978244467,90.0,0.7598558357968658,MUDRA,0.7017,0.9438,0.5823,0.0585,0.8253,MUSHTI,CORRECT,,,,pinky_relative_extension,1.0321507720490501,<= 1.25,,False,3 parameter checks within range,1,0,0,0,0.2324,0.3296,0.7017,0.584
DJI_20260917131822_0036_D.JPG,Cam 8,1,ARAMANDI,CORRECT,,,dwpose_l_wholebody,coco_wholebody_133,1,1,OK,644.68,431.18,213.5,67,1,1,67.0,1.0,1.0,1.0,0.0,0.0,46.350358835389045,38.17064617251222,42.26050250395063,133.64964116461096,141.82935382748778,8.179712662876824,0.5456671011051082,0.3409520720903919,1.8236882101682368,5.348811048389075,7.43139410761556,4.635444482766426,84.80555275152173,75.37909630905128,80.0923245302865,9.426456442470453,26.231944543083245,31.80662213470447,29.019283338893857,1.4999990577097277,2.748927055840211,0.24484068999647746,2.935631873992142,1.6846585319870222,2.935631873992142,0.007349889628781139,0.014699300873702035,0.9705213119478584,0.011024595251241586,-0.07349793952009091,-0.17639448078758588,-0.12494621015383839,2.4621690143265393,1.3817543742501215,1.431610755676214,0.8034113061975141,1.7198592596236442,0.8118084175034217,0.6988067685438739,38.223215738360715,0.5456671011051082,-0.5438822648525995,-1.4993506947751787,0.0,0.02939860174740407,0.8084725508823976,0.808473507650118,0.8084730292662579,43.93913816997649,43.393967717981276,255.1723054324313,255.1723054324313,CORONAL,BACK,0.0,0.5814429258698932,438.8604522974797,,,,,,,,,,,,,,,,,,,,,0.3255140076111055,,,,,,,,,,,,,,,,,,,,0.3191398554937171,BODY,0.9702,0.448,0.9702,0.1563,0.3812,ARAMANDI,INCORRECT,FEET_NOT_IN_LINE,Feet not turned out symmetrically / V-shaped,CANONICAL,turnout_deviation_deg,35.092324530286504,<= 20°,,True,2 of 8 parameter checks out of range,1,0,0,0,,,,
DJI_20260917131824_0037_D.JPG,Cam 8,1,ARAMANDI,CORRECT,,,dwpose_l_wholebody,coco_wholebody_133,1,1,OK,662.83,442.4,220.43,67,1,1,67.0,1.0,1.0,1.0,1.0,1.0,28.953926824481357,53.533775604720205,41.24385121460078,151.04607317551864,126.4662243952798,24.579848780238848,0.2968246068624697,0.11710120527264621,0.02618411393702168,0.22360242899342772,18.434575640742853,3.5760149208846217,87.95450118689483,85.31413403178726,86.63431760934105,2.640367155107569,15.195972728403902,19.667139088567154,17.431555908485528,0.6065010392802898,2.0432977093482854,1.9664724640721114,18.435135413403934,1.0608899415807558,18.435135413403934,-0.01851556746041544,-0.09257723432661687,0.9842771163915849,0.05554640089351615,-0.03703234087175154,-0.0925760283756962,-0.06480418462372387,3.1568665660345614,1.6848961377321536,1.4626577393859859,0.780655857434967,2.158308455236967,1.0375208285378181,1.133223467300296,7.11153351527085,0.2884220163777664,0.2962466674648057,0.5924909230277701,0.18515446865323373,0.0,1.036859718274058,1.036859718274058,1.036859718274058,44.9999666801897,47.910839964744504,202.44656794620303,202.44656794620303,CORONAL,FRONT,1.0,0.4633258038597671,436.9421393319952,right,32.2530742407208,171.05311415809956,165.33095299093355,8.94688584190044,16.680912980903035,28.835502051105586,1.2301968204502998,1.6081490700174503,3.304405349367329,1.9468197435865542,0.6146102339165723,2.113092406637546,3.011986666507254,1.2814728821201005,-0.8575521179215915,174.56082700673554,136.15922481082347,43.840775189176526,73.77973058825941,0.31012758967850235,37.2909148529614,172.17191087472662,168.2531227975387,7.8280891252733795,6.303155284178504,16.19614497686589,0.7674354839197393,0.987579607514374,2.0254760903454483,1.6218250578831648,0.6778389938966808,2.326957414567708,2.9844769622367413,1.2240238600458526,-0.5013163261324456,173.4188670951081,147.6433604389307,32.3566395610693,81.38446982245014,0.3241884876214605,BODY,0.9256,0.5245,0.9256,0.1413,0.6801,ARAMANDI,INCORRECT,FEET_NOT_IN_LINE,Feet not turned out symmetrically / V-shaped,CANONICAL,turnout_deviation_deg,41.63431760934105,<= 20°,,False,6 of 8 parameter checks out of range,1,0,0,0,0.7597,0.58,0.0955,0.0121
DJI_20260917131849_0038_D.JPG,Cam 8,2,SAMAPADHAM,CORRECT,,,dwpose_l_wholebody,coco_wholebody_133,1,1,OK,649.44,440.04,209.4,67,1,1,67.0,1.0,1.0,1.0,0.0,0.0,5.146627666976855,5.57289210805601,5.359759887516432,174.85337233302315,174.427107891944,0.4262644410791552,0.30867199317425226,0.26771154792271823,0.3565805370179252,1.3319579965256532,14.036321168023392,14.620856454553616,,,,,60.8024290576906,82.09068596329647,71.44655751049353,0.5845099779953715,1.893628158436138,1.541218046511274,2.2457412982354263,0.7440374848605931,2.2457412982354263,-0.012985913118340396,0.025971826236680793,0.95885415457696,0.019478869677510596,-0.0909017660514057,-0.09090101760535986,-0.09090139182838278,2.363436935983998,1.136267959189319,1.6316963751146254,0.7844695502299022,1.4484538741577877,0.11170957056406712,0.09453830907783974,14.375859496294868,0.3054538859551222,-0.298676375944852,-0.5843657161022949,0.15583095742008476,0.20777460989344634,0.6233238296803391,0.6363093685756565,0.6298165991279978,41.18592516570965,40.601311295036524,326.19669294413524,326.19669294413524,CORONAL,BACK,0.0,0.6903913323311425,472.480863632391,,,,,,,,,,,,,,,,,,,,,0.37805169718320636,,,,,,,,,,,,,,,,,,,,0.3658100679616362,BODY,0.9567,0.9567,0.6414,0.055,0.7503,SAMAPADHAM,CORRECT,,,,foot_gap_norm,0.008671993174252268,<= 0.05,,True,6 parameter checks within range,1,1,0,0,,,,
DJI_20260917131851_0039_D.JPG,Cam 8,2,SAMAPADHAM,CORRECT,,,dwpose_l_wholebody,coco_wholebody_133,1,1,OK,642.23,434.96,207.27,67,1,1,67.0,1.0,1.0,1.0,0.0,0.0,5.6804482361252155,4.246603923444667,4.963526079784941,174.31955176387478,175.75339607655533,1.4338443126805487,0.3427989077984581,0.274874350139471,0.394856212087405,1.4364971190911606,14.036243467926479,13.495713042962738,55.0081593612352,,55.0081593612352,,41.26293365058328,76.24214292976643,58.752538290174854,0.6001487460881327,1.750731208399819,1.2673862889244314,0.0,0.0,0.0,-0.013333053161774949,0.019999968869826846,0.969287327860654,0.016666511015800897,-0.09333292864108234,-0.10666598180285729,-0.09999945522196982,2.4666665888412336,1.1799997198284415,1.6367664593743831,0.7829935234147997,1.5070363732795826,0.162754097829797,0.10749615218323191,12.90362502661007,0.3400773429259935,-0.3333333333333333,-0.6000006226034631,0.14666669779683983,0.1866666355364935,0.6533336135048917,0.6533336135048917,0.6533336135048917,41.26861086978025,41.26861086978025,313.702880859375,313.702880859375,CORONAL,BACK,0.0,0.663553990952335,472.7616518576695,,,,,,,,,,,,,,,,,,,,,0.37523605415077643,,,,,,,,,,,,,,,,,,,,0.3640288426036243,BODY,0.952,0.952,0.6465,0.0537,0.7061,SAMAPADHAM,INCORRECT,FEET_NOT_ALIGNED,Feet not aligned / V-shaped,CANONICAL,turnout_deviation_deg,55.0081593612352,<= 8°,,False,1 of 7 parameter checks out of range,1,0,0,0,,,,
DJI_20260917132002_0040_D.JPG,Cam 8,3,MUZHUMANDI,CORRECT,,,dwpose_l_wholebody,coco_wholebody_133,1,1,OK,613.56,399.9,213.66,67,0,1,66.0,0.0,1.0,1.0,0.0,0.0,78.15790621968938,,78.15790621968938,101.84209378031062,,,1.1153835172295647,1.0385048895441387,0.09071070388271472,0.08734740182353212,0.5304749825069893,0.0,43.53114960388291,83.29014245420424,63.410646029043576,39.758992850321334,61.19180779288446,,61.19180779288446,,,1.7013629371011456,1.0808703677920044,0.0,1.0808703677920044,-0.03846196552183596,0.0048074482732365946,0.9916093464083071,0.021634706897536275,0.1923074482732366,0.13461568965845425,0.1634615689658454,1.3317289999809654,,0.9137877999620564,,1.457372269619121,0.2652516415163636,1.152121175616414,,,-1.1153835172295647,,0.3076917586147823,0.29807686206830913,0.6826925517267634,0.7019223448197098,0.6923074482732365,42.90977295167165,37.49262262679614,307.826171875,307.826171875,CORONAL,BACK,0.0,0.6861664797981551,448.61732675363436,,,,,,,,,,,,,,,,,,,,,1.0258383590195543,,,,,,,,,,,,,,,,,,,,-0.4948051182516307,BODY,0.5994,0.0965,0.4146,0.5994,0.1424,MUZHUMANDI,INCORRECT,KNEES_FACING_FORWARD,Feet and knees facing forward,CANONICAL,turnout_deviation_deg,18.410646029043576,<= 8°,,False,2 of 5 parameter checks out of range,1,0,0,1,,,,
DJI_20260917132004_0041_D.JPG,Cam 8,3,MUZHUMANDI,CORRECT,,,dwpose_l_wholebody,coco_wholebody_133,1,1,OK,673.26,443.01,230.25,67,1,1,67.0,1.0,1.0,1.0,0.0,0.0,66.43446678257969,93.64752782313273,80.04099730285621,113.56553321742031,86.35247217686727,27.213061040553043,1.0199095859275338,0.9262339711712978,0.16317142324411682,0.1761665284612411,4.763621173907946,2.161092179039008,44.999891820662995,88.91904701678651,66.95946941872475,43.91915519612351,55.1247645371533,6.160556178944432,30.642660358048865,0.8942418471250659,0.8767854126126463,0.3781944772896699,5.527535244541127,0.5508960585142179,5.527535244541127,-0.06730481154024136,-0.05768961024288785,0.9453840043486954,0.062497210891564604,0.21152963591807758,0.019230402594707017,0.1153800192563923,1.3557070388637893,1.3220548327863229,0.9306724685979414,0.9075707358444323,1.4566961896983617,0.2991475151436019,1.0193655869005458,5.0450531620853365,0.8915296490957826,-1.0191841793185075,-0.8941901569206866,0.15383922690457313,0.26921844739034884,0.6922761216852708,0.701890923597316,0.6970835226412934,43.363448194385875,41.68223427618103,305.6454755914874,305.6454755914874,CORONAL,BACK,0.0,0.6864849424828043,445.2325996926633,,,,,,,,,,,,,,,,,,,,,-0.6000322771703475,,,,,,,,,,,,,,,,,,,,0.30826885288314426,BODY,0.6059,0.1169,0.4315,0.6059,0.1301,MUZHUMANDI,INCORRECT,KNEES_FACING_FORWARD,Feet and knees facing forward,CANONICAL,turnout_deviation_deg,21.95946941872475,<= 8°,,False,3 of 6 parameter checks out of range,1,0,0,0,,,,
DJI_20260917132051_0042_D.JPG,Cam 8,4,SWASTIKAPADAM,CORRECT,,RIGHT,dwpose_l_wholebody,coco_wholebody_133,1,1,OK,698.43,470.08,228.35,67,1,1,67.0,1.0,1.0,1.0,0.0,0.0,3.7051942002378837,5.946270588989762,4.825732394613823,176.29480579976212,174.05372941101024,2.2410763887518783,0.24809930414093911,0.19078924542816544,0.279486628282264,1.464897183565277,58.39237553432491,40.91438322002513,84.80555650358315,36.02737338510361,60.416464944343375,48.77818311847954,15.94539177205769,47.36781096742439,31.65660136974104,0.5138299686846733,2.0710657390347986,1.2453830990527277,1.0809279869891182,0.7161621698975321,1.0809279869891182,-0.11874109253847025,-0.08749304834119134,0.9320419551885836,0.10311707043983079,-0.024998124744941102,-0.13748968609717607,-0.08124390542105858,2.187329702924706,1.0874157085422202,1.5213794564265823,0.7563431874763135,1.4377279078437857,0.276112539217418,0.17000562824600307,17.35576392311281,0.2049310628261187,-0.18748593558705828,-0.5124600042068825,0.32497406861982425,0.14998797193744157,0.6624487526765291,0.6874468774214703,0.6749478150489997,42.754215756947445,41.69814449407898,314.39858310133883,314.39858310133883,CORONAL,BACK,0.0,0.6955418995098575,452.01961711133845,,,,,,,,,,,,,,,,,,,,,0.31094604219993344,,,,,,,,,,,,,,,,,,,,0.3291285983527742,BODY,0.9307,0.9307,0.617,0.0868,0.7824,SAMAPADHAM,INCORRECT,FEET_NOT_ALIGNED,Feet not aligned / V-shaped,CANONICAL,turnout_deviation_deg,60.416464944343375,<= 8°,,True,1 of 7 parameter checks out of range,0,0,0,0,,,,
DJI_20260917132053_0043_D.JPG,Cam 8,4,SWASTIKAPADAM,CORRECT,,RIGHT,dwpose_l_wholebody,coco_wholebody_133,1,1,OK,1179.52,875.08,304.44,67,1,1,67.0,1.0,1.0,1.0,0.0,0.0,10.487585477215276,14.46963395382366,12.478609715519468,169.51241452278472,165.53036604617634,3.9820484766083837,0.13156837025563078,0.11767789035290609,0.18419503359450531,1.5652475842498528,63.43494882292201,36.87018164753682,87.51067481640007,55.3050594718833,71.40786714414168,32.20561534451677,17.630292765569166,24.933146617534888,21.281719691552027,0.6189274297775745,4.704226620539795,1.2453592360049819,1.2189137875654699,0.7538268251069418,1.2189137875654699,-0.1710374302888085,-0.1381456638020263,0.9741013130356428,0.1545915470454174,-0.013155565326187866,-0.11840987023733375,-0.06578271778176081,2.2958544309255973,1.1709512889651854,1.51703278526687,0.7737300202411023,1.5133848478572733,0.3028915483879789,0.20802605451697306,24.90276149255106,0.11711507248228432,-0.10525430491114589,-0.6183678185652768,0.39470282822499353,0.11841150062094091,0.6973077320568326,0.7236221234764226,0.7104649277666276,43.89832538240122,41.69818241398577,299.4885668962499,299.4885668962499,CORONAL,BACK,0.0,0.6607704586284516,453.24145924727395,,,,,,,,,,,,,,,,,,,,,0.3085201134899345,,,,,,,,,,,,,,,,,,,,0.31341217512951264,BODY,0.8959,0.8959,0.6583,0.0906,0.8274,SAMAPADHAM,INCORRECT,FEET_NOT_ALIGNED,Feet not aligned / V-shaped,CANONICAL,turnout_deviation_deg,71.40786714414168,<= 8°,,True,2 of 7 parameter checks out of range,0,0,0,0,,,,
DJI_20260917132118_0044_D.JPG,Cam 8,5,SWASTIKAPADAM,CORRECT,,LEFT,dwpose_l_wholebody,coco_wholebody_133,1,1,OK,644.63,424.34,220.29,67,1,1,67.0,1.0,1.0,1.0,1.0,1.0,2.978577273618072,6.605170871140388,4.79187407237923,177.02142272638193,173.3948291288596,3.626593597522316,0.0392251414951506,0.07016456478213198,0.055469612929370485,0.7905644836764711,0.0,63.43637837617246,0.0,3.5763065615053904,1.7881532807526952,3.5763065615053904,88.53120163387688,84.95489389824108,86.74304776605898,0.09446234262478924,2.4082090981486353,5.262405216748789,14.036243467926479,1.005084905544161,14.036243467926479,0.31574108862024874,0.13155855896649746,0.9932639959360055,0.22364982379337311,0.2982004945253706,0.28066044753114733,0.289430471028259,2.9381455270570154,1.3682106545535382,1.4631058685589253,0.6813267143058309,2.0081564773921103,0.2982004945253706,0.2812080696616395,2.937597906376665,0.018434682533562837,0.017541141195532996,0.08770570597766499,0.15787027075979695,0.10524684717319797,0.9472227187600915,0.9472227187600915,0.9472227187600915,64.25929071904336,46.54815595977726,223.12221968612212,223.12221968612212,CORONAL,FRONT,1.0,0.49796916289045795,448.06433071279156,right,0.0,,,,,,,,,,,,,,,,,,,0.9647074023385541,44.22135964315649,168.95723320346784,162.33945965143758,11.042766796532163,6.89120638519919,10.035032072801473,0.6273023415169161,0.7425592341276646,1.4835143644730584,1.648933061178001,0.6479197764721287,1.6943024128118025,2.2843772373932203,0.9080443255490895,-0.43867677472726485,173.06223762151683,139.12336236739912,40.876637632600875,78.55895428577233,0.29737453037136197,BODY,0.8971,0.8971,0.549,0.1083,0.8166,SAMAPADHAM,INCORRECT,WEIGHT_ON_ONE_LEG,More weight on one leg (landmark-based loading proxy),CANONICAL,weight_shift_proxy,0.22364982379337311,<= 0.1,,True,2 of 7 parameter checks out of range,0,0,0,0,0.7638,0.5374,0.1313,0.0157
DJI_20260917132120_0045_D.JPG,Cam 8,5,SWASTIKAPADAM,CORRECT,,LEFT,dwpose_l_wholebody,coco_wholebody_133,1,1,OK,689.7,477.17,212.53,67,1,1,67.0,1.0,1.0,1.0,0.0,0.0,5.556056280415248,17.523291080126086,11.539673680270667,174.44394371958475,162.47670891987391,11.967234799710837,0.022436687474599457,0.0654114507866137,0.05720172574666753,0.8744910112645556,14.03582070820515,45.0,10.619519677359477,8.746203804234455,9.682861740796966,1.8733158731250228,83.04829484754336,80.53767554660142,81.7929851970724,0.12082395329063453,5.385106577226213,1.023037061531957,0.0,1.8183156266936376,0.0,0.25384064928371824,0.22211038156241317,0.990356674302623,0.23797551542306572,0.25384015178814406,0.2062457451973348,0.23004294849273943,2.6732551556969875,1.253336122575642,1.5042233801434164,0.7052441270855901,1.7771663377829647,0.2582635285876798,0.20867227247928663,4.3839351740668775,0.016847557491056667,-0.01586513386065255,-0.1110549420334195,0.031729272730156736,0.4759500358549831,0.8884415262496527,0.8567112585283475,0.8725763923890001,42.324589629032715,44.46450335470784,245.3696451487037,245.3696451487037,CORONAL,BACK,0.0,0.562693529997598,436.06267367202736,,,,,,,,,,,,,,,,,,,,,0.29403603516148064,,,,,,,,,,,,,,,,,,,,0.904590169323185,BODY,0.9295,0.8838,0.6156,0.0947,0.9295,SWASTIKAPADAM,INCORRECT,INSUFFICIENT_ARAMANDI,Insufficient Aramandi (right leg),CANONICAL,mean_knee_flexion_deg,11.539673680270667,30-45°,RIGHT,False,1 of 5 parameter checks out of range,1,0,0,0,,,,
DJI_20260917132154_0046_D.JPG,Cam 8,6,ARAMANDI,INCORRECT,INSUFFICIENT_KNEE_BEND,,dwpose_l_wholebody,coco_wholebody_133,1,1,OK,741.05,443.13,297.92,67,1,1,67.0,1.0,1.0,1.0,0.0,0.0,10.340499307511067,6.1089480537207805,8.224723680615924,169.65950069248893,173.89105194627922,4.231551253790286,0.4426332669013162,0.3268604210316276,1.1541301381231246,3.5309571421357524,11.3099839573799,10.00805840853637,75.52971895913386,66.19406132792717,70.86189014353052,9.335657631206686,21.595278668520237,30.551498477600944,26.07338857306059,0.7180626466914393,1.6222518739232703,0.5025966003693055,0.0,0.0,0.0,0.025641006441139428,0.03846188405949031,0.9656943755883338,0.03205144525031487,-0.10256402576455771,-0.19230717391076455,-0.14743559983766114,2.3076913284981107,1.1602557286604496,1.578887942112955,0.7938296413938984,1.461592850857947,0.41045673705947133,0.4764322474522157,13.870557433182197,0.4419158821968025,-0.4358978582949326,-0.717948180351904,0.07692227052785594,0.15384603864683657,0.6410244122329234,0.6666654186740628,0.6538449154534931,41.98726426370295,42.10874470765563,326.04443359375,326.04443359375,CORONAL,BACK,0.0,0.6841850652273002,476.5442132026536,,,,,,,,,,,,,,,,,,,,,0.37533100067293823,,,,,,,,,,,,,,,,,,,,0.3712440098293221,BODY,0.9109,0.9109,0.6997,0.0697,0.5749,SAMAPADHAM,INCORRECT,FEET_NOT_ALIGNED,Feet not aligned / V-shaped,CANONICAL,turnout_deviation_deg,70.86189014353052,<= 8°,,True,1 of 7 parameter checks out of range,0,1,0,0,,,,
DJI_20260917132156_0047_D.JPG,Cam 8,6,ARAMANDI,INCORRECT,INSUFFICIENT_KNEE_BEND,,dwpose_l_wholebody,coco_wholebody_133,1,1,OK,655.26,463.08,192.18,67,1,1,67.0,1.0,1.0,1.0,0.0,0.0,7.435400195144183,6.569646337242176,7.0025232661931796,172.56459980485582,173.43035366275782,0.865753857902007,0.45032591387244847,0.3335523953984202,1.2056418298005527,3.614550057002118,2.20267849870033,4.899081435118589,74.74490744510668,69.62355015520639,72.18422880015653,5.121357289900288,21.458543631975488,26.323318007138894,23.89093081955719,0.705186667250051,1.565947340640472,0.5003758208660958,0.0,0.7345478484408204,0.0,-0.006409963641219999,0.006409203085496077,0.9838355511937132,0.006409583363358038,-0.11537478220761646,-0.1666529702259286,-0.14101387621677253,2.3908297348225327,1.2050294325952344,1.6287596999112572,0.8209298004082816,1.467883650947894,0.4384923715876573,0.47863096783571346,12.150319239427432,0.45032591387244847,-0.4486807226594737,-0.7050701416395866,0.1025563760366243,0.11537478220761646,0.6537919536212744,0.6922502143571466,0.6730210839892106,40.78584470340593,40.42607738904204,321.0029420866382,321.0029420866382,CORONAL,BACK,0.0,0.6812529040392571,471.19497059514987,,,,,,,,,,,,,,,,,,,,,0.3639019104627196,,,,,,,,,,,,,,,,,,,,0.3556877238945802,BODY,0.9253,0.9253,0.6894,0.0561,0.5013,SAMAPADHAM,INCORRECT,FEET_NOT_ALIGNED,Feet not aligned / V-shaped,CANONICAL,turnout_deviation_deg,72.18422880015653,<= 8°,,True,2 of 7 parameter checks out of range,0,1,0,0,,,,
DJI_20260917132232_0048_D.JPG,Cam 8,7,ARAMANDI,INCORRECT,FEET_TOO_FAR_APART,,dwpose_l_wholebody,coco_wholebody_133,1,1,OK,665.42,455.19,210.23,67,1,1,67.0,1.0,1.0,1.0,0.0,0.0,47.888685647126266,45.34344660349933,46.6160661253128,132.11131435287373,134.65655339650067,2.5452390436269354,1.1354571979124646,0.8649709263248123,2.1091922936840475,2.43845455320195,0.8952151656005075,1.3639050101091865,78.92974807737744,74.21929571623384,76.57452189680563,4.710452361143595,27.39711341301765,29.562349754375944,28.479731583696797,1.8795951584531194,1.655364166882513,2.2311843451157607,5.389290083020131,0.0,5.389290083020131,-0.08108104652817848,-0.020269942017695556,0.959053247527134,0.050675494272937015,-0.12162220902096585,-0.17567538773482066,-0.14864879837789324,2.3310825380618074,1.3851352906231968,1.4923744735145572,0.8867727831760788,1.5619957185223654,0.6334079275346596,0.6459694593521743,30.108506961004856,1.1354571979124646,-1.1351355036994295,-1.8783803478938266,0.1891895347182152,0.2297294187536063,0.7432439918894663,0.7432439918894663,0.7432439918894663,41.11208704859297,42.8389590507493,286.447509765625,286.447509765625,CORONAL,BACK,0.0,0.64020662037793,447.4297838352997,,,,,,,,,,,,,,,,,,,,,0.3212047072558708,,,,,,,,,,,,,,,,,,,,0.8123279449154097,BODY,0.9033,0.2871,0.9033,0.1427,0.1695,ARAMANDI,INCORRECT,FEET_TOO_FAR_APART,Feet too far apart,CANONICAL,foot_separation_deviation_pct,89.2428663187441,<= 5,,True,2 of 8 parameter checks out of range,1,1,1,0,,,,
DJI_20260917132234_0049_D.JPG,Cam 8,7,ARAMANDI,INCORRECT,FEET_TOO_FAR_APART,,dwpose_l_wholebody,coco_wholebody_133,1,1,OK,652.44,448.11,204.33,67,1,1,67.0,1.0,1.0,1.0,0.0,0.0,49.9940160461812,47.539660090260554,48.76683806822088,130.0059839538188,132.46033990973945,2.454355955920647,1.2096097295905206,0.8611108667849987,2.1392936297108824,2.484341694232758,0.0,2.6324396527748024,77.47124351680469,74.53877844489602,76.00501098085036,2.9324650719086662,29.387123716402343,29.497433402064345,29.442278559233344,2.0012030609147713,1.654420439882062,2.5335478276117125,4.573938565992514,0.0,4.573938565992514,-0.09027727690924732,-0.020833150088749017,0.9540794872633986,0.05555521349899817,-0.1388882536409966,-0.18055543339249935,-0.15972184351674798,2.4305532344574874,1.4374992303727459,1.5471575905246882,0.9150335874626536,1.570979743332554,0.6402457904060109,0.6772874531800633,30.894579080167397,1.2096097295905206,-1.2083332600354997,-1.9999978010649881,0.23611196625250458,0.27777826643000264,0.7499995602129976,0.7361102071044952,0.7430548836587464,42.220844737315886,43.89823721026653,277.56689453125,277.56689453125,CORONAL,BACK,0.0,0.6365454451237403,436.05196872831726,,,,,,,,,,,,,,,,,,,,,0.31364860074502476,,,,,,,,,,,,,,,,,,,,0.35532588514546626,BODY,0.8743,0.2901,0.8743,0.1299,0.155,ARAMANDI,INCORRECT,FEET_TOO_FAR_APART,Feet too far apart,CANONICAL,foot_separation_deviation_pct,101.6016215984201,<= 5,,True,2 of 8 parameter checks out of range,1,1,1,0,,,,
DJI_20260917132249_0050_D.JPG,Cam 8,8,ARAMANDI,INCORRECT,FEET_NOT_IN_LINE,,dwpose_l_wholebody,coco_wholebody_133,1,1,OK,613.94,429.76,184.18,67,1,1,67.0,1.0,1.0,1.0,0.0,0.0,4.622689842287883,2.911946772802736,3.7673183075453096,175.37731015771212,177.08805322719726,1.7107430694851473,0.4034008800350985,0.33987384100265067,0.8264183495709964,2.4315444434705733,6.581965956640638,3.6912347794321327,74.74485323640167,51.34036969167908,63.04261146404038,23.404483544722588,22.988712925955724,42.84455668633581,32.916634806145765,0.624540378295039,1.5481879420805922,2.0825490214613205,1.0416519917317193,0.7440296754110732,1.0416519917317193,-0.10388735474832504,-0.05194409076403283,0.9910655063533823,0.07791572275617893,-0.07791572275617893,-0.15582979195287663,-0.11687275735452779,2.2400704150022195,1.0583520647824247,1.5671458038450616,0.7404195806554101,1.4293950247042153,0.29612477595335723,0.2494503478528663,11.9184925403723,0.4034008800350985,-0.40256401638709743,-0.6233241284899502,0.20777470949665008,0.10388652796858441,0.7012390244663885,0.7012398512461292,0.7012394378562589,40.426113536996475,42.22083862454482,295.2910104164492,295.2910104164492,CORONAL,BACK,0.0,0.6995966704214113,422.0875011291531,,,,,,,,,,,,,,,,,,,,,0.28829402057357045,,,,,,,,,,,,,,,,,,,,0.2932677884031291,BODY,0.9175,0.9175,0.6511,0.072,0.572,SAMAPADHAM,INCORRECT,FEET_NOT_ALIGNED,Feet not aligned / V-shaped,CANONICAL,turnout_deviation_deg,63.04261146404038,<= 8°,,True,1 of 7 parameter checks out of range,0,1,0,0,,,,
DJI_20260917132251_0051_D.JPG,Cam 8,8,ARAMANDI,INCORRECT,FEET_NOT_IN_LINE,,dwpose_l_wholebody,coco_wholebody_133,1,1,OK,661.78,465.62,196.16,67,1,1,67.0,1.0,1.0,1.0,0.0,0.0,6.653951037926106,3.0018498093562584,4.827900423641182,173.3460489620739,176.99815019064374,3.6521012285698475,0.43437137328314485,0.382451637146139,0.7722246764603896,2.019143341162674,3.945169015186118,1.735697916583463,72.89742828108918,55.4916892173505,64.19455874921984,17.40573906373868,25.02954469995143,38.7974821918603,31.913513445905863,0.6583642106546074,1.5156712692147252,2.082554474908201,1.0609054571127077,0.7538439268140699,1.0609054571127077,-0.08551883083945148,-0.03289211494643252,0.9981709514055869,0.05920547289294201,-0.05262671589301896,-0.14472346870580216,-0.09867509229941056,2.2234921069055127,1.045962241073187,1.535350128342683,0.7222504888080367,1.4481987306085273,0.1789517772500735,0.2554578734807285,12.216144390251406,0.43437137328314485,-0.4341720761705891,-0.6578381237956937,0.17103849670549431,0.10525426681262927,0.697308160715458,0.697308160715458,0.697308160715458,41.56635297001543,43.33161837214884,292.3746710944028,292.3746710944028,CORONAL,BACK,0.0,0.6905129654269232,423.4166275409998,,,,,,,,,,,,,,,,,,,,,0.2979468245758056,,,,,,,,,,,,,,,,,,,,0.32198485219188444,BODY,0.9032,0.9032,0.6647,0.0821,0.5219,SAMAPADHAM,INCORRECT,FEET_NOT_ALIGNED,Feet not aligned / V-shaped,CANONICAL,turnout_deviation_deg,64.19455874921984,<= 8°,,True,1 of 7 parameter checks out of range,0,1,0,0,,,,
DJI_20260917132329_0052_D.JPG,Cam 8,9,SAMAPADHAM,INCORRECT,FEET_TOO_FAR_APART,,dwpose_l_wholebody,coco_wholebody_133,1,1,OK,685.55,440.62,244.93,67,1,1,67.0,1.0,1.0,1.0,0.0,0.0,4.24474506169355,2.849302361651155,3.5470237116723524,175.75525493830645,177.15069763834884,1.3954427000423948,0.8193163866785601,0.7395172041119328,0.6713355131654938,0.9078024276280134,5.102197486073577,5.5275147382455465,,,,,76.2392975424253,64.12500356294834,70.18215055268682,0.8303284523967158,1.013440553487277,1.5622317027021317,2.2025884518642105,1.507427797670565,2.2025884518642105,-0.06576711251956478,-0.02630692046257347,0.9580487601722321,0.04603701649106913,-0.11838019889723614,-0.07892038411398263,-0.09865029150560939,2.420213291585016,1.157493182141099,1.6721046250438636,0.7997021213148242,1.4474054167044288,0.1212679088031754,0.08823584056721984,0.541698226214502,0.8170148970479327,-0.8155066115912839,-0.8286598831857018,0.03945981478325351,0.09207365570840045,0.6445133263163765,0.6445133263163765,0.6445133263163765,40.60127807289559,41.9225597575966,323.55899780904383,323.55899780904383,CORONAL,BACK,0.0,0.6908914312873596,468.32104605226647,,,,,,,,,,,,,,,,,,,,,0.3406601762251784,,,,,,,,,,,,,,,,,,,,0.357604327681249,BODY,0.808,0.808,0.6763,0.0456,0.2783,SAMAPADHAM,INCORRECT,FEET_TOO_FAR_APART,Feet too far apart,CANONICAL,foot_gap_norm,0.5193163866785602,<= 0.05,,False,1 of 6 parameter checks out of range,1,1,1,0,,,,
DJI_20260917132332_0053_D.JPG,Cam 8,9,SAMAPADHAM,INCORRECT,FEET_TOO_FAR_APART,,dwpose_l_wholebody,coco_wholebody_133,1,1,OK,758.67,422.78,335.89,67,1,1,67.0,1.0,1.0,1.0,0.0,0.0,4.166080762058385,5.491509963973357,4.828795363015871,175.83391923794161,174.50849003602664,1.3254292019149716,0.7985191356924957,0.7197184147206851,0.6922505174788417,0.9618352168292048,4.085612558767034,5.527535007874535,,,,,88.75463730446975,62.07102317591432,75.41283024019204,0.846472178827733,1.060052465860635,1.5343543512962212,3.179765299428297,0.7345199409728892,3.179765299428297,-0.05127813309833665,-0.01281944024526453,0.9528765778705883,0.03204878667180059,-0.10255552196211624,-0.05127776098105812,-0.07691664147158718,2.378009514552077,1.1281122300523927,1.6556563372347517,0.785432586105563,1.4362941517946817,0.10255552196211624,0.05733027964381614,2.609288342538028,0.7962900016691683,-0.794806039440958,-0.846083800422016,0.03845832073579359,0.06409720122632265,0.6666116369883126,0.6537921967430481,0.6602019168656803,38.92751232485486,40.7858266093308,328.0425810462696,328.0425810462696,CORONAL,BACK,0.0,0.6962362123040589,471.1656406963899,,,,,,,,,,,,,,,,,,,,,0.34549402173888666,,,,,,,,,,,,,,,,,,,,0.35302474441253745,BODY,0.8147,0.8147,0.6901,0.0494,0.2811,SAMAPADHAM,INCORRECT,FEET_TOO_FAR_APART,Feet too far apart,CANONICAL,foot_gap_norm,0.4985191356924957,<= 0.05,,False,1 of 6 parameter checks out of range,1,1,1,0,,,,
DJI_20260917132546_0054_D.JPG,Cam 8,10,SAMAPADHAM,INCORRECT,FEET_NOT_ALIGNED,,dwpose_l_wholebody,coco_wholebody_133,1,1,OK,629.99,447.42,182.57,67,1,1,67.0,1.0,1.0,1.0,0.0,0.0,0.9770748397766909,4.66875081037972,2.8229128250782054,179.0229251602233,175.33124918962028,3.691675970603029,0.36024702000331954,0.2933330517899123,0.6699916769474455,2.2840647273096915,0.0,2.121110207655649,63.43494882292201,55.49166421163735,59.463306517279676,7.9432846112846605,29.89243911583341,41.065287983329796,35.478863549581604,0.5606346012850925,1.5562504896776843,1.8391690804183503,0.0,0.0,0.0,-0.040000281543421036,0.006667104623099386,0.9948289350948405,0.02333369308326021,-0.07999978102178364,-0.14666613486242694,-0.1133329579421053,2.3800003284673243,1.1533336305180555,1.636771222842258,0.7931693429571121,1.4540824614049892,0.1788849485498058,0.2588867961362971,9.884340133722596,0.36024702000331954,-0.36000018769561404,-0.5600000312826023,0.15999956204356727,0.17333377128976604,0.6799993117827485,0.6533332394855264,0.6666662756341375,39.472450609358575,41.92259729273209,312.17431640625,312.17431640625,CORONAL,BACK,0.0,0.6877189062811214,453.9271983874199,,,,,,,,,,,,,,,,,,,,,0.3516377086213802,,,,,,,,,,,,,,,,,,,,0.34910017512957364,BODY,0.9414,0.9414,0.6334,0.0533,0.5812,SAMAPADHAM,INCORRECT,FEET_NOT_ALIGNED,Feet not aligned / V-shaped,CANONICAL,turnout_deviation_deg,59.463306517279676,<= 8°,,True,1 of 7 parameter checks out of range,1,1,1,0,,,,
DJI_20260917132548_0055_D.JPG,Cam 8,10,SAMAPADHAM,INCORRECT,FEET_NOT_ALIGNED,,dwpose_l_wholebody,coco_wholebody_133,1,1,OK,681.86,463.92,217.94,67,1,1,67.0,1.0,1.0,1.0,0.0,0.0,1.0605553835410433,4.221507308160284,2.6410313458506636,178.93944461645896,175.77849269183972,3.1609519246192406,0.3313073125244065,0.27912144234594743,0.6643109020278599,2.3800066968860913,8.130147901354471,6.842547113171468,69.77483229277591,42.2736117199002,56.02422200633806,27.50122057287571,24.825270323960467,54.35891702241176,39.59209367318611,0.5532584052743285,1.6699251249806673,1.576576630803282,0.0,0.0,0.0,-0.032895221987049646,0.006579122846379659,0.9841810738381757,0.019737172416714653,-0.09210693535961792,-0.144736780171866,-0.11842185776574196,2.4013162952630944,1.138158049570335,1.6736786789642328,0.7932777804469441,1.4347534717650612,0.26642800840737263,0.1956058441616419,11.23263135904831,0.33105359893579034,-0.32894751293231267,-0.55263219828134,0.17105248706768733,0.18421073276044667,0.6710524870676874,0.644736780171866,0.6578946336197766,40.78581545382289,41.922593041104335,311.20947265625,311.20947265625,CORONAL,BACK,0.0,0.6969838510094566,446.50887133972856,,,,,,,,,,,,,,,,,,,,,0.35379729934258114,,,,,,,,,,,,,,,,,,,,0.35837026585735826,BODY,0.9542,0.9542,0.6222,0.0451,0.6684,SAMAPADHAM,INCORRECT,FEET_NOT_ALIGNED,Feet not aligned / V-shaped,CANONICAL,turnout_deviation_deg,56.02422200633806,<= 8°,,False,1 of 7 parameter checks out of range,1,1,1,0,,,,
DJI_20260917132607_0056_D.JPG,Cam 8,11,SAMAPADHAM,INCORRECT,WEIGHT_ON_ONE_LEG,,dwpose_l_wholebody,coco_wholebody_133,1,1,OK,580.13,387.01,193.12,67,1,1,67.0,1.0,1.0,1.0,0.0,0.0,4.443081761093055,4.8949824786045895,4.669032119848822,175.55691823890695,175.1050175213954,0.4519007175115348,0.44895118599168454,0.3965679538439343,0.6708206329440137,1.6915654087571812,5.710690771100271,5.042338211000526,59.03650127192931,26.565270310307852,42.80088579111858,32.47123096162146,32.29575145185565,72.6808121284082,52.48828179013193,0.6588500611420856,1.4675316196943708,0.5092807169757909,3.3019141372447014,1.5074312093011744,3.3019141372447014,0.14468631491828662,0.15783961627449453,0.9932541474647119,0.15126296559639058,-0.11837895761340021,-0.15783961627449453,-0.13810928694394736,2.3412959419221795,1.131188066892466,1.5821600836757752,0.7644145169868106,1.479809765193122,0.23008906122476605,0.17647039323142855,10.578335162501016,0.44895118599168454,-0.4472137552960091,-0.6576673315878058,0.03945914947615296,0.2762200830728361,0.6708206329440137,0.6576665769953352,0.6642436049696745,40.78583669147152,40.69557941099523,323.53970452950244,323.53970452950244,CORONAL,BACK,0.0,0.6757625361861938,478.7772141904551,,,,,,,,,,,,,,,,,,,,,0.3664476339802549,,,,,,,,,,,,,,,,,,,,0.35456968849771303,BODY,0.9126,0.9126,0.6687,0.0678,0.5163,SAMAPADHAM,INCORRECT,FEET_NOT_ALIGNED,Feet not aligned / V-shaped,CANONICAL,turnout_deviation_deg,42.80088579111858,<= 8°,,True,1 of 7 parameter checks out of range,1,1,0,0,,,,
DJI_20260917132608_0057_D.JPG,Cam 8,11,SAMAPADHAM,INCORRECT,WEIGHT_ON_ONE_LEG,,dwpose_l_wholebody,coco_wholebody_133,1,1,OK,696.72,461.88,234.84,67,1,1,67.0,1.0,1.0,1.0,0.0,0.0,0.7388058712552379,4.9415928014926465,2.840199336373942,179.26119412874476,175.05840719850735,4.202786930237409,0.4782315125229997,0.4112757131548348,0.6715684435753181,1.6328910803504941,7.352278750037862,7.907172624290955,49.76383376239004,28.300680616372162,39.0322571893811,21.46315314601788,38.23829854917216,70.94540148732989,54.59185001825102,0.6219107603820407,1.300438687323289,0.5048017994924372,3.3018463510480407,0.0,3.3018463510480407,0.15789461803439292,0.17105269098280354,0.9824829832377011,0.16447365450859824,-0.14473654508598233,-0.17105269098280354,-0.15789461803439292,2.342106510638874,1.131579600810839,1.5682200240048774,0.7576793714061029,1.4934808093176026,0.22407130113705034,0.194273917896979,7.248214415264244,0.4782315125229997,-0.47368460655202355,-0.6184211516380059,0.06578961229320825,0.27631576967239885,0.6578953704832377,0.6710534434316483,0.664474406957443,41.34780233277471,40.78580270064797,324.46142578125,324.46142578125,CORONAL,BACK,0.0,0.669576732262745,484.5769127681245,,,,,,,,,,,,,,,,,,,,,0.3582634595200938,,,,,,,,,,,,,,,,,,,,0.35515361675188584,BODY,0.8936,0.8936,0.6589,0.0715,0.4886,SAMAPADHAM,INCORRECT,FEET_NOT_ALIGNED,Feet not aligned / V-shaped,CANONICAL,turnout_deviation_deg,39.0322571893811,<= 8°,,True,2 of 7 parameter checks out of range,1,1,0,0,,,,
DJI_20260917132638_0058_D.JPG,Cam 8,12,MUZHUMANDI,INCORRECT,KNEES_FACING_FORWARD,,dwpose_l_wholebody,coco_wholebody_133,1,1,OK,618.46,431.03,187.43,67,1,1,67.0,1.0,1.0,1.0,0.0,0.0,96.78396062885753,108.83378484506142,102.80887273695947,83.21603937114247,71.16621515493858,12.049824216203888,0.8890430332214833,0.45604059030991634,0.03817561884030565,0.0837110109307644,5.826438165903689,1.1935323168459584,88.18163322794496,85.76354986503327,86.97259154648911,2.4180833629116876,11.20748740987598,23.070234980028147,17.138861194952064,1.5835091668462444,1.7811389411695124,2.3137185382469907,8.88066398384388,0.5305200064787858,8.88066398384388,0.1018477967875619,0.1574008797956423,0.8908473453325305,0.12962433829160208,0.018518377106618886,0.07407186977705456,0.04629512344183672,1.2499458015000529,1.2175398705505356,0.908349265390708,0.8847995214442343,1.3760629849383033,0.5836022745263164,1.0026968182454772,31.859639026992447,0.8890430332214833,-0.8888501474539972,-1.583265528535601,0.30554257103797516,0.009259188553309443,0.7036737503102029,0.6944145617568933,0.6990441560335481,45.0,42.61404132444959,297.97786136873293,297.97786136873293,CORONAL,BACK,0.0,0.7267109216260443,410.0363053605906,,,,,,,,,,,,,,,,,,,,,0.2758253042310851,,,,,,,,,,,,,,,,,,,,-0.6162239563487749,BODY,0.8011,0.1436,0.3765,0.8011,0.1383,MUZHUMANDI,INCORRECT,KNEES_FACING_FORWARD,Feet and knees facing forward,CANONICAL,turnout_deviation_deg,41.97259154648911,<= 8°,,True,2 of 6 parameter checks out of range,1,1,1,0,,,,
DJI_20260917132640_0059_D.JPG,Cam 8,12,MUZHUMANDI,INCORRECT,KNEES_FACING_FORWARD,,dwpose_l_wholebody,coco_wholebody_133,1,1,OK,607.14,425.21,181.93,67,1,1,67.0,1.0,1.0,1.0,1.0,1.0,101.3411655705571,103.32888225660744,102.33502391358226,78.6588344294429,76.67111774339256,1.987716686050348,0.036487362049783985,0.08760638085909783,0.031907259698072406,0.3642115949224134,45.00036319009307,75.9640556330315,85.73215513590952,78.83510287634354,82.28362900612653,6.897052259565982,9.459278836465828,2.871346344270023,6.165312590367925,0.03190769532848783,0.8744862203234209,5.806751483164135,10.713087164704197,0.0,10.713087164704197,0.47787596372006746,0.6106197887257023,0.831107611929754,0.5442478762228848,0.0442472872119442,0.1327434323316744,0.0884953597718093,1.1548670759376465,1.1283179967973511,0.8802064987074564,0.8599715535082323,1.3120410694916669,0.5945691097619463,0.6855402309708742,0.3091197673704006,0.010893885128397302,-0.008849300372804658,-0.017699386093530226,0.7787612078965163,0.44247836955488834,0.6637163763104512,0.6637163763104512,0.6637163763104512,43.02508772882651,43.02505149597048,310.869384765625,310.869384765625,CORONAL,FRONT,1.0,0.7621712637299052,407.8734000601071,right,27.29859117114566,172.75694602679476,170.01971519952187,7.243053973205235,17.421793403999974,27.665691518842365,1.467420602578622,2.072391140083359,3.859624786575829,2.7157238272800557,1.0466292372841572,3.658888949629127,5.250998661780192,2.077505000601088,0.22297091012287895,172.73702708708598,166.05080141306382,13.949198586936177,128.1573992681759,0.2704373445350807,32.936136700005946,176.16329277174717,173.7905895386624,3.836707228252834,4.19405494466973,10.59583635583018,0.7257052019681763,1.0240524303576144,1.8709938645260384,1.982241247054224,0.841570967859249,3.243015967205925,3.7706630335160174,1.5651553598400907,-0.17541105444385496,176.57319335180145,169.17401948987535,10.825980510124651,123.69000862963316,0.2681852263498126,BODY,0.8082,0.303,0.2468,0.8082,0.7732,MUZHUMANDI,INCORRECT,KNEES_FACING_FORWARD,Feet and knees facing forward,CANONICAL,turnout_deviation_deg,37.28362900612653,<= 8°,,False,2 of 6 parameter checks out of range,1,1,1,0,0.7555,0.4936,0.2446,0.0198
DJI_20260917132713_0060_D.JPG,Cam 8,13,MUZHUMANDI,INCORRECT,BACK_BENT_FORWARD,,dwpose_l_wholebody,coco_wholebody_133,1,1,OK,662.43,455.35,207.08,67,1,1,67.0,1.0,1.0,1.0,0.0,0.0,91.66853815626975,58.48090798346895,75.07472306986935,88.33146184373025,121.51909201653105,33.187630172800795,1.4764446975720815,1.4495480389590982,1.8629673235260815,1.285205645798296,0.0,2.9108228168185564,56.309775483224314,53.13003886022601,54.71990717172516,3.1797366229983055,53.79352101354426,50.35086912324294,52.0721950683936,0.3376253282676547,0.22867455098240919,1.0341133148910004,1.218801972679583,1.432069414315862,1.218801972679583,0.037488105423967695,0.06872853947578196,0.9431390078235854,0.05310832244987483,0.17494622297105522,0.11246535486742666,0.14370578891924093,1.9306467766940485,1.8681664278881818,1.115341041623622,1.0792459370403429,1.7309923195183163,0.31538749244106506,0.18744198115368657,33.58420448023753,0.3376253282676547,-1.4745397630432355,-0.33739398741123283,0.512340210382288,0.3748831314307241,0.8622305791333512,0.8497352363890445,0.8559829077611978,48.13636460489146,37.405390423264954,235.06805051132196,235.06805051132196,CORONAL,BACK,0.0,0.5777033142921572,406.9009899992419,,,,,,,,,,,,,,,,,,,,,-0.5946351755055039,,,,,,,,,,,,,,,,,,,,-0.4696485596349705,BODY,0.4712,0.1189,0.4127,0.4712,0.2943,MUZHUMANDI,INCORRECT,KNEE_ASYMMETRY,Knees bent unequally,SECONDARY,knee_asymmetry_deg,33.187630172800795,<= 10°,,True,2 of 6 parameter checks out of range,1,1,0,0,,,,
DJI_20260917132714_0061_D.JPG,Cam 8,13,MUZHUMANDI,INCORRECT,BACK_BENT_FORWARD,,dwpose_l_wholebody,coco_wholebody_133,1,1,OK,657.66,439.27,218.39,67,1,1,67.0,1.0,1.0,1.0,0.0,0.0,3.4333789026220813,137.18216862548036,70.30777376405122,176.56662109737792,42.81783137451964,133.74878972285828,0.04561458652197367,1.5643954902527744,0.14603529208653848,0.09334934356205679,0.5906667426826144,45.0,80.2996107355264,64.53667238317003,72.41814155934821,15.762938352356372,31.56895293338517,75.39355248304459,53.48125270821488,1.8226288399682495,39.9571492134483,0.0,8.130196731425215,0.9240600801097788,8.130196731425215,-0.8547265510740573,-0.8547265510740573,0.944964995463512,0.8547265510740573,0.3225385216453692,0.1612692608226846,0.24190389123402692,2.435166768173337,2.338405610144355,1.1310867835131684,1.086143140049231,2.152944233518211,1.9142197763813311,0.37510297239450924,28.061661197303053,0.017919313249909388,0.03225438345070807,1.8223434442255928,0.9837427566614617,0.7257103454866529,1.080504578798158,1.1288848257587922,1.1046947022784752,63.262872920326544,39.64415896865735,183.81101429392996,183.81101429392996,CORONAL,BACK,0.0,0.46448021478283275,395.73486328125,,,,,,,,,,,,,,,,,,,,,0.23881105291406785,,,,,,,,,,,,,,,,,,,,-0.4878301345523866,BODY,0.687,0.3671,0.4961,0.4311,0.687,SWASTIKAPADAM,INCORRECT,INSUFFICIENT_ARAMANDI,Insufficient Aramandi (left leg),CANONICAL,mean_knee_flexion_deg,70.30777376405122,30-45°,LEFT,False,1 of 5 parameter checks out of range,0,1,0,0,,,,
DJI_20260917132754_0062_D.JPG,Cam 8,14,MUZHUMANDI,INCORRECT,FEET_APART_HEEL_DOWN,,dwpose_l_wholebody,coco_wholebody_133,1,1,OK,797.57,467.88,329.69,67,1,1,67.0,1.0,1.0,1.0,0.0,0.0,121.74314780110785,123.83041640508341,122.78678210309563,58.256852198892155,56.16958359491659,2.0872686039755592,1.4423401032656527,1.4134941103352818,0.10038729981039841,0.07102067074519786,0.3897317843371171,0.3819725601573581,68.42878199094743,88.16226063742957,78.2955213141885,19.73347864648214,37.58238438735178,17.628104202523417,27.6052442949376,2.153931930377323,1.493359246893663,0.9516504974196746,0.8068685283309941,0.0,0.8068685283309941,-0.03846129915657307,-0.01442332050134527,0.9888701414806172,0.02644230982895917,-0.16346074362718913,-0.05769239315836676,-0.11057656839277794,0.9134622991094642,1.1105774572397922,0.6311426956529596,0.7673363758713113,1.447315013547651,0.4446006663100805,1.7990023779927586,35.47700994339305,1.4423401032656527,-1.4423080512651405,-2.153846085473307,0.36538456410497994,0.39423120510767046,0.7019233760542837,0.7596157692126504,0.7307695726334671,44.60485640812228,37.67358536488837,274.671142578125,274.671142578125,CORONAL,BACK,0.0,0.690934586209263,397.53566844160775,,,,,,,,,,,,,,,,,,,,,-0.5995331597891462,,,,,,,,,,,,,,,,,,,,-0.6191590765872789,BODY,0.9695,0.0279,0.1545,0.9695,0.0943,MUZHUMANDI,INCORRECT,FEET_APART_HEEL_DOWN,Heel pressing on the floor,CANONICAL,mean_heel_lift_norm,-0.11057656839277794,>= 0.04,,False,2 of 6 parameter checks out of range,1,1,1,0,,,,
DJI_20260917132756_0063_D.JPG,Cam 8,14,MUZHUMANDI,INCORRECT,FEET_APART_HEEL_DOWN,,dwpose_l_wholebody,coco_wholebody_133,1,1,OK,725.15,451.0,274.15,67,1,1,67.0,1.0,1.0,1.0,0.0,0.0,136.9699136381227,131.55722216822141,134.26356790317206,43.030086361877295,48.44277783177858,5.41269146990129,1.3909706280480463,1.349814299487883,0.09490775001069433,0.07031170883780247,4.635455226414489,0.7489143017566668,74.74497691468923,90.0,82.37248845734462,15.255023085310768,47.13861019695801,27.121270564840763,37.129940380899384,2.681769011677327,1.9279839254698445,0.8474923714313357,2.1747567709074036,0.5208255581193906,2.1747567709074036,-0.03181677760940787,-0.009090892080947965,0.984164072572173,0.020453834845177918,-0.1363571060693061,0.0,-0.06817855303465305,0.8772370207390917,1.1363166876548285,0.5709439365997774,0.7395642312576614,1.5364678815286568,0.5182399090869498,1.75447314502891,59.00485767648799,1.3909706280480463,-1.3908518049793648,-2.6817073828653952,0.32725866817502663,0.34544045233692255,0.7272426800990903,0.7726953476052835,0.7499690138521868,43.9053387380676,40.26655392888616,272.3418181713614,272.3418181713614,CORONAL,BACK,0.0,0.6508434130136738,418.4444564174143,,,,,,,,,,,,,,,,,,,,,0.2934329718258757,,,,,,,,,,,,,,,,,,,,-0.5853326420327188,BODY,0.982,0.025,0.1576,0.982,0.1201,MUZHUMANDI,INCORRECT,FEET_APART_HEEL_DOWN,Heel pressing on the floor,CANONICAL,mean_heel_lift_norm,-0.06817855303465305,>= 0.04,,False,2 of 6 parameter checks out of range,1,1,1,0,,,,
DJI_20260917132812_0064_D.JPG,Cam 8,15,SWASTIKAPADAM,INCORRECT,OVERCROSSING_SHINS,RIGHT,dwpose_l_wholebody,coco_wholebody_133,1,1,OK,667.73,441.12,226.61,67,1,1,67.0,1.0,1.0,1.0,0.0,0.0,2.142996718745678,17.64797806178416,9.895487390264918,177.85700328125432,162.35202193821584,15.50498134303848,0.215406113777118,0.1857115211235552,0.2996294080737903,1.6134131380812107,21.03787691240558,21.801327897720505,34.380485348889906,17.35387307315625,25.86717921102308,17.026612275733655,47.790452019598604,85.64076531908472,66.71560866934166,0.5890854812425496,2.7347667664255795,1.0964360027723605,1.0809406059786109,0.0,1.0809406059786109,-0.13333283778582766,-0.10666618763741119,0.9494568835484423,0.11999951271161943,0.25333214401931975,0.21333320118733182,0.2333326726033258,2.2333322596470713,1.0533328873405783,1.6025774382013906,0.7558425365844564,1.3935877333663145,0.3069554593028767,0.22350707164736705,20.82370102375245,0.20903283232100328,-0.1999996696349962,-0.5866663032651626,0.3599995705254951,0.1466671952506727,0.706666435411164,0.7333334985158352,0.7199999669634995,44.454334037585504,40.51536076427495,295.60107421875,295.60107421875,CORONAL,BACK,0.0,0.7175723322308714,411.9460310011555,,,,,,,,,,,,,,,,,,,,,0.2717605588326107,,,,,,,,,,,,,,,,,,,,0.25171973628936756,BODY,0.9446,0.9446,0.6594,0.0636,0.905,SAMAPADHAM,INCORRECT,FEET_NOT_ALIGNED,Feet not aligned / V-shaped,CANONICAL,turnout_deviation_deg,25.86717921102308,<= 8°,,True,2 of 7 parameter checks out of range,0,1,0,0,,,,
DJI_20260917132813_0065_D.JPG,Cam 8,15,SWASTIKAPADAM,INCORRECT,OVERCROSSING_SHINS,RIGHT,dwpose_l_wholebody,coco_wholebody_133,1,1,OK,831.69,460.57,371.12,67,1,1,67.0,1.0,1.0,1.0,0.0,0.0,1.4607204109122733,11.85300234954073,6.656861380226502,178.53927958908773,168.14699765045927,10.392281938628457,0.10154374435664924,0.0777454723515796,0.1490714453908105,1.9174292840704792,30.962919235593073,23.19779292305077,30.963616983679756,17.102652028349397,24.033134506014576,13.86096495533036,50.02792754334294,84.75035032119129,67.38913893226712,0.494053171088028,4.865422032821431,1.3574855757327209,1.0609665863480502,0.0,1.0609665863480502,-0.11999995031418,-0.08666614772588002,0.9676082185353904,0.10333304902003002,0.20000033123879998,0.17333229545176004,0.18666631334528,2.29333307386294,1.08666656177438,1.6298747609966358,0.7722953210942548,1.4070609158096372,0.23323812124009222,0.18135177928263244,20.861457822518055,0.09844574463325606,-0.09333398476963997,-0.49333299105324,0.3999990062836,0.22666671083184,0.70666651208856,0.71999970188508,0.7133331069868201,43.33164512457355,41.03535152619224,294.8212890625,294.8212890625,CORONAL,BACK,0.0,0.7107012843325192,414.83151298845905,,,,,,,,,,,,,,,,,,,,,0.2718768404121343,,,,,,,,,,,,,,,,,,,,0.2509578499940801,BODY,0.9753,0.9575,0.5943,0.0558,0.9753,SWASTIKAPADAM,INCORRECT,INSUFFICIENT_ARAMANDI,Insufficient Aramandi (left leg),CANONICAL,mean_knee_flexion_deg,6.656861380226502,30-45°,LEFT,False,1 of 5 parameter checks out of range,1,1,0,0,,,,
DJI_20260917132845_0066_D.JPG,Cam 8,16,SWASTIKAPADAM,INCORRECT,OVERCROSSING_SHINS,LEFT,dwpose_l_wholebody,coco_wholebody_133,1,1,OK,644.68,457.92,186.76,67,1,1,67.0,1.0,1.0,1.0,1.0,1.0,4.728741731073626,21.866258925872785,13.297500328473205,175.27125826892637,158.13374107412722,17.13751719479916,0.41600544577514637,0.533376405939465,0.6236828205447088,1.1693108536478702,7.695973149249248,15.945428704388435,33.023977554036925,29.53882905064024,31.281403302338582,3.4851485033966867,43.54504560444577,82.91809595829962,63.231570781372696,0.271428354686081,0.6524634651845154,0.7920532530953857,1.6365018827964253,0.0,1.6365018827964253,-0.028571645313918988,-0.007143182256592765,0.9596196073806551,0.017857413785255877,0.28571341874432404,0.42857099508644775,0.3571422069153859,2.4071429655141023,1.0142859310282046,1.552847400018866,0.6543156320324651,1.5501477901079381,0.3407668324138037,0.49259800541729115,35.88790185045719,0.0,-0.39999913303003837,0.271428354686081,0.44285649262967164,0.45714285714285713,0.7000002167424905,0.7142861477706951,0.7071431822565928,46.70131237534656,43.228503677304545,281.6021728515625,281.6021728515625,CORONAL,FRONT,1.0,0.6450997810540176,436.5249859354432,right,23.83878380939526,171.56970429019663,166.0927439204229,8.430295709803374,20.232583206901637,30.88555898828399,1.595213724823383,1.7651911701772867,4.501393901200659,2.589800614941529,0.714327417486951,3.6198540373396595,4.311847549156109,1.8800015352294168,-1.004158051230346,175.3401896610152,142.65925925205875,37.340740747941254,80.96068841159597,0.3107237300159018,60.369906930602525,169.91103404743527,165.12752065892244,10.088965952564735,10.02877215555033,16.683629968691857,0.4834333259804726,0.6130509751670695,1.198187980175918,1.133055001261486,0.5239903444178838,1.232932622767689,1.589844673296603,0.6636978947499013,-0.4861450680096647,173.2694140044241,140.1355659391718,39.86443406082819,82.05651484723838,0.28613125572904596,BODY,0.8727,0.8727,0.7463,0.0792,0.7424,SAMAPADHAM,INCORRECT,FEET_NOT_ALIGNED,Feet not aligned / V-shaped,CANONICAL,turnout_deviation_deg,31.281403302338582,<= 8°,,True,3 of 7 parameter checks out of range,0,1,0,0,0.8761,0.6325,0.1383,0.1744
DJI_20260917132847_0067_D.JPG,Cam 8,16,SWASTIKAPADAM,INCORRECT,OVERCROSSING_SHINS,LEFT,dwpose_l_wholebody,coco_wholebody_133,1,1,OK,669.49,441.06,228.43,67,1,1,67.0,1.0,1.0,1.0,1.0,1.0,4.876352741644837,18.474688541145753,11.675520641395295,175.12364725835516,161.52531145885425,13.598335799500916,0.07691397410965944,0.18523330108366698,0.31712421255427403,1.7120259192003169,4.763353457690398,53.13010235415598,25.559906232014768,35.13413234739843,30.347019289706598,9.57422611538366,62.77981286083299,69.08171007157704,65.93076146620501,0.2785942632270784,3.6221540552549665,0.2664898500290214,0.0,0.8814575656621253,0.0,0.015382794821931887,0.0076913974109659436,0.9768973999069014,0.011537096116448915,0.3538052159718957,0.41533639525962324,0.38457080561575946,2.5689276703300874,1.1075621622465581,1.553470816662342,0.6697601947151711,1.6536697328176857,0.39218669840968845,0.5078660129954624,15.876123326127663,0.0,-0.04614838446579566,0.276890306794774,0.19997633268511453,0.18459353786318264,0.7845234709859885,0.7845225359185263,0.7845230034522575,46.10167199523284,45.000034145218756,261.0941294067521,261.0941294067521,CORONAL,FRONT,1.0,0.6047156697341864,431.76345921633,right,22.719508301411892,171.61757636280862,164.06232821249716,8.38242363719138,18.520798569956806,26.37494260914121,1.6913274906635536,1.8605061227057533,4.663805739022212,2.704896181483927,0.6862783474207345,4.00660181094231,4.748281529337918,2.063004419077712,-1.007740414614723,175.19709850563203,139.911006394639,40.088993605361,78.11143708967968,0.2920698818930831,59.07928132522419,170.52071374175347,163.69382338137285,9.479286258246532,10.797900042887099,17.788540420400523,0.5118313239469491,0.6579463356283713,1.2530584785144196,1.1796166215150161,0.5222638105526107,1.2495083591426133,1.6683623109239825,0.6864681509483225,-0.5190713855384235,173.97185173851932,141.80719444874038,38.192805551259625,83.21107020846985,0.27020760787892656,BODY,0.9078,0.9078,0.6368,0.0784,0.8687,SAMAPADHAM,INCORRECT,FEET_NOT_ALIGNED,Feet not aligned / V-shaped,CANONICAL,turnout_deviation_deg,30.347019289706598,<= 8°,,False,3 of 7 parameter checks out of range,0,1,0,0,0.8664,0.6452,0.1157,0.1501
DJI_20260917132902_0068_D.JPG,Cam 8,17,SWASTIKAPADAM,INCORRECT,INSUFFICIENT_ARAMANDI,RIGHT,dwpose_l_wholebody,coco_wholebody_133,1,1,OK,698.35,449.48,248.87,67,1,1,67.0,1.0,1.0,1.0,0.0,0.0,0.7895452522170672,10.419843620835792,5.6046944365264295,179.21045474778293,169.5801563791642,9.630298368618725,0.051944210405019016,0.1822663745469824,0.2337466429012512,1.2824452315037342,4.0855307797948885,0.0,,,,,42.20310618476474,47.979618663245056,45.0913624240049,0.4157527147970748,8.003831640819465,0.7742508918128679,1.1017512105842318,0.7440449178413011,1.1017512105842318,-0.149338644947207,-0.12985899006499127,0.9774842007186056,0.13959881750609915,0.05194344243124088,0.06492911104560657,0.05843627673842373,2.305000337542152,1.1232822223953087,1.598952635783399,0.7792081593110689,1.4415688657424357,0.10469552200067775,0.07571986266455795,23.5147025026064,0.0,0.051944210405019016,-0.41554984337126144,0.49346462303123373,0.2337466429012512,0.6492957182987346,0.7012399287037535,0.675267823501244,43.830847976116715,40.42610298150812,317.902292959957,317.902292959957,CORONAL,BACK,0.0,0.6936886774985812,458.2780478792047,,,,,,,,,,,,,,,,,,,,,0.328506333453309,,,,,,,,,,,,,,,,,,,,0.32046070742752475,BODY,0.9421,0.9421,0.5713,0.0634,0.83,SAMAPADHAM,CORRECT,,,,foot_gap_norm,0.0,<= 0.05,,True,6 parameter checks within range,0,0,0,0,,,,
DJI_20260917132904_0069_D.JPG,Cam 8,17,SWASTIKAPADAM,INCORRECT,INSUFFICIENT_ARAMANDI,RIGHT,dwpose_l_wholebody,coco_wholebody_133,1,1,OK,756.03,478.32,277.71,67,1,1,67.0,1.0,1.0,1.0,0.0,0.0,4.827338385496176,10.247191150244191,7.537264767870184,175.17266161450382,169.7528088497558,5.419852764748015,0.12959007264645517,0.3593811332219285,0.3201445549960619,0.8908218195148359,23.749499107282173,23.96270190368211,,27.758510732579886,27.758510732579886,,38.93556920034411,50.14673079107937,44.54114999571174,0.4218747837260434,3.2554560323227313,1.5481535112039737,0.0,0.0,0.0,-0.16447386624062332,-0.1250002964490151,0.961558349174523,0.14473708134481922,0.052631953409282256,0.2500005928980302,0.15131627315365626,2.3552641044512415,1.118421895170885,1.6120249214444702,0.765486963562708,1.4610593627428443,0.12959007264645517,0.2825125734584131,27.06762577300274,0.0,0.1184207093748246,-0.4210532556821371,0.5263155814392876,0.2763149885412574,0.6710530580494604,0.6973682442233945,0.6842106511364274,42.66267839624807,42.16588494416603,308.831298828125,308.831298828125,CORONAL,BACK,0.0,0.6844348871100635,451.22086066086524,,,,,,,,,,,,,,,,,,,,,0.32334503373885465,,,,,,,,,,,,,,,,,,,,0.3115611400064429,BODY,0.9544,0.9544,0.6111,0.0605,0.9172,SAMAPADHAM,INCORRECT,FEET_NOT_ALIGNED,Feet not aligned / V-shaped,CANONICAL,turnout_deviation_deg,27.758510732579886,<= 8°,,True,1 of 7 parameter checks out of range,0,1,0,0,,,,
DJI_20260917132926_0070_D.JPG,Cam 8,18,SWASTIKAPADAM,INCORRECT,INSUFFICIENT_ARAMANDI,LEFT,dwpose_l_wholebody,coco_wholebody_133,1,1,OK,765.58,460.36,305.22,67,1,1,67.0,1.0,1.0,1.0,1.0,1.0,0.8981186762371749,10.570773931907098,5.7344463040721365,179.10188132376283,169.4292260680929,9.672655255669923,0.06588156219469968,0.029462782562266514,0.08333456283749889,2.8284688542699588,45.00169068958944,18.435286956848916,2.602478539728665,0.0,1.3012392698643325,2.602478539728665,85.90969610611941,84.14398201459478,85.0268390603571,0.2708327185812506,4.11090310489085,6.571915851020215,6.340026799990498,0.0,6.340026799990498,0.3229157445385425,0.06249938524791722,0.9891657829839555,0.19270756489322985,0.4583345628374989,0.3541660519145839,0.4062503073760414,3.624998155743752,1.6145817964531264,1.5931481914434455,0.7095915524484033,2.2753678378527877,0.4588077741875423,0.3541660519145839,7.343843339557118,0.06430011664603222,0.06250061475208278,0.2708327185812506,0.12499877049583444,0.0,1.0625006147520828,1.0625006147520828,1.0625006147520828,65.12582170478845,50.559904241868814,198.568359375,198.568359375,CORONAL,FRONT,1.0,0.43948937985502906,451.81605853706907,left,577.1932983398438,,,,,,0.3333333333333333,1.0,1.0,0.44999999999999996,0.8571428571428573,1.0,0.0,0.4444444444444444,-0.09999999999999998,,13.667649341064914,166.3323506589351,0.0,-0.33077123108493633,38.81345044556398,174.56887754344214,168.6196187016031,5.431122456557858,2.9578183252658783,4.944665994371817,0.6370171295235542,0.8035787930901885,1.674129136668773,1.5516712067231846,0.6424384465624895,2.357855127237885,2.792370561654614,1.1608628331727922,-0.4611658567655903,177.0169605345009,160.22256913818524,19.777430861814764,95.79296538010084,0.3290226454656955,BODY,0.943,0.943,0.5763,0.065,0.9068,SAMAPADHAM,INCORRECT,WEIGHT_ON_ONE_LEG,More weight on one leg (landmark-based loading proxy),CANONICAL,weight_shift_proxy,0.19270756489322985,<= 0.1,,True,1 of 7 parameter checks out of range,0,1,0,0,0.5543,0.715,0.7743,0.349
DJI_20260917132929_0071_D.JPG,Cam 8,18,SWASTIKAPADAM,INCORRECT,INSUFFICIENT_ARAMANDI,LEFT,dwpose_l_wholebody,coco_wholebody_133,1,1,OK,755.95,490.68,265.27,67,1,1,67.0,1.0,1.0,1.0,0.0,0.0,7.431113470579135,3.3586732465978457,5.39489335858849,172.56888652942087,176.64132675340215,4.072440223981289,0.04614852370362478,0.05546270942884805,0.09357007183286324,1.6870807934996814,33.69032486970725,0.0,3.1797168901091766,4.08571867129082,3.6327177806999984,0.9060017811816437,78.18312864100992,79.33235946473769,78.7577440528738,0.27731723397708746,6.009233052785723,1.652293551993818,1.5481015349548017,0.8813723314292028,1.5481015349548017,0.13844467293018722,0.09229659831690601,0.9866689583328124,0.11537063562354662,0.27689024404106155,0.21535857970933284,0.24612441187519718,2.6842974124077617,1.2075495938855478,1.6771867598992796,0.7544939623400193,1.6004761524405082,0.2773171841553093,0.2159072923039078,15.21907633285237,0.0,0.04614852370362478,-0.27689024404106155,0.21535947789001994,0.39995267452383193,0.7845213102388728,0.7537568253440391,0.769139067791456,43.26432201079875,44.40936411642308,271.8168276207441,271.8168276207441,CORONAL,BACK,0.0,0.6248140582883013,435.0363504390334,,,,,,,,,,,,,,,,,,,,,0.3206813786936084,,,,,,,,,,,,,,,,,,,,0.330425142857878,BODY,0.9599,0.9599,0.5641,0.045,0.9445,SAMAPADHAM,CORRECT,,,,foot_gap_norm,0.0,<= 0.05,,True,7 parameter checks within range,0,0,0,0,,,,
DJI_20260917133328_0072_D.JPG,Cam 8,19,PATAKA,INCORRECT,ELBOWS_NOT_ALIGNED,,dwpose_l_wholebody,coco_wholebody_133,1,1,OK,748.02,480.78,267.24,67,1,1,56.0,1.0,1.0,1.0,0.0,0.0,3.9788861264686943,6.410812763394546,5.19484944493162,176.0211138735313,173.58918723660545,2.4319266369258514,0.32493657340543153,0.254494738533374,0.33671822401222323,1.3230852077834474,10.784500823497066,8.427009038653987,,,,,51.34023618229614,76.46442569869163,63.90233094049388,0.5606625405663777,1.7254522465429736,2.750076667029168,3.3664606634298013,0.0,3.3664606634298013,-0.08928599696748825,-0.023809966267952627,0.9933089299968165,0.05654798161772044,-0.0952384885344764,-0.09523780026580936,-0.09523814440014289,2.2202380583665593,1.0654760306995357,1.626943986001546,0.7807585379608936,1.3646677927880733,0.13468756214537103,0.09597890828567715,12.7510489456907,0.3247210841175529,-0.321428350199357,-0.559523883266881,0.1666670108010002,0.11904707826509493,0.7500008603358338,0.7619051552011431,0.7559530077684884,12.528768738240412,16.534906233509172,354.717041015625,354.717041015625,CORONAL,BACK,0.0,0.7327790728884708,484.0709214271094,,,,,,,,,,,,,,,,,,,,,0.7701291332302433,,,,,,,,,,,,,,,,,,,,0.3971434700146475,BODY,0.9529,0.9529,0.6444,0.0561,0.704,SAMAPADHAM,CORRECT,,,,foot_gap_norm,0.02493657340543154,<= 0.05,,True,6 parameter checks within range,0,0,0,11,,,,
DJI_20260917133331_0073_D.JPG,Cam 8,19,PATAKA,INCORRECT,ELBOWS_NOT_ALIGNED,,dwpose_l_wholebody,coco_wholebody_133,1,1,OK,738.33,475.94,262.39,67,1,1,44.0,1.0,1.0,1.0,0.0,0.0,4.024889402021159,6.483061139515627,5.253975270768393,175.97511059797884,173.51693886048437,2.4581717374944674,0.3042499020705788,0.25679957777017404,0.291548286979388,1.1353145106816054,5.194415455731939,6.581915905254777,,,,,62.72067605703921,65.0819900375624,63.90133304730081,0.5352445856970957,1.759226813400688,2.468098922753866,2.2906047993643006,1.3322171925529191,2.2906047993643006,-0.0813728516213945,-0.023249481312580048,0.9932224524060173,0.052311166466987274,-0.10462333185188154,-0.10462266590661021,-0.10462299887924587,2.1447693127024086,1.028791545917481,1.5890421177075535,0.7622232783368684,1.3497246478253075,0.1257417190007411,0.11028197304791114,12.893888883382585,0.30424854564871245,-0.3022445889540833,-0.5347394020798838,0.16274636918806032,0.11624740656290024,0.7207352525805242,0.7556094745493942,0.7381723635649592,10.954093918987361,17.102746711166308,366.60764106543996,366.60764106543996,CORONAL,BACK,0.0,0.7408918564325042,494.8193692271177,,,,,,,,,,,,,,,,,,,,,0.8716558438241941,,,,,,,,,,,,,,,,,,,,0.4392005743658041,BODY,0.9459,0.9459,0.6398,0.066,0.6928,SAMAPADHAM,CORRECT,,,,foot_gap_norm,0.004249902070578793,<= 0.05,,True,6 parameter checks within range,0,0,0,23,,,,
DJI_20260917133338_0074_D.JPG,Cam 8,20,ALAPADMA,INCORRECT,ELBOWS_NOT_ALIGNED,,dwpose_l_wholebody,coco_wholebody_133,1,1,OK,684.5,427.59,256.91,67,1,1,39.0,1.0,1.0,1.0,0.0,0.0,3.820299770597245,5.1010586726388,4.460679221618022,176.17970022940275,174.8989413273612,1.2807589020415548,0.3481700551433729,0.28658184680282156,0.35977040806783633,1.2553844986398286,10.304898910679373,6.340351629953849,41.63331329274874,,41.63331329274874,,54.01493545286962,68.34391071491564,61.17942308389263,0.5773026216068295,1.6581053226105333,1.7585283084736725,2.3373249388816357,1.468811481886174,2.3373249388816357,-0.05767340790235945,-0.012816394329568105,0.9939731672345223,0.035244901115963775,-0.1153468158047189,-0.08971402714558269,-0.10253042147515079,2.364606424770464,1.1598748888891848,1.617659280428877,0.7934861203509316,1.4617456552059314,0.15432830233629816,0.09330405415158705,11.358818445710158,0.3481446540627274,-0.3460404474141567,-0.5767333458622004,0.15379526563202914,0.12816247697289293,0.8074262443102441,0.8074262443102441,0.8074262443102441,14.25004666166963,17.612523828407646,332.9971094739888,332.9971094739888,CORONAL,BACK,0.0,0.6841135435830111,486.757077969737,,,,,,,,,,,,,,,,,,,,,0.5072521397445164,,,,,,,,,,,,,,,,,,,,0.45363978855879317,BODY,0.9452,0.9452,0.6443,0.0583,0.6682,SAMAPADHAM,INCORRECT,FEET_NOT_ALIGNED,Feet not aligned / V-shaped,CANONICAL,turnout_deviation_deg,41.63331329274874,<= 8°,,False,1 of 7 parameter checks out of range,0,1,0,28,,,,
DJI_20260917133340_0075_D.JPG,Cam 8,20,ALAPADMA,INCORRECT,ELBOWS_NOT_ALIGNED,,dwpose_l_wholebody,coco_wholebody_133,1,1,OK,771.19,472.02,299.17,67,1,1,41.0,1.0,1.0,1.0,0.0,0.0,5.191887905409345,7.765142763253721,6.478515334331533,174.80811209459065,172.23485723674628,2.5732548578443755,0.3342912921140353,0.2846385690061169,0.34707410497851837,1.219350231384348,7.765132796793992,4.398599378069593,41.63360710891505,,41.63360710891505,,54.777199015365625,61.67872227249265,58.22796064392914,0.6154672178329075,1.8411105295047767,2.000769770239882,2.290557715890712,0.7344628960494771,2.290557715890712,-0.05127780977879737,-3.664506776825533e-07,0.9999999796018378,0.025639088114737526,-0.11537479716428581,-0.10255488665623937,-0.1089648419102626,2.3459615380206986,1.1345225032889206,1.5972788518574084,0.772454608522116,1.468723845740948,0.1543664436447967,0.10952873129628644,14.175948887534398,0.3342912921140353,-0.3333066796888771,-0.6153337173455684,0.1538337957870698,0.1538330628857144,0.8076265117554221,0.8076257788540668,0.8076261453047444,15.10111047009262,16.782632797725473,333.1152592539243,333.1152592539243,CORONAL,BACK,0.0,0.6808631880661785,489.2543246464166,,,,,,,,,,,,,,,,,,,,,,,,,,,,,,,,,,,,,,,,,0.40139333054130594,BODY,0.944,0.944,0.6586,0.0641,0.676,SAMAPADHAM,INCORRECT,FEET_NOT_ALIGNED,Feet not aligned / V-shaped,CANONICAL,turnout_deviation_deg,41.63360710891505,<= 8°,,True,1 of 7 parameter checks out of range,0,1,0,26,,,,
DJI_20260917133428_0076_D.JPG,Cam 8,21,ALAPADMA,CORRECT,,,dwpose_l_wholebody,coco_wholebody_133,1,1,OK,758.29,477.14,281.15,67,1,1,56.0,1.0,1.0,1.0,0.0,0.0,3.842872102771537,5.191981726674868,4.5174269147232025,176.15712789722846,174.80801827332513,1.3491096239033311,0.3659322289400043,0.2918145437438709,0.3271562844414467,1.1211102786179008,9.86579498531208,7.853275280027444,,,,,73.22247848777121,77.24915514105905,75.23581681441513,0.5880316520272671,1.6069414102458757,1.229336226287245,1.1232663973800945,0.0,1.1232663973800945,-0.01874974230212002,0.012500302128548944,0.9741179765929117,0.01562502221533448,-0.12500017772267585,-0.1124998755941269,-0.11875002665840137,2.3187491735895573,1.1249994668319725,1.5919076065657418,0.7723540040597888,1.456585271674056,0.13462947000303246,0.11319214544219602,11.434908317219818,0.36548619263119553,-0.3625002310394786,-0.5874999822277324,0.12499946683197245,0.15000007108907035,0.450000213267211,0.48749969787145103,0.468749955569331,48.7152529851856,45.00002088771661,343.42919921875,343.42919921875,CORONAL,BACK,0.0,0.6865372178662072,500.23391344484645,,,,,,,,,,,,,,,,,,,,,0.6229243995281549,,,,,,,,,,,,,,,,,,,,0.7631677498786978,BODY,0.935,0.935,0.6493,0.0651,0.6444,SAMAPADHAM,CORRECT,,,,foot_gap_norm,0.06593222894000433,<= 0.05,,True,6 parameter checks within range,0,1,0,11,,,,
DJI_20260917133429_0077_D.JPG,Cam 8,21,ALAPADMA,CORRECT,,,dwpose_l_wholebody,coco_wholebody_133,1,1,OK,767.69,482.3,285.39,67,1,1,60.0,1.0,1.0,1.0,0.0,0.0,3.1232982366378224,8.047435158284259,5.5853666974610405,176.87670176336218,171.95256484171574,4.924136921646436,0.3690643784936542,0.308732740409247,0.308732740409247,1.0,9.090236026578834,7.594815070556249,,,,,82.99423404268941,71.25837418198725,77.12630411233833,0.59863523724738,1.622034723835243,0.4896794372509033,1.1457575976298955,0.6986909723441888,1.1457575976298955,0.0,0.01219380701113957,0.974310945176611,0.006096903505569785,-0.12194155694534702,-0.12194155694534702,-0.12194155694534702,2.2864150019105054,1.1279646319953869,1.6025061012626223,0.7905696049364039,1.4267746001772026,0.12435661244320186,0.12435661244320186,11.73585986070225,0.3684559810961438,-0.3658267629364118,-0.5975164184993614,0.10974809861760257,0.13413571263988172,0.4267975414090853,0.49996247557629353,0.46338000849268945,48.81405743614371,43.567867999816,350.0892620768605,350.0892620768605,CORONAL,BACK,0.0,0.7008815547149507,499.49846692604456,,,,,,,,,,,,,,,,,,,,,0.6184254974627599,,,,,,,,,,,,,,,,,,,,0.8503624913128641,MUDRA,0.0,0.939,0.6592,0.0624,0.6395,,UNKNOWN,,,,,,,,False,"no posture recognised, cannot apply correctness rules",0,0,0,7,,,,
DJI_20260917133438_0078_D.JPG,Cam 8,22,MUSHTI,CORRECT,,,dwpose_l_wholebody,coco_wholebody_133,1,1,OK,760.14,489.29,270.85,67,1,1,57.0,1.0,1.0,1.0,0.0,0.0,2.53302334868485,8.011744953936983,5.272384151310916,177.46697665131515,171.98825504606302,5.478721605252133,0.39322096433855724,0.31872624566877844,0.31872534705995476,0.9999971806249537,6.842966216038738,3.6914202218284737,,,,,87.96424281280491,76.84107999905552,82.40266140593022,0.6203830950673394,1.57769587923903,1.2240798686389291,0.0,0.0,0.0,-0.037974313983668156,-0.006328809036526228,0.9892375816745763,0.022151561510097194,-0.11392440171551525,-0.11392294195100447,-0.11392367183325985,2.392405502144394,1.1708858726910174,1.6150160691044535,0.7904176352162782,1.4813508966948006,0.11462549052979333,0.11462412029965341,11.1227196281368,0.39322096433855724,-0.39240513720326636,-0.6202539406342968,0.1265820197885677,0.11392440171551525,0.4683544950528581,0.49367046108121837,0.48101247806703823,45.76390550759997,45.0,334.4931640625,334.4931640625,CORONAL,BACK,0.0,0.675059502938302,495.5017485222654,,,,,,,,,,,,,,,,,,,,,0.6438569137524733,,,,,,,,,,,,,,,,,,,,0.6889715277449667,BODY,0.9367,0.9367,0.662,0.0591,0.5919,SAMAPADHAM,CORRECT,,,,foot_gap_norm,0.09322096433855726,<= 0.05,,True,6 parameter checks within range,0,1,0,10,,,,
DJI_20260917133440_0079_D.JPG,Cam 8,22,MUSHTI,CORRECT,,,dwpose_l_wholebody,coco_wholebody_133,1,1,OK,680.14,472.23,207.91,67,1,1,52.0,1.0,1.0,1.0,0.0,0.0,3.126709056458793,5.136397414438505,4.131553235448649,176.8732909435412,174.8636025855615,2.0096883579797122,0.38307646351357955,0.33295950344914804,0.30613758424430826,0.9194438995523785,8.746190741856992,7.594679226862307,,,,,85.0834166529786,72.33491080415214,78.70916372856537,0.5822322396061311,1.5198851797520883,1.450229089275048,0.0,0.7252374543568226,0.0,-0.05695740705654549,-0.01898543954997373,0.978095511349308,0.03797142330325961,-0.12657225754935095,-0.11391481411309098,-0.12024353583122097,2.366899474722264,1.1518066729737941,1.577554307752874,0.7676868401272213,1.500360059295684,0.12657225754935095,0.11669358009388364,10.052980761459985,0.3826580715052408,-0.37971604704363665,-0.5822322396061311,0.1392289753811947,0.10125809628124724,0.45565925645236394,0.4936315867611438,0.4746454216067539,43.36343903318107,45.72523692813576,336.4651861923228,336.4651861923228,CORONAL,BACK,0.0,0.6665066787164617,504.8189267064468,,,,,,,,,,,,,,,,,,,,,0.5853185028663943,,,,,,,,,,,,,,,,,,,,,BODY,0.9264,0.9264,0.6498,0.069,0.6142,SAMAPADHAM,CORRECT,,,,foot_gap_norm,0.08307646351357956,<= 0.05,,True,6 parameter checks within range,0,1,0,15,,,,
DJI_20260917133513_0080_D.JPG,Cam 8,23,KATAKAMUKHA,CORRECT,,,dwpose_l_wholebody,coco_wholebody_133,1,1,OK,814.63,493.77,320.86,67,1,1,44.0,1.0,1.0,1.0,0.0,0.0,3.052795248836901,3.7480045549269505,3.4003999018819258,176.9472047511631,176.25199544507305,0.6952093060900495,0.40654611503619087,0.343627628148711,0.3184960016865673,0.9268637781032334,6.3402316476914935,5.355657169439699,,,,,87.13354413548464,65.09241843385726,76.11298128467095,0.581996961389158,1.4315644397126963,0.49391033381990057,1.1691229818185336,2.174715845002202,1.1691229818185336,-0.01897378061127098,-0.006324834318052641,0.9892025048380962,0.012649307464661811,-0.10119301503152062,-0.10119301503152062,-0.10119301503152062,2.3780329638691864,1.176367535641375,1.6206290648570525,0.8016942776574351,1.4673517928539317,0.10198058838706915,0.10807450447136809,8.609950646282005,0.4064716295001813,-0.4047713377831955,-0.5818594752598001,0.1138426836676259,0.10119301503152062,0.40477206012608247,0.41742028407641385,0.41109617210124816,50.630651902374275,50.477449645223395,337.98439690324994,337.98439690324994,CORONAL,BACK,0.0,0.6814998317854276,495.9420107526386,,,,,,,,,,,,,,,,,,,,,0.6637490334280702,,,,,,,,,,,,,,,,,,,,0.6854212626651158,BODY,0.9299,0.9299,0.6493,0.0573,0.5657,SAMAPADHAM,CORRECT,,,,foot_gap_norm,0.10654611503619088,<= 0.05,,True,6 parameter checks within range,0,1,0,23,,,,
DJI_20260917133515_0081_D.JPG,Cam 8,23,KATAKAMUKHA,CORRECT,,,dwpose_l_wholebody,coco_wholebody_133,1,1,OK,742.32,488.88,253.44,67,1,1,65.0,1.0,1.0,1.0,0.0,0.0,1.3863536121452285,5.633537165976691,3.5099453890609595,178.61364638785477,174.3664628340233,4.247183553831462,0.41296705469017486,0.3517557865007659,0.32114813673276205,0.9129860802789176,6.115693629090337,3.4682652316063485,,,,,86.22771087526573,66.54099240908533,76.38435164217553,0.5876189382871604,1.4229196533074937,0.9835184800213145,0.0,2.1476099676594287,0.0,-0.043719055688257596,-0.018736687129053024,0.9886001150311059,0.03122787140865531,-0.07494817716181858,-0.11242012277431813,-0.09368414996806836,2.3233681335568606,1.136701519638525,1.5963311236822086,0.7810006464011926,1.4554424825080263,0.07494817716181858,0.11850121426753757,8.796347892727002,0.41296705469017486,-0.4122106884531827,-0.5870876255290164,0.12491219995742447,0.08743882569931843,0.3997200399156829,0.41221140277598595,0.4059657213458344,49.144614156666826,50.47727064056119,341.77912827611254,341.77912827611254,CORONAL,BACK,0.0,0.6870762754408506,497.4398629276144,,,,,,,,,,,,,,,,,,,,,0.6588743497193962,,,,,,,,,,,,,,,,,,,,0.03995187902633859,BODY,0.9224,0.9224,0.6518,0.0636,0.5563,SAMAPADHAM,CORRECT,,,,foot_gap_norm,0.11296705469017487,<= 0.05,,True,6 parameter checks within range,0,1,0,2,,,,
DJI_20260917133530_0082_D.JPG,Cam 8,24,PATAKA,INCORRECT,FINGERS_TOO_FAR_APART,,dwpose_l_wholebody,coco_wholebody_133,1,1,OK,685.19,457.76,227.43,67,1,1,66.0,1.0,1.0,1.0,0.0,0.0,2.0783344487488193,5.886301563222162,3.9823180059854906,177.92166555125118,174.11369843677784,3.8079671144733425,0.3956269775953965,0.33295927006220477,0.33127161876797395,0.9949313581390437,8.746209025786639,7.352409169619546,,,,,75.37876661399682,62.960821906798344,69.16979426039758,0.5954274460027065,1.5050223562146556,0.9963529111169158,1.1233251000517033,0.7252382965617643,1.1233251000517033,-0.012657100700181216,0.012657458134331627,0.9741790505238895,0.01265727941725642,-0.11391497860408219,-0.10125752046975055,-0.10758624953691637,2.360571262784047,1.1264923279064902,1.6214942972508857,0.7737961206233459,1.455799916648617,0.12007715672920358,0.10814311064279904,10.297127582249573,0.3948727904478479,-0.39237405348127224,-0.5948890944207733,0.11391426373578135,0.13922918000444462,0.45565991441632875,0.48097411581669114,0.4683170151165099,48.01280091307631,45.74411486447887,341.5183254310058,341.5183254310058,CORONAL,BACK,0.0,0.686907581573497,497.1823496964335,,,,,,,,,,,,,,,,,,,,,0.5558675883801593,,,,,,,,,,,,,,,,,,,,0.5237115257854714,BODY,0.9349,0.9349,0.6515,0.0572,0.5982,SAMAPADHAM,CORRECT,,,,foot_gap_norm,0.09562697759539651,<= 0.05,,True,6 parameter checks within range,0,0,0,1,,,,
DJI_20260917133533_0083_D.JPG,Cam 8,24,PATAKA,INCORRECT,FINGERS_TOO_FAR_APART,,dwpose_l_wholebody,coco_wholebody_133,1,1,OK,692.47,454.75,237.72,67,1,1,53.0,1.0,1.0,1.0,0.0,0.0,1.4951687832563323,7.001525952418575,4.248347367837454,178.50483121674367,172.99847404758142,5.506357169162243,0.40485260585697275,0.34323829339472267,0.3411837164611627,0.99401413836073,10.491438357787555,8.880745590130605,,,,,74.7447972642266,63.03305303777071,68.88892515099866,0.5896236850162134,1.4563909839931153,0.7638842625045699,1.1691622474309928,0.0,1.1691622474309928,-0.01249988519251978,0.0062497659693672445,0.9690422808291561,0.009374825580943512,-0.11249931998646331,-0.09999978804772883,-0.10624955401709607,2.362499496613356,1.1187497924634011,1.6798503605671222,0.7954847164827172,1.4063749677178208,0.11858476993175637,0.10679985146029752,9.590711415166842,0.4028502147334878,-0.3999991521909153,-0.587499902855209,0.10000049455529941,0.1125000264940339,0.4624996379148701,0.4624996379148701,0.4624996379148701,47.93568937294755,45.0,345.559814453125,345.559814453125,CORONAL,BACK,0.0,0.7110479231742434,485.9866728960898,,,,,,,,,,,,,,,,,,,,,0.47075446358326106,,,,,,,,,,,,,,,,,,,,0.4940328555890206,BODY,0.9473,0.9473,0.6521,0.0442,0.6008,SAMAPADHAM,CORRECT,,,,foot_gap_norm,0.10485260585697276,<= 0.05,,True,6 parameter checks within range,0,0,0,14,,,,
DJI_20260917133617_0084_D.JPG,Cam 8,25,KATAKAMUKHA,INCORRECT,FINGERS_BENT,,dwpose_l_wholebody,coco_wholebody_133,1,1,OK,648.96,437.16,211.8,67,1,1,49.0,1.0,1.0,1.0,0.0,0.0,1.4585548004324664,5.627147042628934,3.5428509215307002,178.54144519956753,174.37285295737107,4.168592242196468,0.4224551543358089,0.3624475498119798,0.30613748920652745,0.8446394226291134,12.094709235430743,8.615618837876736,,,,,80.51713622448224,61.77735146493106,71.14724384470665,0.5982451366878515,1.4161151320982759,1.7432550664431377,1.145825581332538,0.7252216803667968,1.145825581332538,-0.06328620184814844,-0.018985752225377857,0.9782867284107664,0.04113597703676315,-0.12657168150251905,-0.08860017705176333,-0.1075859292771412,2.3795555563789144,1.1518062737387014,1.634026182315921,0.7909382923207863,1.4562530160969316,0.12720296562564443,0.09639412079508568,8.796328659438862,0.4209466793588983,-0.41768799334586854,-0.5948883474493952,0.12657168150251905,0.08860017705176333,0.45565949779662424,0.45565949779662424,0.45565949779662424,44.99995459472649,44.19307313845332,338.0541794939212,338.0541794939212,CORONAL,BACK,0.0,0.6866938567311697,492.2924184921962,,,,,,,,,,,,,,,,,,,,,0.48193124598479553,,,,,,,,,,,,,,,,,,,,,BODY,0.9299,0.9299,0.6534,0.0541,0.5863,SAMAPADHAM,CORRECT,,,,foot_gap_norm,0.12245515433580889,<= 0.05,,True,6 parameter checks within range,0,0,0,18,,,,
DJI_20260917133619_0085_D.JPG,Cam 8,25,KATAKAMUKHA,INCORRECT,FINGERS_BENT,,dwpose_l_wholebody,coco_wholebody_133,1,1,OK,614.68,417.56,197.12,67,1,1,41.0,1.0,1.0,1.0,0.0,0.0,1.294388288765532,7.401690405019025,4.3480393468922784,178.70561171123447,172.59830959498098,6.107302116253493,0.4435699162593878,0.3726488831367677,0.33072185330212833,0.8874891842376688,13.570423308919395,9.727630668038236,,,,,75.67705993467379,77.22660452103756,76.45183222785568,0.612578837705119,1.3810198015027224,1.7662834825220393,0.0,2.1475541530541715,0.0,-0.056210389054631604,-0.01249079957887397,0.9689038746992362,0.03435059431675279,-0.12491229406801667,-0.09993069491026872,-0.1124214944891427,2.3983137536903056,1.1616830453487719,1.6908259650086326,0.8189937005379998,1.4184273268349419,0.12738615738425366,0.10070839963080042,8.661032851043597,0.4405271705983831,-0.43719231285817883,-0.6120692380014504,0.09992926215050973,0.0749476629927618,0.4621753447756858,0.4871576603133132,0.4746665025444995,44.21511128083906,41.081748680982216,340.7977135987117,340.7977135987117,CORONAL,BACK,0.0,0.70500615793365,483.3967898912808,,,,,,,,,,,,,,,,,,,,,0.48365695152013793,,,,,,,,,,,,,,,,,,,,0.610095766310874,BODY,0.9399,0.9399,0.6599,0.042,0.5754,SAMAPADHAM,CORRECT,,,,foot_gap_norm,0.1435699162593878,<= 0.05,,True,6 parameter checks within range,0,0,0,26,,,,
DJI_20260917133654_0086_D.JPG,Cam 8,26,MUSHTI,INCORRECT,PINKY_DROPPED,,dwpose_l_wholebody,coco_wholebody_133,1,1,OK,641.36,428.78,212.58,67,1,1,49.0,1.0,1.0,1.0,0.0,0.0,0.3561895054580191,8.692044564022297,4.524117034740158,179.64381049454198,171.3079554359777,8.335855058564277,0.44181448336112544,0.3805252140628728,0.3597775111750392,0.9454761416035745,15.422117810394488,13.240455366053853,,,,,86.92254214172084,77.1646050716435,82.04357360668217,0.6104425181443117,1.3816715864548854,1.4943257811369786,1.1691666488569081,2.174713139629603,1.1691666488569081,-0.08221937673511512,-0.04427222284080947,0.9623918526507761,0.0632457997879623,-0.13913920208081876,-0.10119241038481505,-0.1201658062328169,2.397006992435119,1.157394170048304,1.64726515807164,0.7953815305890973,1.45514338155562,0.13913920208081876,0.10197986691221078,8.78803836171967,0.43488231106695935,-0.4300699173252755,-0.6071573598953057,0.13914065087402647,0.050596205192407526,0.5312630521066944,0.5692098438026981,0.5502364479546963,38.15719553456,36.25388199318264,337.02618662612394,337.02618662612394,CORONAL,BACK,0.0,0.6872175021893381,490.42142487993345,,,,,,,,,,,,,,,,,,,,,0.6151238640295044,,,,,,,,,,,,,,,,,,,,0.5616945488934659,BODY,0.9312,0.9312,0.6648,0.0512,0.5943,SAMAPADHAM,CORRECT,,,,foot_gap_norm,0.14181448336112545,<= 0.05,,True,6 parameter checks within range,0,0,0,18,,,,
DJI_20260917133656_0087_D.JPG,Cam 8,26,MUSHTI,INCORRECT,PINKY_DROPPED,,dwpose_l_wholebody,coco_wholebody_133,1,1,OK,664.18,450.77,213.41,67,1,1,46.0,1.0,1.0,1.0,0.0,0.0,1.32999192636467,8.682084579187944,5.006038252776307,178.67000807363533,171.31791542081206,7.3520926528232735,0.43497442571632416,0.3580005675178112,0.34547446491195893,0.9650109420420708,8.130201019259735,8.365841567400711,,,,,79.96820207051297,83.72894334857489,81.84857270954393,0.6339985741283313,1.457553678205909,1.2346417217498862,1.145745743032291,0.7252132343894914,1.145745743032291,-0.05695768319095805,-0.025314404772959792,0.9781028143079786,0.04113604398195892,-0.1139153663819161,-0.11391391330565734,-0.11391463984378672,2.379555501734479,1.1644633460942797,1.620313581404121,0.7929194227024949,1.4685771501541196,0.11461644412729628,0.11391391330565734,9.962422189118676,0.433527609289385,-0.43034597094751054,-0.6328604825930595,0.12657166059573427,0.07594285104981469,0.5316028635012203,0.5316021369630909,0.5316025002321556,38.157195462667175,37.30394237976455,336.0327767077856,336.0327767077856,CORONAL,BACK,0.0,0.680931199218955,493.49005757589543,,,,,,,,,,,,,,,,,,,,,0.6278735720764187,,,,,,,,,,,,,,,,,,,,,BODY,0.9273,0.9273,0.6687,0.0577,0.5518,SAMAPADHAM,CORRECT,,,,foot_gap_norm,0.13497442571632418,<= 0.05,,True,6 parameter checks within range,0,0,0,21,,,,
