image_name,camera,variation_id,ground_truth_posture,ground_truth_status,ground_truth_error,ground_truth_side,model_name,model_layout,hand_refined_left,hand_refined_right,landmark_detection_status,processing_ms,detect_ms,pose_ms,landmarks_supported_by_model,required_landmarks_available,parameter_calculation_ok,landmarks_available_count,body_landmarks_available,feet_landmarks_available,arm_landmarks_available,left_hand_available,right_hand_available,left_knee_flexion_deg,right_knee_flexion_deg,mean_knee_flexion_deg,left_knee_joint_angle_deg,right_knee_joint_angle_deg,knee_asymmetry_deg,foot_separation_norm,heel_separation_norm,toe_separation_norm,toe_heel_separation_ratio,foot_line_deviation_deg,ankle_line_deviation_deg,left_foot_turnout_deg,right_foot_turnout_deg,mean_foot_turnout_deg,foot_turnout_asymmetry_deg,left_knee_foot_alignment_deg,right_knee_foot_alignment_deg,mean_knee_foot_alignment_deg,knee_spread_norm,knee_over_ankle_spread_ratio,trunk_inclination_deg,hip_tilt_deg,shoulder_tilt_deg,pelvic_symmetry_deg,com_lateral_offset_norm,pelvis_lateral_offset_norm,leg_length_ratio_proxy,weight_shift_proxy,left_heel_lift_norm,right_heel_lift_norm,mean_heel_lift_norm,hip_height_norm,knee_height_norm,hip_height_torso_norm,knee_height_torso_norm,trunk_foreshortening_ratio,left_foot_length_norm,right_foot_length_norm,shin_crossing_angle_deg,shin_crossing_distance_norm,ankle_crossing_signed_norm,knee_crossing_signed_norm,left_ankle_hip_deviation_norm,right_ankle_hip_deviation_norm,left_elbow_shoulder_alignment_norm,right_elbow_shoulder_alignment_norm,mean_elbow_shoulder_alignment_norm,left_arm_abduction_deg,right_arm_abduction_deg,shoulder_width_px,scale_px,view_class,facing,mudra_measurable,shoulder_torso_ratio,torso_height_px,mudra_hand_used,left_hand_palm_size_px,left_hand_mean_finger_straightness_deg,left_hand_min_finger_straightness_deg,left_hand_mean_finger_flexion_deg,left_hand_mean_interfinger_spread_deg,left_hand_max_interfinger_spread_deg,left_hand_mean_adjacent_fingertip_gap_norm,left_hand_max_adjacent_fingertip_gap_norm,left_hand_index_pinky_tip_gap_norm,left_hand_palm_opening_norm,left_hand_pinky_relative_extension,left_hand_thumb_index_tip_distance_norm,left_hand_thumb_middle_tip_distance_norm,left_hand_fingertip_cluster_spread_norm,left_hand_extended_finger_contrast,left_hand_ring_pinky_straightness_deg,left_hand_wrist_joint_angle_deg,left_hand_wrist_deviation_deg,left_hand_palm_axis_from_vertical_deg,left_hand_wrist_lift_norm,right_hand_palm_size_px,right_hand_mean_finger_straightness_deg,right_hand_min_finger_straightness_deg,right_hand_mean_finger_flexion_deg,right_hand_mean_interfinger_spread_deg,right_hand_max_interfinger_spread_deg,right_hand_mean_adjacent_fingertip_gap_norm,right_hand_max_adjacent_fingertip_gap_norm,right_hand_index_pinky_tip_gap_norm,right_hand_palm_opening_norm,right_hand_pinky_relative_extension,right_hand_thumb_index_tip_distance_norm,right_hand_thumb_middle_tip_distance_norm,right_hand_fingertip_cluster_spread_norm,right_hand_extended_finger_contrast,right_hand_ring_pinky_straightness_deg,right_hand_wrist_joint_angle_deg,right_hand_wrist_deviation_deg,right_hand_palm_axis_from_vertical_deg,right_hand_wrist_lift_norm,recognition_family,recognition_confidence,score_SAMAPADHAM,score_ARAMANDI,score_MUZHUMANDI,score_SWASTIKAPADAM,score_PATAKA,score_ALAPADMA,score_MUSHTI,score_KATAKAMUKHA,detected_posture,predicted_status,predicted_error,predicted_error_text,predicted_error_kind,primary_parameter,primary_value,primary_expected,predicted_side,borderline,rule_message,posture_correct,status_correct,error_correct,unused_landmark_slots
DJI_20260917131455_0056_D.JPG,Cam 5,1,ARAMANDI,CORRECT,,,rtmw_l_wholebody,coco_wholebody_133,1,1,OK,695.76,551.19,144.57,67,1,1,63.0,1.0,1.0,1.0,1.0,1.0,61.53882899922918,22.601923529843447,42.070376264536314,118.46117100077082,157.39807647015655,38.936905469385735,0.5815982629073844,0.3919421686745715,1.7423601383510485,4.445452103924356,11.309886685273318,7.594612176260036,82.09284090190661,70.55992854086728,76.32638472138694,11.532912361039337,24.412458118300123,5.658510202542331,15.035484160421227,1.4220242992419716,2.4450284499361024,3.1579307964529164,1.789938483507902,2.20258761074829,1.789938483507902,-0.1345148840187626,-0.0576490078442359,0.9725088496067628,0.09608194593149925,0.09608274450481749,0.23059922567021657,0.16334098508751704,2.1042127435141578,0.9800443133784656,1.5080513670774403,0.7023801044558793,1.3953190119724244,0.6984366183890949,0.6928631884521568,46.10117847298391,0.5815982629073844,0.5764964670289049,1.4220242992419716,0.0384321395139451,0.0768658761745267,0.5957125367858775,0.6341462734464591,0.6149294051161683,45.90935885811028,42.273681823547335,305.72098944652015,305.72098944652015,CORONAL,FRONT,1.0,0.7166819855671565,426.57830893375046,right,0.0,,,,,,,,,,,,,,,,,,,0.6445897782881145,141.20795369743277,133.2637693926362,115.25457992284811,46.73623060736381,13.07439484177168,13.32242807531175,0.17108288540120287,0.17955254915174054,,1.011111791727078,,0.601252605860125,0.611248405639005,0.27756989179906705,-0.0014559340808846244,150.65266962737374,151.20810619687296,28.79189380312704,103.51839489844845,0.36890373868553217,BODY,0.9868,0.4618,0.9868,0.126,0.3484,0.6793,0.4378,0.7113,0.6276,ARAMANDI,INCORRECT,KNEE_ASYMMETRY,Knees bent unequally,SECONDARY,knee_asymmetry_deg,38.936905469385735,<= 10°,,True,2 of 8 parameter checks out of range,1,0,0,4
DJI_20260917131459_0057_D.JPG,Cam 5,1,ARAMANDI,CORRECT,,,rtmw_l_wholebody,coco_wholebody_133,1,1,OK,479.07,342.97,136.1,67,1,1,67.0,1.0,1.0,1.0,1.0,1.0,59.83788513306337,22.709377364794193,41.27363124892878,120.16211486693663,157.2906226352058,37.12850776826917,0.6197156635260503,0.4108035374387148,1.7019415553534343,4.142957399940443,10.784261428273501,7.125071248128757,79.99200423232722,70.01689347810002,75.00444885521361,9.975110754227202,20.61061404401387,5.946873818523159,13.278743931268515,1.4221555174663196,2.2948516572496445,2.36950896790303,1.789887398813712,2.2026157316862878,1.789887398813712,-0.13451660090300477,-0.07686685705520267,0.9730081176103157,0.10569172897910373,0.11529948769560419,0.23059897539120838,0.1729492315434063,2.104213655726777,0.9704366898653355,1.509052588426259,0.6959559428575661,1.3943938547040247,0.6634582046361384,0.6747729516683785,44.65484251506348,0.6197156635260503,0.6149300691184225,1.422025685100452,0.07686685705520267,0.07686685705520267,0.5957137537982218,0.6341471823258231,0.6149304680620225,45.0,42.27368900609374,305.9838847626991,305.9838847626991,CORONAL,FRONT,1.0,0.7171574922153261,426.66204855157207,right,0.0,,,,,,,,,,,,,,,,,,,0.653550832235217,7.1820068359375,180.0,180.0,0.0,0.0,0.0,0.0,0.0,0.0,4.999938811931679,1.0,0.0,0.0,0.0,0.0,180.0,117.47141676773646,62.52858323226354,180.0,0.13749223753485948,BODY,0.9913,0.4527,0.9913,0.124,0.3271,0.7031,0.1888,0.3751,0.2539,ARAMANDI,INCORRECT,KNEE_ASYMMETRY,Knees bent unequally,SECONDARY,knee_asymmetry_deg,37.12850776826917,<= 10°,,True,1 of 8 parameter checks out of range,1,0,0,0
DJI_20260917131827_0058_D.JPG,Cam 5,2,SAMAPADHAM,CORRECT,,,rtmw_l_wholebody,coco_wholebody_133,1,1,OK,462.05,314.83,147.22,67,1,1,46.0,1.0,1.0,1.0,0.0,1.0,8.159456724522812,11.574022949371482,9.866739836947147,171.8405432754772,168.42597705062852,3.41456622484867,0.255605714989118,0.19701834078830827,0.1580537728679574,0.8022287277192259,5.7106793195700645,4.39860295044809,3.576249702011353,3.179756467355716,3.3780030846835345,0.3964932346556367,88.18697940613896,80.65091462333476,84.41894701473686,0.5881216402498618,2.3008939384430436,3.5035250231886397,4.085600210707922,1.123275951949598,4.085600210707922,-0.19604054674995391,-0.10782244962514081,0.9975780153000301,0.15193149818754736,0.3136651726252586,0.3528731330625832,0.3332691528439209,2.244664855937637,1.0488168506559203,1.5549117123383598,0.7265305557169696,1.4435963393458457,0.31427717378483083,0.35341724559159676,17.918112139893513,0.255605714989118,0.25485285968760624,0.5881216402498618,0.03920796043732462,0.25485285968760624,0.5881216402498618,0.6077259927501895,0.5979238165000256,41.98716440522552,41.054791881226656,327.8977286366659,327.8977286366659,CORONAL,FRONT,1.0,0.6927144193598759,473.3519607397084,right,,,,,,,,,,,,,,,,,,,,0.6350507951688794,138.77586435732113,98.76720298600722,26.83030359112387,81.23279701399278,23.55385836795041,32.358976924790056,0.4591492160940683,0.6438352367046013,,0.876717525646741,,0.6455553586425398,0.7359560186948771,0.3251315947020181,-0.6028355089098578,77.95699350982129,125.85230745773947,54.14769254226053,81.69432707057703,0.3886472101178728,BODY,0.9295,0.9295,0.6692,0.0773,0.708,0.4117,0.5624,0.4113,0.5663,SAMAPADHAM,CORRECT,,,,foot_gap_norm,0.0,<= 0.05,,True,7 parameter checks within range,1,1,0,21
DJI_20260917131830_0059_D.JPG,Cam 5,2,SAMAPADHAM,CORRECT,,,rtmw_l_wholebody,coco_wholebody_133,1,1,OK,449.73,301.96,147.77,67,1,1,66.0,1.0,1.0,1.0,1.0,1.0,7.00662460504671,8.74356016393017,7.87509238448844,172.9933753949533,171.25643983606983,1.7369355588834594,0.2770834742995319,0.19690532894665164,0.1774212039699594,0.9010482596843726,5.710593137499642,8.130124145481448,0.0,3.366340435463485,1.6831702177317425,3.366340435463485,85.76359628225903,81.85252431905703,83.80806030065803,0.5695397019863881,2.055480585502931,3.179820062340143,3.945191386740734,2.2457459119679934,3.945191386740734,-0.20572415892897483,-0.1273532814140924,0.992832474872365,0.16653872017153362,0.3330770677569697,0.3330770677569697,0.3330770677569697,2.272761781895248,1.058009640846644,1.6086299694140158,0.7488448766397436,1.412855551064462,0.3330770677569697,0.33365278684396965,15.750219834147366,0.2770834742995319,0.27429863018123474,0.5681900728877145,0.019592812525244988,0.2742993753534298,0.5877836305851545,0.6073756979382045,0.5975796642616795,41.987208482686555,41.05484342777636,327.62981041409904,327.62981041409904,CORONAL,FRONT,1.0,0.7077864394888693,462.8935963377571,right,0.0,,,,,,,,,,,,,,,,,,,0.6419006791581989,38.061657222294905,127.86392096021048,99.40061203764843,52.13607903978952,4.867740866966787,4.946608669622462,0.100151989213987,0.18694931080850266,,3.564636735415832,,2.6376491592916604,2.694764722046773,1.1872885750499225,0.0014957391602612446,122.78293063399585,119.22927614337253,60.77072385662747,55.88554177752079,0.3526306478236447,BODY,0.9519,0.9519,0.6565,0.0614,0.6782,0.4615,0.1724,0.5324,0.0672,SAMAPADHAM,CORRECT,,,,foot_gap_norm,0.0,<= 0.05,,True,7 parameter checks within range,1,1,0,1
DJI_20260917131942_0060_D.JPG,Cam 5,3,MUZHUMANDI,CORRECT,,,rtmw_l_wholebody,coco_wholebody_133,1,1,OK,479.16,327.3,151.86,67,1,1,59.0,1.0,1.0,1.0,1.0,1.0,147.91982628913684,163.50549109130947,155.71265869022315,32.08017371086316,16.49450890869054,15.58566480217263,0.960501736507631,0.8717502788436058,0.9689741049329587,1.1115271522692511,12.633303695581846,7.016509013525577,27.349823137850827,10.175554529065877,18.762688833458352,17.17426860878495,23.47129239447159,9.310604553602346,16.390948474036968,2.7858989331639026,2.9004621514724027,2.6025614882752683,3.652312737882661,4.205348954587629,3.652312737882661,-0.08066475247192831,-0.01466650000054743,0.7357080766400562,0.047665626236237865,0.42532251482938016,0.5719843227353902,0.4986534187823852,0.5206529692769898,-0.13932995444925197,0.3582159544592209,-0.09586080472585588,1.4534611392811672,0.4788492054627094,0.5811247925864695,164.39237166071104,0.960501736507631,0.9533085346004272,2.771927401822863,0.1466634039557422,0.11733040395464735,0.5426521207591615,0.6453164237256944,0.593984272242428,47.23118825864942,42.273685479407895,305.9310998803412,305.9310998803412,CORONAL,FRONT,1.0,0.6880128907296181,444.65896497362127,left,79.24165457836196,157.40437310581905,148.6614657618143,22.595626894180953,5.005296444814843,5.005296444814843,0.1417551187695329,0.1417551187695329,,1.4304672285049231,,1.7410732744588069,1.842881222422187,0.7974969764746198,,,134.2576830395268,45.742316960473204,88.71743011382756,0.2954884797392865,,,,,,,,,,,,,,,,,,,,0.2977793966847549,BODY,0.8189,0.0693,0.2497,0.8189,0.1741,0.7895,0.4256,0.1325,0.0807,MUZHUMANDI,INCORRECT,KNEES_FACING_FORWARD,Feet and knees facing forward,CANONICAL,turnout_deviation_deg,26.237311166541648,<= 8°,,False,2 of 6 parameter checks out of range,1,0,0,8
DJI_20260917131944_0061_D.JPG,Cam 5,3,MUZHUMANDI,CORRECT,,,rtmw_l_wholebody,coco_wholebody_133,1,1,OK,423.81,297.23,126.58,67,1,1,60.0,1.0,1.0,1.0,0.0,1.0,144.79355675443907,158.61568167868762,151.70461921656334,35.20644324556092,21.384318321312367,13.822124924248556,0.9402120847223602,0.7062742458972145,0.9694139088604292,1.3725743427454804,2.489477391225966,5.617513380835934,27.29954943897058,2.045345725464273,14.672447582217426,25.254203713506307,21.290616598044238,17.656308314915776,19.473462456480007,2.8679553918107534,3.050328152990765,2.3735882097468792,2.5448650862261046,4.398665504831637,2.5448650862261046,-0.10737552906763177,-0.04601855497322185,0.8013723866230142,0.0766970420204268,0.4755186102377129,0.42950046746569825,0.4525095388517056,0.6135718019501353,-0.09970570120522693,0.4141522006138895,-0.06729992388283118,1.4815128376491782,0.5351198049653364,0.42977427947655295,170.39797025147485,0.9402120847223602,0.9356967403482017,2.8531083638166197,0.1687329153632489,0.07669580541680521,0.5675532469769135,0.6595895325209427,0.6135713897489281,47.23118912830212,43.6360393197568,296.14254001983875,296.14254001983875,CORONAL,FRONT,1.0,0.6749857136484697,438.73897481342664,right,142.9425215369181,129.19323343880964,129.19323343880964,50.80676656119036,1.9025387994458063,1.9025387994458063,0.28613656676125737,0.7579131215152923,0.7411631223993427,1.651883778588857,0.9213459739479293,0.7830364122256077,0.7411631223993427,0.33871100769443324,-0.05643804432991728,,58.4828748344767,121.5171251655233,26.35045427982996,-0.013605443381884214,252.57470703125,151.56052473199935,119.51812173396324,28.43947526800065,1.6149806358263383,3.737917352616701,0.018239681328663906,0.02929853930786234,0.024813227633932202,0.2989309378615055,0.923270414030605,0.2384553066015135,0.25361405515243785,0.10935434181396646,-0.011014907946154062,148.78804680456253,154.07386321508642,25.92613678491358,90.0,0.6331987261425214,BODY,0.8724,0.0762,0.2582,0.8724,0.1108,0.5906,0.2907,0.7528,0.4897,MUZHUMANDI,INCORRECT,KNEES_FACING_FORWARD,Feet and knees facing forward,CANONICAL,turnout_deviation_deg,30.327552417782574,<= 8°,,True,1 of 6 parameter checks out of range,1,0,0,7
DJI_20260917132031_0062_D.JPG,Cam 5,4,SWASTIKAPADAM,CORRECT,,RIGHT,rtmw_l_wholebody,coco_wholebody_133,1,1,OK,468.43,323.93,144.5,67,1,1,67.0,1.0,1.0,1.0,1.0,1.0,27.089921679857213,1.6466098409993322,14.368265760428272,152.9100783201428,178.35339015900067,25.44331183885788,0.01999640190192264,0.044712567641609524,0.06323338340413939,1.4142194631044716,26.563138416741754,90.0,79.87528696828419,80.21770616620688,80.04649656724553,0.3424191979226947,14.054394114973363,13.148775108933194,13.601584611953278,0.5002998105230931,25.019491655395743,4.194188390301901,2.1211389753742034,1.145737982149905,2.1211389753742034,0.0,0.10997812437291159,0.9875735004367858,0.054989062186455794,0.09998034063948286,0.0999786717693525,0.09997950620441767,2.1595675975667237,0.9997996514370352,1.4361435704044387,0.66488117469522,1.503726815389744,0.568744372154224,0.5884387727503069,27.545588421829258,0.0011742363325717058,0.0,0.4999000343272839,0.37992412622094357,0.15996787747512042,0.5998795405317016,0.679864313704327,0.6398719271180142,45.93921021730652,40.46217241741457,292.5819337996737,292.5819337996737,CORONAL,FRONT,1.0,0.6650144093764895,439.9632995531563,left,2.433349609375,180.0,180.0,0.0,0.0,0.0,0.0,0.0,0.0,7.880004013243704,1.0000000000000002,0.0,0.0,0.0,0.0,180.0,2.969099428945446,177.03090057105456,90.0,0.6412630381556413,0.0,,,,,,,,,,,,,,,,,,,0.6534303016967125,BODY,0.9791,0.8314,0.6354,0.1225,0.9791,0.7031,0.1888,0.3751,0.2539,SWASTIKAPADAM,INCORRECT,INSUFFICIENT_ARAMANDI,Insufficient Aramandi (left leg),CANONICAL,mean_knee_flexion_deg,14.368265760428272,30-45°,LEFT,False,1 of 5 parameter checks out of range,1,0,0,0
DJI_20260917132033_0063_D.JPG,Cam 5,4,SWASTIKAPADAM,CORRECT,,RIGHT,rtmw_l_wholebody,coco_wholebody_133,1,1,OK,474.72,296.75,177.97,67,1,1,61.0,1.0,1.0,1.0,1.0,1.0,28.775055396099305,10.342522472279427,19.558788934189366,151.2249446039007,169.65747752772057,18.432532923819878,0.07690817614202432,0.042993967762684056,0.027190861754063905,0.6324343429792444,63.43350915812727,0.0,80.53769076212714,78.69006752597979,79.61387914405347,1.8476232361473564,15.621314171454102,7.733616771985552,11.677465471719827,0.4426440093156759,5.7554870173784485,4.604462244103416,4.398712412275864,1.101684825961101,4.398712412275864,0.019227245338407625,0.1345899121572472,0.9692105613236771,0.07690857874782742,0.09613582408623503,0.11536347203044575,0.10574964805834039,2.076538873095796,0.9132927444540514,1.4449855375966696,0.6355261750340441,1.4370655062399718,0.5847721828269422,0.5882405950390583,21.5073077072923,0.07675840506845442,0.07690817614202432,0.4422262401775723,0.34608961087973106,0.07690978656523668,0.557589712208018,0.6344986935616486,0.5960442028848333,45.9710026360553,40.3140335439897,303.2005787338286,303.2005787338286,CORONAL,FRONT,1.0,0.6958625028976325,435.71909317038177,right,0.0,,,,,,,,,,,,,,,,,,,0.6480778263762689,118.13993355861881,123.21436399533813,98.0272984081175,56.78563600466187,,,,,,,,,,,,121.48483496265811,141.9544160766893,38.04558392331069,96.31440681564271,0.3752229908023134,BODY,0.8141,0.7718,0.7129,0.1215,0.8141,0.005,0.1842,0.992,,SWASTIKAPADAM,INCORRECT,INSUFFICIENT_ARAMANDI,Insufficient Aramandi (left leg),CANONICAL,mean_knee_flexion_deg,19.558788934189366,30-45°,LEFT,False,1 of 5 parameter checks out of range,1,0,0,6
DJI_20260917132059_0064_D.JPG,Cam 5,5,SWASTIKAPADAM,CORRECT,,LEFT,rtmw_l_wholebody,coco_wholebody_133,1,1,OK,484.98,342.67,142.31,67,1,1,67.0,1.0,1.0,1.0,1.0,1.0,3.4129057458134184,65.36840543459644,34.39065559020493,176.58709425418658,114.63159456540356,61.95549968878302,0.08145446340479434,0.1651549866306795,0.09789520795726372,0.5927475152547318,35.53755099633507,45.00039095069778,65.69548722764024,58.781635044503176,62.23856113607171,6.913852183137067,26.849354147299657,21.155405237672724,24.00237969248619,0.9074375436361628,11.140427494151927,1.824102001158957,10.954086171233532,3.301869997551959,10.954086171233532,-0.35517844260480147,-0.30718100524739456,0.9657747526305087,0.331179723926098,0.26878313396268144,0.3839763548107587,0.32637974438672007,2.044676919010937,0.7871526277790293,1.356000233996764,0.5220282664392035,1.507873573874189,0.6530422348355729,0.7408363911764735,54.918611568109455,0.0,-0.057596610424038644,0.9023458486271065,0.01919913214538761,0.6335611426401767,0.6527610607976885,0.6335619286523009,0.6431614947249946,41.42364965218303,43.21009969004874,310.6066910260128,310.6066910260128,CORONAL,FRONT,1.0,0.6631855729328114,468.35562126662995,left,53.337144684362386,171.29083993461148,167.03711775525122,8.709160065388517,4.422916809234238,5.273153464291906,0.522730270212426,1.0451805339122098,1.5081062517659836,1.9089723344681688,0.46938806470379807,1.6625071259936766,1.6745581840364807,0.7416000097548208,-1.2659414655939014,171.40119534343052,88.98584387784503,91.01415612215497,26.82196805300618,0.3506950542320793,2.1876220703125,121.90180297963066,87.75057007306202,58.09819702036934,5.364688161525998,7.152917548701356,4.570201901419755,12.419999565964444,12.772277336332612,8.131461860277252,0.9384374212338283,0.24998604988560907,0.750013950114391,0.35696422759051677,-0.3234325021255664,87.75057007306202,173.03819203883526,6.961807961164737,90.0,0.6524160921016711,BODY,0.9402,0.535,0.8277,0.1771,0.9402,0.6097,0.5268,0.0323,0.0298,SWASTIKAPADAM,CORRECT,,,,ankle_crossing_signed_norm,-0.057596610424038644,>= -0.55,RIGHT,False,5 parameter checks within range,1,1,0,0
DJI_20260917132100_0065_D.JPG,Cam 5,5,SWASTIKAPADAM,CORRECT,,LEFT,rtmw_l_wholebody,coco_wholebody_133,1,1,OK,439.4,295.39,144.01,67,1,1,49.0,1.0,1.0,1.0,0.0,1.0,5.759627707004881,65.56964678818962,35.66463724759725,174.24037229299512,114.43035321181038,59.810019081184734,0.10473814622968686,0.17070287990601504,0.09257641162503902,0.5423248376126366,40.60137749010142,45.000293410725966,67.52062041239598,59.85865463475615,63.68963752357607,7.6619657776398356,27.343850772170242,22.988741340396714,25.16629605628348,0.898136464300562,8.575065500309526,1.5074524090002899,5.355795503068378,1.060890768370095,5.355795503068378,-0.3147610890275355,-0.2777299934059423,0.982614535162905,0.2962455412167389,0.2221835396062587,0.3332756886748006,0.27772961414052966,1.990398538919528,0.7683864162272169,1.4139835434368466,0.5458634169493966,1.4076532560496706,0.5810985000667659,0.6637174223238074,57.99455789020679,0.0,-0.07406067418153608,0.8887356754866852,0.055545695268858365,0.6110056820807429,0.5924907031680652,0.5924914616988904,0.5924910824334778,43.15238729400864,43.15235069408379,321.8598597238775,321.8598597238775,CORONAL,FRONT,1.0,0.7104022213583499,453.0670795320064,right,,,,,,,,,,,,,,,,,,,,0.3592374602902253,0.0,,,,,,,,,,,,,,,,,,,0.6263071586806643,BODY,0.9155,0.5465,0.8541,0.1517,0.9155,,,,,SWASTIKAPADAM,CORRECT,,,,ankle_crossing_signed_norm,-0.07406067418153608,>= -0.55,RIGHT,False,5 parameter checks within range,1,1,0,18
DJI_20260917132133_0066_D.JPG,Cam 5,6,ARAMANDI,INCORRECT,INSUFFICIENT_KNEE_BEND,,rtmw_l_wholebody,coco_wholebody_133,1,1,OK,484.86,340.29,144.57,67,1,1,60.0,1.0,1.0,1.0,1.0,0.0,23.4733704271583,32.39428283549907,27.933826631328685,156.5266295728417,147.60571716450093,8.920912408340769,0.48003273757040577,0.25979218950279065,1.527176469341943,5.878454130067441,0.0,2.3859285385521285,75.52972552167337,63.434976756657875,69.48235113916562,12.094748765015495,4.345626302451478,5.667273218464558,5.006449760458018,1.0998468848958016,2.2911914101160415,2.822153973121982,3.9451597829193763,2.290595763417955,3.9451597829193763,-0.19984050550990073,-0.1298964844681289,0.9937878829518868,0.16486849498901482,0.1598719367478403,0.3197438734956806,0.23980790512176048,2.2881699688643744,1.109113168769668,1.610720304555821,0.7807423073007912,1.4205880203983459,0.6398007697184003,0.7149697336720068,31.0223982007527,0.48003273757040577,0.47961658967698806,1.0991204420040526,0.07993635809065372,0.1798566108456041,0.5995199576627679,0.6195046317605317,0.6095122947116498,43.02507660526974,41.05479922558837,313.22830657020535,313.22830657020535,CORONAL,FRONT,1.0,0.7039338538977619,444.96837996329424,left,107.447998046875,134.93631428217853,100.73458772244966,45.06368571782147,36.315254932537464,72.48563254390987,0.03559262338009437,0.06703511963201308,,0.9223529615790312,,0.769427556946613,0.7653096508245889,0.34105278034754166,-0.03668711188381246,166.23768388182197,55.13543800016921,124.86456199983078,0.0,0.12231025121476495,,,,,,,,,,,,,,,,,,,,,BODY,0.9209,0.6564,0.9209,0.0728,0.4139,0.4802,0.5966,0.6989,0.5485,ARAMANDI,INCORRECT,FEET_TOO_CLOSE,Feet too close together,SECONDARY,foot_separation_deviation_pct,19.9945437382657,<= 5,,True,1 of 8 parameter checks out of range,1,1,0,7
DJI_20260917132135_0067_D.JPG,Cam 5,6,ARAMANDI,INCORRECT,INSUFFICIENT_KNEE_BEND,,rtmw_l_wholebody,coco_wholebody_133,1,1,OK,469.74,316.05,153.69,67,1,1,50.0,1.0,1.0,1.0,0.0,0.0,18.664706069600328,31.062083887245223,24.863394978422775,161.33529393039967,148.93791611275478,12.397377817644895,0.4796170754137775,0.28048964724092124,1.5252133884446917,5.4376815809342105,4.085481172941932,0.0,75.0685227785228,63.43497665069934,69.25174971461107,11.633546127823465,6.655600249643982,6.241883834209119,6.44874204192655,1.0393614339554533,2.1670651176436335,2.4026277264865574,5.7106372210610825,2.2906278239484044,5.7106372210610825,-0.17985601504194493,-0.11990349237700107,0.9767198758361342,0.14987975370947298,0.1598726172967403,0.3197436816405939,0.2398081494686671,2.268185915198846,1.0891289538389368,1.586016685094232,0.7615675070693421,1.4301147878933465,0.620470171675395,0.714969302026148,28.599016486924757,0.4796170754137775,0.4796170754137775,1.0391692947612603,0.059951746188500535,0.1798552385655016,0.5995205677907786,0.6195047420124266,0.6095126549016026,43.02505012531328,42.08913920995552,314.421161261616,314.421161261616,CORONAL,FRONT,0.0,0.6992445700621459,449.65835234683567,,188.50143493086736,158.4039128043409,147.3702222142113,21.596087195659095,,,0.018474893554999823,0.03167133860613328,,0.9910544407486785,,0.4001255262002489,0.4009255252761316,0.1780245591703965,0.007833877854024007,,18.44700622126645,161.55299377873354,38.14027152688494,0.10413939426033555,141.95577918832288,,,,8.616916476037176,13.351530054331464,0.34595642814770616,0.8416695613352371,0.6454698382273557,0.9997817895168521,1.4930227336408037,0.6006476005843933,0.6035281117845535,0.26803228828825343,0.1807541975139344,,82.83066911465332,97.16933088534668,56.12918592727515,0.18597832898669495,BODY,0.8908,0.6954,0.8908,0.0765,0.4468,,,,,ARAMANDI,INCORRECT,INSUFFICIENT_KNEE_BEND,Insufficient knee bend,CANONICAL,mean_knee_flexion_deg,24.863394978422775,30-45°,,True,2 of 8 parameter checks out of range,1,1,1,17
DJI_20260917132212_0068_D.JPG,Cam 5,7,ARAMANDI,INCORRECT,FEET_TOO_FAR_APART,,rtmw_l_wholebody,coco_wholebody_133,1,1,OK,446.57,308.6,137.97,67,1,1,67.0,1.0,1.0,1.0,1.0,1.0,53.84701707869442,64.64128900678031,59.244153042737366,126.15298292130558,115.35871099321969,10.794271928085891,1.0221279281773055,0.6741749241833886,2.1661718079064434,3.2130708666304573,3.270435514920979,4.316054542023811,79.28686856553395,66.97450167715937,73.13068512134666,12.312366888374584,10.184673984116273,9.080749735294418,9.632711859705346,2.0442573326685687,2.0000014443534093,1.5481341917487785,6.709869374944929,0.0,6.709869374944929,-0.12499979982865332,-0.08653887727895078,0.9928951741821167,0.10576933855380205,0.13461523063742564,0.32692304612748513,0.23076913838245539,2.09615270671695,1.0192300609321578,1.4724357202168672,0.7159548748649326,1.4235953922716698,0.7241590091048289,0.835819466537119,53.00405347671737,1.0221279281773055,1.0192292602467712,2.0384601218643157,0.2692304612748513,0.09615270671694971,0.5961535074023364,0.6346152306374256,0.615384369019881,45.90934800092279,42.27367461364982,304.91455078125,304.91455078125,CORONAL,FRONT,1.0,0.7024467804748039,434.0749495287736,left,151.0401611328125,90.0,0.0,90.0,0.0,0.0,0.0,0.0,0.0,1.488888493770008,1.0,1.8925921406005395,1.8925921406005395,0.8411520624891288,0.0,180.0,108.61629855671244,71.38370144328756,90.0,0.002011000187030227,40.270452776548254,123.54079367353278,95.31743516016076,56.459206326467225,8.977687451706279,17.06753148389338,0.4231049642794574,0.48088491325106175,0.9269326252562526,0.9012431100694762,0.873735924468906,1.0998700502550889,1.4046260716489998,0.5798454228115856,-0.42321191125914304,143.15458021938792,153.6621786225602,26.33782137743981,92.09520388247891,0.32143634635396906,BODY,0.8146,0.2847,0.8146,0.1943,0.1419,0.5974,0.1779,0.337,0.1027,ARAMANDI,INCORRECT,FEET_TOO_FAR_APART,Feet too far apart,CANONICAL,foot_separation_deviation_pct,70.3546546962176,<= 5,,True,2 of 8 parameter checks out of range,1,1,1,0
DJI_20260917132213_0069_D.JPG,Cam 5,7,ARAMANDI,INCORRECT,FEET_TOO_FAR_APART,,rtmw_l_wholebody,coco_wholebody_133,1,1,OK,482.6,329.87,152.73,67,1,1,67.0,1.0,1.0,1.0,1.0,1.0,57.645194394398004,67.98764688411288,62.81642063925544,122.354805605602,112.01235311588712,10.342452489714873,0.9668774229193777,0.6627989522278283,2.087785344572555,3.1499526931281374,4.899146348350704,5.5993411455162585,79.28679322502121,67.16638494317488,73.22658908409804,12.120408281846338,12.745842567099743,11.922312855118733,12.334077711109238,2.0448000488561506,2.114849308076826,1.9091529602352726,6.709800328384251,0.0,6.709800328384251,-0.13207525770696144,-0.08490543900720147,0.997379661279117,0.10849034835708146,0.1320764309687936,0.30188652680864175,0.21698147888871766,2.009434589479596,0.9622643796925585,1.4192123806723005,0.6796227796065305,1.4158801155100542,0.710496666407505,0.7779450346540296,58.214977254022365,0.9668774229193777,0.9622639886052811,2.0377367935692736,0.2452829008038408,0.07547202278943783,0.5849054390072015,0.6226414504019204,0.603773444704561,45.00003830984282,41.30863739644822,312.130615234375,312.130615234375,CORONAL,FRONT,1.0,0.7062744854212193,441.93953155227115,right,0.0,,,,,,,,,,,,,,,,,,,0.018482095777471584,44.662795051018634,116.74121484438996,87.83451133462569,63.25878515561004,16.05979862630252,22.796469398403545,0.5751939332067062,0.8352940520010378,1.149678467649435,0.8658057894157074,0.8799514269633155,0.9212119377632388,1.3551423086880732,0.5292251334925137,-0.506325233494267,126.2134831378779,155.6070264869576,24.392973513042392,93.07738141679572,0.337894872264528,BODY,0.7756,0.2779,0.7756,0.233,0.1456,0.4907,0.5794,0.4933,0.356,ARAMANDI,INCORRECT,FEET_TOO_FAR_APART,Feet too far apart,CANONICAL,foot_separation_deviation_pct,61.146237153229634,<= 5,,True,2 of 8 parameter checks out of range,1,1,1,0
DJI_20260917132228_0070_D.JPG,Cam 5,8,ARAMANDI,INCORRECT,FEET_NOT_IN_LINE,,rtmw_l_wholebody,coco_wholebody_133,1,1,OK,501.85,321.69,180.16,67,1,1,67.0,1.0,1.0,1.0,1.0,1.0,41.01670777741862,48.264214590335854,44.640461183877235,138.98329222258138,131.73578540966415,7.247506812917237,0.38168318145523006,0.1824536583547272,1.0947226910322558,6.000004060778498,5.710593137499642,2.7263109939062655,59.03624346792648,48.65226939727598,53.84425643260123,10.383974070650503,8.972642305933732,7.959179793450829,8.46591104969228,1.2993075263677227,3.4041518974294296,1.8357728112991405,5.042445017878842,3.122128138530191,5.042445017878842,-0.145238912741854,-0.09985186885364873,0.9878194244740023,0.12254539079775137,0.2723222633292316,0.3994059862162063,0.335864124772719,1.9788766027241382,0.8714316149531383,1.3967182515066008,0.6150683877253333,1.416804427513981,0.5292993391227147,0.6045859682625856,55.37966503541298,0.38168318145523006,0.38125116866092423,1.2889927910242238,0.018154817555282105,0.21785855526257958,0.5991089793243095,0.635419359034068,0.6172641691791887,44.11863270353738,40.601300174223965,327.881935504116,327.881935504116,CORONAL,FRONT,1.0,0.7058137175323952,464.5445779240851,right,0.0,,,,,,,,,,,,,,,,,,,0.6497974093900183,58.45667784915732,134.96724187632583,104.19312314137406,45.03275812367417,15.952456478025669,32.081618521756965,0.26338739213118906,0.47722802933980046,0.7201602163044442,0.8597388104379009,1.0409571377459472,1.1355212495785645,1.411909357820877,0.5665889502495851,0.021150286101517146,143.23191798507415,147.24198506351718,32.75801493648282,83.72278000337596,0.3151644986120163,BODY,0.9251,0.4731,0.9251,0.1774,0.4816,0.6281,0.5262,0.6675,0.3667,ARAMANDI,INCORRECT,FEET_TOO_CLOSE,Feet too close together,SECONDARY,foot_separation_deviation_pct,36.386136424128324,<= 5,,True,1 of 8 parameter checks out of range,1,1,0,0
DJI_20260917132230_0071_D.JPG,Cam 5,8,ARAMANDI,INCORRECT,FEET_NOT_IN_LINE,,rtmw_l_wholebody,coco_wholebody_133,1,1,OK,497.62,339.16,158.46,67,1,1,66.0,1.0,1.0,1.0,1.0,1.0,46.12630304794561,49.32466605670649,47.72548455232605,133.8736969520544,130.6753339432935,3.1983630087608788,0.36190310273969384,0.16933001775345033,1.173905250209888,6.9326470627265255,0.0,8.972626614896393,61.82137484059105,48.65222915810906,55.23680199935005,13.16914568248199,2.501847721403223,7.060905503339555,4.781376612371389,1.4075646586737882,3.8893412297882612,1.8475980120406739,5.042457140397851,4.3160341964266244,5.042457140397851,-0.13170112491935027,-0.08466539597339245,0.9945700736862026,0.10818326044637136,0.2822166962557506,0.41391704698176623,0.3480668716187584,2.0884012297125505,0.9030922667283999,1.4315141521322619,0.6190330392981279,1.4588757132451995,0.597635699092183,0.6265510471775495,59.9636427765571,0.36190310273969384,0.3574744819239507,1.392266712281699,0.05644256505781553,0.22577335700460044,0.6396904039863667,0.6396904039863667,0.6396904039863667,44.14490155355071,43.264293248080875,315.3483943791882,315.3483943791882,CORONAL,FRONT,1.0,0.6854593512805471,460.0541137706667,right,0.0,,,,,,,,,,,,,,,,,,,-0.0038129218674902016,57.17230402620515,162.51508980824795,146.07858009433852,17.48491019175205,18.85570299599874,31.33501371785808,0.37914192203680863,0.5906742320106356,1.1251598899001114,1.026989527942105,0.8505771382236355,1.3639816244448426,1.5584406632313463,0.6746120236759272,-0.2255462898589886,168.67003591350155,140.9867931013859,39.0132068986141,76.52684932271997,0.316672580630642,BODY,0.9121,0.4804,0.9121,0.17,0.459,0.8528,0.7116,0.3231,0.2091,ARAMANDI,INCORRECT,FEET_TOO_CLOSE,Feet too close together,SECONDARY,foot_separation_deviation_pct,39.68281621005102,<= 5,,True,1 of 8 parameter checks out of range,1,1,0,1
DJI_20260917132310_0072_D.JPG,Cam 5,9,SAMAPADHAM,INCORRECT,FEET_TOO_FAR_APART,,rtmw_l_wholebody,coco_wholebody_133,1,1,OK,498.59,370.32,128.27,67,1,1,57.0,1.0,1.0,1.0,0.0,1.0,6.410616620546932,7.006542269394487,6.7085794449707095,173.58938337945307,172.9934577306055,0.5959256488475546,0.7610514269430252,0.5813774229674011,0.9674696904828297,1.6640991759617703,3.945157565939427,3.0127662156024244,29.05463525730763,22.248926230256473,25.65178074378205,6.805709027051158,62.00628926511476,63.514709009531494,62.76049913732312,0.8209737100419209,1.0787361812585914,2.3695072278854385,1.909101113606622,0.0,1.909101113606622,-0.15999992314107073,-0.1,0.994373600745957,0.12999996157053537,0.3599995388464243,0.4399996925642829,0.3999996157053536,2.3099989624044546,1.0799993851285659,1.5917420662166661,0.744191006479024,1.451239501318815,0.41182480251878734,0.4753939100975872,3.175440237789613,0.7610514269430252,0.7599995388464243,0.8199986933982023,0.17999976942321216,0.020000230576787834,0.5999992314107072,0.6399996925642829,0.6199994619874951,40.914369248899376,40.15597701609865,317.647705078125,317.647705078125,CORONAL,FRONT,1.0,0.6890661390426936,460.98289711264414,right,,,,,,,,,,,,,,,,,,,,,0.0,,,,,,,,,,,,,,,,,,,0.6611581355456706,BODY,0.8115,0.8115,0.7113,0.0656,0.2852,,,,,SAMAPADHAM,INCORRECT,FEET_TOO_FAR_APART,Feet too far apart,CANONICAL,foot_gap_norm,0.4610514269430252,<= 0.05,,True,2 of 7 parameter checks out of range,1,1,1,10
DJI_20260917132312_0073_D.JPG,Cam 5,9,SAMAPADHAM,INCORRECT,FEET_TOO_FAR_APART,,rtmw_l_wholebody,coco_wholebody_133,1,1,OK,462.57,326.43,136.14,67,1,1,56.0,1.0,1.0,1.0,0.0,1.0,6.49291908079951,5.995394867837973,6.2441569743187415,173.5070809192005,174.00460513216203,0.4975242129615367,0.7474159779372619,0.5934406536156687,0.9267685615276312,1.5616870126458111,7.594605127265053,4.513994485023615,29.05473834979493,20.224816712797562,24.639777531296247,8.82992163699737,62.04698354791433,66.59534979916087,64.3211666735376,0.7845581122497155,1.0496940598125282,2.3533151172437683,0.0,0.0,0.0,-0.1470593083255226,-0.08823536022620763,0.9770523663413718,0.11764733427586513,0.3529399424441243,0.37254879924597456,0.3627443708450494,2.225488741690099,1.0392150912974647,1.5534832255214979,0.7254151332229971,1.432579834225768,0.4037493155061601,0.3970282194597146,2.078111590332201,0.7472133571612221,0.7450975984919491,0.7843130644045904,0.17647072045241527,0.0,0.5686268780395339,0.6078423439521752,0.5882346109958545,41.87790561757386,39.98688891975633,325.855224609375,325.855224609375,CORONAL,FRONT,1.0,0.698041376898514,466.81362365249885,right,,,,,,,,,,,,,,,,,,,,,43.86712776597832,131.21165736099584,88.15865644452106,48.788342639004156,17.591157863620253,25.82728389653387,0.5413116920593436,0.6167471888817244,1.4870983656166459,1.123138737149371,0.9876822592673267,1.5435382406135147,2.137081228072121,0.8218670234741207,-0.006511189126477301,110.03607663027023,156.7768618858622,23.22313811413781,93.11074028596552,0.3844872506385113,BODY,0.8055,0.8055,0.7064,0.0767,0.3099,0.6638,0.5859,0.5508,0.1936,SAMAPADHAM,INCORRECT,FEET_TOO_FAR_APART,Feet too far apart,CANONICAL,foot_gap_norm,0.4474159779372619,<= 0.05,,True,2 of 7 parameter checks out of range,1,1,1,11
DJI_20260917132527_0074_D.JPG,Cam 5,10,SAMAPADHAM,INCORRECT,FEET_NOT_ALIGNED,,rtmw_l_wholebody,coco_wholebody_133,1,1,OK,461.63,325.25,136.38,67,1,1,67.0,1.0,1.0,1.0,1.0,1.0,2.2026013589250226,8.383866382270412,5.293233870597717,177.79739864107498,171.6161336177296,6.181265023345389,0.3355674713311177,0.19604103965949113,0.8856614543452369,4.51773493898811,0.0,6.709851582352843,44.99993987567145,37.6942264661867,41.347083170929075,7.305713409484753,42.79745876540367,43.01249071858795,42.90497474199581,0.5492633925401074,1.6368195354612527,2.2754455386248944,0.0,1.1233043777777825,0.0,-0.13722835746766235,-0.07841641586379645,0.9796852325065777,0.10782238666572941,0.35287387138708404,0.4312895466629176,0.39208170902500084,2.293676461076232,1.0488180810023517,1.5484467880127575,0.7080505975004727,1.4812756103940037,0.4990384910482176,0.5450494631747054,11.495884174150218,0.3355674713311177,0.333269026833172,0.5489134298706494,0.03920820793189823,0.19604103965949113,0.6077264823564597,0.6273305863224087,0.6175285343394341,42.08915845266952,41.18592037704533,329.65783570624507,329.65783570624507,CORONAL,FRONT,1.0,0.6750938130507737,488.3141118069343,left,0.0,,,,,,,,,,,,,,,,,,,0.18379413047479026,0.0,,,,,,,,,,,,,,,,,,,0.6793460293460573,BODY,0.9296,0.9296,0.6467,0.078,0.5636,,,,,SAMAPADHAM,INCORRECT,FEET_NOT_ALIGNED,Feet not aligned / V-shaped,CANONICAL,turnout_deviation_deg,41.347083170929075,<= 8°,,True,1 of 7 parameter checks out of range,1,1,1,0
DJI_20260917132528_0075_D.JPG,Cam 5,10,SAMAPADHAM,INCORRECT,FEET_NOT_ALIGNED,,rtmw_l_wholebody,coco_wholebody_133,1,1,OK,493.14,353.49,139.65,67,1,1,54.0,1.0,1.0,1.0,0.0,1.0,3.155132028043141,7.0930058307911,5.12406892941712,176.84486797195686,172.9069941692089,3.9378738027479585,0.3224897894399793,0.19999910078411626,0.8637140118982385,4.318589476212455,0.0,7.125049375413441,41.8202821700035,34.82457666648324,38.322429418243374,6.995705503520263,45.933969495567034,45.35609841409949,45.645033954833266,0.5403703654763224,1.6756200759555964,2.654174375033228,1.974865173099525,0.0,1.974865173099525,-0.17999979018296045,-0.11000032971249071,0.9859886863429371,0.14500005994772558,0.3799996403136465,0.45999988010454884,0.4199997602090977,2.2900001198954514,1.0300004645948733,1.5149290510487299,0.681387574110564,1.5116220250117773,0.5099023628453265,0.5603574783670057,12.065073253846673,0.3224897894399793,0.31999946047046973,0.5400001198954512,0.020000059947725583,0.240000719372707,0.6199996103397837,0.6199996103397837,0.6199996103397837,42.08918923849985,42.08918923849985,325.8046875,325.8046875,CORONAL,FRONT,1.0,0.6615410356912528,492.4935414770793,right,184.5777443507529,134.14514266947273,134.14514266947273,45.85485733052727,,,0.013153570891509253,0.021045448886802126,,0.9968982433606225,,,,,0.004652300919375407,,21.823368879974097,158.1766311200259,38.37731426555654,0.1855208041460474,43.335963402385,94.25901849054196,86.97734019084338,85.74098150945804,25.9316181280054,42.87880182541637,0.42184335548744584,0.5430606768486494,1.2250106682527513,0.7907051652042599,0.9963083420006025,0.3625105889912962,0.903114781542448,0.3225106894574287,-0.158058646614045,92.18227517241104,144.28546928622114,35.714530713778856,81.2537641146276,0.40402085382894903,BODY,0.9212,0.9212,0.639,0.0891,0.5789,0.4917,0.525,0.6814,0.6618,SAMAPADHAM,INCORRECT,FEET_NOT_ALIGNED,Feet not aligned / V-shaped,CANONICAL,turnout_deviation_deg,38.322429418243374,<= 8°,,True,1 of 7 parameter checks out of range,1,1,1,13
DJI_20260917132546_0076_D.JPG,Cam 5,11,SAMAPADHAM,INCORRECT,WEIGHT_ON_ONE_LEG,,rtmw_l_wholebody,coco_wholebody_133,1,1,OK,472.99,325.96,147.03,67,1,1,62.0,1.0,1.0,1.0,1.0,1.0,9.320297313884055,10.460351783215742,9.890324548549899,170.67970268611595,169.53964821678426,1.1400544693316874,0.4616435109768726,0.2799435174285946,0.8818663883057262,3.1501582762339355,0.0,4.9696907165445205,56.888584387604894,21.250469775103596,39.069527081354245,35.6381146125013,32.05051496413303,56.441550857491436,44.24603291081223,0.7201326656191658,1.559932390461442,4.250658306313797,1.9749129054604535,1.1457957009645174,1.9749129054604535,-0.32993340356793927,-0.2199553439648523,0.9867688674522977,0.2749443737663958,0.2999408673187113,0.3599290407824536,0.32993495405058243,2.3295335005896565,1.089781921085811,1.5699940791614693,0.734460853749841,1.4837848954397685,0.5490718779351015,0.3861879285376383,13.368880015667044,0.4616435109768726,0.45990803781982137,0.7198549805996208,0.15996717050111006,0.2799435174285946,0.5598870348571892,0.619875983562253,0.5898815092097212,43.95838213304711,43.09086729039012,314.922100002234,314.922100002234,CORONAL,FRONT,1.0,0.6739521362384654,467.2766552234871,right,53.2461817212232,142.6935915070424,74.8717422439733,37.30640849295759,4.5727310244716435,5.267038620294188,0.9920627680183137,1.401265169493965,0.30515258536232426,1.2455705991763284,0.6120153374100842,0.21010617636316328,1.4341608795985321,0.6354741525975797,-0.7451122803740491,163.16672794932498,141.10845867515442,38.891541324845576,82.01065041266459,0.39614696651955306,139.37691263380097,156.43620627750067,125.89524579903313,23.563793722499327,,,,,,,,,,,,173.27892970341875,137.91829483755185,42.081705162448145,94.43100774334566,0.3925659191356437,BODY,0.8948,0.8948,0.7198,0.0728,0.4371,0.5837,0.9842,0.384,,SAMAPADHAM,INCORRECT,FEET_NOT_ALIGNED,Feet not aligned / V-shaped,CANONICAL,turnout_deviation_deg,39.069527081354245,<= 8°,,True,3 of 7 parameter checks out of range,1,1,0,5
DJI_20260917132548_0077_D.JPG,Cam 5,11,SAMAPADHAM,INCORRECT,WEIGHT_ON_ONE_LEG,,rtmw_l_wholebody,coco_wholebody_133,1,1,OK,460.22,317.87,142.35,67,1,1,63.0,1.0,1.0,1.0,0.0,1.0,8.392925187392478,9.802496715245269,9.097710951318874,171.60707481260752,170.19750328475473,1.4095715278527905,0.46973339117455376,0.30605871993778966,0.9014744144456255,2.94542960458327,0.0,2.489552921999156,57.52880770915151,21.25050550713324,39.389656608142374,36.27830220201827,32.47119229084848,56.220686783715244,44.345939537281865,0.716755572847067,1.5258774153884227,3.9724980745652876,1.9749340108819766,1.169139327907419,1.9749340108819766,-0.3468665492628283,-0.24484697595023172,0.994811897553293,0.29585676260653,0.2856548052752703,0.36727046392534757,0.32646263460030894,2.3872580155147594,1.122215306438562,1.6210966784436425,0.7620539941401738,1.4726191517502099,0.532068998173782,0.3940650461740462,12.528807709151522,0.46973339117455376,0.4692900372379441,0.7141370131881758,0.18363523196267378,0.30605871993778966,0.5713096105505406,0.6121174398755793,0.59171352521306,43.958373323990024,44.028978068920836,308.39574526886673,308.39574526886673,CORONAL,FRONT,1.0,0.6790621993551413,454.1494808012123,right,,,,,,,,,,,,,,,,,,,,,42.980876724267816,113.59567545462642,75.12681395584136,66.40432454537358,30.935484259059873,50.31730607466863,0.49580771584232836,0.901435935904528,1.3901899672391456,0.8789880202522425,1.0661422083371692,0.9568350619729213,1.826152981991399,0.6486302822578421,-0.04183008618493744,141.7375131851741,157.9410841902276,22.0589158097724,96.46973830680575,0.3889444411650497,BODY,0.9108,0.9108,0.7136,0.0586,0.4266,0.4941,0.7081,0.6607,0.3308,SAMAPADHAM,INCORRECT,FEET_NOT_ALIGNED,Feet not aligned / V-shaped,CANONICAL,turnout_deviation_deg,39.389656608142374,<= 8°,,True,3 of 7 parameter checks out of range,1,1,0,4
DJI_20260917132617_0078_D.JPG,Cam 5,12,MUZHUMANDI,INCORRECT,KNEES_FACING_FORWARD,,rtmw_l_wholebody,coco_wholebody_133,1,1,OK,451.2,323.7,127.5,67,1,1,64.0,1.0,1.0,1.0,1.0,1.0,147.05333938919003,149.95626176454235,148.5048005768662,32.94666061080997,30.043738235457646,2.9029223753523183,0.9237257605317952,0.7534543948753174,0.8625772340077285,1.1448300519243355,6.340185105647145,7.765166018425333,8.972631029780544,3.0940271258185277,6.033329077799536,5.878603903962016,18.980610831221895,20.269961302018388,19.62528606662014,2.396833230367029,2.5947454675153323,2.8063580345646493,4.3987822257619795,3.1797999628231586,4.3987822257619795,-0.06933726298000586,0.0,0.9020282666168703,0.03466863149000293,0.5269649382472892,0.5130979600874456,0.5200314491673674,0.6587067658543084,-0.18027783262033048,0.46512770790436075,-0.12729824471122345,1.4161847481030978,0.5334933209234404,0.513846993607667,152.8160860223588,0.9237257605317952,0.9152553505345665,2.385211177089968,0.09707201002662234,0.09707201002662234,0.5685674541806786,0.693375792707776,0.6309716234442273,45.69029047455244,40.03027612794193,308.7546609847187,308.7546609847187,CORONAL,FRONT,1.0,0.7061225601669877,437.25364179230127,left,177.6475047246353,135.543170833212,132.72425597078498,44.456829166788,21.622925946511486,28.651225346613256,0.35881419512104235,0.5382212926815635,0.0,1.1124636784228141,1.1194790973373678,1.2353055829730049,0.6983289451759982,0.4306410019760333,0.19359169396607867,,53.90828580433313,126.09171419566687,24.646748118625027,-0.10767614631266856,98.60546875,147.62581144272795,130.9352850381362,32.37418855727205,33.422659538366645,92.12109639666146,0.24767654047542978,0.6840121195996756,0.6927717021760939,0.6631049303022537,0.4082598930430225,1.4471689215023944,1.4866021263369165,0.6519554149681275,-0.24369680675375205,155.46764251906808,6.591817795556772,173.40818220444322,90.0,0.6064586871004511,BODY,0.9126,0.0827,0.2663,0.9126,0.1358,0.613,0.6129,0.4937,0.4811,MUZHUMANDI,INCORRECT,KNEES_FACING_FORWARD,Feet and knees facing forward,CANONICAL,turnout_deviation_deg,38.966670922200464,<= 8°,,False,1 of 6 parameter checks out of range,1,1,1,3
DJI_20260917132619_0079_D.JPG,Cam 5,12,MUZHUMANDI,INCORRECT,KNEES_FACING_FORWARD,,rtmw_l_wholebody,coco_wholebody_133,1,1,OK,487.02,341.08,145.94,67,1,1,67.0,1.0,1.0,1.0,1.0,1.0,153.43492943539454,151.6450150216449,152.53997222851973,26.565070564605474,28.354984978355102,1.789914413749642,0.9045836341084232,0.7336647915133013,0.9131780074039949,1.2446801563428154,12.17147737836682,11.659300534769303,15.524101652174053,4.763656685017068,10.14387916859556,10.760444967156985,31.913635062091956,23.19857117890278,27.55610312049737,2.4164917301958138,2.6713856398447438,3.3500872247963605,5.599336852698056,3.2245032595192016,5.599336852698056,-0.09843566772511728,-0.014062123901177203,0.8383168049750707,0.05624889581314724,0.5062396621098868,0.5062396621098868,0.5062396621098868,0.604675329835004,-0.23905730694532773,0.41879545185817246,-0.16557003063029668,1.4438440703023223,0.5254076069740566,0.5079944086478559,145.1755520961964,0.9045836341084232,0.8859190084838634,2.4046379948135237,0.09843526751667885,0.07031101971432445,0.5765506818242112,0.7171727212528601,0.6468617015385356,46.36395709540419,38.79655514479,305.01683817146807,305.01683817146807,CORONAL,FRONT,1.0,0.6925955652473005,440.39675313623724,left,454.0301395336942,,,,0.0,0.0,0.0,0.0,0.0,0.447213663516622,1.0,0.0,0.0,0.0,0.0,,62.19486002333347,117.80513997666654,44.99998910736358,-0.058384631949808766,324.6168212890625,180.0,180.0,0.0,45.0,72.10491479285304,0.2152643159133308,0.3228964738699962,0.0,0.4546104906975645,0.8459986601351289,1.0,1.0508387758536877,0.47412612335154686,-0.004843346133709958,180.0,59.1243572713551,120.87564272864489,0.0,-0.12272009691643537,BODY,0.8702,0.0856,0.265,0.8702,0.1743,0.7013,0.1658,0.8775,0.3613,MUZHUMANDI,INCORRECT,KNEES_FACING_FORWARD,Feet and knees facing forward,CANONICAL,turnout_deviation_deg,34.85612083140444,<= 8°,,False,1 of 6 parameter checks out of range,1,1,1,0
DJI_20260917132650_0080_D.JPG,Cam 5,13,MUZHUMANDI,INCORRECT,BACK_BENT_FORWARD,,rtmw_l_wholebody,coco_wholebody_133,1,1,OK,475.8,329.94,145.86,67,1,1,67.0,1.0,1.0,1.0,1.0,1.0,154.27822884296359,155.69624241521444,154.987235629089,25.7217711570364,24.30375758478555,1.4180135722508567,0.8847630773483471,0.6464418081932195,0.9538179103111342,1.4754892060230749,10.175498866550377,5.290076638630255,17.24145939893998,14.420773127510984,15.831116263225482,2.820686271428997,5.146702321927876,12.542895680225627,8.844799001076751,2.8005273272011904,3.1652850338131504,2.4895521979671895,6.788967067014474,5.617532686864987,6.788967067014474,-0.12236025342352176,-0.06525880182587827,0.9441413433351157,0.09380952762470002,0.4731263132376175,0.5710145159764349,0.5220704146070262,0.4568119952166954,0.11420290319528698,0.34749798413157984,0.08687442330298462,1.3145745186358375,0.4953869536105596,0.5895907928262897,166.02736547570254,0.8847630773483471,0.8809945895204517,2.7898145429273913,0.1631470045646957,0.03262940091293914,0.5220704146070262,0.603644681760469,0.5628575481837477,50.63068275763526,40.85534033869606,319.1918567640613,319.1918567640613,CORONAL,FRONT,1.0,0.7607024066142114,419.60148145809507,left,0.0,,,,,,,,,,,,,,,,,,,0.7306804623920438,0.0,,,,,,,,,,,,,,,,,,,-0.11848604245282592,BODY,0.8174,0.0886,0.2624,0.8174,0.1627,,,,,MUZHUMANDI,INCORRECT,KNEES_FACING_FORWARD,Feet and knees facing forward,CANONICAL,turnout_deviation_deg,29.168883736774518,<= 8°,,False,1 of 6 parameter checks out of range,1,1,0,0
DJI_20260917132653_0081_D.JPG,Cam 5,13,MUZHUMANDI,INCORRECT,BACK_BENT_FORWARD,,rtmw_l_wholebody,coco_wholebody_133,1,1,OK,465.05,324.26,140.79,67,1,1,66.0,1.0,1.0,1.0,1.0,1.0,154.39671875010777,157.50139034645937,155.94905454828358,25.603281249892245,22.49860965354062,3.104671596351608,0.8808301741480801,0.6165277945866451,0.9839555915607747,1.595963069630095,12.200478118768388,3.1798660075129086,25.016864008317683,12.874951444947115,18.9459077266324,12.141912563370568,14.892233940906763,14.752820221393193,14.822527081149978,2.7956953316404523,3.173932289892758,3.2396869241926347,5.440307837086244,6.54626079759817,5.440307837086244,-0.12214901459211043,-0.04885983536403363,0.9236784966624715,0.08550442497807204,0.48859682345907324,0.5700292448236031,0.5293130341413381,0.4478802302314926,0.06514593709162383,0.34535917997010807,0.0502338480104797,1.2968534100360618,0.5391809719446166,0.5847301193134747,171.75323870903517,0.8808301741480801,0.8794739761900793,2.785001052117023,0.14657912354678512,0.04885945281871787,0.5374562762777911,0.586315729096509,0.56188600268715,48.27047478286795,42.51045723488566,319.1002672701263,319.1002672701263,CORONAL,FRONT,1.0,0.7710971743307463,413.82626975268204,left,6.031982421875,60.0,0.0,120.0,,,4.133356268803713,6.100032379487595,0.20000404743594932,1.6450115351924481,0.21498252166581058,0.20000404743594932,6.300036426923544,2.755570845869146,-2.8100093091026985,90.0,174.17786175498784,5.822138245012155,90.0,0.7188089734143434,0.0,,,,,,,,,,,,,,,,,,,0.6509073215412499,BODY,0.8102,0.0896,0.2629,0.8102,0.1757,0.1468,0.0973,0.1511,0.2099,MUZHUMANDI,INCORRECT,KNEES_FACING_FORWARD,Feet and knees facing forward,CANONICAL,turnout_deviation_deg,26.0540922733676,<= 8°,,False,1 of 6 parameter checks out of range,1,1,0,1
DJI_20260917132733_0082_D.JPG,Cam 5,14,MUZHUMANDI,INCORRECT,FEET_APART_HEEL_DOWN,,rtmw_l_wholebody,coco_wholebody_133,1,1,OK,447.68,315.31,132.37,67,1,1,67.0,1.0,1.0,1.0,1.0,1.0,144.69151234850074,156.88828389541823,150.78989812195948,35.30848765149927,23.111716104581763,12.196771546917489,0.02136606797541107,0.9519386683155393,2.1617972784275614,2.270941763772317,0.909395397333256,44.9985163836583,72.03086810440563,79.46077594343511,75.74582202392037,7.429907839029482,76.57887869886717,85.46977377159612,81.02432623523165,2.9330981171369777,137.27832938248184,1.837736112266217,2.726357985871652,4.332343783943154,2.726357985871652,-0.566557931937407,-0.5212332660857127,0.6480775652601188,0.5438955990115599,0.18129866340677714,0.12086629721621346,0.1510824803114953,0.5967745062414603,0.3777054183611952,0.4222422628286675,0.2672419630253965,1.4133462203512595,0.5876692999988097,0.660801579703113,142.6007489751118,0.02136606797541107,0.015108482756412446,2.9158878796823897,0.21151484650205896,0.8309516856693665,0.6647615050190018,0.7554108367223904,0.710086170870696,44.341479556651855,41.347809326528306,312.03367967237483,312.03367967237483,CORONAL,FRONT,1.0,0.7075407183326033,441.0116217872466,left,0.0,,,,,,,,,,,,,,,,,,,0.6798769087965411,0.0,,,,,,,,,,,,,,,,,,,0.7132953365906557,BODY,0.8813,0.2518,0.1426,0.8813,0.6839,,,,,MUZHUMANDI,INCORRECT,KNEES_FACING_FORWARD,Feet and knees facing forward,CANONICAL,turnout_deviation_deg,30.74582202392037,<= 8°,,True,1 of 6 parameter checks out of range,1,1,0,0
DJI_20260917132735_0083_D.JPG,Cam 5,14,MUZHUMANDI,INCORRECT,FEET_APART_HEEL_DOWN,,rtmw_l_wholebody,coco_wholebody_133,1,1,OK,468.08,317.09,150.99,67,1,1,67.0,1.0,1.0,1.0,1.0,1.0,144.7961798412894,152.57089688794755,148.68353836461847,35.20382015871061,27.42910311205245,7.774717046658168,0.7535012339961286,0.11474754048439428,2.1558992717030345,18.78819591776991,23.19828552877695,1.1457545865088357,80.02794576611126,72.71849366365382,76.37321971488254,7.309452102457442,67.1877257777609,81.94838753707361,74.56805665741726,2.87053239442676,3.8095921611211443,3.4587180224453586,3.814048743993284,6.054193901971594,3.814048743993284,-0.2260050968057048,-0.14313674221028586,0.8814689613659422,0.1845709195079953,0.2410719998879864,0.21093819372342323,0.2260050968057048,0.5876142595662952,0.38420932356257764,0.4277916834599738,0.2797099468776752,1.3735990723654992,1.392129311354437,0.7100701765394068,137.9857776704524,0.7535012339961286,0.7533505811142629,2.847664839980473,0.18080438755886008,0.10546909686171162,0.6177476780879881,0.7684174841965444,0.6930825811422663,48.900466458239954,37.40534375715794,314.9040569478145,314.9040569478145,CORONAL,FRONT,1.0,0.7280144695190296,432.5519205076503,left,0.0,,,,,,,,,,,,,,,,,,,0.7007961886955169,0.0,,,,,,,,,,,,,,,,,,,0.6611533569455438,BODY,0.8941,0.1323,0.2821,0.8941,0.2474,,,,,MUZHUMANDI,INCORRECT,KNEES_FACING_FORWARD,Feet and knees facing forward,CANONICAL,turnout_deviation_deg,31.373219714882538,<= 8°,,False,1 of 6 parameter checks out of range,1,1,0,0
DJI_20260917132751_0084_D.JPG,Cam 5,15,SWASTIKAPADAM,INCORRECT,OVERCROSSING_SHINS,RIGHT,rtmw_l_wholebody,coco_wholebody_133,1,1,OK,480.65,340.48,140.17,67,1,1,67.0,1.0,1.0,1.0,1.0,1.0,26.296261814782866,13.341424426300165,19.818843120541516,153.70373818521713,166.65857557369984,12.954837388482701,0.2607680579336702,0.19798994578195783,0.1414214738628437,0.7142861386435664,45.0,32.47120630690613,74.93152498658698,78.36638379734802,76.6489543919675,3.4348588107610425,6.125597427745802,5.29346077880129,5.709529103273546,0.48166480540834267,1.8471004816504808,3.0326957384169244,2.202570005467421,0.0,2.202570005467421,0.04999983365410367,0.12999973384656588,0.9542784897659163,0.08999978375033477,0.14000003326917926,0.14000003326917926,0.14000003326917926,2.1600010479791467,1.0300008982678401,1.4284594511324844,0.6811637981297171,1.5121192598548705,0.5385170676169565,0.6942634106893343,14.853917017308143,0.20319404178255987,0.21999993346164146,0.48000106461373654,0.2800000665383585,0.02000059884522679,0.6200002661534342,0.7400005323068682,0.6800003992301512,45.90938825158332,37.11688835079077,293.53369140625,293.53369140625,CORONAL,FRONT,1.0,0.6613234991107629,443.8579481916867,right,0.0,,,,,,,,,,,,,,,,,,,-0.010198608399105568,72.6635597064164,113.46321663331749,21.755237062161935,66.53678336668251,5.385772385222751,8.376804124031256,0.09489788400378081,0.13239631691516499,0.2748179112854188,0.30506248311763695,0.8311061321151109,0.12499582511865955,0.23138269289135488,0.08465368432957131,-0.04214886901134263,145.33076913709124,27.969466032926988,152.030533967073,37.24682862695724,0.3158425112257586,BODY,0.8235,0.7694,0.7655,0.1287,0.8235,0.4823,0.1599,0.8206,0.4136,SWASTIKAPADAM,INCORRECT,INSUFFICIENT_ARAMANDI,Insufficient Aramandi (left leg),CANONICAL,mean_knee_flexion_deg,19.818843120541516,30-45°,LEFT,False,1 of 5 parameter checks out of range,1,1,0,0
DJI_20260917132753_0085_D.JPG,Cam 5,15,SWASTIKAPADAM,INCORRECT,OVERCROSSING_SHINS,RIGHT,rtmw_l_wholebody,coco_wholebody_133,1,1,OK,433.36,295.15,138.21,67,1,1,64.0,1.0,1.0,1.0,1.0,1.0,33.11131453908081,8.318085633673462,20.714700086377135,146.8886854609192,171.68191436632654,24.793228905407346,0.04472147068102107,0.04472184111726056,0.08944294136204214,1.9999834337661315,63.43589798641228,26.565525762754152,73.30074125264397,74.74487521249691,74.02280823257044,1.444133959852934,10.296561202493905,13.052529254543089,11.674545228518497,0.5414790320140438,12.107809152256637,2.67185228082799,4.236391561764982,0.0,4.236391561764982,0.10000024849309645,0.16999992545207107,0.9736007859511984,0.13500008697258375,0.180000115963445,0.180000115963445,0.180000115963445,2.169999925452071,1.0499997100913874,1.4450939405176133,0.6992388344355399,1.501632429982238,0.6264182651810242,0.684105429413777,24.79322441688992,0.03920170467096701,0.039999933735174284,0.5399995195800136,0.4199997183744907,0.07999986747034857,0.5999998343379357,0.7000000828310321,0.6499999585844839,45.0,38.659799986026435,294.745361328125,294.745361328125,CORONAL,FRONT,1.0,0.6659419309503248,442.59919315714507,left,272.02783203125,0.0,0.0,180.0,,,0.3333333333333333,1.0,1.0,0.5,1.2857142857142847,0.0,0.0,0.0,0.1999999999999993,,53.49945671926065,126.50054328073935,0.0,0.012946206313384686,62.988159024378746,103.5967572130284,88.14218741132348,76.4032427869716,83.7570647980917,83.7570647980917,0.46014057176642914,0.46014057176642914,,0.27215395225531475,,,0.6983539801099365,,0.3587260003764961,115.47365403749225,98.62452352719419,81.37547647280581,39.588163759733725,0.32893954882235577,BODY,0.8226,0.7481,0.7171,0.1222,0.8226,0.3078,0.5235,0.6053,0.4919,SWASTIKAPADAM,INCORRECT,INSUFFICIENT_ARAMANDI,Insufficient Aramandi (left leg),CANONICAL,mean_knee_flexion_deg,20.714700086377135,30-45°,LEFT,False,1 of 5 parameter checks out of range,1,1,0,3
DJI_20260917132825_0086_D.JPG,Cam 5,16,SWASTIKAPADAM,INCORRECT,OVERCROSSING_SHINS,LEFT,rtmw_l_wholebody,coco_wholebody_133,1,1,OK,499.61,336.26,163.35,67,1,1,61.0,1.0,1.0,1.0,1.0,1.0,21.283194252282044,24.384886452466986,22.834040352374515,158.71680574771796,155.615113547533,3.1016922001849423,0.6430617988942922,0.7465010404448224,0.49010229737810157,0.6565326380336471,29.93149732853736,37.56856595404507,39.80545610695815,64.72217745739674,52.26381678217744,24.916721350438593,72.5007713152317,4.913806770154949,38.707289042693326,0.438360620801329,0.6816772844461682,0.7957424915283705,1.9749395644146095,1.1233072068502494,1.9749395644146095,-0.22544736334372062,-0.2058428100238254,0.8031276928863282,0.21564508668377302,0.2352498399970712,0.3332706066625175,0.28426022332979434,2.0486272235321272,0.9213916067739419,1.45124903318447,0.652714492492928,1.411630379547494,0.3062261523023598,0.780478805346647,52.49785673494808,0.0,-0.5097063867130971,0.4312897733807401,0.33326980668890566,0.7449554267365565,0.646935460044722,0.646935460044722,0.646935460044722,43.21008482973125,44.118557275860205,305.1858478453963,305.1858478453963,CORONAL,FRONT,1.0,0.7084007361194334,430.8096142265206,right,0.0,,,,,,,,,,,,,,,,,,,0.1848578749749382,134.5110015431273,89.36815758920605,89.36815758920605,90.63184241079395,1.2086439841534742,1.4183367277176433,0.0,0.0,0.0,1.1697656643740746,1.0,1.3922608535554366,1.3922608535554366,0.6187826015801938,0.0,,9.745717194017715,170.25428280598229,81.54212413134107,0.2698529586721578,BODY,0.8744,0.6305,0.8744,0.1212,0.7768,0.6735,0.2615,0.3516,0.2448,ARAMANDI,INCORRECT,FEET_NOT_IN_LINE,Feet not spread in a straight line / V-shaped,CANONICAL,foot_line_deviation_deg,29.93149732853736,<= 8°,,True,3 of 8 parameter checks out of range,0,1,0,6
DJI_20260917132826_0087_D.JPG,Cam 5,16,SWASTIKAPADAM,INCORRECT,OVERCROSSING_SHINS,LEFT,rtmw_l_wholebody,coco_wholebody_133,1,1,OK,439.88,297.01,142.87,67,1,1,58.0,1.0,1.0,1.0,0.0,1.0,14.800411210693653,19.279797304896533,17.040104257795093,165.19958878930635,160.72020269510347,4.47938609420288,0.6025063574244955,0.6929192915450361,0.481150989792346,0.6943824420294319,34.11450468726409,42.510464755129,38.65986538128724,61.38960995416945,50.024737667728346,22.72974457288221,70.22621908424225,2.448837542147615,36.33752831319493,0.31945960897138326,0.5302178226582731,1.6022667254227563,2.0453905866023114,2.12108195831797,2.0453905866023114,-0.2035638825348312,-0.16655209559480944,0.7946620001988718,0.18505798906482032,0.2775878346689902,0.33310419118961887,0.3053460129293045,1.9338589644785313,0.8790266301020072,1.4609667063305725,0.6640756457145708,1.3236844865107813,0.35548616198944655,0.6956321417409079,45.04763696921242,0.0,-0.4441399302637996,0.3145984868466657,0.31459999986312737,0.6477041910527462,0.6106927823668399,0.5921870780238867,0.6014399301953632,41.308603091283565,43.1523653866137,322.7203816764831,322.7203816764831,CORONAL,FRONT,1.0,0.7554670393063151,427.1799627059989,right,70.57188870914193,160.74023900440287,149.8464251676819,19.259760995597134,12.705777282522625,12.705777282522625,0.23710965758834593,0.23710965758834593,,1.9906236077123811,,,,,,,107.36427800958539,72.63572199041461,50.247114690486704,0.29164542788622455,8.1131591796875,180.0,180.0,0.0,0.0,0.0,0.0,0.0,0.0,5.237470472292855,1.0,4.124971788814829,4.124971788814829,1.833320795028813,0.0,180.0,115.50432214279056,64.49567785720944,180.0,0.14579913886548584,BODY,0.8104,0.7379,0.8071,0.1136,0.8104,0.7031,0.1888,0.2798,0.0665,SWASTIKAPADAM,INCORRECT,INSUFFICIENT_ARAMANDI,Insufficient Aramandi (right leg),CANONICAL,mean_knee_flexion_deg,17.040104257795093,30-45°,RIGHT,False,1 of 5 parameter checks out of range,1,1,0,9
DJI_20260917132841_0088_D.JPG,Cam 5,17,SWASTIKAPADAM,INCORRECT,INSUFFICIENT_ARAMANDI,RIGHT,rtmw_l_wholebody,coco_wholebody_133,1,1,OK,452.91,315.3,137.61,67,1,1,48.0,1.0,1.0,1.0,0.0,0.0,12.52488613890307,5.906116717635143,9.215501428269107,167.47511386109693,174.09388328236486,6.6187694212679276,0.11774915986448639,0.12489121633126175,0.08831142598640537,0.7071067812500756,90.0,44.99971199033105,65.3765013278883,73.49555145263591,69.4360263902621,8.119050124747602,10.089065803128804,16.504448547364092,13.296757175246448,0.37525312159205787,3.1868857665220225,3.972512306839265,0.0,2.385936043972086,0.0,-4.185306374286596e-07,0.10407643214002221,0.9738687824263255,0.05203842533532982,0.2289680670019214,0.16652329589756537,0.1977456814497434,2.3521271152461196,1.155248354901183,1.565673706811308,0.7689813881153864,1.5023099034067087,0.5495405132620013,0.5861643140104408,14.53443286898288,0.08326164794878269,0.08326164794878269,0.37467532311633495,0.3330440806113062,0.12489121633126175,0.6036433901182563,0.6660889982838872,0.6348661942010718,45.971056340054375,41.18594045827409,291.663982474419,291.663982474419,CORONAL,FRONT,0.0,0.6656416214340016,438.1696893383604,,,,,,,,,,,,,,,,,,,,,0.11450441347736913,,,,,,,,,,,,,,,,,,,,0.3349348536701755,BODY,0.934,0.934,0.6235,0.0738,0.7314,,,,,SAMAPADHAM,INCORRECT,FEET_NOT_ALIGNED,Feet not aligned / V-shaped,CANONICAL,turnout_deviation_deg,69.4360263902621,<= 8°,,True,1 of 7 parameter checks out of range,0,1,0,19
DJI_20260917132842_0089_D.JPG,Cam 5,17,SWASTIKAPADAM,INCORRECT,INSUFFICIENT_ARAMANDI,RIGHT,rtmw_l_wholebody,coco_wholebody_133,1,1,OK,566.93,326.81,240.12,67,1,1,57.0,1.0,1.0,1.0,0.0,1.0,13.641984811109609,4.6136381378843225,9.127811474496966,166.3580151888904,175.38636186211568,9.028346673225286,0.10751067810778882,0.242873874467146,0.0798558726206664,0.32879564669467426,9.462447026050217,21.80156873595995,72.7585330876047,62.35392191666361,67.55622750213416,10.404611170941095,0.7370749556927336,30.88578288627182,15.811428920982276,0.2802092796698298,2.60633905953877,4.308647897186244,2.29054733454969,3.4336312827912603,2.29054733454969,-0.029945751084456143,0.0798562749172539,0.9651406786797827,0.05490101300085502,0.17967692028626192,0.21960566118977015,0.19964129073801604,2.2459594920953365,1.068078129601932,1.536740491090391,0.7308052149578603,1.4615086314942614,0.6061987864647366,0.47327930848176786,19.744096759637976,0.0,-0.09982104766559552,0.2794971633586824,0.37931821102427793,0.21960566118977015,0.5989230676208731,0.6388510039312063,0.6188870357760397,44.99996151440259,40.155969328208116,303.43362655809386,303.43362655809386,CORONAL,FRONT,1.0,0.6842244913583505,443.47086430026053,right,,,,,,,,,,,,,,,,,,,,0.04199439583254277,54.5076904296875,60.0,0.0,120.0,90.0,180.0,0.30275212921055167,0.8623845814474824,0.908256387631655,0.45458673271717054,0.8660604742775608,0.018348274572422274,0.06422008075659479,0.024464863764614493,-0.04678888398685854,0.0,60.96098043301772,119.03901956698229,0.0,0.11412080703327,BODY,0.9246,0.9246,0.6179,0.0828,0.8885,0.2415,0.4163,0.6513,0.3682,SAMAPADHAM,INCORRECT,FEET_NOT_ALIGNED,Feet not aligned / V-shaped,CANONICAL,turnout_deviation_deg,67.55622750213416,<= 8°,,True,1 of 7 parameter checks out of range,0,1,0,10
DJI_20260917132906_0090_D.JPG,Cam 5,18,SWASTIKAPADAM,INCORRECT,INSUFFICIENT_ARAMANDI,LEFT,rtmw_l_wholebody,coco_wholebody_133,1,1,OK,519.26,375.03,144.23,67,1,1,57.0,1.0,1.0,1.0,0.0,1.0,1.900036489722254,15.095865943126853,8.497951216424553,178.09996351027775,164.90413405687315,13.195829453404599,0.11431063635836848,0.18598058556688957,0.09802078174748217,0.5270484628742506,18.43494882292201,30.96369100047992,49.184910851566634,54.86577014914528,52.02534050035595,5.6808592975786425,41.875987471749795,14.029362019780223,27.95267474576501,0.3528733505779252,3.086968648058724,3.270476139209115,2.1210689272008736,1.1232881570679372,2.1210689272008736,-0.3136653275719841,-0.23524928156010194,0.9547070761093339,0.274457304566043,0.37247793384312344,0.37247793384312344,0.37247793384312344,2.2152607327446314,1.0880257831071174,1.6116561896446562,0.791565282550287,1.3745243849018818,0.5698692941351142,0.6472317318265906,22.165766154390926,0.0,-0.09802062927708044,0.3528733505779252,0.07841604601188215,0.548914609132086,0.5881222509632086,0.6469344760595295,0.6175283635113691,45.00003713461643,40.314126331189485,320.24757821020165,320.24757821020165,CORONAL,FRONT,1.0,0.7275243793302244,440.1881054556947,right,,,,,,,,,,,,,,,,,,,,,43.4052734375,,,,,,0.0,0.0,0.0,0.1999999999999979,1.0000000000000002,0.0,0.0,0.0,0.0,,114.65699747383789,65.34300252616211,180.0,0.1666143948364125,BODY,0.9496,0.9496,0.616,0.0608,0.9392,0.487,0.0819,0.6676,0.295,SAMAPADHAM,INCORRECT,FEET_NOT_ALIGNED,Feet not aligned / V-shaped,CANONICAL,turnout_deviation_deg,52.02534050035595,<= 8°,,True,3 of 7 parameter checks out of range,0,1,0,10
DJI_20260917132909_0091_D.JPG,Cam 5,18,SWASTIKAPADAM,INCORRECT,INSUFFICIENT_ARAMANDI,LEFT,rtmw_l_wholebody,coco_wholebody_133,1,1,OK,497.26,342.34,154.92,67,1,1,48.0,1.0,1.0,1.0,1.0,0.0,1.7391268239765054,16.359622374174137,9.049374599075321,178.2608731760235,163.64037762582586,14.620495550197631,0.12803696168554074,0.19693771301262175,0.0999803965460657,0.5076752188122442,23.962258921491383,38.66024367123039,50.44039220672474,57.26474553188396,53.85256886930435,6.8243533251592225,40.68287877557724,10.568919147277555,25.625898961427396,0.3604828047039872,2.815458910914602,1.201830228427135,4.236443508848902,1.145729824969207,4.236443508848902,-0.26994602709325316,-0.23995211061507876,0.9540848441602447,0.25494906885416596,0.3799232016534369,0.35992855531745993,0.36992587848544844,2.2395514748280347,1.0497898024999965,1.566089270017048,0.7341043793578359,1.4300279796972593,0.596537529033204,0.6656000499498465,23.289606303140438,0.0,-0.09997946199735347,0.35992777652777636,0.07998325808200936,0.5598874793121669,0.6198753122685157,0.6198760910581993,0.6198757016633575,43.09086366562283,43.09086614230938,313.4872355792398,313.4872355792398,CORONAL,FRONT,1.0,0.6992870168957831,448.29551815625905,left,69.1908139106715,159.7579691828682,151.69228272946143,20.24203081713179,8.205845344515158,13.695385639250095,0.2000713388513432,0.45892806985730394,0.35246739781689085,0.8950013624603195,0.9874967300085367,,,,0.01853164221411807,166.6411020067183,91.01180891215581,88.98819108784419,175.33941892631717,0.5969268005970222,,,,,,,,,,,,,,,,,,,,,BODY,0.962,0.9359,0.6248,0.0736,0.962,0.8701,0.5794,0.5597,0.4601,SWASTIKAPADAM,INCORRECT,INSUFFICIENT_ARAMANDI,Insufficient Aramandi (right leg),CANONICAL,mean_knee_flexion_deg,9.049374599075321,30-45°,RIGHT,False,1 of 5 parameter checks out of range,1,1,1,19
DJI_20260917133308_0092_D.JPG,Cam 5,19,PATAKA,INCORRECT,ELBOWS_NOT_ALIGNED,,rtmw_l_wholebody,coco_wholebody_133,1,1,OK,485.36,337.67,147.69,67,1,1,67.0,1.0,1.0,1.0,1.0,1.0,7.231546163408979,6.452005890149422,6.8417760267792005,172.76845383659102,173.54799410985058,0.7795402732595562,0.34638657878046814,0.2644262807031122,0.18753053998920563,0.7091978130561002,0.0,3.3667052383834073,10.007979801441337,3.0127752585360383,6.510377529988688,6.995204542905299,85.28208633106449,84.58584193845415,84.93396413475932,0.6105531638718772,1.7626351633526531,1.9349401933649415,3.8140650269210172,4.666840030831055,3.8140650269210172,-0.12204292905003424,-0.07119147911065307,0.9947434806176554,0.09661720408034366,0.3457871842517435,0.38646960318491824,0.36612839371833084,2.2883054114778565,1.0983867548820798,1.5194030940750776,0.7293135896493358,1.506055516407146,0.3511301353028289,0.3870045051127681,13.716999452587734,0.34638657878046814,0.3457887579788308,0.6102142518183994,0.061021267809131204,0.20340422603043734,0.813620051575924,0.7932796289728802,0.8034498402744021,15.376246097257003,14.381339897372914,310.2706015216035,310.2706015216035,CORONAL,FRONT,1.0,0.6639861473271618,467.28475100057443,right,92.77660038874993,177.3801857007261,176.12528560929894,2.619814299273912,3.7350433704630106,4.920620866592343,0.23965588483435238,0.3106338475129811,0.5557425300839949,0.9785754872103609,0.7304647747543612,1.049247151382014,1.2186680760207143,0.5070699471613016,-0.1866591142206815,176.87176605670243,147.52656046206738,32.47343953793262,11.239262396632377,0.9470180626733762,101.682584351049,178.33639845851593,176.21990429112483,1.66360154148407,3.9653812211569175,5.138679657866478,0.22595327446905755,0.3104002674593368,0.5484593516299979,0.9190434943502476,0.7419233160321078,1.0341352897248248,1.166865394770963,0.4928682565216554,-0.15301893926989585,177.50437961208462,160.13722094882496,19.86277905117504,1.8575565539112189,0.8849738604856681,MUDRA,0.9141,0.9186,0.661,0.088,0.5551,0.9141,0.4505,0.3811,0.3642,PATAKA,INCORRECT,ELBOWS_NOT_ALIGNED,Elbows down / not aligned with shoulders,CANONICAL,mean_elbow_shoulder_alignment_norm,0.8034498402744021,<= 0.08,,False,1 of 4 parameter checks out of range,1,1,1,0
DJI_20260917133309_0093_D.JPG,Cam 5,19,PATAKA,INCORRECT,ELBOWS_NOT_ALIGNED,,rtmw_l_wholebody,coco_wholebody_133,1,1,OK,470.8,337.04,133.76,67,1,1,67.0,1.0,1.0,1.0,1.0,1.0,8.350232463675525,4.638478415424089,6.494355439549807,171.64976753632448,175.3615215845759,3.7117540482514357,0.3200492068886659,0.24039955363222804,0.24039955363222804,1.0,4.76342787816549,3.576446391722695,0.0,0.0,0.0,0.0,84.61068003532864,81.4163615624748,83.01352079890172,0.5793039474539976,1.810046502179015,1.548176691825296,1.9092114203513522,3.4336091796318686,1.9092114203513522,-0.13974897467857947,-0.09982025527659201,0.9943684305509571,0.11978461497758575,0.33938987103885765,0.33938987103885765,0.33938987103885765,2.2160169203137126,1.0580979467114662,1.4994525719022673,0.7159546811115558,1.477883970349514,0.33938987103885765,0.33938987103885765,13.972958402196632,0.3200492068886659,0.31942589714495806,0.5789598726082174,0.039928719401987445,0.23956922995517146,0.7786003831614015,0.7786011547755897,0.7786007689684955,15.75122760949107,12.994625085861003,316.4024569554857,316.4024569554857,CORONAL,FRONT,1.0,0.6766431059966798,467.6061193137144,right,94.27015293629475,176.92692577399205,175.09488762577905,3.0730742260079467,3.532738429313872,4.4276880913480055,0.23471411739014517,0.31126864369346174,0.5559201077279011,0.9633897703153653,0.7272947471020021,1.037775365894522,1.1902565926755684,0.49879848871656784,-0.18675247621122626,176.53457637275744,148.67995645688842,31.32004354311158,10.304826560899276,0.9382121554804908,101.31742958809609,177.21952343188946,175.00970219307436,2.7804765681105437,3.9744091634123184,5.473313383044513,0.22387537471058705,0.30540009983214644,0.5517771189377224,0.9220255922627619,0.7414846171625354,1.0669701825041489,1.1943584882647085,0.5063479330274064,-0.15191804493547711,177.06772691141572,159.7862701499761,20.213729850023896,2.2394059955896024,0.8941410680736464,MUDRA,0.9234,0.917,0.6488,0.0949,0.6145,0.9234,0.4562,0.3772,0.3503,PATAKA,INCORRECT,ELBOWS_NOT_ALIGNED,Elbows down / not aligned with shoulders,CANONICAL,mean_elbow_shoulder_alignment_norm,0.7786007689684955,<= 0.08,,False,1 of 4 parameter checks out of range,1,1,1,0
DJI_20260917133318_0094_D.JPG,Cam 5,20,ALAPADMA,INCORRECT,ELBOWS_NOT_ALIGNED,,rtmw_l_wholebody,coco_wholebody_133,1,1,OK,526.71,361.92,164.79,67,1,1,67.0,1.0,1.0,1.0,1.0,1.0,7.2770084906609895,5.448168111455658,6.362588301058324,172.722991509339,174.55183188854434,1.8288403792053316,0.3085744708317706,0.20492930069449605,0.24469365127946657,1.1940393611367968,5.710549498850078,7.5946048750109485,3.179694503897494,3.366445465094273,3.2730699844958835,0.18675096119677903,82.50425535357887,77.1712323268801,79.83774384022948,0.5713171684093027,1.8514725695528287,1.548150862499757,3.945170581038553,2.337337930423194,3.945170581038553,-0.16312897013594854,-0.12234682563973329,0.993251875980941,0.14273789788784091,0.3670408690702874,0.3466497968221797,0.35684533294623355,2.263419999770397,1.0909270710868082,1.4994531091178693,0.7227089929080337,1.5094970199514746,0.36760680544624014,0.3472490136260808,13.778372350549265,0.3085744708317706,0.30586765232596447,0.5709531601557136,0.020391072248107628,0.2650847235275742,0.7952557391870726,0.8156460271330053,0.8054508831600389,12.994608538141996,11.309943069020356,311.28388110949214,311.28388110949214,CORONAL,FRONT,1.0,0.6624723247430768,469.8820908937075,right,55.76106226522949,166.78232870320286,152.82669117458025,13.217671296797135,12.410385146996456,24.721887520491585,0.8176673606142754,1.3133980384608022,1.4660765418650066,1.4260001508901186,0.942567860495517,1.0233609141318705,1.8891437014380226,0.8038111165920828,0.3970407912313658,170.94398371744558,162.79581677836282,17.20418322163718,29.96216044536646,0.923292786690452,61.05234444808955,168.55183181137946,158.0208260431869,11.448168188620542,23.744972236053673,47.63170795583936,0.639715902250389,0.9797775176289066,1.5354731114094604,1.384019243471767,1.252387485438822,0.4208106652019394,1.3540849277005853,0.5265908682756515,0.6209683363842329,172.4384091424668,145.51799603569114,34.48200396430886,47.89856553444365,0.9016588375137489,MUDRA,0.7851,0.9188,0.6446,0.0949,0.6352,0.7176,0.7851,0.2388,0.7671,ALAPADMA,INCORRECT,ELBOWS_NOT_ALIGNED,Elbows not aligned with shoulders,CANONICAL,mean_elbow_shoulder_alignment_norm,0.8054508831600389,<= 0.08,,False,1 of 3 parameter checks out of range,1,1,1,0
DJI_20260917133319_0095_D.JPG,Cam 5,20,ALAPADMA,INCORRECT,ELBOWS_NOT_ALIGNED,,rtmw_l_wholebody,coco_wholebody_133,1,1,OK,499.87,313.14,186.73,67,1,1,67.0,1.0,1.0,1.0,1.0,1.0,7.197355913153302,4.261753090735681,5.729554501944492,172.8026440868467,175.73824690926432,2.9356028224176214,0.32191165871714483,0.22051031936436805,0.2625870540912143,1.1908152636490417,5.194428907734806,7.124999379906255,11.310045600590158,3.5763257914589843,7.443185696024571,7.733719809131173,74.45356862887742,85.30040511301279,79.8769868709451,0.5593518069890214,1.7375941251028404,1.1852437237618443,3.945181007802694,3.4336250871107166,3.945181007802694,-0.13974884823954614,-0.10980313315241205,0.9943487659897143,0.1247759906959791,0.2994617627528193,0.3194258290265464,0.30944379588968285,2.2359792658919986,1.0880435335354088,1.5444972550596063,0.7515634319893391,1.4477068564331674,0.3053923949661485,0.3200490965328261,12.512306448978569,0.32191165871714483,0.3194258290265464,0.5589953929581846,0.01996329762681399,0.23956956393163809,0.7586360556954553,0.7786001219691824,0.7686180888323189,11.888634634106843,11.592153141819473,317.62389315797384,317.62389315797384,CORONAL,FRONT,1.0,0.6907475747291693,459.82628789179455,right,58.85744996159594,164.53250742060098,133.4938670337091,15.467492579399021,12.748513736440295,25.33792544713566,0.8163638839877195,1.2137839117582179,1.2820151510842148,1.3281223875936807,0.8334860118018133,0.9537011581439362,1.8100886912410492,0.7530785093971503,0.31187493470878747,175.22956351004703,163.13835369431538,16.861646305684616,30.068615297596626,0.9238994445073918,59.59750719086798,166.67712172966282,142.89925627995063,13.322878270337185,23.795457395683304,46.70997408480131,0.6474358214906196,0.9863051979149953,1.572813513535584,1.4012414585078,1.304930367085748,0.5111352649755732,1.4374096857793661,0.5516261943384521,0.6898020819470478,175.4199470034262,146.95177271489695,33.04822728510305,45.78483710611988,0.9094042245109799,MUDRA,0.7875,0.9309,0.6468,0.0794,0.6133,0.6891,0.7875,0.2221,0.7061,ALAPADMA,INCORRECT,ELBOWS_NOT_ALIGNED,Elbows not aligned with shoulders,CANONICAL,mean_elbow_shoulder_alignment_norm,0.7686180888323189,<= 0.08,,False,1 of 3 parameter checks out of range,1,1,1,0
DJI_20260917133408_0096_D.JPG,Cam 5,21,ALAPADMA,CORRECT,,,rtmw_l_wholebody,coco_wholebody_133,1,1,OK,533.04,367.69,165.35,67,1,1,67.0,1.0,1.0,1.0,1.0,1.0,6.200643934790861,8.814282886194007,7.507463410492434,173.79935606520914,171.185717113806,2.6136389514031464,0.3290027130125357,0.2281228815247368,0.26603385959224124,1.1661866526238558,10.304846468766033,7.125033449659096,3.0127936453371262,10.619521051604664,6.816157348470895,7.606727406267538,89.77308979922188,67.65535441409189,78.71422210665688,0.6134758884510989,1.864652977581143,1.116011515839077,1.9091549003615402,1.1691402534256954,1.9091549003615402,-0.17343341190623038,-0.14282751568748386,0.983418223727345,0.15813046379685713,0.38767389375892386,0.32646289299996306,0.35706839337944346,2.27503551471863,1.0814071455445793,1.4477769603501824,0.6881810591300295,1.5713991706072967,0.3882104690690433,0.33215178325551536,14.964828380416256,0.3290027130125357,0.32646210132143083,0.6121171326963986,0.0,0.2856550313749677,0.2856550313749677,0.42848254706245154,0.35706878921870966,68.74947363272392,59.7435359596754,308.3835357974708,308.3835357974708,CORONAL,FRONT,1.0,0.6363755427041057,484.59363238109125,left,80.8177121293057,169.58506566065282,162.81543541815688,10.414934339347184,32.39141568496026,42.58102913389705,0.5610152649445118,0.7643130598631613,0.7493337373130972,1.113181948536497,0.7474296632748424,1.8556935668238888,2.0809890891624074,0.9238404558206139,0.05422121416298609,168.91367891183677,161.93762679952482,18.06237320047518,71.02958196133088,0.830441191920989,78.08086246383085,132.45089561493455,64.84805020237106,47.54910438506545,27.74316870369958,33.190102166243236,0.6510316781051606,0.704282001405489,0.8877766319233438,0.920553445247581,0.3086751623742506,1.2084369151572647,1.8758025559064244,0.6874629220647909,-0.4504286860504412,104.78126796484543,164.56765548910352,15.432344510896485,63.43494882292201,0.7988007355729843,MUDRA,0.8567,0.897,0.6526,0.1152,0.6436,0.831,0.8567,0.3262,0.2147,ALAPADMA,INCORRECT,ELBOWS_NOT_ALIGNED,Elbows not aligned with shoulders,CANONICAL,mean_elbow_shoulder_alignment_norm,0.35706878921870966,<= 0.08,,True,1 of 3 parameter checks out of range,1,0,0,0
DJI_20260917133409_0097_D.JPG,Cam 5,21,ALAPADMA,CORRECT,,,rtmw_l_wholebody,coco_wholebody_133,1,1,OK,449.2,308.79,140.41,67,1,1,67.0,1.0,1.0,1.0,1.0,1.0,5.071928540272239,8.023045706229738,6.547487123250988,174.92807145972776,171.97695429377026,2.9511171659574984,0.34031646166129104,0.23980804358524388,0.25979165803735116,1.0833317104520048,0.0,3.3663837112047874,0.0,3.366399101368671,1.6831995506843356,3.366399101368671,87.8389252717105,75.74813512593012,81.7935301988203,0.5809130658495923,1.7069790365526352,1.1088033996172801,1.974894255171052,2.290608260194214,1.974894255171052,-0.1698638362828829,-0.1398880254247256,0.9933706577607253,0.15487593085380424,0.3397276725657658,0.3397276725657658,0.3397276725657658,2.2382119094155764,1.049162331175422,1.4448909490370851,0.6772929542591174,1.549052481024386,0.3397276725657658,0.34031490762751293,13.046540500990641,0.34031646166129104,0.33972922928575117,0.5795364945110023,0.019984392812099995,0.25979165803735116,0.2997604436615512,0.41966446545417313,0.35971245455786216,67.38015265840909,59.03629035063458,313.66029510187127,313.66029510187127,CORONAL,FRONT,1.0,0.645555920312462,485.87625832639475,left,82.9491454618816,166.18428034549785,163.15504406464356,13.815719654502146,32.69650592805221,44.28452280547757,0.5289267138125363,0.8074114458538003,0.7601558230862148,1.081705151938878,0.7349094884556908,1.840855561170275,2.0082691614477826,0.9008871266115513,0.050570278073561736,164.4318370185075,161.94596012346273,18.054039876537274,71.45426334317757,0.8224697614366407,68.84051862763697,128.29409933397886,32.49164105037642,51.70590066602114,39.476648758117754,60.27485700160599,0.8692243832952599,1.1860864222319083,0.04266151702450344,0.8811251486843924,0.42677428485713176,1.754983797478001,2.118227129134032,0.9748874972712187,-0.10635730250569353,90.25459906535916,161.88593035709567,18.114069642904326,60.1479153021395,0.798749680003231,MUDRA,0.8852,0.8957,0.646,0.1161,0.5614,0.8082,0.8852,0.3475,0.2236,ALAPADMA,INCORRECT,ELBOWS_NOT_ALIGNED,Elbows not aligned with shoulders,CANONICAL,mean_elbow_shoulder_alignment_norm,0.35971245455786216,<= 0.08,,True,1 of 3 parameter checks out of range,1,0,0,0
DJI_20260917133417_0098_D.JPG,Cam 5,22,MUSHTI,CORRECT,,,rtmw_l_wholebody,coco_wholebody_133,1,1,OK,487.65,333.68,153.97,67,1,1,67.0,1.0,1.0,1.0,1.0,1.0,7.118252667581942,4.951630310165029,6.034941488873486,172.88174733241806,175.04836968983497,2.1666223574169123,0.3638684082230281,0.258607315158961,0.25508870676832435,0.986394010592957,9.46229197039229,6.709806260564969,0.0,0.0,0.0,0.0,86.76030446810366,80.36247582360798,83.56139014585582,0.6179283080748084,1.6982191751476756,1.1306739125421577,0.0,2.4366442023668595,0.0,-0.1913159074490353,-0.15943033795900138,0.9751693264695426,0.17537312270401834,0.3826318148980706,0.34011716879828496,0.36137449184817777,2.40208082531633,1.1266397819835403,1.4865516036706126,0.6972322317448187,1.6158744973165282,0.3826318148980706,0.34011716879828496,12.877219708288338,0.3638684082230281,0.36137615218739905,0.6164640287861127,0.021258153219503445,0.29760252269849935,0.29760252269849935,0.38263264506768124,0.3401175838830903,69.27448116795956,63.43494882292201,294.08523496007757,294.08523496007757,CORONAL,FRONT,1.0,0.6188599434304416,475.20483120932846,left,81.99391365515082,93.96467339113252,89.50472487057705,86.03532660886748,46.470231163261786,105.94397025334015,0.24060742637018948,0.274201189641934,0.7203515687296436,0.3222583415847775,0.8163172262950503,0.12191390864247865,0.3961024055520639,0.14895901938424863,-0.20206780229854215,95.15857996352838,168.15447221550374,11.845527784496255,69.92853730674317,0.889493074332411,69.00629423994059,93.48588585284355,88.8494206826688,86.51411414715645,27.204940268442588,41.932904185668846,0.29052824713148667,0.34256041815082405,0.8525484484634269,0.41754483703407447,1.0201659772808636,0.29928630216195995,0.6297972456616013,0.22495068972329046,-0.08658805510717071,97.78359027062129,174.26587461744282,5.734125382557181,66.41837392088888,0.8861775324440259,MUDRA,0.6458,0.9054,0.654,0.0995,0.5913,0.2173,0.4415,0.6458,0.4178,MUSHTI,CORRECT,,,,pinky_relative_extension,0.8163172262950503,<= 1.25,,False,3 parameter checks within range,1,1,0,0
DJI_20260917133418_0099_D.JPG,Cam 5,22,MUSHTI,CORRECT,,,rtmw_l_wholebody,coco_wholebody_133,1,1,OK,531.45,348.34,183.11,67,1,1,65.0,1.0,1.0,1.0,1.0,1.0,7.214231352092185,7.133806727524643,7.174019039808414,172.78576864790782,172.86619327247536,0.08042462456754151,0.33391182609928644,0.25081253640419704,0.2739599136309766,1.0922895544163564,4.763641690726178,3.576334374997351,2.7264219687350817,6.340205340946696,4.533313654840889,3.613783372211614,88.32775268055109,72.77425170150948,80.55100219103028,0.625211664177459,1.8723855081178122,1.1457497631745583,1.8476125836495514,1.1934913585459266,1.8476125836495514,-0.16663077951216135,-0.13538791361566394,0.9924512327307695,0.15100934656391263,0.4374049856953579,0.3749184433782974,0.40616171453682764,2.353655707988951,1.0830984457809176,1.5063651815810648,0.693194752916088,1.5624735202114663,0.4379006692870147,0.3772256655209949,15.28421224572778,0.33391182609928644,0.3332615590243227,0.6248646126465395,0.020828036914954523,0.29160386414628237,0.27077501670726223,0.3957481013413832,0.33326155902432275,70.64098697867222,61.50430796168325,301.21329562847563,301.21329562847563,CORONAL,FRONT,1.0,0.6400108463051964,470.6377983551214,left,78.836057028823,89.35015072608591,85.7984721643318,90.64984927391409,46.356993817893475,72.59650247522366,0.25699726189215333,0.281739764063266,,0.3767469825911996,,0.12688380492281287,0.406226579744512,0.15337942130163001,-0.213979211358638,85.7984721643318,164.54846677729319,15.451533222706814,68.06154010549,0.8830655025133671,72.09518402192167,90.6933802164325,84.33251798789917,89.3066197835675,71.56782710985944,173.98801914680737,0.27083018080048055,0.32015903081128355,0.8096197645130759,0.3456807040801231,1.1417034292442192,0.353232804584359,0.570226161954292,0.23415357601734849,-0.07995873006031634,91.73107055270421,175.8959893303148,4.104010669685209,66.85725432642259,0.8880257344888034,MUDRA,0.6506,0.9161,0.6595,0.0926,0.6,0.2229,0.4525,0.6506,0.4367,MUSHTI,CORRECT,,,,mean_finger_flexion_deg,90.64984927391409,>= 55°,,False,2 parameter checks within range,1,1,0,2
DJI_20260917133452_0100_D.JPG,Cam 5,23,KATAKAMUKHA,CORRECT,,,rtmw_l_wholebody,coco_wholebody_133,1,1,OK,638.09,331.08,307.01,67,1,1,67.0,1.0,1.0,1.0,1.0,1.0,6.945004735315365,9.365661992586496,8.15533336395093,173.05499526468464,170.6343380074135,2.420657257271131,0.4171867775127426,0.27163394342381125,0.3755792691608769,1.3826669245635739,4.39871839108256,2.862421805720716,6.340097154646529,19.290016604882993,12.81505687976476,12.949919450236465,86.72640525820294,60.40512628888342,73.56576577354318,0.6887615329321534,1.6509668332216396,2.3532941675489356,0.0,0.0,0.0,-0.18749969782092626,-0.12499979854728417,0.9869890329503692,0.15624974818410522,0.37500020145271584,0.4166670695720983,0.3958336355124071,2.4062503525422527,1.1562495467313894,1.5808583784918404,0.759632837724691,1.5221163295081797,0.3773078475699583,0.44145076576941167,13.371359519083148,0.4171867775127426,0.416666263761235,0.6875001007263579,0.020832628248827947,0.2291669688457404,0.24999959709456834,0.2708330311542596,0.26041631412441396,72.47447070175366,71.56508527150062,302.97509765625,302.97509765625,CORONAL,FRONT,1.0,0.6569800090924168,461.1633435769135,left,101.14620096676438,154.41174005493053,112.07955339126644,25.588259945069467,72.26111492741562,105.2020198592852,0.9376905719522691,1.3388163329028686,1.388758984121111,0.9163977010449976,1.0892899787515005,0.16406719596640626,0.8919183353995183,0.36024856764399543,-0.07745513800799808,143.3848497495274,123.92354099974435,56.07645900025565,35.90178563061271,0.8187476764459104,93.1204666010324,164.65350632128136,146.07425420595558,15.346493678718645,40.63656615302599,56.59599924974916,0.6737922762999178,0.9983892714380945,1.6869789410526381,1.068446737039785,0.9947308445823172,0.12618773894015087,1.099249534020361,0.4624093466192722,0.015985012020924616,169.45098696215243,126.34274842219851,53.65725157780149,34.824446265312105,0.8339446795877725,MUDRA,0.8259,0.9183,0.6938,0.0691,0.5041,0.5374,0.8259,0.6191,0.5989,ALAPADMA,INCORRECT,ELBOWS_NOT_ALIGNED,Elbows not aligned with shoulders,CANONICAL,mean_elbow_shoulder_alignment_norm,0.26041631412441396,<= 0.08,,False,2 of 3 parameter checks out of range,0,0,0,0
DJI_20260917133454_0101_D.JPG,Cam 5,23,KATAKAMUKHA,CORRECT,,,rtmw_l_wholebody,coco_wholebody_133,1,1,OK,652.41,453.61,198.8,67,1,1,67.0,1.0,1.0,1.0,1.0,1.0,5.950024670678914,6.457561832284426,6.20379325148167,174.0499753293211,173.54243816771557,0.5075371616055122,0.42755729814550986,0.3190763220514704,0.32190011963937476,1.0088499126784118,0.0,5.710648261333936,3.1797341875168,2.862316368297712,3.021025277907256,0.31741781921908796,89.99991548072111,78.86180089786308,84.4308581892921,0.6597676033358066,1.543109207110924,2.7263059554399796,0.0,1.218838958179414,0.0,-0.18081013630983908,-0.10635904961799746,0.9795395236721245,0.14358459296391826,0.38289224790378207,0.4254361984719898,0.4041642231878859,2.4887979577695396,1.1593123179521372,1.5900349259426227,0.740657581249144,1.5652473522203305,0.38348264010582905,0.4259676287325409,11.455701433178644,0.42755729814550986,0.4254353716694679,0.6594246193870448,0.0,0.2127180992359949,0.2552603961991588,0.2765331982857846,0.2658967972424717,72.89731918239089,71.56505117707799,295.2828741153086,295.2828741153086,CORONAL,FRONT,1.0,0.6388766597058814,462.1907368649959,left,100.37400320180254,166.42810581483363,160.07147579024925,13.571894185166371,36.69610216399048,51.956259701823974,0.5461856958729666,0.8506492390171025,1.3836234531527811,0.961962693733408,1.0299066152603265,0.14011286650698918,0.8837844670901644,0.3616799306100285,0.03965524291519018,167.9196055795075,124.92413423502221,55.07586576497779,37.28166434444292,0.8232518726561581,96.56380591489363,148.17352734636268,85.3894383265628,31.826472653637325,41.31439131108627,56.409777675833986,0.6604557998454084,0.9589405564134432,1.6332716200952584,1.0321278892500492,0.9937538098241828,0.1320042043160103,1.07097650673446,0.45205333929993025,-0.001219075027979244,168.62355427883648,129.60394167427276,50.39605832572724,38.08162550626575,0.8276873765825897,MUDRA,0.9181,0.922,0.6779,0.066,0.4607,0.7604,0.9181,0.5283,0.6223,ALAPADMA,INCORRECT,ELBOWS_NOT_ALIGNED,Elbows not aligned with shoulders,CANONICAL,mean_elbow_shoulder_alignment_norm,0.2658967972424717,<= 0.08,,False,2 of 3 parameter checks out of range,0,0,0,0
DJI_20260917133505_0102_D.JPG,Cam 5,24,PATAKA,INCORRECT,FINGERS_TOO_FAR_APART,,rtmw_l_wholebody,coco_wholebody_133,1,1,OK,533.61,372.1,161.51,67,1,1,67.0,1.0,1.0,1.0,1.0,1.0,6.871252030005024,8.613633686724825,7.7424428583649245,173.12874796999498,171.38636631327518,1.7423816567198003,0.38052569136218606,0.2607679639098558,0.33999951387533095,1.3038392783281636,4.398731780902537,3.0128061191211293,0.0,11.309867679848821,5.654933839924411,11.309867679848821,86.82015490547435,68.19864711544862,77.50940101046149,0.6403128033428839,1.6827058405720925,1.507444308330333,3.814099681671318,0.0,3.814099681671318,-0.1700001489736889,-0.1299999294335158,0.9967249040817802,0.15000003920360233,0.38000051748755087,0.40000062725763746,0.39000057237259417,2.310000525328271,1.0800008311163696,1.5192115122404195,0.7102810920911132,1.5205259483069973,0.38000051748755087,0.4079221085059626,13.671330299228092,0.38052569136218606,0.3799997334155041,0.6400003763545825,0.020000109770086552,0.23999974909694502,0.32000018817729126,0.3999998431855906,0.3600000156814409,66.03749944706793,61.60696915079112,311.375244140625,311.375244140625,CORONAL,FRONT,1.0,0.6576671717529269,473.45413837624665,right,98.67574277185199,174.96107436634645,173.12398247376177,5.038925633653548,12.913806197255246,15.708567208065762,0.4452261445585952,0.5239824992716312,1.2020481751957364,1.0772373395679058,0.8297131958571649,1.4179841723792332,1.6585860739206324,0.702685637842869,-0.1274590668693918,176.6374782974031,118.87604856468859,61.12395143531141,28.776595083095593,0.7898781297350251,100.17230723943726,174.04939088576714,171.9283198067791,5.950609114232861,12.119288924304534,16.608090364173272,0.4335227751462207,0.5464757169681728,1.1401645930549604,1.0850852788080139,0.8605418559986923,1.2002542118148107,1.4570200356277485,0.6078711857461392,-0.07607290686310542,175.31064900317406,108.54826415042105,71.45173584957895,16.92754355786589,0.7495007843080207,MUDRA,0.9827,0.9099,0.6777,0.0883,0.5441,0.9827,0.6056,0.3261,0.2562,PATAKA,INCORRECT,ELBOWS_NOT_ALIGNED,Elbows down / not aligned with shoulders,CANONICAL,mean_elbow_shoulder_alignment_norm,0.3600000156814409,<= 0.08,,True,1 of 4 parameter checks out of range,1,1,0,0
DJI_20260917133510_0103_D.JPG,Cam 5,24,PATAKA,INCORRECT,FINGERS_TOO_FAR_APART,,rtmw_l_wholebody,coco_wholebody_133,1,1,OK,504.71,349.33,155.38,67,1,1,67.0,1.0,1.0,1.0,1.0,1.0,7.885793669613349,10.785955031225512,9.33587435041943,172.11420633038665,169.2140449687745,2.900161361612163,0.4000004709313688,0.2607677711394658,0.34058764435671335,1.3060956224324118,4.398811168381843,0.0,0.0,11.309954094489825,5.654977047244913,11.309954094489825,86.87788213676832,66.96491623975304,76.92139918826068,0.6811760722445609,1.702938175693887,1.4975770842937741,1.909122485824876,0.0,1.909122485824876,-0.18000017267483523,-0.14000043953594424,0.9966306350912304,0.16000030610538973,0.3599995604640558,0.4000004709313688,0.3800000156977123,2.2900007142459096,1.0800002511633966,1.4962205878488033,0.7056410946162827,1.530523462144286,0.3599995604640558,0.4079220721308463,14.84724752898883,0.4000004709313688,0.4000004709313688,0.6800005651176426,0.04000091046731304,0.23999996860457543,0.32000100465358683,0.36000034534967046,0.34000067500162867,66.03746466400553,63.43492383923912,311.052490234375,311.052490234375,CORONAL,FRONT,1.0,0.6533712319568007,476.0731342621174,right,94.67695711986413,174.83095129091657,171.52451175076342,5.169048709083427,12.825164359444946,17.077697300352572,0.472808120309036,0.5847575529001275,1.2437088827192113,1.1231491647552956,0.7926836655714025,1.453586954033617,1.7360995650331876,0.730798336925009,-0.16978761563206968,177.37017007069807,117.6959420810547,62.304057918945304,26.703807604695733,0.7975697655664825,104.74852488091942,175.11053465930848,172.11731237042858,4.889465340691515,13.457661389858638,18.735989095971377,0.4322198523435427,0.5459577078921881,1.127987213748411,1.0353215842287817,0.8586103399241952,1.1411235755929454,1.3756125199432874,0.5785728688578585,-0.06658409301673052,177.15104489990352,108.12875260363668,71.87124739636332,17.50919816964207,0.7691930342581695,MUDRA,0.9686,0.8916,0.6952,0.0969,0.5263,0.9686,0.6094,0.3458,0.2936,PATAKA,INCORRECT,ELBOWS_NOT_ALIGNED,Elbows down / not aligned with shoulders,CANONICAL,mean_elbow_shoulder_alignment_norm,0.34000067500162867,<= 0.08,,True,1 of 4 parameter checks out of range,1,1,0,0
DJI_20260917133555_0104_D.JPG,Cam 5,25,KATAKAMUKHA,INCORRECT,FINGERS_BENT,,rtmw_l_wholebody,coco_wholebody_133,1,1,OK,488.1,326.16,161.94,67,1,1,67.0,1.0,1.0,1.0,1.0,1.0,8.065434161229234,7.145504679099531,7.605469420164383,171.93456583877077,172.85449532090047,0.919929482129703,0.41630584235046514,0.29141319693474127,0.439099404879995,1.5067931359962619,0.0,0.0,10.784351636945559,8.97277151499081,9.878561575968185,1.8115801219547478,75.91381891805815,71.01931115211542,73.46656503508679,0.6664122449614589,1.6007756249561418,2.2457488544774282,1.909182184944996,2.3859788741661467,1.909182184944996,-0.2081521096201559,-0.1457061926898323,0.9966870300372205,0.17692915115499408,0.4371206069571886,0.39548945463358837,0.4163050307953885,2.3209010336173366,1.0719859412311714,1.4563974917023967,0.6726860014000593,1.5935903809504737,0.44497966387077814,0.4003891889460834,13.309746777890023,0.41630584235046514,0.41630584235046514,0.6660870754065296,0.04163034076852351,0.24978204461114106,0.29141400848981797,0.3746738784717883,0.33304394348080313,69.77509425675436,61.389587762399856,300.8306300027717,300.8306300027717,CORONAL,FRONT,1.0,0.6275138278655802,479.400798267688,right,99.28405877435165,138.66366934546286,108.22407974557792,41.336330654537136,35.35819965334742,58.139052407506355,0.4509715726640479,0.7310073263325556,1.24563865231383,0.7759665955941591,1.0748711475753077,0.12915116541470134,0.6260548100721994,0.2531731185946364,-0.028771013319075278,150.29604418523422,121.16637252111073,58.83362747888927,31.916978915074527,0.8232862428628376,99.75124907346431,149.5287379186061,130.72889728684186,30.47126208139389,42.835905716729144,96.50116710151347,0.547121646907493,1.066048329172645,1.3964384087666064,0.7806046961460222,1.3144967236593819,0.07547284713446756,0.4092961978894708,0.17643133215461562,-0.0021024169981643803,151.7415078555017,123.4276415203549,56.572358479645104,28.321265938493156,0.7918584096703287,MUDRA,0.9233,0.8815,0.6758,0.1117,0.4766,0.4845,0.9233,0.7297,0.5662,ALAPADMA,INCORRECT,ELBOWS_NOT_ALIGNED,Elbows not aligned with shoulders,CANONICAL,mean_elbow_shoulder_alignment_norm,0.33304394348080313,<= 0.08,,False,2 of 3 parameter checks out of range,0,1,0,0
DJI_20260917133558_0105_D.JPG,Cam 5,25,KATAKAMUKHA,INCORRECT,FINGERS_BENT,,rtmw_l_wholebody,coco_wholebody_133,1,1,OK,497.36,342.41,154.95,67,1,1,67.0,1.0,1.0,1.0,1.0,1.0,7.116019314603022,7.005730548812835,7.060874931707929,172.88398068539698,172.99426945118717,0.11028876579018743,0.43740513709913803,0.2923463149022192,0.45870717553401424,1.5690540709823473,4.0854804205954025,0.0,13.392468931008167,8.13014712547296,10.761308028240563,5.262321805535208,73.30560392269064,72.95496119685407,73.13028255977235,0.6668479529355162,1.5245544607867167,2.2311714036186157,1.9091623711329058,1.1934962222312662,1.9091623711329058,-0.17704429703915875,-0.11455790700993272,0.9950454541475294,0.14580110202454574,0.43740513709913803,0.43740513709913803,0.43740513709913803,2.3224141523917727,1.0726839104399177,1.4469541466594094,0.668323705600653,1.6050364538182103,0.44963228863705973,0.44184596156410627,12.216818823974172,0.43740513709913803,0.43740513709913803,0.6665225786972264,0.020828118518815792,0.20828769550104964,0.2916042385218701,0.3957472724832835,0.3436757555025768,69.27440394424393,60.80255232089863,300.00478202604677,300.00478202604677,CORONAL,FRONT,1.0,0.6230388086333534,481.51861147159127,left,102.75216486002162,141.9214468656436,124.91471784110874,38.07855313435641,32.764221126301145,55.2902131938708,0.4356270982514112,0.6501903710858975,1.2098694348868555,0.7412243210133354,1.1201398111634093,0.1294268949476748,0.6117382773118257,0.24861680929310165,-0.020454523696712412,151.76920942248466,119.72201507239048,60.27798492760952,31.607600350184104,0.8089944794594559,94.01060344587891,151.37920213086107,138.65352031286582,28.620797869138926,40.74209870473327,91.27307140914768,0.5568199206139723,1.1239980123206161,1.4762111368390805,0.8408171589945495,1.2652164810413824,0.10906451922998897,0.41911700208747427,0.18558573040973514,0.02866671261737519,159.16013738991842,124.52684985867099,55.473150141329015,27.474446147670385,0.803892822098295,MUDRA,0.8252,0.874,0.6734,0.1154,0.4769,0.4746,0.7299,0.8252,0.6096,MUSHTI,CORRECT,,,,pinky_relative_extension,1.1201398111634093,<= 1.25,,True,3 parameter checks within range,0,0,0,0
DJI_20260917133633_0106_D.JPG,Cam 5,26,MUSHTI,INCORRECT,PINKY_DROPPED,,rtmw_l_wholebody,coco_wholebody_133,1,1,OK,463.89,329.76,134.13,67,1,1,66.0,1.0,1.0,1.0,1.0,1.0,7.395458349227795,8.119232891126671,7.757345620177233,172.6045416507722,171.88076710887333,0.7237745418988766,0.4467068151331779,0.31978525216312137,0.44872804834745245,1.4032168316460003,3.8139957279956764,0.0,9.86573723492181,5.710593137499629,7.788165186210719,4.1551440974221805,75.64966017128265,75.19913342803478,75.42439679965872,0.702290327792307,1.572150466481984,2.2025690032194,1.8476474345082512,1.2188509663028746,1.8476474345082512,-0.148901995150771,-0.0850875062639773,0.994239925480712,0.11699475070737414,0.48924953116408537,0.4254354571177242,0.4573424941409048,2.329260164820621,1.0742251514829022,1.4028092580146558,0.6469577810379382,1.6604254295535068,0.496593169185422,0.4275573428847838,13.57487602826116,0.4467068151331779,0.4467068151331779,0.7019680894038124,0.021271358015453736,0.19144637054340835,0.4254354571177242,0.510522548541269,0.46797900282949656,59.53442635615157,51.34022808336931,294.25847372803406,294.25847372803406,CORONAL,FRONT,1.0,0.6022552908436862,488.59425263963027,left,73.37618836100287,109.787206784333,82.89921563327383,70.212793215667,4.826973109826859,4.826973109826859,0.32104818423683085,0.32104818423683085,0.8023016953359947,0.8881897975515708,1.2448419287115948,0.2569164644742569,,,0.054070854000313195,121.59359590430455,172.89679276364484,7.103207236355161,65.04840973591821,0.8796918416613095,69.0057263629611,100.67258540708372,84.42667549915885,79.32741459291628,13.372999779865482,16.30980725065714,0.36788699926783003,0.5023269117318722,1.0397930656044285,0.7006268842551666,1.7726960636326878,0.3947169129494817,0.5762845688340282,0.2395188076325136,0.24698778320504267,112.07286104452545,174.83869227906126,5.161307720938737,70.34620321359651,0.8715997789114871,MUDRA,0.7462,0.8548,0.6727,0.1348,0.4679,0.6414,0.3344,0.7462,0.6201,MUSHTI,CORRECT,,,,pinky_relative_extension,1.2448419287115948,<= 1.25,,False,3 parameter checks within range,1,0,0,1
DJI_20260917133635_0107_D.JPG,Cam 5,26,MUSHTI,INCORRECT,PINKY_DROPPED,,rtmw_l_wholebody,coco_wholebody_133,1,1,OK,479.42,333.98,145.44,67,1,1,66.0,1.0,1.0,1.0,1.0,1.0,8.236270374989772,5.835343673173213,7.0358070240814925,171.76372962501023,174.1646563268268,2.4009267018165588,0.3957478955188716,0.3124325065831532,0.3772253078270936,1.2073817540707659,0.0,0.0,8.129983856805794,0.0,4.064991928402897,8.129983856805794,77.38544748950923,81.25382168379141,79.31963458665032,0.646029097415619,1.6324258567909746,2.260498070475776,1.9091721606145153,1.1935029187986341,1.9091721606145153,-0.17704489859971553,-0.11455855882371742,0.9959259193893143,0.14580172871171648,0.4374051861351494,0.3957470878157089,0.41657613697542917,2.3224119232528593,1.0726839161781532,1.4659629761790498,0.6771042167478193,1.5842227675531722,0.4418458312311547,0.3957470878157089,13.230746969893595,0.3957478955188716,0.3957478955188716,0.645693254622864,0.0,0.22911711764743484,0.41657613697542917,0.4998915259111475,0.45823383144328833,59.53443223398592,50.38929137624747,302.2652829335659,302.2652829335659,CORONAL,FRONT,1.0,0.6312243583927892,478.85554306425644,left,81.8058349709049,96.4774923426327,58.44147915396957,83.5225076573673,5.77963429630111,5.77963429630111,0.2854333329567068,0.2854333329567068,0.7591496067243865,0.7429203946732064,1.2936649455051508,0.27324788188620824,,,0.06324632426337684,115.27037818238911,176.3459224415243,3.6540775584757057,68.6821090931489,0.8714080279470241,66.74470651635791,100.68601649515105,81.73620991749122,79.31398350484895,13.353767464498352,17.252762688048477,0.3758029859619833,0.4813415555436633,1.0909936341279178,0.7118728279865396,1.784538248803523,0.46777914547402694,0.6128870469066536,0.26820759840698977,0.29423466573143464,111.57516518735872,176.15408170475672,3.8459182952432798,69.66076941703994,0.86393170616929,MUDRA,0.7508,0.8909,0.6675,0.1077,0.4976,0.5939,0.2895,0.7508,0.6372,MUSHTI,CORRECT,,,,pinky_relative_extension,1.2936649455051508,<= 1.25,,True,3 parameter checks within range,1,0,0,1
DJI_20260917131549_0049_D.JPG,Cam 6,1,ARAMANDI,CORRECT,,,rtmw_l_wholebody,coco_wholebody_133,1,1,OK,491.93,352.68,139.25,67,1,1,67.0,1.0,1.0,1.0,1.0,1.0,0.24747472790858183,5.189149175601301,2.7183119517549414,179.75252527209142,174.8108508243987,4.941674447692719,0.895208089563656,1.1172533504168438,0.47595365155253794,0.42600333342026775,4.289179749131378,5.355775161352498,87.39742451720092,40.6013098002105,63.99936715870571,46.79611471699042,8.136343796419524,33.6900512049904,20.91319750070496,0.11817100770047918,0.13200395425166267,12.037217509243678,8.130063708430168,12.875011553333849,8.130063708430168,0.15319240276863197,-0.25067824953923257,0.9099559998995109,0.20193532615393228,0.027853277999015703,0.3899427608564479,0.2088980194277318,3.2170335696557735,1.6990393120987333,1.6611822659843982,0.8773343247303288,1.9365927722262282,0.6134016904831954,0.5135850620857964,26.44755827401769,0.10306180655844538,-0.8912998861608674,-0.08355920777109273,0.5849150806236034,1.0862715797020686,1.0862715797020686,1.0027117457050214,1.044491662703545,8.746147370185971,23.962472374182923,194.93013926644,194.93013926644,CORONAL,FRONT,1.0,0.5163708211357417,377.50029879243976,right,0.0,,,,,,,,,,,,,,,,,,,0.6551972514838138,80.1591029623586,152.54741876014134,111.60506004775341,27.45258123985866,10.713495998165724,26.3673856662317,0.30927276201057624,0.6294441870006292,0.8359854507333027,0.931672861788968,0.49129688853913517,0.5304712142046074,0.5323046886623131,0.24136594514092682,-0.654495397143328,129.18864268304173,179.25815523219035,0.7418447678096527,114.48668564885443,0.2348042429596487,BODY,0.7795,0.7795,0.6607,0.0478,0.5537,0.6312,0.648,0.3999,0.6007,SAMAPADHAM,INCORRECT,FEET_NOT_ALIGNED,Feet not aligned / V-shaped,CANONICAL,turnout_deviation_deg,63.99936715870571,<= 8°,,True,4 of 7 parameter checks out of range,0,0,0,0
DJI_20260917131553_0050_D.JPG,Cam 6,1,ARAMANDI,CORRECT,,,rtmw_l_wholebody,coco_wholebody_133,1,1,OK,548.56,377.87,170.69,67,1,1,58.0,1.0,1.0,1.0,0.0,1.0,3.254348852851166,3.11935568897556,3.186852270913363,176.74565114714883,176.88064431102444,0.13499316387560611,0.9126261684162545,1.1425277770941928,0.5544206550488614,0.48525792209527485,3.900512160530434,6.519831687259284,90.0,45.00004738536694,67.50002369268347,44.99995261463306,8.259459614152775,26.821941019774748,17.54070031696376,0.1068147200349322,0.11704104454981322,12.572447228407505,11.309898453792117,16.557083842111894,11.309898453792117,0.07771924817108225,-0.3238299507503176,0.8797925504807753,0.20077459946069992,0.0,0.3626888249482834,0.1813444124741417,3.1346734433350263,1.6709618859705726,1.69926033892219,0.9058038459213593,1.8447281864551095,0.440408972984456,0.5129198793636709,26.43747120901108,0.1068147200349322,-0.9067238621008893,-0.10362546425808958,0.5181279212005081,1.1657878227011433,1.0362558424010162,1.0880688744850913,1.0621623584430537,1.4321028139646932,24.34107994675519,203.48102255224805,203.48102255224805,CORONAL,FRONT,1.0,0.5420852824510872,375.36717771083977,right,114.2178955078125,,,,0.0,0.0,0.0,0.0,1.4768792088689104,0.7223027346804564,0.9344420193997146,0.0,,,-0.09682121852399295,,66.54129085784913,113.45870914215087,0.0,0.2799726122506959,83.05803865129647,158.25588039215523,126.9120311839518,21.744119607844766,14.68878591866366,28.884974958958765,0.1943573807289869,0.43380956596320375,0.5278181661305088,0.9958399288099358,0.6624902818142073,0.6210512449424063,0.6013909753626114,0.27170675525377663,-0.4758371214525827,139.5538490066927,179.51803793084497,0.48196206915503126,111.44773072879819,0.21364270178568856,BODY,0.7851,0.7851,0.6577,0.0402,0.552,0.7441,0.6252,0.3602,0.5568,SAMAPADHAM,INCORRECT,FEET_NOT_ALIGNED,Feet not aligned / V-shaped,CANONICAL,turnout_deviation_deg,67.50002369268347,<= 8°,,True,4 of 7 parameter checks out of range,0,0,0,9
DJI_20260917131859_0051_D.JPG,Cam 6,2,SAMAPADHAM,CORRECT,,,rtmw_l_wholebody,coco_wholebody_133,1,1,OK,500.82,338.46,162.36,67,1,1,66.0,1.0,1.0,1.0,1.0,1.0,1.7273316623551978,2.656617477434054,2.191974569894626,178.2726683376448,177.34338252256595,,,,,,,,,,,,,,,,,3.8395912902588933,,,,,,,,0.3162259738261473,0.3162259738261473,0.3162259738261473,18.736562194244776,9.170636876497502,1.5870344018105114,0.7767762334748981,11.806021452887121,5.5430329022848825,5.385184978322743,,,,,,,,,,8.972603211853748,8.88065295953029,40.867420494860774,40.867420494860774,SAGITTAL,,1.0,0.08470253963120265,482.48164308648506,left,67.99655593186411,165.93111564493154,155.202057580102,14.068884355068462,6.444727341546387,7.4177032590131375,0.31386311131134675,0.5600487909186634,0.7463442204956999,1.073114776253491,1.0386939934560242,,,,0.11159257452439508,170.13002192296386,64.13394585055161,115.86605414944839,84.8785810400226,0.3286971313908053,53.58868317133216,165.49570029977082,156.80648205841248,14.504299700229183,6.756647411426351,8.08686553842228,0.3706575014408029,0.6406371252808795,0.9211809619117853,1.2965654419363228,1.04535863660893,1.026312124682344,1.6497038196241418,0.6009348654983591,0.16809109432296565,171.0052027887712,59.59810935839984,120.40189064160016,79.01447358174504,0.32210963781026136,BODY,0.92,0.92,0.5589,0.0659,0.7725,0.9611,0.6099,0.4042,0.475,SAMAPADHAM,CORRECT,,,,mean_knee_flexion_deg,2.191974569894626,<= 5°,,False,2 parameter checks within range,1,1,0,1
DJI_20260917131902_0052_D.JPG,Cam 6,2,SAMAPADHAM,CORRECT,,,rtmw_l_wholebody,coco_wholebody_133,1,1,OK,497.81,335.66,162.15,67,1,1,67.0,1.0,1.0,1.0,1.0,1.0,2.0466098354689564,3.8553695768306966,2.9509897061498265,177.95339016453104,176.1446304231693,,,,,,,,,,,,,,,,,4.250652020769969,,,,,,,,0.6575977947106628,0.6575977947106628,0.6575977947106628,19.31693754746046,9.617365419808706,1.5834708332978782,0.7883660439455517,12.199111686338595,6.11822371399214,5.628133630607638,,,,,,,,,,1.5074507306267313,6.34019174590991,39.32956788693993,39.32956788693993,SAGITTAL,,1.0,0.08197318179485714,479.785791228216,left,99.86866298314604,105.54225777603364,92.8912149584919,74.45774222396636,47.58217619216456,109.74898653398002,0.8555480176342632,1.6208714800301582,2.143007633062841,1.3171751244298657,0.34003022910502834,1.197883285478923,1.0517274266054457,0.5046459590899052,-0.7244927700066133,114.0983303170715,54.98899548514897,125.01100451485104,62.056934373509684,0.252718727209062,56.155806324224535,138.31778635066377,132.75775074276498,41.682213649336234,29.897586884247357,45.48244216008848,0.4037780000121792,0.998816669907812,0.7862993397790865,0.9919115927924711,0.9600083996491311,0.998816669907812,0.0,0.44391851995902804,0.07954211646646059,139.82537932122466,51.242914042168124,128.75708595783186,75.22528562200499,0.3241752273876073,BODY,0.9243,0.9243,0.5667,0.0671,0.7914,0.2581,0.6236,0.2011,0.2063,SAMAPADHAM,CORRECT,,,,mean_knee_flexion_deg,2.9509897061498265,<= 5°,,False,2 parameter checks within range,1,1,0,0
DJI_20260917132012_0053_D.JPG,Cam 6,3,MUZHUMANDI,CORRECT,,,rtmw_l_wholebody,coco_wholebody_133,1,1,OK,478.77,331.49,147.28,67,1,1,65.0,1.0,1.0,1.0,1.0,1.0,154.04699593338262,149.21585450382855,151.63142521860559,25.953004066617368,30.784145496171444,,,,,,,,,,,,,,,,,1.0276222407834354,,,,,,,,0.737869419819489,1.5284352896210893,1.133152354720289,2.239947975873099,1.1331509366242185,0.38110446630197076,0.1927941575399414,5.877516990573028,1.120518520164738,1.7456316023911955,,,,,,,,,,11.113050002494024,0.0,86.0804250388754,86.0804250388754,SAGITTAL,,1.0,0.17013987396444855,505.9391607217381,right,0.0,,,,,,,,,,,,,,,,,,,0.9210875899817252,52.89301206309953,140.1939896107831,129.0210236220944,39.80601038921691,44.96179315308337,67.36984365079283,0.6790171738656806,1.0038865480632329,0.02447860342151669,1.397523157056931,0.9381482593317488,1.1118020203398715,2.02571454642504,0.6977718169543694,0.007641412239902667,140.134827446973,104.65713915665083,75.34286084334917,82.49532407096328,0.3266811003184094,BODY,0.8553,0.0095,0.022,0.8553,0.0,0.448,0.8572,0.5021,0.168,MUZHUMANDI,CORRECT,,,,trunk_inclination_deg,1.0276222407834354,<= 8°,,False,3 parameter checks within range,1,1,0,2
DJI_20260917132014_0054_D.JPG,Cam 6,3,MUZHUMANDI,CORRECT,,,rtmw_l_wholebody,coco_wholebody_133,1,1,OK,491.68,341.21,150.47,67,1,1,67.0,1.0,1.0,1.0,1.0,1.0,160.3435815474349,148.54779654525834,154.44568904634662,19.656418452565106,31.45220345474166,,,,,,,,,,,,,,,,,0.5208524291857789,,,,,,,,0.759254715878324,1.5727489919097855,1.1660018538940546,2.3320051655273093,1.1931179896226234,0.39089291000928555,0.19999156513127123,5.965841553564922,1.112760494121689,1.6314946627199378,,,,,,,,,,11.070223607625524,2.526074362662385,83.73947308341656,83.73947308341656,SAGITTAL,,1.0,0.16762094517955214,499.5764281946778,right,0.0,,,,,,,,,,,,,,,,,,,0.9401687724216093,47.31823850765782,169.21548933301875,159.24234479814157,10.784510666981248,5.074947251115725,8.42305138357032,0.5850566965928788,0.7699868718490038,1.5843855419127744,1.554277320928591,1.0396511501305925,0.8125705450432338,1.578797866604085,0.5394098335803335,0.16336977286020482,172.5273030033515,136.24545453396408,43.75454546603592,73.68615795365787,0.33506216608566813,BODY,0.8447,0.0099,0.023,0.8447,0.0,0.8791,0.5594,0.3437,0.3888,MUZHUMANDI,CORRECT,,,,trunk_inclination_deg,0.5208524291857789,<= 8°,,False,3 parameter checks within range,1,1,0,0
DJI_20260917132102_0055_D.JPG,Cam 6,4,SWASTIKAPADAM,CORRECT,,RIGHT,rtmw_l_wholebody,coco_wholebody_133,1,1,OK,528.8,363.36,165.44,67,1,1,67.0,1.0,1.0,1.0,1.0,1.0,12.55549149455851,74.11051235998734,43.333001927272925,167.4445085054415,105.88948764001266,,,,,,,,,,,,,,,,,1.7678168022220104,,,,,,,,0.11093795741665025,0.7211131682063613,0.41602556281150577,5.4915510549674735,2.3574844540263933,1.221639891188073,0.524441459811109,4.495228990620806,1.833874837012237,0.8770604309059209,,,,,,,,,,2.5447469737649357,8.530816040550425,103.92122644237261,103.92122644237261,SAGITTAL,,1.0,0.22245807768335663,467.14970984462286,right,0.0,,,,,,,,,,,,,,,,,,,-0.39103863308645415,117.5789998541567,132.19922062488052,131.5348413375807,47.800779375119475,1.2744909326769849,3.26176599000447,0.02385225884777065,0.03766167990663897,0.07155677654331195,0.7400304257426431,0.9943819984275117,0.8229371358798546,0.8229371358798546,0.3657498381688243,-0.004322703525067917,132.35837937193574,114.30130937170405,65.69869062829595,16.182456222608973,0.5624216431800042,BODY,0.8868,0.2379,0.8868,0.2672,0.5153,0.589,0.2968,0.8182,0.5382,ARAMANDI,CORRECT,,,,mean_knee_flexion_deg,43.333001927272925,30-45°,,False,2 parameter checks within range,0,1,0,0
DJI_20260917132104_0056_D.JPG,Cam 6,4,SWASTIKAPADAM,CORRECT,,RIGHT,rtmw_l_wholebody,coco_wholebody_133,1,1,OK,677.18,501.57,175.61,67,1,1,59.0,1.0,1.0,1.0,0.0,1.0,12.817394151476009,73.62649226869219,43.2219432100841,167.182605848524,106.37350773130781,,,,,,,,,,,,,,,,,1.3887146244866564,,,,,,,,0.06201605043788282,0.8682431421244592,0.465129596281171,6.046703187649323,2.6047320600868207,1.181471318699257,0.5089411744526796,5.1179432728899865,1.861556943049486,1.066987131347674,,,,,,,,,,8.130094243496995,8.325695678285557,92.69824918362309,92.69824918362309,SAGITTAL,,1.0,0.19539098944239036,474.42438081800344,right,65.32461887488682,163.70372608404114,147.40745216808227,16.296273915958864,,,,,,1.862323765962473,,,,,,180.0,22.193623456148924,157.8063765438511,169.42195788801953,0.9176683901907489,139.78331759753186,88.21585407986277,30.78394353601421,91.78414592013723,15.203247376145208,30.420106358737755,0.2514097655285436,0.6998738997414351,0.7007040336973421,0.4351962386483536,0.16098280091635617,0.8257309081454872,0.8325114624204651,0.36866930825110955,-0.6809333914856532,98.75073938196893,105.40633177055774,74.59366822944226,2.5935196810087326,0.5968157041386453,MUDRA,0.4293,0.2207,0.8672,0.2907,0.5183,0.3242,0.3996,0.4293,0.3992,MUSHTI,CORRECT,,,,pinky_relative_extension,0.16098280091635617,<= 1.25,,False,3 parameter checks within range,0,1,0,8
DJI_20260917132129_0057_D.JPG,Cam 6,5,SWASTIKAPADAM,CORRECT,,LEFT,rtmw_l_wholebody,coco_wholebody_133,1,1,OK,543.19,377.28,165.91,67,1,1,66.0,1.0,1.0,1.0,1.0,1.0,30.784073076630477,70.2680370374122,50.52605505702134,149.21592692336952,109.7319629625878,,,,,,,,,,,,,,,,,1.2945902354600587,,,,,,,,2.6832780243966265,3.5777069896805047,3.1304925070385656,21.466237502355526,8.49704855583182,1.0844689426311658,0.42926876504638756,19.7942390588647,7.641984701126065,7.60263028847914,,,,,,,,,,11.309899687867759,11.003518880554399,27.51979520845765,27.51979520845765,SAGITTAL,,1.0,0.050519749560777254,544.7334052072101,left,60.91629827691214,147.7577627616907,126.37955477544824,32.242237238309286,8.608872652714325,14.88710530777724,0.38151311456129494,0.6371023389868933,1.0860709634701677,1.125132255361555,1.140654954719091,1.015354509494134,1.6007714865440061,0.5974215704005303,0.14127852761899584,164.88852271680923,64.35083970669108,115.64916029330892,69.53771242126311,0.3630715865579336,45.478850731445455,159.69563166092126,143.5742910781738,20.304368339078735,5.548477380627972,13.848515990977814,0.49816809196187833,0.8207817444641444,1.411004727288787,1.4902160348737707,1.1662392624734106,,,,0.3075761322211905,169.52613933102216,74.17111477223361,105.82888522776639,78.98814371692941,0.3775806369990729,BODY,0.7615,0.1546,0.7615,0.3683,0.3352,0.76,0.6226,0.4565,0.3736,ARAMANDI,CORRECT,,,,mean_knee_flexion_deg,50.52605505702134,30-45°,,True,2 parameter checks within range,0,1,0,1
DJI_20260917132132_0058_D.JPG,Cam 6,5,SWASTIKAPADAM,CORRECT,,LEFT,rtmw_l_wholebody,coco_wholebody_133,1,1,OK,589.56,426.62,162.94,67,1,1,67.0,1.0,1.0,1.0,1.0,1.0,10.228960338505516,73.39034152796812,41.80965093323682,169.77103966149448,106.60965847203188,,,,,,,,,,,,,,,,,0.6473957926898634,,,,,,,,1.6564710667647156,1.9877582402542222,1.8221146535094688,10.54617521886577,4.141171067039817,1.0790269981676186,0.4237019860406931,9.773782525159303,3.6055415726345728,3.958613773843615,,,,,,,,,,7.125051469500297,4.899068404411599,55.48758204287148,55.48758204287148,SAGITTAL,,1.0,0.10231453354173142,542.3235597339605,left,80.27134810204338,162.8729444242147,149.8741090778825,17.127055575785306,9.555032935615335,22.592506312490325,0.3177695405776162,0.5586005897853161,0.9103795335875727,0.9147490101527047,1.1267695979889296,0.741826581189011,1.1370107702233496,0.4583137943986087,0.14430607899354908,171.95104960948947,86.95709611898886,93.04290388101114,79.65140237084627,0.36076659065976346,77.25571212445912,162.077216919498,149.14037602545432,17.922783080502,8.678298093237446,19.56724673867097,0.32372810118249257,0.5678691036017314,0.9219474097257969,0.944996538520261,1.1275750444313721,0.6928669253822044,1.2065867781817095,0.4471439173335182,0.15220676646499098,171.56163969751526,67.195551693819,112.804448306181,79.39511007166654,0.3614391524306903,BODY,0.8185,0.1874,0.8185,0.3485,0.5567,0.8947,0.6235,0.504,0.6084,ARAMANDI,CORRECT,,,,mean_knee_flexion_deg,41.80965093323682,30-45°,,False,2 parameter checks within range,0,1,0,0
DJI_20260917132204_0059_D.JPG,Cam 6,6,ARAMANDI,INCORRECT,INSUFFICIENT_KNEE_BEND,,rtmw_l_wholebody,coco_wholebody_133,1,1,OK,538.09,395.63,142.46,67,1,1,65.0,1.0,1.0,1.0,1.0,1.0,19.018301001136194,30.123454662848758,24.570877831992476,160.9816989988638,149.87654533715124,,,,,,,,,,,,,,,,,0.7206653355537764,,,,,,,,1.7650378033265435,3.333966884432016,2.5495023438792797,21.18048699804553,10.099955014406584,1.3583827706297116,0.6477473760150588,15.592429067858978,7.658563769361047,5.929051471011635,,,,,,,,,,5.572213118330569,4.51400187256748,32.934487366115896,32.934487366115896,SAGITTAL,,1.0,0.06413368921852736,513.5286581424598,right,40.46812144568281,140.98197892327642,129.18955969615507,39.018021076723585,9.924305581205402,14.517214233129001,0.4622775269242379,0.5763442473267325,1.3595085700114609,0.5840112733867137,1.8578144728915538,,,,0.20870281098021226,132.61158199577702,177.45124973023042,2.5487502697695845,143.90157056611412,0.4171248537152263,120.89889399342178,62.73729903021134,41.509549938730046,117.26270096978865,45.59090865915823,73.53249384538059,0.4352756854930093,0.652913528239514,0.0,0.5353774551364427,1.5445812691778293,0.0,0.47331000607096985,0.21036000269820881,-0.023849250581016057,47.388419933805594,24.137055818814193,155.8629441811858,73.17323799640101,0.3545948246605392,BODY,0.9564,0.5553,0.8282,0.1647,0.9564,0.2932,0.6077,0.6654,0.4915,SWASTIKAPADAM,INCORRECT,INSUFFICIENT_ARAMANDI,Insufficient Aramandi,CANONICAL,mean_knee_flexion_deg,24.570877831992476,30-45°,,False,1 of 2 parameter checks out of range,0,1,0,2
DJI_20260917132206_0060_D.JPG,Cam 6,6,ARAMANDI,INCORRECT,INSUFFICIENT_KNEE_BEND,,rtmw_l_wholebody,coco_wholebody_133,1,1,OK,567.1,408.35,158.75,67,1,1,66.0,1.0,1.0,1.0,1.0,1.0,18.195878333545465,33.307781488401986,25.751829910973726,161.80412166645453,146.692218511598,,,,,,,,,,,,,,,,,0.35809699797061545,,,,,,,,1.5000031428948577,2.666658285613713,2.083330714254285,17.83328514227885,8.416644142586854,1.3374732054929632,0.6312373705162838,13.33356441761829,5.379990921551798,4.807386591460569,,,,,,,,,,7.1250229978250355,6.519796527884874,38.840087890625,38.840087890625,SAGITTAL,,1.0,0.07499870017342483,517.8768138756045,right,0.0,,,,,,,,,,,,,,,,,,,0.2959497294012902,55.946881503842185,109.97294395250415,45.0,70.02705604749585,47.17965748918878,109.01371576210255,0.6495695380530292,1.9487086141590877,1.9487086141590877,1.2485793187135348,0.6284136671847774,0.0,0.0,0.0,-0.7672030581281533,148.88346756574293,55.51585782225553,124.48414217774447,81.00462639185733,0.3909859227525668,BODY,0.9398,0.5207,0.8367,0.1763,0.9398,0.2665,0.5592,0.3173,0.2659,SWASTIKAPADAM,CORRECT,,,,mean_knee_flexion_deg,25.751829910973726,30-45°,,True,2 parameter checks within range,0,0,0,1
DJI_20260917132245_0061_D.JPG,Cam 6,7,ARAMANDI,INCORRECT,FEET_TOO_FAR_APART,,rtmw_l_wholebody,coco_wholebody_133,1,1,OK,641.15,461.32,179.83,67,1,1,66.0,1.0,1.0,1.0,1.0,1.0,38.15839137267906,44.1756733541651,41.16703236342208,141.84160862732094,135.8243266458349,,,,,,,,,,,,,,,,,1.468806351414254,,,,,,,,0.362141561795356,1.901254045018054,1.131697803406705,9.913681289708784,4.526794828824298,1.4033842009325515,0.6408146638958381,7.064124908290349,3.3693493678305075,2.9559645831166104,,,,,,,,,,10.437469221495624,4.763678507237254,67.53175351168328,67.53175351168328,SAGITTAL,,1.0,0.14156035078406035,477.0527420824061,right,49.57848404490738,160.22088170503196,142.48942734612598,19.779118294968043,2.698227334371136,6.353602149281724,0.3033987332139538,0.38109373339940306,0.788210687977361,1.31478180621782,1.0873764829220307,,,,0.23954602168989503,170.8407820282115,92.5377442600464,87.4622557399536,75.69270526437707,0.3452250395604347,52.46026029313021,163.614775737777,150.87975220797813,16.385224262223005,4.036396282088795,8.633521236576572,0.3443200302586067,0.5072115113393597,0.929992786906418,1.2975649167447925,1.084166036995846,0.8986616337470018,1.3116822972134756,0.5116206405636178,0.22749540168193616,172.25625343333542,62.22649414750919,117.77350585249081,75.96372419670708,0.34871146330585195,BODY,0.9673,0.3361,0.9673,0.1665,0.5744,0.8972,0.5506,0.3194,0.4631,ARAMANDI,CORRECT,,,,mean_knee_flexion_deg,41.16703236342208,30-45°,,False,2 parameter checks within range,1,0,0,1
DJI_20260917132246_0062_D.JPG,Cam 6,7,ARAMANDI,INCORRECT,FEET_TOO_FAR_APART,,rtmw_l_wholebody,coco_wholebody_133,1,1,OK,602.13,403.46,198.67,67,1,1,65.0,1.0,1.0,1.0,1.0,1.0,39.064409706203975,43.93028911388811,41.49734941004604,140.93559029379603,136.0697108861119,,,,,,,,,,,,,,,,,0.711717053365772,,,,,,,,0.7592549230912506,2.060837262905342,1.4100460929982965,11.605775142442166,5.369024989032674,1.3290901367702606,0.6148592463161228,8.732120434393291,4.511421044821294,3.4058741876081906,,,,,,,,,,4.514046640788373,6.519777816844752,56.44346735911714,56.44346735911714,SAGITTAL,,1.0,0.11451972147123508,492.8711547145575,left,86.59291943310448,151.62660261423707,139.7913854268112,28.373397385762928,11.291166602226452,16.280520033576742,0.2231569506544531,0.30898719769224153,0.6694708519633594,0.7738531928587016,1.1780642530069731,,,,0.12539639676075254,157.7870247297961,79.59839585566145,100.40160414433855,82.0304312004496,0.3622941398510157,61.88309709726471,156.6622030965877,139.4746633632358,23.33779690341231,10.78390388549525,25.060837147475283,0.3282030523172441,0.5312140226861,0.9846091569517323,1.0846605737488766,1.165445034091927,0.5210650193673849,1.0522790420534849,0.35188734771990776,0.14668414412313746,167.37561524976127,56.0072823224725,123.99271767752751,78.88022414145736,0.3604574053843288,BODY,0.9402,0.2988,0.9402,0.2034,0.5653,0.7158,0.5114,0.6958,0.5773,ARAMANDI,CORRECT,,,,mean_knee_flexion_deg,41.49734941004604,30-45°,,False,2 parameter checks within range,1,0,0,2
DJI_20260917132319_0063_D.JPG,Cam 6,8,ARAMANDI,INCORRECT,FEET_NOT_IN_LINE,,rtmw_l_wholebody,coco_wholebody_133,1,1,OK,674.71,500.21,174.5,67,1,1,65.0,1.0,1.0,1.0,1.0,1.0,44.89096541136439,65.62701300436692,55.25898920786565,135.1090345886356,114.37298699563308,,,,,,,,,,,,,,,,,3.884483474487954,,,,,,,,4.478368398230605,4.006970240118524,4.242669319174564,24.041802352674292,10.842377149001665,1.2563664995479888,0.566596431733625,19.135978523244585,7.781802595054742,8.749664398901764,,,,,,,,,,2.7926445379472367,2.792700988861777,25.58048550357916,25.58048550357916,SAGITTAL,,1.0,0.052257583733452365,489.5076212106602,right,0.0,,,,,,,,,,,,,,,,,,,0.600560876354667,116.730224609375,70.22765730262158,0.0,109.77234269737842,116.60991518371944,116.60991518371944,1.1049162690457892,2.209881271942743,1.9138555237416,0.890997606782418,0.672883446917653,0.0,2.209881271942743,0.9821694541967749,-0.6921069621169991,0.0,71.86090293528014,108.13909706471986,90.0,0.1379602479046486,BODY,0.7877,0.2211,0.7877,0.2831,0.2383,0.2143,0.2004,0.2453,0.2772,ARAMANDI,INCORRECT,EXCESSIVE_KNEE_BEND,Knee bend deeper than Aramandi,SECONDARY,mean_knee_flexion_deg,55.25898920786565,30-45°,,False,1 of 2 parameter checks out of range,1,1,0,2
DJI_20260917132321_0064_D.JPG,Cam 6,8,ARAMANDI,INCORRECT,FEET_NOT_IN_LINE,,rtmw_l_wholebody,coco_wholebody_133,1,1,OK,653.49,454.21,199.28,67,1,1,67.0,1.0,1.0,1.0,1.0,1.0,40.13548662888783,65.1967573657549,52.66612199732137,139.86451337111217,114.8032426342451,,,,,,,,,,,,,,,,,3.598775248371865,,,,,,,,3.1622584484824374,2.687916159072404,2.9250873037774205,16.206584954788326,7.03602712913659,1.286766528225482,0.5586447870860308,12.594813899253387,5.966538393631026,5.729269620424457,,,,,,,,,,7.125087751740068,1.3971727493191208,38.12382036791784,38.12382036791784,SAGITTAL,,1.0,0.07939775910934892,480.16242266249094,left,274.10888671875,0.0,0.0,180.0,,,0.3333333333333333,1.0,1.0,0.5,0.75,0.0,0.0,0.0,-0.19999999999999996,0.0,17.62330845906905,162.37669154093095,0.0,0.1482314474001789,69.60369710842116,171.1622471868043,163.34634106077573,8.837752813195692,4.057369837399825,4.814451756369933,0.36467034176163066,0.48178507367604545,0.8508806388491056,1.2241861825159825,0.878391412433371,1.2367398833380165,1.7032816356089884,0.655864553946304,-0.07033771111694032,174.5170017459233,62.61137427305608,117.38862572694393,65.65895801937843,0.33433027937486476,BODY,0.8364,0.2383,0.8364,0.2567,0.289,0.3078,0.5235,0.6053,0.3267,ARAMANDI,CORRECT,,,,mean_knee_flexion_deg,52.66612199732137,30-45°,,True,2 parameter checks within range,1,0,0,0
DJI_20260917132342_0065_D.JPG,Cam 6,9,SAMAPADHAM,INCORRECT,FEET_TOO_FAR_APART,,rtmw_l_wholebody,coco_wholebody_133,1,1,OK,747.72,602.48,145.24,67,1,1,66.0,1.0,1.0,1.0,1.0,1.0,3.221007460515267,2.6275900562473,2.9242987583812834,176.77899253948473,177.3724099437527,,,,,,,,,,,,,,,,,2.7079310987723835,,,,,,,,0.0,0.7071142105283007,0.35355710526415035,16.19274295421747,7.778174062375936,1.5455691043443065,0.7424131632923493,10.476880592852618,3.8183742834668255,5.140040352898016,,,,,,,,,,1.5481733920964291,3.3664977316899254,46.00634211119137,46.00634211119137,SAGITTAL,,1.0,0.09544825782229542,482.002952812879,left,58.77519363110696,161.36618337167306,149.91361373179046,18.63381662832694,10.117266777271496,17.186767476891163,0.41130307707630487,0.6929269417717531,1.0095448704160115,1.2086525724305803,1.0403256538366235,,,,0.19649729750598643,167.4658581346746,92.95818821344929,87.04181178655071,80.59266968506377,0.35205014407920227,38.55418747864646,150.05333362498686,138.74796800114575,29.946666375013137,9.421672210193945,15.352222082968106,0.5225603615271109,0.8112439692737514,1.541008794889762,1.623946650343271,1.2348473487329583,1.7081174916848416,2.5021269612487527,0.9394850011886916,0.40413115223920437,157.84746369733386,66.33076158939937,113.66923841060063,76.88353814492771,0.35631599417773524,BODY,0.9092,0.9092,0.5642,0.0784,0.7907,0.8993,0.6729,0.3593,0.5016,SAMAPADHAM,CORRECT,,,,mean_knee_flexion_deg,2.9242987583812834,<= 5°,,False,2 parameter checks within range,1,0,0,1
DJI_20260917132344_0066_D.JPG,Cam 6,9,SAMAPADHAM,INCORRECT,FEET_TOO_FAR_APART,,rtmw_l_wholebody,coco_wholebody_133,1,1,OK,591.62,420.3,171.32,67,1,1,66.0,1.0,1.0,1.0,1.0,1.0,1.477553140495445,0.23774287299173125,0.8576480067435881,178.52244685950456,179.76225712700827,,,,,,,,,,,,,,,,,4.763641690726178,,,,,,,,-0.3333416505520554,0.49999376208595847,0.08332605576695154,19.499978167300856,9.249987524171917,1.6193850440409523,0.7681696525859649,12.041594578792296,4.512329404641551,5.854724229070194,,,,,,,,,,3.0940205742088667,1.507417950290725,39.13818359375,39.13818359375,SAGITTAL,,1.0,0.08304547985373997,471.28613938627757,left,65.69368877937906,136.33675520469112,120.35482393893454,43.663244795308884,13.723870519404342,23.96251133331345,0.2389145556312358,0.2625730268205605,0.6454705079948421,0.34107802931054376,2.5708835065378177,,,,0.4037613856001948,144.65817040963202,167.416044834908,12.583955165091993,158.0940458839701,0.4177919095800712,0.0,,,,,,,,,,,,,,,,,,,0.14219291467377862,BODY,0.9189,0.9189,0.5456,0.0571,0.7382,0.4029,0.3245,0.6846,0.7331,SAMAPADHAM,CORRECT,,,,mean_knee_flexion_deg,0.8576480067435881,<= 5°,,False,2 parameter checks within range,1,0,0,1
DJI_20260917132559_0067_D.JPG,Cam 6,10,SAMAPADHAM,INCORRECT,FEET_NOT_ALIGNED,,rtmw_l_wholebody,coco_wholebody_133,1,1,OK,543.6,394.62,148.98,67,1,1,67.0,1.0,1.0,1.0,1.0,1.0,4.975239590178319,2.6357762647213576,3.8055079274498382,175.02476040982168,177.36422373527864,,,,,,,,,,,,,,,,,3.9451811540363173,,,,,,,,0.18569869299690653,1.4855617468503368,0.8356302199236216,21.447729964659757,10.213202263189922,1.5893272019947124,0.7568222932267418,13.494848598665785,4.831631664721096,5.945130945085806,,,,,,,,,,0.0,8.32561786165369,35.13178082173513,35.13178082173513,SAGITTAL,,1.0,0.07410235044051316,474.09806319082577,right,43.74014966734656,142.28933157783655,95.35504917941167,37.71066842216345,3.637565494324882,8.260005315238645,0.1613577472085419,0.3095328276234432,0.4699654837284159,1.304448016364976,1.00305707915024,0.07036056332862858,0.113788098182319,0.041003209976724665,0.034036781166823626,119.00788851601371,109.40922990449732,70.59077009550268,170.4553711697673,0.40279762985450296,58.727770031983994,168.70371519374686,159.24473559160708,11.29628480625314,4.680660604507717,8.654177793280496,0.3232663388598351,0.5523500445537427,0.72296424003426,1.3147238099319816,0.9872096700681471,0.8027068314598685,1.342733575475531,0.4824348807784126,0.10119009588527494,174.6642920580124,109.21357107934719,70.78642892065281,76.87963609002941,0.3596668014982827,BODY,0.9315,0.9315,0.5761,0.0656,0.8121,0.9615,0.5513,0.3736,0.4307,SAMAPADHAM,CORRECT,,,,mean_knee_flexion_deg,3.8055079274498382,<= 5°,,False,2 parameter checks within range,1,0,0,0
DJI_20260917132601_0068_D.JPG,Cam 6,10,SAMAPADHAM,INCORRECT,FEET_NOT_ALIGNED,,rtmw_l_wholebody,coco_wholebody_133,1,1,OK,529.43,363.34,166.09,67,1,1,58.0,1.0,1.0,1.0,0.0,1.0,0.31443068424189846,1.5978520985597697,0.9561413914008341,179.6855693157581,178.40214790144023,,,,,,,,,,,,,,,,,4.953254838870172,,,,,,,,-0.2425409450097213,1.6977323513022924,0.7275957031462855,27.89138567567064,13.218097134689035,1.5276071744227864,0.7239532753936124,18.258218567354877,6.068196289048476,7.707843727553043,,,,,,,,,,11.592167996462274,4.398722112081922,26.99487825029945,26.99487825029945,SAGITTAL,,1.0,0.054769855904122464,492.8783872931018,right,,,,,,,,,,,,,,,,,,,,,67.34325285471385,169.98892814546744,162.26246394999654,10.01107185453256,7.51035215466013,12.196178355836844,0.28868759445799963,0.5110337196849127,0.6635234765200542,1.110179879629098,0.9986280167214325,,,,0.08065968790361477,174.1708792964502,47.847178559328654,132.15282144067135,82.48786494892819,0.35309339784196137,BODY,0.8845,0.8845,0.5424,0.0839,0.7407,0.991,0.5824,0.3845,0.4212,SAMAPADHAM,CORRECT,,,,mean_knee_flexion_deg,0.9561413914008341,<= 5°,,False,2 parameter checks within range,1,0,0,9
DJI_20260917132635_0069_D.JPG,Cam 6,11,SAMAPADHAM,INCORRECT,WEIGHT_ON_ONE_LEG,,rtmw_l_wholebody,coco_wholebody_133,1,1,OK,581.9,405.73,176.17,67,1,1,67.0,1.0,1.0,1.0,1.0,1.0,4.184873674816913,4.3907379391280585,4.287805806972486,175.8151263251831,175.60926206087194,,,,,,,,,,,,,,,,,1.4782661177485161,,,,,,,,-0.2500058726527007,0.8749970636736496,0.31249559551047446,13.87499941273473,6.49999765093892,1.4317817142344735,0.6707443728350452,9.690722597440935,2.885851359077569,4.461636315784314,,,,,,,,,,4.513982529684341,7.8533585322349575,51.965576171875,51.965576171875,SAGITTAL,,1.0,0.10319147926740507,503.5839832978272,right,68.070729249694,165.21892405352935,149.14430258808676,14.78107594647065,6.90402834032995,10.118091855753121,0.3123318604702837,0.5390111246810428,0.6796484922406786,1.1450428769601253,1.0012105915948355,0.652653298648012,1.1915109535869872,0.4099804158325704,0.16511621742473226,174.32080253627197,79.90938863105866,100.09061136894134,79.08590690058861,0.3425647708376626,68.22299914793984,166.19456816188875,151.05615698156885,13.805431838111247,5.76907979738819,8.42989385636297,0.3185119807614853,0.5200634750013936,0.6897328543028229,1.1226546702909785,0.9915137906851762,0.5582017157664242,0.9804727237045292,0.3806349999548259,0.15757476011700322,173.42795893960601,55.64066221174795,124.35933778825205,77.54172445986075,0.340495860483595,BODY,0.8665,0.8665,0.558,0.1211,0.8235,0.9567,0.5885,0.4511,0.6865,SAMAPADHAM,CORRECT,,,,mean_knee_flexion_deg,4.287805806972486,<= 5°,,False,2 parameter checks within range,1,0,0,0
DJI_20260917132637_0070_D.JPG,Cam 6,11,SAMAPADHAM,INCORRECT,WEIGHT_ON_ONE_LEG,,rtmw_l_wholebody,coco_wholebody_133,1,1,OK,513.79,366.17,147.62,67,1,1,66.0,1.0,1.0,1.0,1.0,1.0,4.024442430878651,5.247111691545172,4.635777061211911,175.97555756912135,174.75288830845483,,,,,,,,,,,,,,,,,1.8717498330086229,,,,,,,,-0.21692873219384143,0.542325904875727,0.16269858634094275,12.202308413357116,5.748643998265785,1.469804471525443,0.6924413289382141,8.301994346698985,2.7202887081836002,3.8348111491836714,,,,,,,,,,1.5074849108892059,1.5074283114847382,59.920763030297316,59.920763030297316,SAGITTAL,,1.0,0.1204529849382055,497.46183592741784,right,73.13358233087108,165.57076503667793,153.12681172326452,14.429234963322074,4.544396470289009,6.961132985275798,0.27009420258655026,0.4825689046458673,0.6566532441146076,1.0615962245484134,1.0270386079514577,,,,0.14168112867347493,173.32931958041115,88.82514478881534,91.17485521118466,83.18719393015952,0.34228466843666827,127.66993662245409,137.36130029830292,129.8825475817984,42.63869970169708,9.896899281270104,14.153436496652132,0.15159597129048039,0.19009685414102453,0.45478791387144113,0.4982658108598724,1.1443372106857645,0.3898182118898067,0.5799150660308312,0.21549628398236378,0.05345730139632937,140.89498100259246,32.89606101786499,147.10393898213502,79.04156345193523,0.314550619585154,BODY,0.885,0.885,0.5713,0.1056,0.8315,0.5404,0.3243,0.9584,0.6628,SAMAPADHAM,CORRECT,,,,mean_knee_flexion_deg,4.635777061211911,<= 5°,,False,2 parameter checks within range,1,0,0,1
DJI_20260917132649_0071_D.JPG,Cam 6,12,MUZHUMANDI,INCORRECT,KNEES_FACING_FORWARD,,rtmw_l_wholebody,coco_wholebody_133,1,1,OK,565.48,405.98,159.5,67,1,1,67.0,1.0,1.0,1.0,1.0,1.0,157.98996733087918,153.8733963933953,155.93168186213722,22.01003266912083,26.12660360660469,,,,,,,,,,,,,,,,,0.7994157696484855,,,,,,,,1.618276111732803,1.7589901096024987,1.6886331106676509,2.8143865439542273,1.4775542185623434,0.3720565754802592,0.19532987173550698,7.5644047960215515,2.191342976942774,3.0262822977965693,,,,,,,,,,5.877381599826401,2.4540061352333313,61.8445407697365,61.8445407697365,SAGITTAL,,1.0,0.13219810771178497,467.81714080634515,left,59.237267052797556,169.74637742346079,160.19747317924353,10.253622576539215,10.629193686275057,26.603640157217153,0.5528550749254372,0.8654412357214415,1.4923194922888872,1.3283493968449949,0.9835572720674635,0.7018214925465743,1.4925568040694563,0.5564649385600932,0.07209737224975643,175.32825004089977,140.78411018265658,39.215889817343424,80.18644252162547,0.3304618186040249,53.527920561522606,170.74907008930936,162.31991188379698,9.250929910690644,10.129301079538362,25.105582845001276,0.615464361253303,0.9643675916328531,1.6794257113410784,1.4660942077587025,1.0071180210664898,1.8509847223391789,2.257261946467037,0.9836275724336611,0.10533951964990029,176.55489316020447,168.02332267682812,11.976677323171884,70.95326689633353,0.3176237696076839,BODY,0.8253,0.009,0.021,0.8253,0.0,0.9678,0.6792,0.4054,0.4169,MUZHUMANDI,CORRECT,,,,trunk_inclination_deg,0.7994157696484855,<= 8°,,False,3 parameter checks within range,1,0,0,0
DJI_20260917132651_0072_D.JPG,Cam 6,12,MUZHUMANDI,INCORRECT,KNEES_FACING_FORWARD,,rtmw_l_wholebody,coco_wholebody_133,1,1,OK,533.7,364.74,168.96,67,1,1,67.0,1.0,1.0,1.0,1.0,1.0,159.95891678945534,155.0409795495789,157.49994816951713,20.041083210544663,24.959020450421086,,,,,,,,,,,,,,,,,0.26281895328885146,,,,,,,,1.7888526986478517,1.8633913840372012,1.8261220413425265,2.8696173447010915,1.5652450592238627,0.3532069997625216,0.19265826932725005,8.124463407096904,2.3769727064417836,3.2058970174646024,,,,,,,,,,5.117289827927374,2.4195181849463125,58.013080421430054,58.013080421430054,SAGITTAL,,1.0,0.1230850518849623,471.3251490168783,left,64.68716561834553,170.39952135507176,161.34894831208672,9.600478644928245,10.64090152065787,26.50648617940015,0.5074970747589215,0.8076230199295963,1.3886629909678525,1.232596636481956,1.0001823702077435,1.3284073008986097,1.9248227410497596,0.7673400016380972,0.0812487345989561,175.88587204332921,147.1169892158728,32.88301078412721,83.30716737712723,0.34363821317213433,62.18362612723162,172.00217909291052,163.99122364296542,7.997820907089476,10.563758115516775,25.234911872794925,0.5305933053925426,0.8368541437856246,1.4500691316983672,1.2940233984710465,1.0073678749491637,1.7597579408654627,2.112988843744503,0.9173575015341282,0.09860671620823847,177.25991459660258,179.41454922813452,0.5854507718654816,77.2090698105801,0.3353359064828728,BODY,0.8045,0.0082,0.0191,0.8045,0.0,0.9854,0.6842,0.3044,0.2131,MUZHUMANDI,CORRECT,,,,trunk_inclination_deg,0.26281895328885146,<= 8°,,False,3 parameter checks within range,1,0,0,0
DJI_20260917132740_0073_D.JPG,Cam 6,13,MUZHUMANDI,INCORRECT,BACK_BENT_FORWARD,,rtmw_l_wholebody,coco_wholebody_133,1,1,OK,573.91,393.84,180.07,67,1,1,67.0,1.0,1.0,1.0,1.0,1.0,141.40116359610244,151.97687333831976,146.6890184672111,38.59883640389758,28.023126661680248,,,,,,,,,,,,,,,,,20.924507978601014,,,,,,,,2.813861328701265,3.3104217239546165,3.062141526327941,3.2690440771333713,-1.7793557330237146,0.3617159567877067,-0.19688365964179855,9.037599850901776,5.421928236985154,5.495327655984181,,,,,,,,,,9.727553661178938,16.389569269034705,51.1585711533416,51.1585711533416,SAGITTAL,,1.0,0.11064884665149448,462.35069502778794,right,59.91104590431989,163.89767029700155,149.87249205399957,16.102329702998446,22.3879991010289,45.329332125786,0.26256703506679596,0.6116140349842706,0.6176202258502842,1.1067045441644165,0.7392677185287683,0.5114964468875245,0.5869623341230032,0.244101951335672,-0.09026104566590853,162.85909456700332,118.19312261350842,61.80687738649158,24.523373213839598,0.35411294282694855,87.03875107859714,98.25821981177963,88.68774034451532,81.74178018822037,37.44732496461987,54.866728571530324,0.31547602394627167,0.34322140955505837,0.9301668528915203,0.4044750279944499,0.8271211405867527,0.26143533287813076,0.6018700451539878,0.21186458498210053,-0.23457194492422562,104.59685476374628,146.5802898187746,33.41971018122541,154.46257044308462,-0.5437122619062816,BODY,0.8674,0.0086,0.02,0.8674,0.0,0.2649,0.4404,0.7376,0.5285,MUZHUMANDI,INCORRECT,BACK_BENT_FORWARD,Back bent forward,CANONICAL,trunk_inclination_deg,20.924507978601014,<= 8°,,False,1 of 3 parameter checks out of range,1,1,1,0
DJI_20260917132742_0074_D.JPG,Cam 6,13,MUZHUMANDI,INCORRECT,BACK_BENT_FORWARD,,rtmw_l_wholebody,coco_wholebody_133,1,1,OK,499.35,348.31,151.04,67,1,1,59.0,1.0,1.0,1.0,0.0,1.0,137.71817723496838,148.6280501585751,143.17311369677174,42.28182276503161,31.371949841424907,,,,,,,,,,,,,,,,,21.317917721282257,,,,,,,,2.2136016395963223,2.95146683126878,2.582534235432551,4.7434346839545265,-1.6865533413791527,0.4089853959714341,-0.14541692509948148,11.598053941969694,3.946887839177353,6.979359806042405,,,,,,,,,,10.52076545486111,13.840720296412533,40.25681370762617,40.25681370762617,SAGITTAL,,1.0,0.08622136135971191,466.9006969128733,right,,,,,,,,,,,,,,,,,,,,,80.37647051860182,102.71740600780792,90.18362236381152,77.28259399219208,23.038719970529247,31.10832449014677,0.3712648876101287,0.4480230766135203,1.0990307291502688,0.498070001558792,0.6428042063979507,0.20918236851894906,0.6528997797901079,0.24559294258954315,-0.3905400541737127,101.80791969233118,134.83247952755124,45.16752047244876,145.95414448808128,-0.5557568838146514,BODY,0.9047,0.0109,0.0251,0.9047,0.0,0.3543,0.3896,0.7127,0.5378,MUZHUMANDI,INCORRECT,BACK_BENT_FORWARD,Back bent forward,CANONICAL,trunk_inclination_deg,21.317917721282257,<= 8°,,False,1 of 3 parameter checks out of range,1,1,1,8
DJI_20260917132806_0075_D.JPG,Cam 6,14,MUZHUMANDI,INCORRECT,FEET_APART_HEEL_DOWN,,rtmw_l_wholebody,coco_wholebody_133,1,1,OK,586.01,376.93,209.08,67,1,1,67.0,1.0,1.0,1.0,1.0,1.0,130.70903667736854,134.9832460700939,132.84614137373123,49.290963322631455,45.01675392990608,,,,,,,,,,,,,,,,,14.632350877653932,,,,,,,,4.110974673913365,12.33295831158048,8.221966492746922,17.392638571884834,3.7947709108033876,0.5242980883433538,0.11439271425161178,33.173187083021936,9.762221206527423,15.182305727861534,,,,,,,,,,12.875011199304064,10.23483119853045,14.239822773105137,14.239822773105137,SAGITTAL,,1.0,0.03014482743238743,472.38030488129294,left,104.19061132458228,177.2368827390843,173.72487140567694,2.763117260915692,11.311465790936346,29.803646327235775,0.3389749798756705,0.5364679431519315,0.9002170654345447,0.8134067741711009,0.8520819371008233,0.628571003942072,1.0935257330514048,0.4130290644097182,-0.09216044527086964,178.76396375458535,154.56863434438745,25.431365655612552,75.16003754459612,0.26219258715482774,86.11476784545765,177.09602785725184,173.98996593616124,2.9039721427481595,11.304491976045684,29.122789154201396,0.4085547771644296,0.634811503817776,1.086026231218471,0.9506886834904649,0.8524887172265616,0.755327636503096,1.3040848193077719,0.4931016256967652,-0.10490478965929095,178.51947241261257,163.7205533474798,16.279446652520193,73.66394367241828,0.26718956439630204,BODY,0.9666,0.0188,0.0424,0.9666,0.0,0.9019,0.5489,0.5715,0.5894,MUZHUMANDI,CORRECT,,,,trunk_inclination_deg,14.632350877653932,<= 8°,,True,3 parameter checks within range,1,0,0,0
DJI_20260917132807_0076_D.JPG,Cam 6,14,MUZHUMANDI,INCORRECT,FEET_APART_HEEL_DOWN,,rtmw_l_wholebody,coco_wholebody_133,1,1,OK,522.76,361.91,160.85,67,1,1,67.0,1.0,1.0,1.0,1.0,1.0,131.8782656536033,137.06881285318318,134.47353925339326,48.12173434639668,42.931187146816825,,,,,,,,,,,,,,,,,13.719353224361862,,,,,,,,2.6678887510943308,9.458869849845387,6.063379300469859,12.490569458406707,2.7891546109938203,0.4697717767755966,0.10490043081474942,26.58859062189527,6.403110155057073,11.933617899857493,,,,,,,,,,10.234784598340479,8.343853371546473,18.387172861125993,18.387172861125993,SAGITTAL,,1.0,0.037610116843745614,488.88901189850185,right,84.62325545760334,176.10989538313126,173.29481029563877,3.89010461686874,12.2395923295566,31.89877297815186,0.4337429414868838,0.6889473981899736,1.1525708922055367,0.9971237019070986,0.8142925251404937,0.797324865856788,1.3555380350339619,0.5256527453910655,-0.1515269271936217,177.9787182383825,154.08969106503258,25.910308934967418,73.41895615742149,0.29001776594004075,88.34087319981377,175.90422282543457,172.11851774593399,4.095777174565427,12.359200378133705,31.34787612294903,0.4128995866733147,0.6563570277825683,1.0897230243237894,0.9387141433293149,0.8246957600844862,0.7256987130221705,1.2759575460551145,0.48888822927341236,-0.14638661494517113,177.57298489471683,172.8093246689658,7.190675331034214,76.53026326426244,0.2963176744667779,BODY,0.9454,0.0146,0.0334,0.9454,0.0,0.9358,0.6302,0.4491,0.4761,MUZHUMANDI,CORRECT,,,,trunk_inclination_deg,13.719353224361862,<= 8°,,True,3 parameter checks within range,1,0,0,0
DJI_20260917132840_0077_D.JPG,Cam 6,15,SWASTIKAPADAM,INCORRECT,OVERCROSSING_SHINS,RIGHT,rtmw_l_wholebody,coco_wholebody_133,1,1,OK,558.98,406.92,152.06,67,1,1,67.0,1.0,1.0,1.0,1.0,1.0,14.489770631575624,78.09984492593786,46.29480777875674,165.51022936842438,101.90015507406214,,,,,,,,,,,,,,,,,4.262589881660471,,,,,,,,-0.11111058788072858,1.6666635272843715,0.7777764697018215,10.72222823937162,4.555557648477086,1.1954421735275016,0.50790802204043,8.969257130800859,3.3351830848163533,2.0030837516952555,,,,,,,,,,9.039493813234074,13.706892831988506,51.8447265625,51.8447265625,SAGITTAL,,1.0,0.11149195361630922,465.0086834151238,left,32.695279248082834,162.74721832464283,157.50028779411667,17.25278167535717,4.977666740679866,9.69196043381618,0.3712621235762659,0.4597079823414579,0.907310062455452,1.6246555031529333,0.7885086645740378,0.4845677930016801,0.7432937667006555,0.29278753501600085,-0.1852546746276582,166.28344997813832,103.05449605107782,76.94550394892218,48.01288290664936,0.3729811061832724,0.0,,,,,,,,,,,,,,,,,,,0.4351877633358745,BODY,0.8574,0.2126,0.8574,0.29,0.4373,0.8012,0.4502,0.4445,0.4833,ARAMANDI,CORRECT,,,,mean_knee_flexion_deg,46.29480777875674,30-45°,,True,2 parameter checks within range,0,0,0,0
DJI_20260917132841_0078_D.JPG,Cam 6,15,SWASTIKAPADAM,INCORRECT,OVERCROSSING_SHINS,RIGHT,rtmw_l_wholebody,coco_wholebody_133,1,1,OK,630.38,471.49,158.89,67,1,1,60.0,1.0,1.0,1.0,1.0,0.0,13.73116185223381,77.75767015163831,45.74441600193606,166.2688381477662,102.24232984836169,,,,,,,,,,,,,,,,,2.7927078058374595,,,,,,,,0.0999991467285573,1.7000110925287553,0.9000051196286563,9.550055036008056,4.100022611693232,1.1632512528715522,0.4994061732493897,8.209795615893986,2.901743636272191,2.0248591579550297,,,,,,,,,,8.13010235415598,15.52415302130817,57.224609375,57.224609375,SAGITTAL,,1.0,0.12180571195512124,469.8023471681209,left,44.13211396796142,166.5030847090439,150.94313693968326,13.49691529095611,5.450504709381929,14.89766241737415,0.26332380154704277,0.4018973714394062,0.6153264535788638,1.583851796167124,0.9132992218512325,0.6643270322105064,0.6538749715624197,0.2985094111549698,-0.022242724436693173,171.171623420163,110.82340740502748,69.17659259497252,69.59008262384384,0.40687874175779754,99.11681822063576,71.14010661017198,8.098423828154461,108.85989338982802,16.602917247283184,27.873324974272585,0.2877964861796727,0.46152237054685974,0.8633894585390182,0.8775085119633241,0.979272936519276,0.05023369389407407,0.4112886766527857,0.19395801048881037,-0.07429680819274309,71.14010661017198,56.01718939234187,123.98281060765814,10.674953479679694,0.39778327572869027,BODY,0.8449,0.2009,0.8449,0.3077,0.4515,0.8743,0.4365,0.432,0.4563,ARAMANDI,CORRECT,,,,mean_knee_flexion_deg,45.74441600193606,30-45°,,True,2 parameter checks within range,0,0,0,7
DJI_20260917132856_0079_D.JPG,Cam 6,16,SWASTIKAPADAM,INCORRECT,OVERCROSSING_SHINS,LEFT,rtmw_l_wholebody,coco_wholebody_133,1,1,OK,594.72,387.44,207.28,67,1,1,65.0,1.0,1.0,1.0,1.0,1.0,37.7304136451971,55.89093744701955,46.81067554610833,142.2695863548029,124.10906255298045,,,,,,,,,,,,,,,,,0.3274066053895252,,,,,,,,3.2880053244503573,4.110008265086398,3.6990067947683776,16.11122673361613,6.6582122305830795,1.1199815708798573,0.46284960894384924,14.38526057259956,4.423559180678968,6.294621067596714,,,,,,,,,,3.179885350993667,7.1250681280684836,37.92125937485157,37.92125937485157,SAGITTAL,,1.0,0.06951559861937837,545.5071973483738,right,49.650694058097585,160.72538524033712,143.65979014723104,19.27461475966288,7.486446243878073,13.239147692483787,0.4150726872286863,0.709100532485788,1.2089750359005453,1.2809828898022664,1.2472246099186104,,,,0.36049930293978405,172.04818063502898,94.77308154878456,85.22691845121544,68.87531967662517,0.3603159272619099,54.05098029111933,161.83415914870875,143.93759092205988,18.16584085129125,7.533049958461205,13.216282502501388,0.3889996263053697,0.6724696981270377,1.1257326320076197,1.2124953163705605,1.232613629716263,,,,0.3501644192691291,173.26463031370366,61.83987733623859,118.16012266376141,70.14488029107842,0.36097225632283314,BODY,0.815,0.1789,0.815,0.3364,0.4242,0.8583,0.6491,0.2595,0.7005,ARAMANDI,CORRECT,,,,mean_knee_flexion_deg,46.81067554610833,30-45°,,True,2 parameter checks within range,0,0,0,2
DJI_20260917132858_0080_D.JPG,Cam 6,16,SWASTIKAPADAM,INCORRECT,OVERCROSSING_SHINS,LEFT,rtmw_l_wholebody,coco_wholebody_133,1,1,OK,492.9,339.75,153.15,67,1,1,66.0,1.0,1.0,1.0,1.0,1.0,33.789373161627964,54.7511825286406,44.27027784513428,146.21062683837204,125.2488174713594,,,,,,,,,,,,,,,,,0.3390306786748622,,,,,,,,1.5833349627515008,1.7500016294181673,1.666668296084834,8.45833903629692,3.5000016294181675,1.2011622403980553,0.4970325474715568,7.041795647433851,1.5833349627515008,2.4748760384981874,,,,,,,,,,2.792701035974558,0.0,74.91650390625,74.91650390625,SAGITTAL,,1.0,0.14200923316546638,527.5467111279924,right,55.49918306990964,160.40452525834013,143.4639182543994,19.59547474165987,7.46244437790645,14.618042096969708,0.38678792083428987,0.6644173890824223,1.1125886651419565,1.2150555472222997,1.2173103488618364,0.523704252760047,1.077496861369286,0.4211658546667002,0.322688279082989,170.96960192868232,118.99350630058093,61.00649369941907,75.2219279749418,0.3649690234939201,66.5114429533354,161.9086920033639,144.4720850112745,18.09130799663609,6.740873316800177,10.226104697175929,0.3156705872087791,0.5331859484026892,0.9004463448332639,1.0690301036808298,1.2046412955490664,,,,0.27243390460021977,171.635754550197,62.46892394485756,117.53107605514245,74.84596366839767,0.36224067541719723,BODY,0.8725,0.2239,0.8725,0.2815,0.4902,0.8821,0.6095,0.3418,0.6826,ARAMANDI,CORRECT,,,,mean_knee_flexion_deg,44.27027784513428,30-45°,,False,2 parameter checks within range,0,0,0,1
DJI_20260917132930_0081_D.JPG,Cam 6,17,SWASTIKAPADAM,INCORRECT,INSUFFICIENT_ARAMANDI,RIGHT,rtmw_l_wholebody,coco_wholebody_133,1,1,OK,580.66,416.64,164.02,67,1,1,67.0,1.0,1.0,1.0,1.0,1.0,15.215476865858392,64.334765692403,39.775121279130694,164.7845231341416,115.665234307597,,,,,,,,,,,,,,,,,1.161261588723769,,,,,,,,0.0894381927595138,1.0733066561475677,0.5813724244535408,9.078430452459816,3.935476539276294,1.3713402136443744,0.5944724990101438,6.620115389407006,2.5059930421736545,1.7888472916862532,,,,,,,,,,0.0,1.3639691210819023,68.17731957527032,68.17731957527032,SAGITTAL,,1.0,0.15105476886401742,451.3417225287666,left,28.85639932179458,156.24079260913925,144.82677005303515,23.75920739086075,3.2076514716796622,5.972335433596348,0.29331664438661503,0.4030575389825481,0.2124254629552195,2.485005063590716,0.9126192104638267,0.8539548448439426,1.1903689149955534,0.4553694693248762,-0.09526124698904948,162.01261186531462,137.88700430913056,42.11299569086944,77.73487615399048,0.3408200178867981,0.0,,,,,,,,,,,,,,,,,,,0.419141182562078,BODY,0.9574,0.3316,0.9574,0.1787,0.6127,0.6232,0.3536,0.4213,0.2819,ARAMANDI,CORRECT,,,,mean_knee_flexion_deg,39.775121279130694,30-45°,,False,2 parameter checks within range,0,0,0,0
DJI_20260917132932_0082_D.JPG,Cam 6,17,SWASTIKAPADAM,INCORRECT,INSUFFICIENT_ARAMANDI,RIGHT,rtmw_l_wholebody,coco_wholebody_133,1,1,OK,519.67,350.04,169.63,67,1,1,67.0,1.0,1.0,1.0,1.0,1.0,13.98954114116168,63.928597507025856,38.95906932409377,166.01045885883832,116.07140249297414,,,,,,,,,,,,,,,,,1.527520547456698,,,,,,,,-0.3,1.0000080147471346,0.3500040073735673,10.200040073735673,4.600016029494269,1.3595176880749409,0.6131155478132665,7.502690228458002,2.4186852773460386,2.6000141799387184,,,,,,,,,,7.765138074639798,6.483050275786932,60.9228515625,60.9228515625,SAGITTAL,,1.0,0.13328552419863482,457.0852831077661,left,0.0,,,,,,,,,,,,,,,,,,,-0.560068934701992,0.0,,,,,,,,,,,,,,,,,,,-0.8779047555888857,BODY,0.9525,0.3329,0.9525,0.183,0.6352,,,,,ARAMANDI,CORRECT,,,,mean_knee_flexion_deg,38.95906932409377,30-45°,,False,2 parameter checks within range,0,0,0,0
DJI_20260917132940_0083_D.JPG,Cam 6,18,SWASTIKAPADAM,INCORRECT,INSUFFICIENT_ARAMANDI,LEFT,rtmw_l_wholebody,coco_wholebody_133,1,1,OK,558.95,394.55,164.4,67,1,1,63.0,1.0,1.0,1.0,1.0,1.0,33.65040895402467,38.39047884992726,36.020443901975966,146.34959104597533,141.60952115007274,,,,,,,,,,,,,,,,,0.7029771319004637,,,,,,,,2.7947953299013384,1.8084014060691946,2.3015983679852665,17.91957116340066,8.219990138826224,1.3373224745270007,0.6134509276368469,13.399588734002739,3.620529793214078,4.945681420261409,,,,,,,,,,5.572172038681575,7.4958278754597165,38.920175877455016,38.920175877455016,SAGITTAL,,1.0,0.07462915615181563,521.5143502129514,left,74.62901176688774,166.21606117890806,154.31997261811108,13.783938821091937,5.980700415368946,8.056827427295309,0.36913794513290393,0.6208890604456737,0.8130031544317783,1.1032488240221003,1.018049628039133,,,,0.1803671093736423,172.10162479892853,78.41882557129784,101.58117442870216,83.93333541165988,0.3450091948961324,50.64996470747148,163.6748217303674,152.35307700311512,16.3251782696326,9.441036513364137,21.041320933455125,0.5093080088369015,0.9526359364941945,1.323351676289283,1.7370462532981965,0.910430639700329,,,,-0.05669036687905926,170.72908259962776,62.3574137419585,117.64258625804149,77.30050658133706,0.3403128356320011,BODY,0.9355,0.3522,0.9355,0.189,0.715,0.9508,0.6273,0.3617,0.5411,ARAMANDI,CORRECT,,,,mean_knee_flexion_deg,36.020443901975966,30-45°,,False,2 parameter checks within range,0,0,0,4
DJI_20260917132942_0084_D.JPG,Cam 6,18,SWASTIKAPADAM,INCORRECT,INSUFFICIENT_ARAMANDI,LEFT,rtmw_l_wholebody,coco_wholebody_133,1,1,OK,523.52,367.43,156.09,67,1,1,67.0,1.0,1.0,1.0,1.0,1.0,37.24777594160119,39.332745007287485,38.29026047444434,142.7522240583988,140.66725499271251,,,,,,,,,,,,,,,,,5.22591646603421,,,,,,,,2.3190091449118344,1.3703232179495013,1.844666181430668,11.278819778559999,5.2177705760516275,1.2994538903311565,0.6011490924603977,8.679661404288591,2.403706289415257,3.2540693999688797,,,,,,,,,,21.801376320934192,12.380765662503194,60.36387364281913,60.36387364281913,SAGITTAL,,1.0,0.11521186753966041,523.9379842709305,right,72.6053549534298,155.4112818220802,110.40189220028398,24.588718177919787,12.144541712828442,29.38907125074911,0.6416167362414268,1.4171426722903353,1.6805846469312418,1.4668288298422125,0.9407893909975679,0.7602368401119227,1.6649394461498181,0.7458319243620353,0.026290125811584186,173.64478000675945,56.64375806008547,123.35624193991453,138.30177413205885,0.4801570363631735,450.09228515625,120.41314848122036,55.518786210770585,59.58685151877964,112.5344272273973,167.4103117220145,0.020088369829705962,0.04146712445217972,0.037642930516785564,0.17201720799363815,0.8314593615317766,0.3694694878335602,0.3811028855333588,0.1667951773723661,-0.014372049392899489,149.98780730852673,49.48910446582307,130.51089553417694,90.0,0.3074788588573101,BODY,0.9274,0.3107,0.9274,0.2129,0.6536,0.2046,0.0854,0.8014,0.5237,ARAMANDI,CORRECT,,,,mean_knee_flexion_deg,38.29026047444434,30-45°,,True,2 parameter checks within range,0,0,0,0
DJI_20260917133337_0085_D.JPG,Cam 6,19,PATAKA,INCORRECT,ELBOWS_NOT_ALIGNED,,rtmw_l_wholebody,coco_wholebody_133,1,1,OK,560.5,417.19,143.31,67,1,1,67.0,1.0,1.0,1.0,1.0,1.0,10.20818657592207,2.740191964832519,6.474189270377295,169.79181342407793,177.25980803516748,,,,,,,,,,,,,,,,,1.1087946814015381,,,,,,,,0.1982450162493598,0.1982475482112006,0.1982462822302802,7.500292569090679,3.568419154354919,1.464242008912137,0.69664338865206,5.122303911129448,2.2555110416298794,2.1896955682569446,,,,,,,,,,1.3971758065674704,7.495835223274663,96.423500964992,96.423500964992,SAGITTAL,,1.0,0.1952246522950849,493.91047611777265,right,88.8639728352886,171.36114037069382,168.26760030773275,8.638859629306182,1.845199794658308,3.9613947474801274,0.20092284701579902,0.28522625321638895,0.37685001730313905,1.1305168808486867,0.7308541739236495,0.9437407512527147,1.0580841373853969,0.4454252212736543,-0.22637597030587542,172.5924174688081,163.90898030200515,16.091019697994852,9.334987824299171,0.9200928172597633,93.19985694535642,171.32363391968335,168.90654670792736,8.676366080316654,1.7610685384080293,3.5403969081099724,0.2079420906865903,0.31215759989909647,0.351294955230216,1.0747574738260817,0.7078344907046538,1.105653971717776,1.2429393227974501,0.5222206208696665,-0.213461979116516,170.11283886022505,149.28247637999664,30.717523620003362,9.462359219623556,0.912798659093429,MUDRA,0.9473,0.8843,0.592,0.1083,0.8718,0.9473,0.4879,0.2935,0.2896,PATAKA,CORRECT,,,,mean_interfinger_spread_deg,1.7610685384080293,<= 10°,,False,3 parameter checks within range,1,0,0,0
DJI_20260917133339_0086_D.JPG,Cam 6,19,PATAKA,INCORRECT,ELBOWS_NOT_ALIGNED,,rtmw_l_wholebody,coco_wholebody_133,1,1,OK,545.65,377.63,168.02,67,1,1,67.0,1.0,1.0,1.0,1.0,1.0,10.880510349979346,3.4288335319372436,7.154671940958295,169.11948965002065,176.57116646806276,,,,,,,,,,,,,,,,,0.0,,,,,,,,0.11684441883101457,0.11684441883101457,0.11684441883101457,6.8936453729262075,3.3007699549323557,1.5733342203421714,0.7533335474389149,4.381551792235833,1.8731094868799032,1.9897374686807299,,,,,,,,,,0.0,6.170099175405531,109.30333260907113,109.30333260907113,SAGITTAL,,1.0,0.22822964269691232,478.918212890625,right,90.80449323314217,171.36877060507982,169.35791613810903,8.631229394920183,2.4466819706160674,4.226674246159782,0.21649496319461892,0.30108640071588055,0.3283860332841688,1.0951634251253601,0.7358791302699705,1.4085018599448338,1.5792791952727634,0.6640527844323565,-0.19279096936835471,171.8782915169135,165.81382862469079,14.186171375309215,10.30472246272336,0.8968726056496346,93.0524847499975,171.78210549772632,170.26283945781282,8.21789450227368,1.5694081303185705,2.7652370916160707,0.21915939186594935,0.3089416268153734,0.3123088382672864,1.0592786691308496,0.7354677568446548,1.3649479846547998,1.5522724550045675,0.648373337604558,-0.1676866517949629,171.03669946286846,147.99288651755813,32.007113482441866,10.416108754807038,0.8960351724493015,MUDRA,0.9566,0.9292,0.6154,0.071,0.8856,0.9566,0.4844,0.3024,0.2187,PATAKA,CORRECT,,,,mean_interfinger_spread_deg,1.5694081303185705,<= 10°,,False,3 parameter checks within range,1,0,0,0
DJI_20260917133408_0087_D.JPG,Cam 6,20,ALAPADMA,INCORRECT,ELBOWS_NOT_ALIGNED,,rtmw_l_wholebody,coco_wholebody_133,1,1,OK,555.87,411.01,144.86,67,1,1,67.0,1.0,1.0,1.0,1.0,1.0,5.698229277309508,0.10198907628100073,2.9001091767952545,174.3017707226905,179.898010923719,,,,,,,,,,,,,,,,,2.2906175722536206,,,,,,,,0.17616790338100558,0.17616790338100558,0.17616790338100558,6.72367661469391,3.2884348284686373,1.525446708026749,0.7460698024478613,4.407677160607835,1.9458181081818298,2.0043058868681554,,,,,,,,,,11.309904583239641,6.709814533228018,109.49803393402848,109.49803393402848,SAGITTAL,,1.0,0.2268768704153678,482.631983302479,right,88.49379245625832,157.808662074848,138.99317740524185,22.191337925152,72.00756879639164,104.22525772983784,1.2328682391615267,1.7118181062070046,1.815819157170551,1.244538217209947,0.8738347849257535,1.5929377505628626,1.236683817653374,0.7545945000924753,-0.06674427557876883,150.298892294617,147.78286295682489,32.217137043175114,57.475125164743204,0.9046194237150962,106.22852901483975,158.82571389521294,119.67382201041224,21.174286104787058,38.10313894856913,59.237756198646935,0.6299659465321362,0.8855989706661442,1.4753512671586337,1.0386383843885623,0.8438837370411957,1.2635986835424526,1.325974067070615,0.5788893256339473,-0.031587651369345826,147.93168482233978,165.21178031474165,14.788219685258355,60.395541447825494,0.8914290652485342,MUDRA,0.9478,0.9007,0.5617,0.085,0.7901,0.6892,0.9478,0.4069,0.296,ALAPADMA,INCORRECT,PALM_NOT_OPEN,Palm not fully opened,SECONDARY,palm_opening_norm,1.0386383843885623,>= 1.3,,False,1 of 2 parameter checks out of range,1,1,0,0
DJI_20260917133411_0088_D.JPG,Cam 6,20,ALAPADMA,INCORRECT,ELBOWS_NOT_ALIGNED,,rtmw_l_wholebody,coco_wholebody_133,1,1,OK,541.49,386.93,154.56,67,1,1,67.0,1.0,1.0,1.0,1.0,1.0,5.640569997535209,0.0704727851345126,2.855521391334861,174.3594300024648,179.9295272148655,,,,,,,,,,,,,,,,,0.0,,,,,,,,0.11744430371146378,0.11744430371146378,0.11744430371146378,6.635588755607471,3.229712812030549,1.4966892332791597,0.7284773921929634,4.433511385038348,1.9413822435502965,1.9413800315950744,,,,,,,,,,10.304881063864585,11.976159044095237,110.17107203035019,110.17107203035019,SAGITTAL,,1.0,0.2255548510317743,488.4447021484375,right,95.22030128370896,143.33790905629257,73.87833827475852,36.662090943707426,36.94326139390887,62.01165222401992,0.7096110001145471,1.114079391034506,1.6847112929189132,1.17765399367545,0.8570058713179911,1.494082506609587,1.496869019803885,0.6703760293866214,0.011185166336671326,121.00731808512188,141.80696510789073,38.19303489210927,59.60127397527682,0.906988510596078,103.71284180130313,146.90028100793765,111.91346175377481,33.09971899206235,46.23063628577836,116.64088764506592,0.5940006122395669,1.195054978504162,1.4663446943870524,0.9580529372526885,0.9460649471024022,1.2768684400281696,1.3554706069324776,0.5914820367018863,-0.22011904902230728,125.00132992629345,165.63284511818216,14.36715488181784,58.713301065517975,0.9094451882232423,MUDRA,0.9406,0.888,0.5569,0.0951,0.789,0.4676,0.9406,0.4617,0.2671,ALAPADMA,INCORRECT,PALM_NOT_OPEN,Palm not fully opened,SECONDARY,palm_opening_norm,0.9580529372526885,>= 1.3,,False,1 of 2 parameter checks out of range,1,1,0,0
DJI_20260917133439_0089_D.JPG,Cam 6,21,ALAPADMA,CORRECT,,,rtmw_l_wholebody,coco_wholebody_133,1,1,OK,574.57,380.86,193.71,67,1,1,67.0,1.0,1.0,1.0,1.0,1.0,4.349449832266117,0.7907832883305161,2.5701165602983167,175.65055016773388,179.20921671166948,,,,,,,,,,,,,,,,,1.1381645873940882,,,,,,,,0.220861090588821,0.22086955626748206,0.22086532342815152,12.97572875579114,6.239393534563481,1.5559841054034507,0.7481966793429556,8.339242483731327,3.6509326462947485,3.8714170017167895,,,,,,,,,,28.17857269753112,49.398602007101715,57.67774440164238,57.67774440164238,SAGITTAL,,1.0,0.11991496852991831,480.9886964799729,right,69.07230384466408,160.96460700851208,146.30382137004904,19.035392991487925,96.79544290061774,136.63657107154208,1.2608336723918072,1.4797534778679686,0.7028489596076732,0.9851220234393123,0.7086116443790557,1.5857860491780633,0.5065992494919229,0.6080041901665794,-0.45160188499047105,157.7300381665729,166.70063128716643,13.29936871283357,84.92032938253728,0.715438176197511,73.77964268684764,156.52960450931533,121.19470547401556,23.470395490684666,106.16251494724936,169.67758028004334,1.1815320945710253,1.7367957653342865,0.6347617412656068,0.8661008278788528,0.819611277015331,1.4753654240612042,1.2506781623829664,0.8584647282207815,-0.13623203123668415,166.6103261214143,166.713477749936,13.286522250063996,104.53448057040927,0.7612116854056645,MUDRA,0.5384,0.9109,0.5613,0.0751,0.782,0.5384,0.48,0.4801,0.2105,PATAKA,INCORRECT,FINGERS_TOO_FAR_APART,Fingers too far apart,CANONICAL,mean_interfinger_spread_deg,106.16251494724936,<= 10°,,True,2 of 3 parameter checks out of range,0,0,0,0
DJI_20260917133441_0090_D.JPG,Cam 6,21,ALAPADMA,CORRECT,,,rtmw_l_wholebody,coco_wholebody_133,1,1,OK,568.77,387.2,181.57,67,1,1,67.0,1.0,1.0,1.0,1.0,1.0,7.469830662221625,1.8026510209249693,4.636240841573297,172.53016933777837,178.19734897907503,,,,,,,,,,,,,,,,,1.1534487631717876,,,,,,,,0.33129877675329245,0.2208573504433144,0.27607806359830345,12.810068479915511,6.184169451379588,1.556730830246793,0.7515250413787401,8.228826866546155,3.5493133049193353,3.8714169077057727,,,,,,,,,,24.775119054324513,49.89908887965941,57.43994995315322,57.43994995315322,SAGITTAL,,1.0,0.12152400533123929,472.66340338757374,left,92.75151391927362,136.6053589703556,81.4637856859284,43.39464102964439,95.28178798703532,129.28432387304676,1.0781855622739525,1.390578366267595,0.4860028778708401,0.7642504588888661,0.7516184895823286,1.1494850275000552,0.2414142292113344,0.564484625407062,-0.8054868803494248,124.2297454616051,166.88010209550743,13.119897904492575,84.21444910127036,0.7364095676636286,66.67532872790606,137.90013836509746,123.87662841628347,42.09986163490254,91.24927487440038,155.94634644355185,1.3096180357150267,2.038594446716661,1.7763405087480235,1.0361344882776593,0.5550382018922951,1.6315500773670015,1.2627709128309392,0.9478286516819477,-0.25128272712159994,129.18046483533593,169.94810721229388,10.051892787706123,102.45001646196538,0.7770967101509818,MUDRA,0.5242,0.9221,0.584,0.0753,0.8315,0.1776,0.5242,0.4654,0.2927,ALAPADMA,INCORRECT,PALM_NOT_OPEN,Palm not fully opened,SECONDARY,palm_opening_norm,0.7642504588888661,>= 1.3,,False,1 of 2 parameter checks out of range,1,0,0,0
DJI_20260917133507_0091_D.JPG,Cam 6,22,MUSHTI,CORRECT,,,rtmw_l_wholebody,coco_wholebody_133,1,1,OK,734.61,404.98,329.63,67,1,1,67.0,1.0,1.0,1.0,1.0,1.0,8.339008185666216,3.644213914765544,5.99161105021588,171.66099181433378,176.35578608523446,,,,,,,,,,,,,,,,,0.3845274178351029,,,,,,,,0.331297223137715,0.22086203487303052,0.27607962900537275,12.53399138312336,5.852877290760663,1.5234553594737097,0.7113932828258703,8.227344047319725,3.3294709853828466,3.8714116314002145,,,,,,,,,,53.746193533802405,68.96245551112456,58.53528726058417,58.53528726058417,SAGITTAL,,1.0,0.12154590767670356,481.58994720151736,left,121.32637484240621,118.27650768547737,90.0,61.72349231452263,60.0,94.24704884788589,0.14840356867954138,0.30769727293547483,0.3739723030504549,0.1520076607681206,1.3200139864281797,0.4154740389288902,0.5495669672883312,0.2438446926910324,-0.004895341262772884,130.46208297022508,33.26374490412824,146.73625509587177,43.30659504595625,0.6802276962301754,54.88173453701185,165.7988437624752,159.3462398301471,14.201156237524799,6.064919135067638,7.790424979959424,0.38415592196012494,0.4840085683079118,1.1065656672890907,0.587454177030801,1.1921633366078925,0.110347889863858,0.5671072953521478,0.23563531521012054,-0.040051076302999644,164.38250785909514,150.15000733178792,29.84999266821208,104.84545950291836,0.8257526899113905,MUDRA,0.7812,0.9105,0.5966,0.0864,0.8616,0.2072,0.4278,0.7812,0.5538,MUSHTI,CORRECT,,,,pinky_relative_extension,1.3200139864281797,<= 1.25,,True,3 parameter checks within range,1,1,0,0
DJI_20260917133509_0092_D.JPG,Cam 6,22,MUSHTI,CORRECT,,,rtmw_l_wholebody,coco_wholebody_133,1,1,OK,561.41,393.61,167.8,67,1,1,67.0,1.0,1.0,1.0,1.0,1.0,8.659143927630794,4.556652222533813,6.6078980750823035,171.3408560723692,175.4433477774662,,,,,,,,,,,,,,,,,0.3845283908283792,,,,,,,,0.3638089678936334,0.24253319708157153,0.30317108248760244,13.581911777127843,6.366521647137262,1.503322725489284,0.7046825830939739,9.034594865654919,3.7768413258965063,4.130205254330573,,,,,,,,,,59.5344160885295,72.71852601853233,53.23449724763897,53.23449724763897,SAGITTAL,,1.0,0.11068564942535582,480.95211550923995,right,24.12823486328125,149.34687691000727,134.71969821613965,30.653123089992732,44.932855479692925,84.63376161259374,2.389296897583775,6.30980576680272,5.899501287092093,3.415524909354892,0.12056859009710745,0.4938214142068264,0.481476890697845,0.216732956645482,-5.841463181782497,163.5256128198921,17.36046856029838,162.6395314397016,0.0,0.6835397274042588,46.28172244372376,158.14662294196694,150.72331022234542,21.85337705803306,2.6817731870220185,4.407832427123998,0.47391840907308275,0.602673532744527,1.3689330049078314,0.7959197830759246,1.2642724921342259,0.3896173766666317,0.9513073453689678,0.3578720662321339,-0.09435568460837507,154.92785860964392,95.49080392534464,84.50919607465536,97.20992752531997,0.8125803863978779,MUDRA,0.8,0.9014,0.6012,0.0935,0.8745,0.8,0.579,0.6967,0.671,PATAKA,INCORRECT,FINGERS_TOO_FAR_APART,Fingertips too far apart,CANONICAL,mean_adjacent_fingertip_gap_norm,0.47391840907308275,<= 0.3,,True,1 of 3 parameter checks out of range,0,0,0,0
DJI_20260917133523_0093_D.JPG,Cam 6,23,KATAKAMUKHA,CORRECT,,,rtmw_l_wholebody,coco_wholebody_133,1,1,OK,577.25,396.37,180.88,67,1,1,67.0,1.0,1.0,1.0,1.0,1.0,4.40870145524886,5.193003439840766,4.800852447544813,175.59129854475114,174.80699656015923,,,,,,,,,,,,,,,,,1.1612377620957528,,,,,,,,0.2499992134234016,0.3333354308709291,0.29166732214716534,9.541672828183355,4.458336610735826,1.54697985897124,0.7228247148603545,6.167936041862032,2.4295650341840096,2.8528745606429236,,,,,,,,,,40.60135190724104,61.50436956550748,77.595947265625,77.595947265625,SAGITTAL,,1.0,0.16212878882221857,478.606839842074,left,75.0739293338249,124.60445394005134,93.76981855881192,55.39554605994866,2.544264089948695,4.126904942558264,0.40318525623063706,0.836648612810083,0.9371988428111758,1.1583331639023722,0.46899341086507496,1.2646989413630658,1.2765942461662003,0.5699667067847585,-0.3279990996027229,120.34223941728109,90.37732745556936,89.62267254443064,6.750547769841407,0.5938278757186031,40.574342411494044,172.8866492283127,168.89811913757083,7.113350771687294,2.213046809987762,5.319463389941285,0.24269446640618542,0.5780537946137153,0.6895381465926086,1.4498570719548416,0.6053221145046668,1.788486970143155,1.8092430032878313,0.7994958866857896,-0.39249550496769947,172.02798233804594,173.71559773316514,6.28440226683486,26.4169232077205,0.8362859949884884,MUDRA,0.6139,0.9186,0.5851,0.0784,0.8353,0.6139,0.5316,0.4369,0.2155,PATAKA,INCORRECT,FINGERS_BENT,Fingers not held straight,SECONDARY,mean_finger_straightness_deg,124.60445394005134,>= 160°,,True,1 of 3 parameter checks out of range,0,0,0,0
DJI_20260917133525_0094_D.JPG,Cam 6,23,KATAKAMUKHA,CORRECT,,,rtmw_l_wholebody,coco_wholebody_133,1,1,OK,510.45,346.85,163.6,67,1,1,66.0,1.0,1.0,1.0,1.0,1.0,1.5491527875236102,5.0027157071223485,3.2759342473229793,178.4508472124764,174.99728429287765,,,,,,,,,,,,,,,,,1.9349349840740804,,,,,,,,0.10511850292436567,0.10511850292436567,0.10511850292436567,6.044260117499341,2.8118950455176686,1.553168055198121,0.722560822063824,3.8915686536756255,1.6327082857080495,1.7900876870813027,,,,,,,,,,33.23174178969807,53.74612145518061,122.52262135541368,122.52262135541368,SAGITTAL,,1.0,0.2569657865486942,476.8051926328956,left,64.99343259535624,128.5561050983146,96.8734115474356,51.44389490168541,64.24239643566342,158.1885497727678,0.5715953499104901,1.0058294857647807,1.6364857830512411,0.668161253490982,2.661860566460279,0.40810712863011794,0.5491085933957072,0.2130799545208704,0.6125086038341854,159.62710209491044,99.39264397890712,80.60735602109288,8.711406669998444,0.7504873021617624,46.640558816592865,165.1031608263613,148.9411873041013,14.89683917363871,5.02329633721045,5.412963868935643,0.16849617090966618,0.49741689323510707,0.49695825618142897,1.3597326064228252,0.6854051385646102,1.5986163384610874,1.5986163384610874,0.7104961504271499,-0.2334424492878484,174.79727064951783,164.56076182791895,15.439238172081048,16.167713721130067,0.8161261343698095,MUDRA,0.9639,0.9145,0.5686,0.0761,0.7993,0.16,0.7437,0.7294,0.9639,KATAKAMUKHA,CORRECT,,,,ring_pinky_straightness_deg,159.62710209491044,>= 160°,,True,3 parameter checks within range,1,1,0,1
DJI_20260917133603_0095_D.JPG,Cam 6,24,PATAKA,INCORRECT,FINGERS_TOO_FAR_APART,,rtmw_l_wholebody,coco_wholebody_133,1,1,OK,556.71,389.87,166.84,67,1,1,67.0,1.0,1.0,1.0,1.0,1.0,1.6818385874336172,2.0021621206334146,1.842000354033516,178.31816141256638,177.99783787936659,,,,,,,,,,,,,,,,,0.0,,,,,,,,0.33333973288280505,0.33333973288280505,0.33333973288280505,20.333291736261767,9.833317334459654,1.7428574014517502,0.8428576208653563,11.66664106846878,5.177395828480849,5.842836967829838,,,,,,,,,,45.97102382654788,56.76833377409536,38.149658203125,38.149658203125,SAGITTAL,,1.0,0.085714473783091,445.078369140625,left,58.692446710564425,171.32024237324936,168.5481501382332,8.679757626750643,11.382285748882046,18.41217082204235,0.7144495844561822,0.8877530413833198,1.7023447589887677,1.654483441996199,1.0397767806059375,0.9795301036772687,1.525020488434809,0.5931283868525671,0.26571365672905545,171.49815507215249,142.04898023100588,37.951019768994115,19.133654693903154,0.7536260841089147,54.292599282866014,171.96803878070102,169.74652440019526,8.031961219298978,11.637253815237296,18.103712106456996,0.7700055287097429,0.9234981205249687,1.839188359379697,1.7894561384277656,1.0377447219141576,0.9669425662311183,1.571013252324318,0.6094906091938116,0.2786513091102545,172.04077011406883,119.07257976096699,60.92742023903301,20.162593598526005,0.7580287552501562,MUDRA,0.8202,0.9639,0.5384,0.0325,0.7636,0.8202,0.5924,0.2487,0.3639,PATAKA,INCORRECT,FINGERS_TOO_FAR_APART,Fingertips too far apart,CANONICAL,mean_adjacent_fingertip_gap_norm,0.7144495844561822,<= 0.3,,True,1 of 3 parameter checks out of range,1,1,1,0
DJI_20260917133605_0096_D.JPG,Cam 6,24,PATAKA,INCORRECT,FINGERS_TOO_FAR_APART,,rtmw_l_wholebody,coco_wholebody_133,1,1,OK,555.59,382.64,172.95,67,1,1,67.0,1.0,1.0,1.0,1.0,1.0,3.6279995164726415,0.6592590916095276,2.1436293040410845,176.37200048352736,179.34074090839047,,,,,,,,,,,,,,,,,0.0,,,,,,,,0.5999938531517964,0.8000122936964071,0.7000030734241018,23.700053016565757,11.400021513968712,1.6344829504808838,0.7862067138277297,14.500030734241017,6.228986187586484,7.045582645174823,,,,,,,,,,42.954586604044856,58.736259074250015,31.7744140625,31.7744140625,SAGITTAL,,1.0,0.06896537106218371,460.72998046875,left,63.953424912627185,170.48540331357322,167.92798913215617,9.514596686426785,10.955503864764834,17.545703806326063,0.6581484111293289,0.7906612087110958,1.5517234252602723,1.5277702040626469,1.0732390162804435,0.9191347615224118,1.4673845847246139,0.5580148036985694,0.29193241991676744,169.93959116330086,140.45605427010983,39.54394572989017,20.013435455037108,0.7566554063005061,63.1877120120098,171.09599470720582,168.5008407930407,8.904005292794182,11.091762650487501,16.92145055995272,0.658711957996727,0.7815489558140757,1.5548774526963525,1.5430370770859267,1.0616749056324193,1.0169283691603341,1.2269019085604151,0.5559100639861669,0.27360768167363636,169.48521147008586,106.47183951196928,73.52816048803072,18.555147771303048,0.7586879686299446,MUDRA,0.8553,0.9365,0.5576,0.0537,0.7713,0.8553,0.602,0.2495,0.4309,PATAKA,INCORRECT,FINGERS_TOO_FAR_APART,Fingertips too far apart,CANONICAL,mean_adjacent_fingertip_gap_norm,0.6581484111293289,<= 0.3,,True,1 of 3 parameter checks out of range,1,1,1,0
DJI_20260917133648_0099_D.JPG,Cam 6,25,KATAKAMUKHA,INCORRECT,FINGERS_BENT,,rtmw_l_wholebody,coco_wholebody_133,1,1,OK,606.45,426.21,180.24,67,1,1,67.0,1.0,1.0,1.0,1.0,1.0,2.5048521089343296,2.669152831945752,2.5870024704400407,177.49514789106567,177.33084716805425,,,,,,,,,,,,,,,,,0.0,,,,,,,,1.414267763414118,2.1213203435596424,1.7677940534868801,82.02469827362539,39.2445754087162,1.5364242192580229,0.7350995176027042,53.386751683227914,19.849491166306876,24.135117759207695,,,,,,,,,,42.79736778061521,65.77229120438903,9.008706120468457,9.008706120468457,SAGITTAL,,1.0,0.018731238902369142,480.945556640625,left,71.34774177780058,113.21498182497567,84.18328212745855,66.78501817502433,61.167022542710264,171.87640202325252,0.4947074644005733,0.982962495257496,1.3349245567064791,0.4234733247522735,5.332352569594693,0.21417773773832302,0.4549422651049017,0.1588728886812366,0.3799156215920825,128.71887249712145,107.25996037360365,72.74003962639635,5.389317284229316,0.7386643234635547,26.924189562718496,169.1226819174447,163.74172630938872,10.877318082555291,2.303497683929757,5.783638693054235,0.11075888294251564,0.25116617328090535,0.24876446466107166,1.02480177889311,0.7592159938354779,0.8983574383361438,0.9396466276820273,0.40847642129653566,-0.1431963659456772,173.78036555758644,155.97470499404514,24.02529500595486,17.281531444316276,0.8892339055804884,MUDRA,0.785,0.903,0.5597,0.0813,0.7824,0.1546,0.6508,0.7671,0.785,KATAKAMUKHA,INCORRECT,FINGERS_BENT,Fingers bent,CANONICAL,ring_pinky_straightness_deg,128.71887249712145,>= 160°,,False,1 of 3 parameter checks out of range,1,1,1,0
DJI_20260917133651_0100_D.JPG,Cam 6,25,KATAKAMUKHA,INCORRECT,FINGERS_BENT,,rtmw_l_wholebody,coco_wholebody_133,1,1,OK,600.63,424.92,175.71,67,1,1,67.0,1.0,1.0,1.0,1.0,1.0,4.720672961065446,2.6691296547875822,3.6949013079265143,175.27932703893455,177.33087034521242,,,,,,,,,,,,,,,,,0.7638939556684462,,,,,,,,0.8944271909999159,0.8944615986625818,0.8944443948312488,51.87808456917642,25.044597889756965,1.5465293145450218,0.7466005179095304,33.54484398146607,13.446515200018553,15.678407084444219,,,,,,,,,,34.592283359422225,64.02561423542971,14.191061297633553,14.191061297633553,SAGITTAL,,1.0,0.029810840692909825,476.03693716053897,left,72.67193749229699,113.85046207430773,69.40671502814261,66.14953792569227,68.83431193226475,178.33305420942514,0.5822521077763918,1.1035166725202905,1.5542075574625724,0.4925702476966787,4.447398079409539,0.06362293144765795,0.40158783257448416,0.16937358898137883,0.3082029640636403,122.3272577452689,111.82352063275302,68.17647936724698,3.0286151831616257,0.7376490476850405,41.323050568542136,173.9418756688308,167.4189310967467,6.058124331169211,1.02953596493733,1.3164226346910497,0.1915617489757,0.2680959189145625,0.04533788395577791,1.08549863390076,0.8343029135703977,1.5296651759186939,1.7257356085719364,0.7275353714437953,-0.04445930784474328,176.84081304341964,160.41006411970602,19.58993588029398,32.238723781583914,0.8363924213493625,MUDRA,0.7949,0.9141,0.5726,0.0783,0.8094,0.1913,0.6199,0.7949,0.6925,MUSHTI,INCORRECT,PINKY_DROPPED,Pinky dropped / fingers loose,CANONICAL,pinky_relative_extension,4.447398079409539,<= 1.25,,False,1 of 3 parameter checks out of range,0,1,0,0
DJI_20260917133704_0101_D.JPG,Cam 6,26,MUSHTI,INCORRECT,PINKY_DROPPED,,rtmw_l_wholebody,coco_wholebody_133,1,1,OK,589.91,422.46,167.45,67,1,1,66.0,1.0,1.0,1.0,1.0,1.0,4.705047044677684,1.9035724009877697,3.304309722832727,175.29495295532232,178.09642759901223,,,,,,,,,,,,,,,,,2.6195486086339557,,,,,,,,0.24253344325362258,0.7276003297608677,0.48506688650724517,27.64911388956513,13.339492376418798,1.4886387327892332,0.7182033068617825,18.573420992317946,7.280118538860847,8.278267215684778,,,,,,,,,,28.73979879651396,49.969777716168004,26.329326388288184,26.329326388288184,SAGITTAL,,1.0,0.053840377624219296,489.0256634538226,right,60.28269497181239,103.95848206501512,87.97800772971452,76.04151793498488,8.260460774592724,15.318771026013284,0.4780036930131506,0.7919538795842964,1.2760187514238377,0.5623563214908793,0.6548330469473532,0.4181891414120088,0.6760679653384968,0.2488148164880552,-0.6680361696135915,100.11298305172389,106.96707049382493,73.03292950617507,129.21456595022218,0.7871644215906763,61.04307687696363,114.34164253940122,82.4412026628683,65.65835746059878,17.97459865210568,49.95478102054278,0.31464902928084565,0.5038937433018026,0.4968108448924654,0.497990409143783,1.1783532616305537,0.3338310587758692,0.10830119518621266,0.13962857356896108,0.028751001905860774,109.53566245021383,140.32149270023112,39.67850729976888,119.74485997970818,0.7733376263523888,MUDRA,0.9591,0.8874,0.5602,0.0982,0.8,0.4839,0.3794,0.9591,0.6103,MUSHTI,CORRECT,,,,pinky_relative_extension,1.1783532616305537,<= 1.25,,False,3 parameter checks within range,1,0,0,1
DJI_20260917133706_0102_D.JPG,Cam 6,26,MUSHTI,INCORRECT,PINKY_DROPPED,,rtmw_l_wholebody,coco_wholebody_133,1,1,OK,651.07,447.41,203.66,67,1,1,50.0,1.0,1.0,1.0,0.0,1.0,5.692197413386083,2.869105128567071,4.280651270976577,174.30780258661392,177.13089487143293,,,,,,,,,,,,,,,,,1.1381643938037314,,,,,,,,0.14141984982468472,0.4242595494740542,0.28283969964936945,16.122043111504933,7.84888505595981,1.509636011244768,0.7349539662341084,10.679424040906078,4.244994854344445,4.827014888893017,,,,,,,,,,33.690101059581124,55.40768672299013,45.37892294968223,45.37892294968223,SAGITTAL,,1.0,0.09363800858263857,484.6207606992609,right,,,,,,,,,,,,,,,,,,,,,53.656740194690926,148.30921613713465,78.38902702266827,31.690783862865345,10.822158054473938,15.984101900983175,0.5013618146393818,0.7249852338352595,1.2595444337659447,0.6335352793907375,1.1476382461125365,0.06373389878288231,0.3485352101912883,0.16376154524918846,0.11157891463604752,124.99815141769811,165.48354778068523,14.516452219314772,99.31480289415461,0.7598109360343698,MUDRA,0.8032,0.9013,0.5746,0.0907,0.8233,0.6374,0.5926,0.8032,0.5925,MUSHTI,INCORRECT,PINKY_DROPPED,Fist not fully closed / fingers loose,CANONICAL,mean_finger_flexion_deg,31.690783862865345,>= 55°,,False,1 of 3 parameter checks out of range,1,1,1,17
DJI_20260917131012_0064_D.JPG,Cam 7,1,ARAMANDI,CORRECT,,,rtmw_l_wholebody,coco_wholebody_133,1,1,OK,629.56,442.34,187.22,67,1,1,67.0,1.0,1.0,1.0,1.0,1.0,8.893778963883676,4.765456543539813,6.829617753711744,171.10622103611632,175.2345434564602,4.1283224203438635,0.7798553408946927,0.6738679653216022,0.7011038880809611,1.0404172985821647,27.12130682121434,23.198599443443687,64.7988558134729,66.80146157674841,65.80015869511065,2.002605763275511,32.69694917555593,29.024890913841624,30.860920044698776,0.7315756277933462,0.938091450337498,15.224436959508136,11.309905913594031,5.8774112267818435,11.309905913594031,-0.5046861211737332,-0.19017145221108023,0.8841273388957037,0.34742878669240673,0.11702872838378194,0.08777139201279284,0.10240006019828739,1.4043433521299908,0.6363433634679662,1.172541821465814,0.5313082483330945,1.197691482231651,0.2748460633648176,0.22281614158897936,1.669452498438808,0.7297587926696798,0.7168001128379246,0.716800729938099,0.29257151240936763,0.08777139201279284,0.5412573288123388,0.4973716328059424,0.5193144808091406,0.0,1.684730276361643,395.62559711869244,395.62559711869244,CORONAL,FRONT,1.0,0.8349395606760985,473.83740782186874,right,73.73651322413518,162.42369563788972,156.76220191208188,17.576304362110278,4.591150731152354,7.370752846878548,0.15526671202394546,0.22140912738978996,0.3991330730345677,1.3716052185289986,0.8544009132498601,0.9984549260351397,1.0967660636432643,0.46560504793069524,-0.15018373063779422,158.32204381329854,165.33608414990715,14.663915850092849,167.33016367534773,0.1700927620869928,79.59342055042877,140.89441878249556,128.74618292400575,39.10558121750444,4.522261273655154,10.256039174653429,0.2401662633103112,0.3708392654027327,0.1995571856201632,1.24550029784523,0.7725752272198105,0.9579697751722612,1.2211367048609747,0.485405310174171,-0.11857346453003803,132.08369482712465,154.84307171471934,25.156928285280657,167.97471123649046,0.20941546656704854,BODY,0.6669,0.6669,0.6146,0.2594,0.4096,0.706,0.4537,0.5069,0.3038,SAMAPADHAM,INCORRECT,FEET_NOT_ALIGNED,Feet not aligned / V-shaped,CANONICAL,turnout_deviation_deg,65.80015869511065,<= 8°,,True,4 of 7 parameter checks out of range,0,0,0,0
DJI_20260917131015_0065_D.JPG,Cam 7,1,ARAMANDI,CORRECT,,,rtmw_l_wholebody,coco_wholebody_133,1,1,OK,606.38,452.3,154.08,67,1,1,55.0,1.0,1.0,1.0,1.0,0.0,31.559790427265767,9.864017639600775,20.71190403343327,148.44020957273423,170.13598236039923,21.695772787664993,0.7603052160334366,0.7141225054788498,0.6370909333823421,0.8921311518604855,31.60750920945298,25.513869915619956,65.77215602096298,90.0,77.8860780104815,24.22784397903702,11.847069785475199,4.573923194432155,8.210496489953677,0.9083755641258655,1.1947511932969788,14.036243467926479,6.340195455728146,3.576335558674467,6.340195455728146,-0.34308035606709,-0.04678356448552185,0.8392031087653802,0.1949319602763059,0.14035168702648645,0.0,0.07017584351324323,1.489281494647072,0.7095529911619013,1.2190608485203098,0.5808091180780669,1.221662968222427,0.3420156697585801,0.32748594496857386,16.95469738799397,0.7100912601723494,0.6861610433241535,0.8888907059346779,0.10916187125953342,0.015594742288489708,0.5769985096846728,0.5769991720646201,0.5769988408746465,24.676880784154864,28.39302629995814,368.58094211213574,368.58094211213574,CORONAL,FRONT,1.0,0.8185563662087947,450.28168777093026,left,81.7053072565541,164.3290717368271,159.95365517542376,15.670928263172897,8.467676004946183,23.62932711888321,0.12002079788241282,0.1478767098201145,0.23579248160231867,0.8621727387391037,0.8083550292187484,0.7535183103809198,0.710154772753519,0.32594181317251514,-0.13679007943071386,161.4397221915045,169.53753666771186,10.462463332288138,156.46766789513288,0.022196392120068898,63.44678555284652,,,,,,,,,,,,,,,,179.8281428718438,0.1718571281562049,130.88782171680884,0.15914652660273884,BODY,0.7845,0.5439,0.7845,0.2379,0.4367,0.8954,0.4928,0.5295,0.5394,ARAMANDI,INCORRECT,FEET_NOT_IN_LINE,Feet not spread in a straight line / V-shaped,CANONICAL,foot_line_deviation_deg,31.60750920945298,<= 8°,,True,6 of 8 parameter checks out of range,1,0,0,12
DJI_20260917131333_0066_D.JPG,Cam 7,2,SAMAPADHAM,CORRECT,,,rtmw_l_wholebody,coco_wholebody_133,1,1,OK,606.31,421.12,185.19,67,1,1,59.0,1.0,1.0,1.0,1.0,0.0,10.439927122162572,7.840896546974022,9.140411834568297,169.56007287783743,172.15910345302598,,,,,,,,,,,,,,,,,3.3018543225113177,,,,,,,,0.0,0.0,0.0,12.853185258274138,6.453706523415051,1.5167092001492477,0.761554109929725,8.474389986563907,3.7962991797973653,3.6878352737235573,,,,,,,,,,3.179840272977163,17.969165911386288,58.624502918031176,58.624502918031176,SAGITTAL,,1.0,0.11800259388410184,496.80690049584996,left,82.98131054596395,135.6720128097747,132.90759424186172,44.327987190225286,10.740824442829554,26.005474173729645,0.16146331519527532,0.18307756893219385,0.48438994558582593,0.40890091456414523,1.1243411097639326,1.3354611653850377,1.4674952845005929,0.6251509572593777,0.018418834763902492,136.95043433875415,42.1258706043071,137.8741293956929,72.46346704261236,0.3351739347151107,,,,,,,,,,,,,,,,,,,,0.30575461175147545,BODY,0.9221,0.8967,0.6363,0.0896,0.9221,0.516,0.2978,0.7762,0.2438,SWASTIKAPADAM,INCORRECT,INSUFFICIENT_ARAMANDI,Insufficient Aramandi,CANONICAL,mean_knee_flexion_deg,9.140411834568297,30-45°,,False,1 of 2 parameter checks out of range,0,0,0,8
DJI_20260917131335_0067_D.JPG,Cam 7,2,SAMAPADHAM,CORRECT,,,rtmw_l_wholebody,coco_wholebody_133,1,1,OK,630.23,434.75,195.48,67,1,1,54.0,1.0,1.0,1.0,1.0,0.0,8.323373290290448,4.581839289893338,6.452606290091893,171.67662670970955,175.41816071010666,,,,,,,,,,,,,,,,,4.825214976572845,,,,,,,,-0.2480659226136505,-0.24807072525290194,-0.2480683239332762,14.760100093164509,7.194000604622016,1.5399769251175688,0.7505772224085598,9.584624193013578,4.472124766088671,4.719833870130143,,,,,,,,,,10.953998113200667,3.094082296047444,50.83467906287133,50.83467906287133,SAGITTAL,,1.0,0.10433377249458771,487.23129479007736,left,79.98411709029789,138.62334633446406,135.89500674094043,41.37665366553594,7.008512711929086,10.326134673488983,0.1478875356966213,0.16585476658242243,0.44366260708986394,0.4762721383631684,1.1990645682092413,0.045609946346523,0.21146471292894542,0.0838487732247481,0.061759202787837475,137.63406679276272,42.82511617802089,137.1748838219791,80.69385525590276,0.36710664244920166,,,,,,,,,,,,,,,,,,,,0.1839212373577045,BODY,0.9171,0.9171,0.6042,0.081,0.8713,0.5399,0.3047,0.8869,0.4681,SAMAPADHAM,CORRECT,,,,mean_knee_flexion_deg,6.452606290091893,<= 5°,,True,2 parameter checks within range,1,1,0,13
DJI_20260917131401_0068_D.JPG,Cam 7,3,MUZHUMANDI,CORRECT,,,rtmw_l_wholebody,coco_wholebody_133,1,1,OK,588.06,413.4,174.66,67,1,1,66.0,1.0,1.0,1.0,1.0,1.0,150.98015503253168,139.82973396539498,145.40494449896335,29.019844967468313,40.17026603460502,,,,,,,,,,,,,,,,,1.9556800367747051,,,,,,,,1.8895719498583352,1.8895719498583352,1.8895719498583352,2.6625837136075092,0.7730077904007164,0.45339440086387367,0.13163056703181783,5.872555348134788,2.152388752772294,1.8904392557415173,,,,,,,,,,0.8425366395710889,13.760781362476896,76.80569285725302,76.80569285725302,SAGITTAL,,1.0,0.17028362283849996,451.0456823560591,left,83.00110219351446,140.94394202708077,135.26277105384045,39.056057972919234,5.620813316990209,13.7411571780976,0.2692894162689985,0.30177145386398435,0.8078682488069956,0.7104183497599839,1.1035080998602314,0.7601262391755128,0.9735236737133246,0.39662458515576193,0.005149831830967844,138.22453448404008,52.82012715039768,127.17987284960232,61.66266129090091,0.17942572644972984,71.30988462100433,168.29237770815521,161.79132222484677,11.707622291844785,5.379355451142177,10.882257456898998,0.3165218314077273,0.4709592380325189,0.8866106469897477,1.0986627148819295,1.0619319698811058,,,,0.11686324539876969,173.26370702195624,115.21692533108322,64.78307466891678,73.63512365544972,0.21989754424104757,BODY,0.9196,0.0135,0.0309,0.9196,0.0,0.6214,0.4045,0.8099,0.5577,MUZHUMANDI,CORRECT,,,,trunk_inclination_deg,1.9556800367747051,<= 8°,,False,3 parameter checks within range,1,1,0,1
DJI_20260917131447_0069_D.JPG,Cam 7,3,MUZHUMANDI,CORRECT,,,rtmw_l_wholebody,coco_wholebody_133,1,1,OK,667.19,440.63,226.56,67,1,1,67.0,1.0,1.0,1.0,1.0,1.0,155.54335686552122,136.4032385653125,145.97329771541686,24.45664313447879,43.5967614346875,,,,,,,,,,,,,,,,,0.8031558057948913,,,,,,,,1.6027740546973275,0.5185431720391822,1.060658613368255,1.9327559552062554,0.5185431720391822,0.383139738962925,0.10279336873386981,5.044519684744267,2.046675653904821,1.4621126013120478,,,,,,,,,,2.4540207421170663,15.068451147602211,93.99596682606021,93.99596682606021,SAGITTAL,,1.0,0.1982349286938495,474.16450494062985,right,250.8539239996274,150.3153988919743,122.33059222230537,29.684601108025703,10.74175363072625,18.03708920426285,0.10590848038857853,0.14516153695609912,0.3149385384377089,0.1584971825897518,0.8989126357378501,0.0319514105697701,0.14427970440758656,0.06565400586757139,-0.07014971977660889,148.65805839773245,6.378576296019378,173.6214237039806,9.424754654946689,-1.2082997680306373,281.8018798828125,90.0,0.0,90.0,120.0,180.0,0.0509261124330253,0.08333387480555732,0.1527783372990759,0.20920151906783588,0.5268277560920333,0.7395834822381949,0.7916670456972235,0.34027789509675965,-0.08506961816678293,180.0,31.26751624074191,148.7324837592581,0.0,-0.29681988763740813,BODY,0.8819,0.0096,0.0222,0.8819,0.0,0.2012,0.0576,0.555,0.4234,MUZHUMANDI,CORRECT,,,,trunk_inclination_deg,0.8031558057948913,<= 8°,,False,3 parameter checks within range,1,1,0,0
DJI_20260917131536_0071_D.JPG,Cam 7,4,SWASTIKAPADAM,CORRECT,,RIGHT,rtmw_l_wholebody,coco_wholebody_133,1,1,OK,1015.77,734.64,281.13,67,1,1,67.0,1.0,1.0,1.0,1.0,1.0,44.73994045059064,4.755297918511019,24.747619184550828,135.26005954940936,175.24470208148898,,,,,,,,,,,,,,,,,1.432073708968668,,,,,,,,1.2126824865779824,1.2935314242344904,1.2531069554062364,8.52918575666487,4.042269582523521,1.3183379518189682,0.6248049408420882,6.469650475355565,2.930577299582761,2.820336752185705,,,,,,,,,,13.172561267520626,16.858475626339477,75.73441349364622,75.73441349364622,SAGITTAL,,1.0,0.1545678555293269,489.97518425994315,right,47.418315830715564,169.62643194892968,163.857753524567,10.373568051070322,7.153441231456246,15.533866413039306,0.2707175272462312,0.36677016438113635,0.7946392751726269,1.425993214632555,1.1656849629472539,0.8542272443012535,1.197329993452723,0.4594882516904366,0.31942467213768055,174.5162688977253,136.69291283993124,43.30708716006876,72.74487619247445,0.3133997606443756,203.9181438097679,166.7476965531825,160.68599642554074,13.252303446817507,10.386388596724629,18.056920015014917,0.09207184093255416,0.16843286912111383,0.26594574979365854,0.45937469978542367,1.057713661836885,0.31829784331653665,0.4381986883199302,0.1765932669658228,0.026589766917276048,169.14420130922588,76.763238151868,103.236761848132,79.50851049684275,0.2660622329240279,BODY,0.9541,0.5326,0.815,0.1854,0.9541,0.8,0.3943,0.7644,0.6132,SWASTIKAPADAM,INCORRECT,INSUFFICIENT_ARAMANDI,Insufficient Aramandi,CANONICAL,mean_knee_flexion_deg,24.747619184550828,30-45°,,False,1 of 2 parameter checks out of range,1,0,0,0
DJI_20260917131538_0072_D.JPG,Cam 7,4,SWASTIKAPADAM,CORRECT,,RIGHT,rtmw_l_wholebody,coco_wholebody_133,1,1,OK,670.1,479.85,190.25,67,1,1,64.0,1.0,1.0,1.0,1.0,1.0,51.028696657520015,11.736502006187266,31.38259933185364,128.97130334247998,168.26349799381273,,,,,,,,,,,,,,,,,1.0808917659692068,,,,,,,,0.6951417875784137,0.926854942753116,0.8109983651657648,6.082487738743237,2.809530133683339,1.3205191535060603,0.6099541031952593,4.606133672952683,2.0341070503144865,2.0725106572776437,,,,,,,,,,13.24048979459634,29.74481062939676,105.13992901754678,105.13992901754678,SAGITTAL,,1.0,0.21710181922683264,484.2885674195771,right,35.62250110537136,164.69005919214953,149.69432140504526,15.309940807850467,6.616951576668645,14.609137848789166,0.4155464083898093,0.6375505238900512,1.1937679400156898,1.7791942779174656,1.2408213936116461,0.21657490573472496,0.7720921337455695,0.32162122737153614,0.5821699997072238,172.77809122044945,138.69671494847606,41.30328505152394,63.20393109787548,0.2965075463351631,113.20990182351393,154.1297123861557,117.30661405202042,25.87028761384431,1.1530435462641861,1.1530435462641861,0.1863005277224288,0.4879754460866053,0.5589015831672864,1.0152670129534038,0.8201306661887666,0.17873541814539606,0.17873541814539606,0.07943796362017604,-0.26625307557342404,180.0,176.4389672410778,3.5610327589222095,9.141657049831052,0.6986518862019959,BODY,0.8958,0.4084,0.8958,0.1912,0.8311,0.7638,0.5585,0.4976,0.4767,ARAMANDI,CORRECT,,,,mean_knee_flexion_deg,31.38259933185364,30-45°,,False,2 parameter checks within range,0,1,0,3
DJI_20260917131602_0073_D.JPG,Cam 7,5,SWASTIKAPADAM,CORRECT,,LEFT,rtmw_l_wholebody,coco_wholebody_133,1,1,OK,583.34,396.48,186.86,67,1,1,44.0,1.0,1.0,1.0,1.0,0.0,32.158151770033754,20.327162933950774,26.242657351992264,147.84184822996625,159.67283706604923,,,,,,,,,,,,,,,,,1.094697704109245,,,,,,,,-0.7427867970228802,-0.3713933985114401,-0.5570900977671601,20.14795766681025,9.934706308963335,1.3819131141699426,0.6814040986595346,14.579757193282218,5.436150496958508,4.287117618412445,,,,,,,,,,1.363877850599208,10.17551549734307,30.926343574726193,30.926343574726193,SAGITTAL,,1.0,0.06858824785235525,450.8985801955315,left,,,,,,,,,,,,,,,,,,,,0.848343695399439,,,,,,,,,,,,,,,,,,,,0.35001640356823316,BODY,0.9322,0.5317,0.8596,0.1548,0.9322,,,,,SWASTIKAPADAM,CORRECT,,,,mean_knee_flexion_deg,26.242657351992264,30-45°,,True,2 parameter checks within range,1,1,0,23
DJI_20260917131604_0074_D.JPG,Cam 7,5,SWASTIKAPADAM,CORRECT,,LEFT,rtmw_l_wholebody,coco_wholebody_133,1,1,OK,557.87,394.87,163.0,67,1,1,60.0,1.0,1.0,1.0,1.0,0.0,27.90958395900165,45.8440016001164,36.876792779559025,152.09041604099835,134.1559983998836,,,,,,,,,,,,,,,,,1.577409271309351e-05,,,,,,,,-0.4681643848557285,0.11703985564902444,-0.175562264603352,12.815951033111714,6.203157009734972,1.4220769870969991,0.6883115274162928,9.012135875480238,3.310407375256585,3.9811006949228824,,,,,,,,,,1.5074256720811925,1.46878954193574,49.19948635717577,49.19948635717577,SAGITTAL,,1.0,0.11096148724529878,443.3924560547043,left,73.53547643016803,148.0615676179036,140.94431272804314,31.93843238209641,6.921739064459281,11.81677240030282,0.17877912337433513,0.28469835954526823,0.5261799912776108,0.7744577279853427,1.1523047824877688,0.9364005274002217,1.1968068918432722,0.4768533655615345,0.12398243531141273,153.777437924747,55.21614708650598,124.78385291349403,76.3403224671168,0.3281085029173084,,,,,,,,,,,,,,,,,,,,0.7743508124806473,BODY,0.968,0.3826,0.968,0.1501,0.692,0.684,0.4637,0.6509,0.5141,ARAMANDI,CORRECT,,,,mean_knee_flexion_deg,36.876792779559025,30-45°,,False,2 parameter checks within range,0,1,0,7
DJI_20260917131638_0075_D.JPG,Cam 7,6,ARAMANDI,INCORRECT,INSUFFICIENT_KNEE_BEND,,rtmw_l_wholebody,coco_wholebody_133,1,1,OK,579.35,402.49,176.86,67,1,1,67.0,1.0,1.0,1.0,1.0,1.0,15.547946366077127,13.780576103562169,14.664261234819648,164.45205363392287,166.21942389643783,,,,,,,,,,,,,,,,,1.8241028362215188,,,,,,,,3.0041506482462452,0.0,1.5020753241231226,18.341185392419955,9.170591169592754,1.4769581545037558,0.7384789543181793,12.418216004625007,4.248510590161764,4.427183839052365,,,,,,,,,,5.355795053222856,5.855997748823339,39.98065484045092,39.98065484045092,SAGITTAL,,1.0,0.08052686469840456,496.48840781507585,right,60.16973824930709,169.66669413056528,163.92703777303342,10.333305869434724,5.309590854005449,11.805139432017828,0.33905883972953826,0.6156209601342248,0.7365633266692533,1.327160830555886,1.0435052059420955,0.4165027967046706,1.0232084621643966,0.3681424063220388,0.23335365073386471,172.21529222693306,61.0657446376817,118.9342553623183,79.1333951979362,0.36123673925218086,71.47090451337758,171.98634378342436,164.2725726432962,8.01365621657564,5.529428062196261,11.340970795661548,0.2340396408437013,0.5143820427374035,0.67196795188318,1.145760615210781,1.158851468148522,0.4367101025837257,0.9047559366764983,0.3370353766741961,0.25046294462468244,175.21889541357297,103.8652025310793,76.1347974689207,77.26826646938378,0.35046996006752257,BODY,0.9886,0.8123,0.7102,0.1061,0.9886,0.954,0.5603,0.4017,0.786,SWASTIKAPADAM,INCORRECT,INSUFFICIENT_ARAMANDI,Insufficient Aramandi,CANONICAL,mean_knee_flexion_deg,14.664261234819648,30-45°,,False,1 of 2 parameter checks out of range,0,1,0,0
DJI_20260917131640_0076_D.JPG,Cam 7,6,ARAMANDI,INCORRECT,INSUFFICIENT_KNEE_BEND,,rtmw_l_wholebody,coco_wholebody_133,1,1,OK,554.37,393.84,160.53,67,1,1,67.0,1.0,1.0,1.0,1.0,1.0,12.516035455519045,9.769189240406007,11.142612347962526,167.48396454448095,170.230810759594,,,,,,,,,,,,,,,,,2.216794894803636,,,,,,,,2.832365874792626,0.29814316778014854,1.5652545212863873,17.29230662168922,8.72069343845056,1.4956546633830803,0.7542744929582258,11.561697392481678,4.112322558787994,3.4415847638585157,,,,,,,,,,5.194428907734806,5.856019367832053,42.232423729511254,42.232423729511254,SAGITTAL,,1.0,0.0864924903371263,488.2785033116716,right,41.91755801411908,170.78453162938416,165.10410931136363,9.215468370615838,4.362555046279987,10.795750099375311,0.5296138127483804,0.8507740845888958,0.9350259267319913,1.8122590967876215,0.9625591400512012,0.3262216378603854,1.042039108190642,0.4356671501032961,0.27771641292781646,173.00043457908,66.67859773094563,113.32140226905437,76.95438275993301,0.35588200191373504,65.43594700913809,171.58929758010646,166.45579990707665,8.41070241989354,4.634131337948164,12.01838139947972,0.2964167558386566,0.5314082994254021,0.6557167440314605,1.2111951230016247,1.0563687824756274,0.7444490718792479,1.272722847178784,0.4500242909802692,0.23058783028718066,173.94084809448117,112.35815538438163,67.64184461561837,82.93745271329465,0.35719125927859274,BODY,0.9526,0.8697,0.6611,0.0977,0.9526,0.955,0.554,0.3344,0.5913,SWASTIKAPADAM,INCORRECT,INSUFFICIENT_ARAMANDI,Insufficient Aramandi,CANONICAL,mean_knee_flexion_deg,11.142612347962526,30-45°,,False,1 of 2 parameter checks out of range,0,1,0,0
DJI_20260917131718_0077_D.JPG,Cam 7,7,ARAMANDI,INCORRECT,FEET_TOO_FAR_APART,,rtmw_l_wholebody,coco_wholebody_133,1,1,OK,598.77,421.43,177.34,67,1,1,58.0,1.0,1.0,1.0,0.0,1.0,29.599479595992847,7.515706612406461,18.557593104199654,150.40052040400715,172.48429338759354,,,,,,,,,,,,,,,,,0.3536519433051919,,,,,,,,1.25,1.875,1.5625,7.12500373394404,3.53125186697202,1.4073809890429558,0.6975177741202148,5.062597682798864,1.7241384207663017,2.2887284641915286,,,,,,,,,,2.602562202499806,1.3971525359968373,98.076171875,98.076171875,SAGITTAL,,1.0,0.1975270528404202,496.5202004721581,right,,,,,,,,,,,,,,,,,,,,,62.048557485993875,168.41294149999734,158.48871797002215,11.587058500002655,6.460335980575536,10.23007751564223,0.29798661531987813,0.5840827761158645,0.8285407388666184,1.26004609535945,1.1489960071687497,,,,0.28581595677250204,174.64457797113172,131.88834329573186,48.11165670426814,81.81976314418232,0.3489738843314767,BODY,0.9997,0.7069,0.7533,0.1372,0.9997,0.9272,0.5863,0.2609,0.5929,SWASTIKAPADAM,INCORRECT,INSUFFICIENT_ARAMANDI,Insufficient Aramandi,CANONICAL,mean_knee_flexion_deg,18.557593104199654,30-45°,,False,1 of 2 parameter checks out of range,0,1,0,9
DJI_20260917131720_0078_D.JPG,Cam 7,7,ARAMANDI,INCORRECT,FEET_TOO_FAR_APART,,rtmw_l_wholebody,coco_wholebody_133,1,1,OK,571.8,388.66,183.14,67,1,1,66.0,1.0,1.0,1.0,1.0,1.0,34.26622263996168,11.309970492721959,22.78809656634182,145.73377736003832,168.69002950727804,,,,,,,,,,,,,,,,,1.8240974043497036,,,,,,,,0.9987522497372041,1.3982515609761377,1.1985019053566708,5.742822457259021,2.7965051077722105,1.4642252968823013,0.7130141236535795,3.9220893598047475,1.4847516667357041,1.8095061150724576,,,,,,,,,,6.483050455509609,5.855995796798443,122.94197510049028,122.94197510049028,SAGITTAL,,1.0,0.2549661438743412,482.1894124150131,left,88.04333329105178,168.01638656277265,163.84285337786525,11.983613437227348,6.260016679101091,11.527291678678669,0.19321816950013837,0.3284337979273738,0.4775693674187806,0.855279209120029,1.026624307140339,,,,0.10332745426886669,171.17586794282929,61.78859378728858,118.21140621271141,85.9143039824576,0.3451521469622343,67.89312481299997,166.69431995414595,159.83095070075217,13.305680045854047,5.30369519237881,12.331251028342601,0.26826182524062014,0.43967958965027626,0.605723306036472,1.0480832457610831,1.028329580736383,0.6583598182367062,1.0674802458942874,0.394445318956642,0.16546348823889145,170.06269844666483,140.5619603153128,39.4380396846872,83.70311772547976,0.34146337554245326,BODY,0.9766,0.6426,0.8338,0.1159,0.9766,0.925,0.5068,0.5258,0.5493,SWASTIKAPADAM,INCORRECT,INSUFFICIENT_ARAMANDI,Insufficient Aramandi,CANONICAL,mean_knee_flexion_deg,22.78809656634182,30-45°,,False,1 of 2 parameter checks out of range,0,1,0,1
DJI_20260917131754_0079_D.JPG,Cam 7,8,ARAMANDI,INCORRECT,FEET_NOT_IN_LINE,,rtmw_l_wholebody,coco_wholebody_133,1,1,OK,573.63,413.68,159.95,67,1,1,66.0,1.0,1.0,1.0,1.0,1.0,59.598296358451705,21.679590661194112,40.63894350982291,120.4017036415483,158.3204093388059,,,,,,,,,,,,,,,,,1.3991892776862977e-05,,,,,,,,1.47573441757985,1.5811473762666426,1.5284408969232461,10.962610128991479,5.270483420216268,1.2530123247617961,0.6024095179230122,8.74900422952785,3.681803562169964,3.348312307774447,,,,,,,,,,0.0,2.7927313127277027,57.13438986206529,57.13438986206529,SAGITTAL,,1.0,0.11429872174767094,499.8690185547024,right,26.434354962809106,167.25624279557908,164.60404152332842,12.743757204420916,4.16564380479292,9.28199056584999,0.5904974946279268,0.8867400231704089,1.3814093125173599,3.053175171739661,0.9775627533381366,1.0490473264667415,1.925345473385841,0.670854619707591,0.21574603194846276,168.98147810725,123.04887649283933,56.95112350716067,91.89344485297134,0.4141299710593008,51.39898535724504,168.445561104326,161.8922657038717,11.554438895673997,4.582342873954379,8.757489553293329,0.29527460297871916,0.47858307604389755,0.6638948219375712,1.5955559517561162,0.9601271563351476,,,,0.08725125314913984,172.73139212094054,127.63334673145572,52.36665326854428,82.4550379070535,0.3976446954976124,BODY,0.908,0.2694,0.908,0.2432,0.5889,0.8741,0.4473,0.3566,0.2281,ARAMANDI,CORRECT,,,,mean_knee_flexion_deg,40.63894350982291,30-45°,,False,2 parameter checks within range,1,0,0,1
DJI_20260917131755_0080_D.JPG,Cam 7,8,ARAMANDI,INCORRECT,FEET_NOT_IN_LINE,,rtmw_l_wholebody,coco_wholebody_133,1,1,OK,597.69,404.57,193.12,67,1,1,59.0,1.0,1.0,1.0,0.0,1.0,45.853307298368804,22.32169661626918,34.08750195731899,134.1466927016312,157.67830338373082,,,,,,,,,,,,,,,,,1.060896559587222,,,,,,,,2.7439511860885473,2.7439511860885473,2.7439511860885473,18.264445941548352,9.003600258926275,1.314589945205755,0.6480373075052624,13.893644940886617,5.982767642516034,5.530610427748846,,,,,,,,,,5.0796033074290685,2.726308366127316,35.11274425670153,35.11274425670153,SAGITTAL,,1.0,0.07197535306643481,487.84400160276687,right,,,,,,,,,,,,,,,,,,,,,25.119847642686047,168.8861417695402,162.72708603030938,11.113858230459812,12.536951215640377,21.159353639940907,0.9418809982744789,1.988723537232382,2.2698121028257163,3.1721961450728995,0.9115888302841582,0.7245306063129181,2.568747347048149,1.0312812523650563,-0.026743396762740623,170.41719544347302,64.94961850056578,115.05038149943422,32.938670795941704,0.3382721675564137,BODY,0.9153,0.3656,0.9153,0.1979,0.7654,0.7537,0.3274,0.4053,0.1964,ARAMANDI,CORRECT,,,,mean_knee_flexion_deg,34.08750195731899,30-45°,,False,2 parameter checks within range,1,0,0,8
DJI_20260917131816_0081_D.JPG,Cam 7,9,SAMAPADHAM,INCORRECT,FEET_TOO_FAR_APART,,rtmw_l_wholebody,coco_wholebody_133,1,1,OK,598.32,388.45,209.87,67,1,1,67.0,1.0,1.0,1.0,1.0,1.0,3.3959963681965064,3.368752911410155,3.3823746398033308,176.6040036318035,176.63124708858984,,,,,,,,,,,,,,,,,1.9091505169045235,,,,,,,,0.18106780264167918,-0.27160852384209094,-0.04527036060020588,10.637910722067529,5.06998372246167,1.5657979595786506,0.7462527534903541,6.793922968791033,3.4451077859624193,2.639538912941784,,,,,,,,,,1.6366756126024173,12.339083255963475,71.59675546046476,71.59675546046476,SAGITTAL,,1.0,0.1471903647706427,486.4228414137664,left,34.472900390625,180.0,180.0,0.0,0.0,0.0,0.018517338168048857,0.037032315635158394,0.05555201450414657,0.8435188136061373,1.0369271337324875,0.1296308099800993,0.16666312561525767,0.06584309679896748,0.027776007252073298,180.0,4.125630111353139,175.87436988864687,0.0,0.32243971224659307,25.551513671875,90.0,0.0,90.0,60.0,180.0,1.7608710192147832,3.4782627389904355,2.065221337868697,1.3858710192147834,0.5881810147398734,0.0,1.6086958598878263,0.7149759377279228,-1.1500009554839934,45.0,48.61895373040391,131.38104626959608,0.0,0.3184337153391001,BODY,0.9202,0.9202,0.5706,0.0723,0.8019,0.8746,0.3608,0.5621,0.5439,SAMAPADHAM,CORRECT,,,,mean_knee_flexion_deg,3.3823746398033308,<= 5°,,False,2 parameter checks within range,1,0,0,0
DJI_20260917131818_0082_D.JPG,Cam 7,9,SAMAPADHAM,INCORRECT,FEET_TOO_FAR_APART,,rtmw_l_wholebody,coco_wholebody_133,1,1,OK,625.61,432.71,192.9,67,1,1,67.0,1.0,1.0,1.0,1.0,1.0,4.416642563052363,2.6425234818852346,3.529583022468799,175.58335743694764,177.35747651811477,,,,,,,,,,,,,,,,,2.602545041990985,,,,,,,,0.22086224065579316,-0.22086224065579316,0.0,12.865308696085936,6.184184327305201,1.5114262404878174,0.7265226734237817,8.512032113412044,4.091941264929593,3.21013013969601,,,,,,,,,,4.763671453149232,4.6354884808806744,58.70325318059261,58.70325318059261,SAGITTAL,,1.0,0.11748075978523893,499.683976234962,right,60.95197565894165,153.10917546670993,142.92957340385868,26.890824533290072,7.415089843602304,10.18678492369122,0.18536862607368984,0.3190067522285892,0.5561058782210696,1.0474609526240808,1.117055792287373,0.5805014276992231,0.7716997166838172,0.32080824842392786,0.1206787134825803,156.68880823985242,45.74673722753916,134.25326277246086,80.82192841985052,0.36985461530546604,68.86543634733916,153.3679212310446,142.7963612495005,26.63207876895541,6.6702561059688215,10.42735212287854,0.1976374938504263,0.286372851930851,0.592912481551279,0.8487825647260909,1.1552821789710006,0.557385297622053,0.730482522148885,0.30319120321779097,0.12175260220002326,156.55345134342866,104.24270327524235,75.75729672475765,81.18358643588637,0.3675812057463193,BODY,0.8986,0.8986,0.5665,0.09,0.8055,0.7656,0.5016,0.6612,0.7379,SAMAPADHAM,CORRECT,,,,mean_knee_flexion_deg,3.529583022468799,<= 5°,,False,2 parameter checks within range,1,0,0,0
DJI_20260917132034_0083_D.JPG,Cam 7,10,SAMAPADHAM,INCORRECT,FEET_NOT_ALIGNED,,rtmw_l_wholebody,coco_wholebody_133,1,1,OK,683.68,507.14,176.54,67,1,1,67.0,1.0,1.0,1.0,1.0,1.0,12.282478238424687,8.426957353438809,10.354717795931748,167.7175217615753,171.5730426465612,,,,,,,,,,,,,,,,,4.6045114708492285,,,,,,,,1.4795971212493462,-0.6575959492214292,0.4110005860139585,19.070310587176532,9.699555839768907,1.5520224082493255,0.789390814825516,12.287393845484331,5.149135215953921,4.487225255223751,,,,,,,,,,1.4320405313696618,3.0127815009472725,39.15332864045717,39.15332864045717,SAGITTAL,,1.0,0.08138422293410122,481.0923693669788,right,57.753611331221535,168.31527257584725,158.47523355403214,11.684727424152754,6.826763667105335,12.472985620210338,0.19002925688665848,0.33382195437680323,0.5503438902975138,1.1518059490318406,1.1562699170382889,0.9711743599850479,1.2995521675431474,0.5053840391036994,0.23504068646062248,175.22766993570775,66.53575859895021,113.46424140104979,87.64207196456142,0.38145002290093677,64.90787133869648,169.3406803951874,157.70879688550033,10.659319604812595,6.995919367083391,14.919265967532066,0.1647595240245503,0.2528653023807353,0.4538464857988282,1.0323382224760274,1.1200658761628173,0.6483549481219034,0.878285425164408,0.34280802864465926,0.1982995704580136,176.13965646298806,112.908145859818,67.091854140182,88.93252239874782,0.3828034491623671,BODY,0.9414,0.9015,0.6571,0.0783,0.9414,0.9565,0.5088,0.4241,0.7106,SWASTIKAPADAM,INCORRECT,INSUFFICIENT_ARAMANDI,Insufficient Aramandi,CANONICAL,mean_knee_flexion_deg,10.354717795931748,30-45°,,False,1 of 2 parameter checks out of range,0,1,0,0
DJI_20260917132036_0084_D.JPG,Cam 7,10,SAMAPADHAM,INCORRECT,FEET_NOT_ALIGNED,,rtmw_l_wholebody,coco_wholebody_133,1,1,OK,750.21,532.71,217.5,67,1,1,67.0,1.0,1.0,1.0,1.0,1.0,9.21181487974377,8.125108235019582,8.668461557381676,170.78818512025623,171.87489176498042,,,,,,,,,,,,,,,,,5.4923207806638965,,,,,,,,2.0,-1.5000048180232615,0.24999759098836927,29.624955433284832,14.874986750436031,1.5122556278097508,0.7593186925664898,19.58991250453577,8.00389829901726,7.403535628393698,,,,,,,,,,4.899054871214888,3.1798674931907027,25.336181640625,25.336181640625,SAGITTAL,,1.0,0.051046680263041704,496.33358153886934,right,48.40160443271858,168.50414862642847,157.52571606375676,11.495851373571526,7.11690710037148,11.79591742729249,0.18396131160877194,0.2717640639872838,0.5494161399264138,1.3990686929447276,1.135112899937637,0.6395860467823743,0.8735206999609116,0.34241300889010473,0.21491757850692483,174.09362679023513,51.218001294414,128.781998705586,67.69384979162785,0.3558006787446897,60.59621268280241,168.50288513390765,157.72690935344693,11.497114866092346,7.084104129718337,13.641131038478553,0.1571700748581922,0.25631111809924995,0.44574786977825925,1.1349540366678168,1.0944096623641786,0.8745456156591769,1.1198258453787162,0.44445940579921756,0.16793824583297945,174.4378681550894,93.8099727435809,86.1900272564191,81.40093021713014,0.37145428242711365,BODY,0.914,0.8978,0.6293,0.091,0.914,0.9703,0.5092,0.3501,0.516,SWASTIKAPADAM,INCORRECT,INSUFFICIENT_ARAMANDI,Insufficient Aramandi,CANONICAL,mean_knee_flexion_deg,8.668461557381676,30-45°,,False,1 of 2 parameter checks out of range,0,1,0,0
DJI_20260917132109_0085_D.JPG,Cam 7,11,SAMAPADHAM,INCORRECT,WEIGHT_ON_ONE_LEG,,rtmw_l_wholebody,coco_wholebody_133,1,1,OK,639.87,451.6,188.27,67,1,1,66.0,1.0,1.0,1.0,1.0,1.0,1.8183269042116308,2.7986112852629788,2.3084690947373048,178.18167309578837,177.20138871473702,,,,,,,,,,,,,,,,,1.8596168544976939,,,,,,,,1.3703173352021418,-0.21082556423992566,0.5797458854811081,12.64912081403941,6.219150676922078,1.5576206826395955,0.7658301209420079,8.120796645177947,3.738687815991504,3.0641304117354293,,,,,,,,,,8.880673910728378,15.94542928844713,59.9947997084723,59.9947997084723,SAGITTAL,,1.0,0.12314062815423296,487.2055682006847,right,0.0,,,,,,,,,,,,,,,,,,,0.254968695098291,81.9974365234375,52.49341512604524,0.0,127.50658487395475,2.2407367839437953,2.2407367839437953,0.8538989876651403,2.1666799693834706,2.200156374275165,1.5732073552377084,0.2725111161552022,2.200156374275165,2.0804893341674524,0.9546770960208997,-0.6898890285869759,24.035802007049593,51.76406218812985,128.23593781187014,90.0,0.3216651270928655,BODY,0.9095,0.9095,0.5587,0.0746,0.7754,0.4152,0.1582,0.0201,0.0182,SAMAPADHAM,CORRECT,,,,mean_knee_flexion_deg,2.3084690947373048,<= 5°,,False,2 parameter checks within range,1,0,0,1
DJI_20260917132111_0086_D.JPG,Cam 7,11,SAMAPADHAM,INCORRECT,WEIGHT_ON_ONE_LEG,,rtmw_l_wholebody,coco_wholebody_133,1,1,OK,664.15,453.58,210.57,67,1,1,67.0,1.0,1.0,1.0,1.0,1.0,1.847607987534218,0.1454620758524925,0.9965350316933552,178.15239201246578,179.8545379241475,,,,,,,,,,,,,,,,,0.36493589113049973,,,,,,,,1.5764797889232347,-0.24253535214203611,0.6669722183905993,14.188334337373622,6.972900652406114,1.4904155172816198,0.7324693008843309,9.51971726867943,4.301162110288439,3.6461104598705605,,,,,,,,,,10.954049452553107,27.3499354090812,52.62602652468249,52.62602652468249,SAGITTAL,,1.0,0.10504513650737018,500.9848934890016,left,102.6156005859375,0.0,0.0,180.0,0.0,0.0,0.0,0.0,0.0,0.8300701738107393,1.0,0.0,0.0,0.0,0.0,0.0,120.43898191890538,59.561018081094616,180.0,0.6003798795314439,0.0,,,,,,,,,,,,,,,,,,,0.2831353988127818,BODY,0.8689,0.8689,0.5371,0.0971,0.7418,0.6038,0.2375,0.523,0.4318,SAMAPADHAM,CORRECT,,,,mean_knee_flexion_deg,0.9965350316933552,<= 5°,,False,2 parameter checks within range,1,0,0,0
DJI_20260917132124_0087_D.JPG,Cam 7,12,MUZHUMANDI,INCORRECT,KNEES_FACING_FORWARD,,rtmw_l_wholebody,coco_wholebody_133,1,1,OK,713.22,452.88,260.34,67,1,1,67.0,1.0,1.0,1.0,1.0,1.0,151.6880595543849,143.60935918951623,147.64870937195056,28.31194044561511,36.39064081048379,,,,,,,,,,,,,,,,,1.0511662211612485,,,,,,,,1.1785164679862683,1.2727961323022887,1.2256563001442786,2.0506098204207106,1.3199314442024206,0.3990151690347836,0.2568370945452221,5.139177604152566,1.9142777004908593,1.6124545853572536,,,,,,,,,,2.4195197851056895,0.9548281764557478,94.51807955775455,94.51807955775455,SAGITTAL,,1.0,0.1945836624116626,485.7451976507227,left,72.16800865038026,161.82887787039033,137.4219549065686,18.17112212960967,4.552512472515803,7.986664763383589,0.21488373324694687,0.24540581831138944,0.6446511997408406,0.9884069656651566,1.0843619420829391,1.2118500298879205,1.4052197496748697,0.5851299613583105,0.05488466092905053,174.57587130423954,128.37376548686765,51.626234513132346,77.94921298673393,0.2960468686505985,54.28807237254435,169.64259989250493,158.24721792170703,10.357400107495067,4.486076999051279,7.469449475764963,0.30398043174909356,0.44573750218897296,0.8530350081919337,1.2836570916295735,1.0708628948775951,1.1428379722752235,1.5733603790571755,0.6061178808695794,0.1321859240852028,176.3808304754358,135.43976348682014,44.56023651317986,77.25004020268685,0.30011047434895954,BODY,0.8838,0.0103,0.0239,0.8838,0.0,0.9115,0.5111,0.4101,0.3449,MUZHUMANDI,CORRECT,,,,trunk_inclination_deg,1.0511662211612485,<= 8°,,False,3 parameter checks within range,1,0,0,0
DJI_20260917132126_0088_D.JPG,Cam 7,12,MUZHUMANDI,INCORRECT,KNEES_FACING_FORWARD,,rtmw_l_wholebody,coco_wholebody_133,1,1,OK,923.49,718.52,204.97,67,1,1,66.0,1.0,1.0,1.0,1.0,1.0,151.98437287493556,139.8286044445586,145.90648865974708,28.01562712506444,40.17139555544139,,,,,,,,,,,,,,,,,1.3199483649340502,,,,,,,,1.3917490938826709,1.338217230321138,1.3649831621019044,2.435561649097611,1.6058647912818123,0.4192436525834267,0.2764243807589726,5.809418065340776,2.1250312534777303,1.74769454419228,,,,,,,,,,2.419514823482973,0.9391926362520228,83.06329926313624,83.06329926313624,SAGITTAL,,1.0,0.17213428070636552,482.54943130607086,left,60.363272767957206,167.4288134478396,153.18791903779652,12.571186552160412,6.4505659751538005,10.397968235546541,0.2510970911635472,0.4110308147881315,0.7133300719881737,1.1805971646207623,1.0825959683981745,1.1919877345563583,1.6009092161969072,0.6209500220888367,0.10123691042941663,175.00574158784667,147.85071749964746,32.14928250035254,79.72131091292334,0.29878638304165817,52.2722053429649,168.35016663102826,153.31042424808078,11.649833368971741,6.6560106541488055,8.953244743351503,0.2703468587746839,0.38727821348825087,0.7795379070384806,1.2478957730490223,1.116643205304784,,,,0.17143317139988468,177.22522518196752,132.21192532617513,47.788074673824866,77.42755217720958,0.2944125395218089,BODY,0.9011,0.0114,0.0264,0.9011,0.0,0.9765,0.5452,0.3222,0.2971,MUZHUMANDI,CORRECT,,,,trunk_inclination_deg,1.3199483649340502,<= 8°,,False,3 parameter checks within range,1,0,0,1
DJI_20260917132215_0089_D.JPG,Cam 7,13,MUZHUMANDI,INCORRECT,BACK_BENT_FORWARD,,rtmw_l_wholebody,coco_wholebody_133,1,1,OK,766.17,549.87,216.3,67,1,1,67.0,1.0,1.0,1.0,1.0,1.0,146.22169379025587,129.3224885367657,137.77209116351077,33.77830620974413,50.67751146323431,,,,,,,,,,,,,,,,,17.76486526363251,,,,,,,,5.082331973789249,4.2581622599872295,4.670247116888239,7.898209216620412,-1.6483154636091035,0.531633450738107,-0.11094915490203396,14.856494085642522,6.291644424178187,6.525687599148807,,,,,,,,,,11.154648922931758,9.162396045161136,30.56342971982949,30.56342971982949,SAGITTAL,,1.0,0.06731063158207769,454.0654128695977,left,58.943232741046536,168.53191859432883,162.18311374353635,11.468081405671171,3.1064696510490055,5.672119201547403,0.3434561531917841,0.3888107968541709,0.8893195056987717,1.2755920507597833,0.9597324229282161,1.5223310575100377,1.9044571855111967,0.762176442198557,0.024768607419733524,172.5725525024679,136.48180125783625,43.51819874216375,59.59462935563273,0.2756041980680753,57.70741592516061,170.0969051321975,162.0116227380206,9.903094867802508,3.2139905948640872,5.176058412346217,0.33369255829752054,0.3621730237021363,0.8826166802683386,1.266898188364419,0.9655452015193899,1.5598743845981464,1.9096734328855376,0.7721089166117642,0.03134162318885925,175.0404240848174,129.7603502660971,50.239649733902894,60.33692807677038,0.2812350226648097,BODY,0.9686,0.0194,0.0437,0.9686,0.0,0.9705,0.4992,0.3131,0.1719,MUZHUMANDI,INCORRECT,BACK_BENT_FORWARD,Back bent forward,CANONICAL,trunk_inclination_deg,17.76486526363251,<= 8°,,False,1 of 3 parameter checks out of range,1,1,1,0
DJI_20260917132217_0090_D.JPG,Cam 7,13,MUZHUMANDI,INCORRECT,BACK_BENT_FORWARD,,rtmw_l_wholebody,coco_wholebody_133,1,1,OK,610.49,450.9,159.59,67,1,1,67.0,1.0,1.0,1.0,1.0,1.0,146.5939339532206,124.17541376949092,135.38467386135576,33.406066046779394,55.82458623050909,,,,,,,,,,,,,,,,,18.93901196120552,,,,,,,,2.7073874808111493,2.1374181155446212,2.4224027981778855,4.203583873719338,-0.6056006995444714,0.5471180836361031,-0.0788220490270101,7.683138246468943,3.1283888339623664,2.53003045634611,,,,,,,,,,10.154273023434408,11.309943104900821,59.193148449694945,59.193148449694945,SAGITTAL,,1.0,0.1301551485761154,454.78914278276505,left,70.6183174466825,171.45230372793515,163.5747394917314,8.547696272064854,2.592262995693961,4.095259201039444,0.2759806662638075,0.3122128333917076,0.7288851146859958,1.0795888324589287,0.964693522970398,1.4023789534161526,1.7006699030495038,0.6907385226418075,0.0011332502815950551,176.23089904537375,129.57119082309993,50.428809176900074,63.83845695133358,0.267522885796694,57.23373389308088,169.9941530513073,162.29909928126187,10.005846948692692,3.056143936242963,5.603260386585483,0.3287248793886576,0.3451142755437523,0.8940291285177746,1.242462961288747,0.9924551335387711,1.5161508402462796,1.8364714715104467,0.7471263658760565,0.06858731474952018,174.63589734573452,130.6880495741649,49.31195042583511,63.09889983661587,0.2795254110343509,BODY,0.9751,0.0208,0.0467,0.9751,0.0,0.9844,0.4909,0.3352,0.242,MUZHUMANDI,INCORRECT,BACK_BENT_FORWARD,Back bent forward,CANONICAL,trunk_inclination_deg,18.93901196120552,<= 8°,,False,1 of 3 parameter checks out of range,1,1,1,0
DJI_20260917132241_0091_D.JPG,Cam 7,14,MUZHUMANDI,INCORRECT,FEET_APART_HEEL_DOWN,,rtmw_l_wholebody,coco_wholebody_133,1,1,OK,628.75,467.5,161.25,67,1,1,67.0,1.0,1.0,1.0,1.0,1.0,137.45255809702823,140.3966391796714,138.92459863834983,42.54744190297177,39.60336082032859,,,,,,,,,,,,,,,,,10.472036633004334,,,,,,,,6.798884136242446,0.9486930334966158,3.873788584869531,8.142840857537365,3.320390215602455,0.48002042588448984,0.19573698581138826,16.96352992173884,7.945109187880696,4.218990425913561,,,,,,,,,,15.124000758685252,13.851378733162754,27.585236689833195,27.585236689833195,SAGITTAL,,1.0,0.058949994760141025,467.94298798623345,left,78.6993307994337,169.93597193177936,159.3460077486543,10.064028068220637,6.4900504436971955,17.285850265265854,0.3832286120689468,0.5737921606821046,0.9808983651793706,1.044932837751546,0.8971952627138234,1.0827440861766136,1.6064547073089466,0.6094148259752646,-0.021733029923368008,176.02509067439462,165.81434024858777,14.185659751412231,72.45866884147141,0.28386083750969743,72.88107500653939,170.33331323990814,161.61539638980037,9.666686760091864,6.576691629441759,19.19498719926963,0.43004612976143575,0.65234952530825,1.1117586302642206,1.1205675022851103,0.9265626078823374,1.1117593149185236,1.7030336894053124,0.6420764346954053,0.013960212097728908,175.24414493525398,152.5296205654609,27.470379434539097,71.2220049379578,0.2869335755308937,BODY,0.9473,0.0153,0.0349,0.9473,0.0,0.988,0.6014,0.3687,0.2963,MUZHUMANDI,CORRECT,,,,trunk_inclination_deg,10.472036633004334,<= 8°,,True,3 parameter checks within range,1,0,0,0
DJI_20260917132243_0092_D.JPG,Cam 7,14,MUZHUMANDI,INCORRECT,FEET_APART_HEEL_DOWN,,rtmw_l_wholebody,coco_wholebody_133,1,1,OK,624.43,430.53,193.9,67,1,1,67.0,1.0,1.0,1.0,1.0,1.0,137.77916143215646,134.15910189444764,135.96913166330205,42.22083856784355,45.84089810555234,,,,,,,,,,,,,,,,,9.642636000323664,,,,,,,,8.2000276358019,3.2000164923375984,5.700022064069749,11.000032316055169,4.000006686076098,0.5264362094884623,0.1914311064952916,20.895280601507054,9.929787654977714,5.122523615169877,,,,,,,,,,12.938043027223914,12.200455360895878,21.90883789067941,21.90883789067941,SAGITTAL,,1.0,0.04785769662877252,457.79131537867625,right,75.56676102735148,170.9726842128183,162.34989865107758,9.027315787181692,5.640835976710778,16.011566986177797,0.39754092037938005,0.5799249319900011,1.0335668092458434,1.0901634686907966,0.9125603384176075,1.147466258283974,1.6719387959535086,0.6385786816259963,-0.014167790285218862,176.0403705932271,163.67861186333647,16.32138813666353,72.56237038956077,0.26388406452814833,77.70639316298967,171.80400761692567,164.9315241462732,8.195992383074326,7.000082646621487,17.61448467394389,0.39789747849778917,0.5844518906544833,1.0243051969665191,1.070830786704573,0.9125203762691405,1.0781239614669071,1.6074424753540975,0.6100633135858208,-0.004708046719419157,176.659191224269,158.7754339586286,21.22456604137139,74.34415621451251,0.2680976767425465,BODY,0.968,0.019,0.0428,0.968,0.0,0.9951,0.5994,0.356,0.2958,MUZHUMANDI,CORRECT,,,,trunk_inclination_deg,9.642636000323664,<= 8°,,True,3 parameter checks within range,1,0,0,0
DJI_20260917132313_0093_D.JPG,Cam 7,15,SWASTIKAPADAM,INCORRECT,OVERCROSSING_SHINS,RIGHT,rtmw_l_wholebody,coco_wholebody_133,1,1,OK,646.52,428.52,218.0,67,1,1,67.0,1.0,1.0,1.0,1.0,1.0,56.58620993010456,31.89079824610124,44.2385040881029,123.41379006989544,148.10920175389876,,,,,,,,,,,,,,,,,2.476109176224327,,,,,,,,1.909095804836017,2.3636383219344066,2.1363670633852117,9.18183531692606,4.0000071804261585,1.0908724208524176,0.4752315158925514,8.416965303560694,3.038332906853989,2.3914467672436976,,,,,,,,,,2.544814416615578,6.072502999005759,68.001708984375,68.001708984375,SAGITTAL,,1.0,0.1188076657007202,572.368025104316,left,77.24155857300462,169.0455926610794,165.443386605061,10.95440733892059,6.007179062030299,13.698799528258164,0.15845891298442724,0.21354623597510294,0.46914792757056084,0.9551259505426881,1.1521991567641954,0.8843685853203184,1.0149152664771617,0.4251265183536289,0.173702866420403,172.2771613750461,79.4242868673678,100.5757131326322,79.54372800641666,0.38965275922391107,59.244715622458365,168.74140221775303,166.34208065427651,11.258597782246966,9.811836439990365,11.550253603546258,0.22202605396685557,0.44892738114560127,0.6429362423565128,1.2239621021966558,1.1504389781055822,1.0674144710702749,1.1429752174980943,0.4913563691387474,0.24785663886068776,169.21407037096077,133.7396270619063,46.260372938093695,74.35778082656076,0.38809288476121323,BODY,0.8161,0.1781,0.8161,0.3471,0.491,0.9443,0.4911,0.4053,0.5747,ARAMANDI,CORRECT,,,,mean_knee_flexion_deg,44.2385040881029,30-45°,,False,2 parameter checks within range,0,0,0,0
DJI_20260917132315_0094_D.JPG,Cam 7,15,SWASTIKAPADAM,INCORRECT,OVERCROSSING_SHINS,RIGHT,rtmw_l_wholebody,coco_wholebody_133,1,1,OK,631.57,467.76,163.81,67,1,1,67.0,1.0,1.0,1.0,1.0,1.0,55.787686220823545,33.38853310064317,44.58810966073336,124.21231377917645,146.61146689935683,,,,,,,,,,,,,,,,,2.4366589657839373,,,,,,,,1.8181792112639705,2.1818136197119484,1.9999964154879595,9.090906809855975,4.045455197184007,1.0628675594076455,0.4729762588108702,8.55318871047536,2.982036763869905,2.2727209314061394,,,,,,,,,,0.0,0.0,68.10986328125,68.10986328125,SAGITTAL,,1.0,0.11691546087078242,582.5565136892078,right,66.2300396531024,168.54532460743764,162.74670722043646,11.454675392562365,6.623899753828604,13.289491232618284,0.20241418669291697,0.33171551931835414,0.6032570827628998,1.102635514834128,1.179061955124284,1.089701489096573,1.410622246889345,0.5569346764618226,0.22980677576671993,172.44649635781,87.19850870850415,92.80149129149585,81.06591358443893,0.40441963054721414,80.83405921490701,169.1404233470596,164.6128580406071,10.859576652940405,5.692193185871633,14.801460963674812,0.1737911871733304,0.2321187020340508,0.513187398844102,0.8953188692073568,1.2019203111131218,0.6133487163376112,0.7832195438844982,0.3147930816190489,0.22714741126277982,172.29754562585666,129.8358972618417,50.164102738158306,82.16444107874273,0.40363133189320577,BODY,0.7998,0.1658,0.7998,0.3643,0.4818,0.9134,0.4843,0.488,0.7802,ARAMANDI,CORRECT,,,,mean_knee_flexion_deg,44.58810966073336,30-45°,,False,2 parameter checks within range,0,0,0,0
DJI_20260917132330_0095_D.JPG,Cam 7,16,SWASTIKAPADAM,INCORRECT,OVERCROSSING_SHINS,LEFT,rtmw_l_wholebody,coco_wholebody_133,1,1,OK,626.36,457.4,168.96,67,1,1,66.0,1.0,1.0,1.0,1.0,1.0,36.644615566024015,65.06326130889592,50.853938437459966,143.35538443397598,114.93673869110408,,,,,,,,,,,,,,,,,1.484170133993938e-05,,,,,,,,-0.7276011524449578,0.3638005762224789,-0.18190028811123946,11.944853856289186,5.15387051137018,1.2085891858972841,0.5214724466701842,9.88330360363191,3.4725710574357507,1.6179083436323536,,,,,,,,,,1.2188850870614816,17.525540952077307,47.68116567321473,47.68116567321473,SAGITTAL,,1.0,0.10118074280673929,471.2474365234533,left,92.33829222766353,154.5639686394462,136.2723481214847,25.436031360553812,6.7153755684248075,8.790127412170255,0.22278177954364495,0.3148398854082382,0.03866556781445839,1.5267246068016225,0.9966039033900798,0.5468266823442544,0.23198679693601618,0.19148145950055392,-0.009997383065287302,155.28147948732897,57.91176485676109,122.0882351432389,140.1539006120932,0.9673396350019194,50.262136390168195,172.9775766337556,172.53918000295297,7.0224233662443964,6.169590655741395,9.930072209264042,0.07926785122206848,0.09791925319628322,0.04196504727363901,1.213212600324359,0.9667940928381725,0.9237819950869557,0.9185777018305628,0.4114185480853377,-0.020095042397483054,173.1069021677239,112.31751719224967,67.68248280775033,39.70289349932743,0.7348654654795984,MUDRA,0.7655,0.2057,0.8214,0.2954,0.3279,0.7655,0.4373,0.5282,0.4948,PATAKA,CORRECT,,,,mean_interfinger_spread_deg,6.7153755684248075,<= 10°,,True,3 parameter checks within range,0,0,0,1
DJI_20260917132332_0096_D.JPG,Cam 7,16,SWASTIKAPADAM,INCORRECT,OVERCROSSING_SHINS,LEFT,rtmw_l_wholebody,coco_wholebody_133,1,1,OK,592.57,407.8,184.77,67,1,1,60.0,1.0,1.0,1.0,0.0,1.0,28.113237598721213,22.990083794446207,25.55166069658371,151.8867624012788,157.0099162055538,,,,,,,,,,,,,,,,,3.301877628502323,,,,,,,,-2.8460096206204644,1.8973397470803097,-0.4743349367700773,33.51972032570851,14.862510347391177,1.3567189720023405,0.6015637828702705,24.70645801925934,9.300423050662248,4.816577898882892,,,,,,,,,,3.9004912412456765,4.184908928809689,18.18618470774569,18.18618470774569,SAGITTAL,,1.0,0.04047524737137446,449.3162090124151,right,,,,,,,,,,,,,,,,,,,,1.0416376013494608,20.5655517578125,90.0,90.0,90.0,120.0,180.0,3.3714225226989885,5.028562440272329,0.057142687552308086,2.7928522671288585,2.144736566353774,0.2000023742676868,5.228564814540015,2.27936161218052,0.5571420939853886,90.0,106.98763186104809,73.01236813895191,90.0,0.3531144236448046,BODY,0.9428,0.534,0.8413,0.1664,0.9428,0.0542,0.0097,0.2656,0.5572,SWASTIKAPADAM,CORRECT,,,,mean_knee_flexion_deg,25.55166069658371,30-45°,,True,2 parameter checks within range,1,0,0,7
DJI_20260917132404_0097_D.JPG,Cam 7,17,SWASTIKAPADAM,INCORRECT,INSUFFICIENT_ARAMANDI,RIGHT,rtmw_l_wholebody,coco_wholebody_133,1,1,OK,600.21,429.19,171.02,67,1,1,64.0,1.0,1.0,1.0,1.0,1.0,12.225112230957535,11.248998208198032,11.737055219577783,167.77488776904246,168.75100179180197,,,,,,,,,,,,,,,,,2.1885895595818825,,,,,,,,2.4961500686169145,3.6055195156123276,3.050834792114621,31.201727645360464,15.80886927066731,1.4320764354212334,0.7255851153660041,21.787752995309038,7.630878528588543,4.094989052941112,,,,,,,,,,7.352430845595353,0.0,23.06129501135953,23.06129501135953,SAGITTAL,,1.0,0.04589734426562036,502.45379945945393,left,78.00144007781263,169.3050532745214,163.19386489529796,10.694946725478587,8.802839349348963,17.07307500096641,0.1403920785767037,0.2302826076034273,0.3094192048221491,0.9261611730218597,1.0777683087968228,,,,0.16187588272009523,174.7166801362194,88.31573751226304,91.68426248773696,89.77798526712905,0.3216215615441435,72.1519697003161,169.11744956492578,163.1553131964058,10.882550435074222,9.453747819223903,20.514701565211183,0.1720802664296804,0.26302496763569205,0.3190541637883927,1.0026189810108996,1.0644143412113478,,,,0.1772750477852909,174.6257151966729,110.25502559398048,69.74497440601952,87.7395477935548,0.32018865228184007,BODY,0.9603,0.8343,0.6554,0.1232,0.9603,0.9419,0.5058,0.4422,0.6011,SWASTIKAPADAM,INCORRECT,INSUFFICIENT_ARAMANDI,Insufficient Aramandi,CANONICAL,mean_knee_flexion_deg,11.737055219577783,30-45°,,False,1 of 2 parameter checks out of range,1,1,1,3
DJI_20260917132406_0098_D.JPG,Cam 7,17,SWASTIKAPADAM,INCORRECT,INSUFFICIENT_ARAMANDI,RIGHT,rtmw_l_wholebody,coco_wholebody_133,1,1,OK,579.62,416.29,163.33,67,1,1,67.0,1.0,1.0,1.0,1.0,1.0,28.474254934259193,19.24843331619971,23.86134412522945,151.5257450657408,160.7515666838003,,,,,,,,,,,,,,,,,1.3963185047783246e-05,,,,,,,,1.6564708559355983,2.3190626215836647,1.9877667387596314,12.202668210816345,5.908078530351844,1.3899366516983531,0.6729556805592114,8.779298103914302,3.8030780339334793,4.891502194962126,,,,,,,,,,0.0,19.358969635693605,57.054302358443906,57.054302358443906,SAGITTAL,,1.0,0.11390432220932833,500.8967285156399,left,80.0136416237289,167.34541773850464,164.08886327076152,12.654582261495364,9.042770809807383,21.626830596183854,0.17226698746978977,0.270785527215207,0.31057255259697564,0.9456080027783155,1.026697963972034,1.3131735241378677,1.5683773188243604,0.6415429598588638,0.13083089556814742,169.86039212071574,88.10745673351782,91.89254326648218,92.29061702997218,0.3520017566152006,77.85413184857188,170.01758285597893,166.4233707344705,9.98241714402107,8.79547651149559,20.762839035978537,0.1626357917818461,0.2541547548004767,0.30314687869115325,0.9355040542786797,1.0309272469038822,1.2645504455625818,1.504297574315516,0.6163784979378056,0.12634075637654862,172.77809837866374,147.9896503397469,32.0103496602531,91.51535278178915,0.3489006289013789,BODY,0.9651,0.5852,0.829,0.1489,0.9651,0.9439,0.5259,0.3813,0.365,SWASTIKAPADAM,INCORRECT,INSUFFICIENT_ARAMANDI,Insufficient Aramandi,CANONICAL,mean_knee_flexion_deg,23.86134412522945,30-45°,,False,1 of 2 parameter checks out of range,1,1,1,0
DJI_20260917132414_0099_D.JPG,Cam 7,18,SWASTIKAPADAM,INCORRECT,INSUFFICIENT_ARAMANDI,LEFT,rtmw_l_wholebody,coco_wholebody_133,1,1,OK,623.51,432.95,190.56,67,1,1,67.0,1.0,1.0,1.0,1.0,1.0,36.88746073044942,7.744352357553737,22.315906544001578,143.11253926955058,172.25564764244626,,,,,,,,,,,,,,,,,0.0,,,,,,,,1.8571262036324636,-0.28571262036324635,0.7857067916346087,15.357030029609941,7.071375696533072,1.360759536165536,0.6265822163734475,11.285631018162318,2.3430112986050604,4.152667652635316,,,,,,,,,,4.289220163160941,11.88862393452486,41.8857421875,41.8857421875,SAGITTAL,,1.0,0.08860824870055284,472.70703125,right,32.86048257428607,160.13183774418306,145.86533828236577,19.86816225581694,8.16361315900025,16.888216954980862,0.6054897932856099,1.1129287627019289,1.2249466343316866,1.9432943067085253,1.126350810299054,1.3280115920290423,2.3824204968615663,0.8600008599694023,0.6144819242135469,169.96306886935395,114.37150459441717,65.62849540558283,85.45615523083102,0.39863046738780133,56.65007942586383,164.7829859584937,158.2029700009569,15.217014041506303,6.409700702683797,14.048353734652903,0.24190189608954824,0.49273433153266954,0.5419177758090338,1.2380695354681608,1.0879105094793073,0.6358389313153939,1.1001472975186597,0.39993563159207735,0.2556374959709471,169.1448713865197,139.74955168702755,40.25044831297245,86.22774346626512,0.4004605910108831,BODY,0.9809,0.6048,0.7959,0.1617,0.9809,0.9148,0.569,0.3749,0.6791,SWASTIKAPADAM,INCORRECT,INSUFFICIENT_ARAMANDI,Insufficient Aramandi,CANONICAL,mean_knee_flexion_deg,22.315906544001578,30-45°,,False,1 of 2 parameter checks out of range,1,1,1,0
DJI_20260917132415_0100_D.JPG,Cam 7,18,SWASTIKAPADAM,INCORRECT,INSUFFICIENT_ARAMANDI,LEFT,rtmw_l_wholebody,coco_wholebody_133,1,1,OK,622.07,405.91,216.16,67,1,1,67.0,1.0,1.0,1.0,1.0,1.0,25.69939774034455,18.076061287175662,21.887729513760107,154.30060225965545,161.92393871282434,,,,,,,,,,,,,,,,,0.35809875075439546,,,,,,,,-0.8220000586662878,0.16440813399594983,-0.32879596233516895,18.330511963368604,8.959759351293851,1.3937231579312468,0.6812370610457553,13.152190131200259,6.1380588494044375,7.071085672801329,,,,,,,,,,9.246136359946025,11.592214106015264,36.06984421705126,36.06984421705126,SAGITTAL,,1.0,0.07603296409377111,474.39744914543235,right,36.82200154433544,168.0955737749626,161.94476458990212,11.904426225037412,5.075786048032115,14.955538895205484,0.4532482349469162,0.7670715851083406,0.818099951141394,1.9130776955664894,1.0179464789171155,0.6731567383251303,1.3776816329698618,0.5093804768338821,0.32430668586273814,172.35841919807467,122.15814007867452,57.84185992132548,74.1046723467744,0.38027551312387675,43.3930087020314,163.27132843846343,152.8801081484607,16.728671561536572,6.47993655035273,14.911778070185493,0.34564113762144805,0.7490054695725664,0.708017573942443,1.6517362084049347,1.062315553799243,0.590688839245062,1.299540646425733,0.4748894611396606,0.3059466325892908,168.90378822522808,133.8722393687942,46.1277606312058,78.84527344316079,0.38499881562115273,BODY,0.9845,0.6296,0.8008,0.1456,0.9845,0.7644,0.5523,0.3587,0.6263,SWASTIKAPADAM,INCORRECT,INSUFFICIENT_ARAMANDI,Insufficient Aramandi,CANONICAL,mean_knee_flexion_deg,21.887729513760107,30-45°,,False,1 of 2 parameter checks out of range,1,1,1,0
DJI_20260917132812_0102_D.JPG,Cam 7,19,PATAKA,INCORRECT,ELBOWS_NOT_ALIGNED,,rtmw_l_wholebody,coco_wholebody_133,1,1,OK,597.07,394.45,202.62,67,1,1,66.0,1.0,1.0,1.0,1.0,0.0,2.914134301497853,2.9953092701344133,2.954721785816133,177.08586569850215,177.0046907298656,,,,,,,,,,,,,,,,,0.7489243743000328,,,,,,,,0.0,0.0,0.0,6.5154537226803,3.312942216910767,1.5423525319305982,0.7842469663478898,4.2243608953166865,1.7669039078639919,1.7116859419591572,,,,,,,,,,7.495887141947033,8.746141386467555,116.91061596466331,116.91061596466331,SAGITTAL,,1.0,0.23672219887951435,493.8726343285104,left,114.34216525082647,171.7481612714042,170.92368286227574,8.2518387285958,1.7414208060670038,2.6473361877431834,0.15906165998462587,0.26473071677405374,0.05793522201858583,0.9457246357378497,0.8088078339239753,1.0699199711663083,1.276793563587693,0.5215216806315257,-0.027307876220123428,171.81180647116975,153.29975394122417,26.700246058775832,11.659272684798356,0.9207078318117297,,,,,,,,,,,,,,,,,,,,,MUDRA,0.9554,0.9081,0.5642,0.0795,0.7915,0.9554,0.4683,0.4076,0.3695,PATAKA,CORRECT,,,,mean_interfinger_spread_deg,1.7414208060670038,<= 10°,,False,3 parameter checks within range,1,0,0,1
DJI_20260917132815_0103_D.JPG,Cam 7,19,PATAKA,INCORRECT,ELBOWS_NOT_ALIGNED,,rtmw_l_wholebody,coco_wholebody_133,1,1,OK,554.97,405.56,149.41,67,1,1,67.0,1.0,1.0,1.0,1.0,1.0,2.9108620266947867,6.030251296014626,4.470556661354706,177.0891379733052,173.96974870398537,,,,,,,,,,,,,,,,,1.4154480362134632e-05,,,,,,,,0.18605105605541583,0.06201780005112935,0.12403442805327258,7.287035247656365,3.69003097386653,1.5359476171535813,0.777777805226897,4.74432537039297,1.808099812475772,1.92353542844245,,,,,,,,,,15.124001411416199,14.036243467926479,104.15120353027383,104.15120353027383,SAGITTAL,,1.0,0.21077812374347554,494.12719726564006,left,108.18472584126748,172.5135712103546,171.88887257028074,7.486428789645402,0.5985109321264636,0.8547546074434395,0.07856321828642819,0.23067526429230242,0.23083868518646514,0.9750467670395684,0.782160028896218,1.2016178848556571,1.2016178848556571,0.5340523932691811,-0.11175833280322311,172.95320234328634,156.30498899671719,23.695011003282815,10.690203271440076,0.9148383478799788,101.84741284004058,166.85123062535473,164.6200358771776,13.14876937464527,0.5382015909741459,0.8901104788539814,0.13606555920042182,0.18114969979865508,0.35489840413310275,1.211200187819436,0.7754276003327636,1.208421694965871,1.2098185948075388,0.5377740866484368,-0.26525875694235435,165.68309056739056,175.2546110931284,4.745388906871597,10.75801431425166,0.9202477093003729,MUDRA,0.9474,0.9131,0.5802,0.0819,0.8277,0.9474,0.4553,0.3612,0.3176,PATAKA,CORRECT,,,,mean_interfinger_spread_deg,0.5985109321264636,<= 10°,,False,3 parameter checks within range,1,0,0,0
DJI_20260917132844_0104_D.JPG,Cam 7,20,ALAPADMA,INCORRECT,ELBOWS_NOT_ALIGNED,,rtmw_l_wholebody,coco_wholebody_133,1,1,OK,568.43,424.49,143.94,67,1,1,66.0,1.0,1.0,1.0,1.0,1.0,1.9749210369842558,5.003908187918228,3.4894146124512417,178.02507896301574,174.99609181208177,,,,,,,,,,,,,,,,,1.0946894399983218,,,,,,,,0.11930716391031794,0.23861887736166357,0.17896302063599076,6.9199940762837775,3.4898255351973537,1.4774363175377419,0.7450866186781571,4.683785009303457,2.091335871980283,1.8646421801013204,,,,,,,,,,16.389495107188733,13.448641421694907,107.32538667690703,107.32538667690703,SAGITTAL,,1.0,0.21350254078991418,502.68903723499415,left,100.06992746775383,171.08195152351055,162.3277763131826,8.918048476489446,41.2809296042401,44.398237298756605,0.7934400868285145,0.8315142138850616,1.81172376633008,1.0867722968324331,0.7179351827578202,1.1739844196338698,1.0882535036504497,0.5761826447859096,-0.2765003533995716,172.2913307592351,158.8486840138795,21.151315986120494,64.3977651760858,0.921882258522045,87.84301078131502,141.90080820901915,125.65614787563399,38.09919179098085,135.9335005193155,135.9335005193155,1.3244664169245517,1.3244664169245517,2.3199024107420296,1.163101208521934,0.6558963535666352,1.2009589456354892,,,-1.181048901571982,134.2549863210745,65.68865107423701,114.31134892576299,112.77037256423499,1.0624804809287811,MUDRA,0.923,0.8835,0.5601,0.1024,0.8045,0.7245,0.923,0.2518,0.2421,ALAPADMA,CORRECT,,,,mean_interfinger_spread_deg,41.2809296042401,>= 12°,,True,2 parameter checks within range,1,0,0,1
DJI_20260917132846_0105_D.JPG,Cam 7,20,ALAPADMA,INCORRECT,ELBOWS_NOT_ALIGNED,,rtmw_l_wholebody,coco_wholebody_133,1,1,OK,604.14,404.5,199.64,67,1,1,67.0,1.0,1.0,1.0,1.0,1.0,2.9298018637843484,4.80168112186729,3.865741492825819,177.07019813621565,175.1983188781327,,,,,,,,,,,,,,,,,0.7345274727811957,,,,,,,,-0.05726037545217929,0.05726037545217929,0.0,6.69940410947598,3.2924400478741105,1.4998764953759502,0.737118310754822,4.466637173213883,2.062149076527069,1.833211270432011,,,,,,,,,,12.52879490574553,15.255106145868604,112.2374375254887,112.2374375254887,SAGITTAL,,1.0,0.22388207531091434,501.3239106776186,right,95.72716065063246,169.3228513848756,162.1733219057051,10.677148615124395,42.32387984455426,48.09716080017189,0.8293019076900178,0.8757897873723998,1.9023735322980948,1.16572410066824,0.7469277141648224,1.2239929770705724,1.1465001329433173,0.6007275532898918,-0.2585116264047542,170.81253861569644,159.03299239658568,20.967007603414316,64.27746539631299,0.9102203921716979,97.40575905666353,170.16012783030476,163.14506028971098,9.83987216969524,43.22636743968233,48.19907970688214,0.8255563977829047,0.8897996995527233,1.9027779024920857,1.145792710808065,0.7657753171177245,1.2139175205524073,1.1039836359352146,0.5869870565012921,-0.21945566243731562,171.38875319402194,117.192200792276,62.807799207724,68.91229259273209,0.9140604441266887,MUDRA,0.9432,0.8953,0.5684,0.0941,0.8135,0.7338,0.9432,0.2686,0.2207,ALAPADMA,CORRECT,,,,mean_interfinger_spread_deg,43.22636743968233,>= 12°,,True,2 parameter checks within range,1,0,0,0
DJI_20260917132914_0106_D.JPG,Cam 7,21,ALAPADMA,CORRECT,,,rtmw_l_wholebody,coco_wholebody_133,1,1,OK,727.55,419.81,307.74,67,1,1,67.0,1.0,1.0,1.0,1.0,1.0,4.63061984305736,5.806718221702454,5.218669032379907,175.36938015694264,174.19328177829755,,,,,,,,,,,,,,,,,1.0741693168922637,,,,,,,,-0.3535651693641865,-0.1767758539535693,-0.2651705116588779,21.390171115072675,10.695083874854207,1.5122347485019705,0.7561172552893194,14.14474249865103,6.197329538251955,6.013058851199359,,,,,,,,,,63.43494882292201,27.897303458693575,36.27254080008099,36.27254080008099,SAGITTAL,,1.0,0.07069764614628855,513.065749388959,right,46.01783876161897,144.70007945870825,132.5933436558329,35.299920541291755,23.811874664613928,29.374498757819605,0.6462097912308783,0.9719198153956717,1.529385921023944,1.3650274818978414,0.344526368644379,2.3247579004341272,2.7657359720482235,1.1855137697955112,-0.660750522100449,140.59195163090055,127.91336739269443,52.086632607305575,145.79451330759613,0.7896670622223252,61.416224200573446,148.3937281352978,124.10989435022333,31.606271864702194,34.3176034987676,60.132335907819254,0.7697456500497685,1.5344357513650217,1.9279531585025536,1.2951599249270802,0.43600795567949546,1.2838903650379516,0.8730028925400808,0.5146662104242137,-0.466195043524688,131.53633385394699,171.5770834631791,8.422916536820907,85.73739169871416,0.5966972026987651,BODY,0.905,0.905,0.5858,0.09,0.8447,0.4769,0.7613,0.2485,0.2032,SAMAPADHAM,CORRECT,,,,mean_knee_flexion_deg,5.218669032379907,<= 5°,,True,2 parameter checks within range,0,1,0,0
DJI_20260917132916_0107_D.JPG,Cam 7,21,ALAPADMA,CORRECT,,,rtmw_l_wholebody,coco_wholebody_133,1,1,OK,668.41,419.06,249.35,67,1,1,66.0,1.0,1.0,1.0,1.0,1.0,2.8155479339732494,6.766153248549472,4.790850591261361,177.18445206602675,173.23384675145053,,,,,,,,,,,,,,,,,3.667789480243721,,,,,,,,-0.3487416634171444,0.0,-0.1743708317085722,14.124081515143983,7.149226173426277,1.5545013086340442,0.7868463114147225,9.085924493402295,4.083584655211565,3.836171541613479,,,,,,,,,,68.19860123232971,24.341098128283125,55.30206119774985,55.30206119774985,SAGITTAL,,1.0,0.1100603467182834,502.47035237226805,right,56.800465404596984,112.14066341614789,78.15901091371752,67.85933658385211,122.01291777690221,152.56267491035936,1.588365844303069,2.1747609367086724,2.2179747159968066,1.015827652567896,0.5108778568329007,2.819257427840196,1.477952049509411,1.242218120437757,-0.14879740713096412,84.07950545685875,172.50422168438467,7.4957783156153255,110.8011048560665,0.7681911665244668,85.29046020096784,102.5537736732397,54.423405736839996,77.4462263267603,41.79505496890986,92.34395643992819,0.3889552496452027,0.8416675924761328,1.1638100455666187,0.6307618693292953,0.2963881318414319,1.3155467853056309,1.317311721126959,0.5850977571982752,-0.7760952308112615,64.10428299976124,89.7189060646829,90.2810939353171,112.39759083059428,0.8197466268809394,MUDRA,0.6854,0.9216,0.5856,0.076,0.8351,0.162,0.6854,0.4471,0.2538,ALAPADMA,INCORRECT,PALM_NOT_OPEN,Palm not fully opened,SECONDARY,palm_opening_norm,0.6307618693292953,>= 1.3,,False,1 of 2 parameter checks out of range,1,0,0,1
DJI_20260917132941_0108_D.JPG,Cam 7,22,MUSHTI,CORRECT,,,rtmw_l_wholebody,coco_wholebody_133,1,1,OK,845.09,646.65,198.44,67,1,1,67.0,1.0,1.0,1.0,1.0,1.0,3.817209356793853,0.13565234739047582,1.9764308520921645,176.18279064320615,179.86434765260952,,,,,,,,,,,,,,,,,1.4410982610106768,,,,,,,,0.4242691119918807,0.2828424978627174,0.3535558049272991,16.687715421697032,8.273148427682289,1.4838069172744206,0.7356162634863898,11.246554539825446,4.827004163452455,4.393178547964199,,,,,,,,,,69.90473915679989,34.87532834460218,45.50449655198907,45.50449655198907,SAGITTAL,,1.0,0.0889161206179969,511.768802279244,right,68.10570874099412,131.55275900629692,90.0,48.447240993703076,15.477405852619201,27.612989886949318,0.2071277050069563,0.26000504477705755,0.6172765766870566,0.31118688745706563,0.7563613005390707,0.41637901741514965,0.5991453188713605,0.2415232866119759,-0.1643403165811711,143.05542658716223,98.76770494665753,81.23229505334247,78.81246932356515,0.7341450333446798,69.340966451166,169.26237503177236,141.69640970075352,10.737624968227635,26.968565385203874,65.72553332556002,0.32555348554497143,0.5633530971728637,0.8666687792143398,0.4425404203979976,0.8346362493109855,0.03028301483371797,0.2792702374245156,0.11739054667006962,-0.2066468180754516,158.52475006354476,130.76274785643446,49.23725214356554,87.87891853614238,0.691367490406224,MUDRA,0.667,0.8755,0.5455,0.0997,0.767,0.667,0.6173,0.6326,0.3897,PATAKA,INCORRECT,FINGERS_TOO_FAR_APART,Fingers too far apart,CANONICAL,mean_interfinger_spread_deg,26.968565385203874,<= 10°,,True,1 of 3 parameter checks out of range,0,0,0,0
DJI_20260917132943_0109_D.JPG,Cam 7,22,MUSHTI,CORRECT,,,rtmw_l_wholebody,coco_wholebody_133,1,1,OK,579.0,403.4,175.6,67,1,1,58.0,1.0,1.0,1.0,0.0,1.0,4.771562498057563,3.939385962801765,4.355474230429664,175.22843750194244,176.06061403719823,,,,,,,,,,,,,,,,,1.357525915445761e-05,,,,,,,,0.0,0.0,0.0,20.236879894704952,10.118438322001843,1.4749998993034468,0.7374998311852389,13.719919509324445,5.6594644002039916,5.487970404290635,,,,,,,,,,67.96372650855508,31.42958757931323,37.55199342082878,37.55199342082878,SAGITTAL,,1.0,0.07288672497826039,515.2103271484519,right,64.66212414619125,,,,,,0.2777093333653303,0.2777093333653303,0.0,0.4607333401947933,1.1335297853853914,0.0,,,-0.058899989707810074,,171.31061399263436,8.689386007365641,130.68688572023325,0.802864543289171,24.452392578125,58.44830679555453,1.0090301109386213,121.55169320444547,60.0,180.0,0.09259129832829126,0.11111055642641053,0.055552782132052676,1.5819428497259338,0.9825162484523414,0.5,0.5833341653603842,0.24074092563564198,0.06944097766506596,24.769487016116415,75.20660697355703,104.79339302644297,90.0,0.7687501051389835,MUDRA,0.5569,0.8864,0.5692,0.1035,0.825,0.3215,0.4314,0.4177,0.5569,KATAKAMUKHA,INCORRECT,FINGERS_BENT,Fingers bent,CANONICAL,ring_pinky_straightness_deg,24.769487016116415,>= 160°,,True,1 of 3 parameter checks out of range,0,0,0,9
DJI_20260917132958_0110_D.JPG,Cam 7,23,KATAKAMUKHA,CORRECT,,,rtmw_l_wholebody,coco_wholebody_133,1,1,OK,564.74,404.19,160.55,67,1,1,67.0,1.0,1.0,1.0,1.0,1.0,0.03127633002679886,6.589488207799917,3.310382268913358,179.9687236699732,173.41051179220008,,,,,,,,,,,,,,,,,1.8011542607053619,,,,,,,,0.13130788936874546,0.2626157787374909,0.19696183405311818,15.625452487399203,7.681417112014313,1.4961153971507635,0.7354850313928293,10.4440155600007,4.597601899840206,4.078962619583356,,,,,,,,,,69.14554410730176,33.690006872836506,49.13011629395316,49.13011629395316,SAGITTAL,,1.0,0.0957486126150441,513.1156990386908,right,67.59745201638249,77.84803252820352,0.0,102.15196747179648,55.250017215726764,82.87502582359015,0.45203859101604466,0.678057886524067,0.0,0.5774342281387677,1.0160282246586105,0.996467182842933,0.45166506907776977,0.4014177699828643,0.013827460888872989,90.0,43.778382845838095,136.2216171541619,8.53790515519932,0.7446476375254995,71.38938461314868,161.77228209167447,153.7664551583394,18.22771790832553,6.65884335239825,10.217947063586706,0.15924081670992363,0.1906659653774179,0.37977701742861086,0.9687597785561244,1.0012955855750008,0.9090159196315757,1.0212561559611668,0.4326430244550974,0.07528775748318017,162.7291504117024,94.12758379104989,85.87241620895011,9.134104414459683,0.6056041467828023,BODY,0.8907,0.8907,0.5617,0.0954,0.8002,0.9085,0.5097,0.4574,0.499,SAMAPADHAM,CORRECT,,,,mean_knee_flexion_deg,3.310382268913358,<= 5°,,False,2 parameter checks within range,0,1,0,0
DJI_20260917133000_0111_D.JPG,Cam 7,23,KATAKAMUKHA,CORRECT,,,rtmw_l_wholebody,coco_wholebody_133,1,1,OK,561.24,399.02,162.22,67,1,1,67.0,1.0,1.0,1.0,1.0,1.0,1.8607513070714106,3.6935222331071316,2.777136770089271,178.1392486929286,176.30647776689287,,,,,,,,,,,,,,,,,1.4782577537473267,,,,,,,,-0.10541538073337703,-0.10540739108802813,-0.10541138591070258,12.59642891661384,6.21915791628523,1.541422220141854,0.7610369785113794,8.171952338571204,3.480104750957719,3.3747509822518316,,,,,,,,,,72.03085164884737,25.866343878680116,61.114258352815376,61.114258352815376,SAGITTAL,,1.0,0.12236977879570471,499.42280646633435,right,60.79084493593206,85.17008702650257,42.45175598375422,94.82991297349743,79.08249321424965,119.944349366021,0.5424916129352199,0.7368497021252165,1.1813576197564202,0.45022344925361535,0.8805951329693454,0.424358621233391,0.861658703210209,0.3442828801382389,-0.13145648043146974,87.12333768174324,47.04445475684357,132.95554524315642,15.871134670470552,0.7680283255992284,92.65394233174693,130.43937636479643,87.19822267847881,49.56062363520357,67.85797065434754,175.3730445802795,0.4683705792839821,0.7386935625612514,0.9537077909680314,0.6396496653300539,0.23029189027293748,1.059599354780501,1.2886745045844932,0.5218465582563939,-0.7039430221111922,89.19167783857594,110.5031902899909,69.4968097100091,13.168202835388229,0.5859813809685119,BODY,0.9065,0.9065,0.5622,0.0797,0.7871,0.1354,0.6635,0.581,0.312,SAMAPADHAM,CORRECT,,,,mean_knee_flexion_deg,2.777136770089271,<= 5°,,False,2 parameter checks within range,0,1,0,0
DJI_20260917133037_0112_D.JPG,Cam 7,24,PATAKA,INCORRECT,FINGERS_TOO_FAR_APART,,rtmw_l_wholebody,coco_wholebody_133,1,1,OK,568.47,407.3,161.17,67,1,1,66.0,1.0,1.0,1.0,1.0,0.0,1.8778957078335168,3.8389138083026353,2.858404758068076,178.12210429216648,176.16108619169736,,,,,,,,,,,,,,,,,1.0741868775717622,,,,,,,,0.0,0.1581117637098257,0.07905588185491284,18.65736674433072,9.328681858380858,1.4747404298732905,0.7373700952820745,12.651288570107052,5.692077989795813,4.904062617586443,,,,,,,,,,67.2855886565927,25.974399791894914,40.31958059553182,40.31958059553182,SAGITTAL,,1.0,0.07904333178857671,510.09464913976177,left,60.61783196974076,154.66311533502915,138.9082144579551,25.336884664970853,22.248920693994126,38.898421266997765,0.7660281319854936,0.9935124503148115,1.329708843990353,1.475560586971833,0.5886765677398982,1.6661287303915455,1.2743907157283652,0.746501923179654,-0.2823624761350625,158.49480741864062,135.29110121523286,44.70889878476714,36.09444801160822,0.7988583057187078,,,,,,,,,,,,,,,,,,,,,MUDRA,0.7577,0.8784,0.5528,0.1033,0.7891,0.6592,0.7577,0.286,0.0627,ALAPADMA,CORRECT,,,,mean_interfinger_spread_deg,22.248920693994126,>= 12°,,False,2 parameter checks within range,0,0,0,1
DJI_20260917133040_0113_D.JPG,Cam 7,24,PATAKA,INCORRECT,FINGERS_TOO_FAR_APART,,rtmw_l_wholebody,coco_wholebody_133,1,1,OK,583.22,403.71,179.51,67,1,1,67.0,1.0,1.0,1.0,1.0,1.0,0.9699406481048527,0.9819003875863643,0.9759205178456085,179.03005935189515,179.01809961241364,,,,,,,,,,,,,,,,,2.5208367325175294,,,,,,,,-0.27736478653605223,0.27736478653605223,0.0,32.86598744222616,16.502334917747092,1.489123229402305,0.7477033911910198,22.07069689955593,9.98845365036898,8.87953939866088,,,,,,,,,,65.65889975039471,32.47117510266724,23.014099449932484,23.014099449932484,SAGITTAL,,1.0,0.04530894536547781,507.9372133756967,right,59.702000348066655,168.4334170253609,156.1440471308205,11.56658297463909,11.359032549279192,13.356673721625153,0.5899526320615406,0.6814905627303273,1.3947166657001147,1.3566108568887192,1.0767636736327848,0.603992453047517,1.2708375029723613,0.44731519813055387,0.25075426402644174,169.62793773430508,115.09697739181172,64.90302260818828,20.00538618880092,0.7815311411459458,65.26671921303895,72.63869119355483,35.69484488867859,107.36130880644517,5.544000416164519,11.47342449932913,0.10343069872143489,0.16245500618513176,0.30729954914067553,0.6744625251540474,1.083317205656794,0.7153678890756138,0.8173370290553196,0.34360572245482546,0.08257159082063759,47.962812429404174,133.20072368561594,46.79927631438406,29.167661254459706,0.6209052045606431,MUDRA,0.6357,0.8682,0.5367,0.0975,0.7413,0.5676,0.2425,0.6357,0.6275,MUSHTI,CORRECT,,,,pinky_relative_extension,1.083317205656794,<= 1.25,,False,3 parameter checks within range,0,0,0,0
DJI_20260917133120_0116_D.JPG,Cam 7,25,KATAKAMUKHA,INCORRECT,FINGERS_BENT,,rtmw_l_wholebody,coco_wholebody_133,1,1,OK,558.84,395.08,163.76,67,1,1,67.0,1.0,1.0,1.0,1.0,1.0,0.954297440952331,0.3504614183103172,0.6523794296313241,179.04570255904767,179.64953858168968,,,,,,,,,,,,,,,,,0.7117011618590372,,,,,,,,0.0,0.22485620462588762,0.11242810231294381,8.769523075939082,4.309810190066019,1.4533031946240185,0.7142305075439205,6.034200646072225,2.698317673817068,2.259808425265946,,,,,,,,,,69.07549659284074,16.82138915327637,84.73514301262207,84.73514301262207,SAGITTAL,,1.0,0.1657220332325076,511.3088547117865,right,64.13690644054434,120.37472685887337,100.36385552750272,59.62527314112663,46.071351935246184,85.44636767806858,0.512374865416422,0.7128509343972712,1.4825976894321922,0.516787882725509,4.24913972873854,0.3998765900457301,0.6872003003551946,0.24433057808685918,0.6802322217591081,138.77829612251165,61.35969729737471,118.64030270262529,1.9920859914815414,0.7682652024531716,126.21287843704725,99.28436269367924,66.09143445990284,80.71563730632076,50.20134653307752,127.28909247611931,0.2753324710006407,0.35140994763124256,0.7794002584089694,0.36287059528114307,3.0970588923789695,0.5827482603862633,0.6406374724385233,0.2803134795459477,0.457319844976176,116.0401025298652,150.02525130889944,29.974748691100558,15.563764610815415,0.6429780610036129,MUDRA,0.8435,0.8486,0.526,0.1114,0.7328,0.1324,0.4727,0.5874,0.8435,KATAKAMUKHA,INCORRECT,FINGERS_BENT,Fingers bent,CANONICAL,ring_pinky_straightness_deg,116.0401025298652,>= 160°,,True,1 of 3 parameter checks out of range,1,1,1,0
DJI_20260917133122_0117_D.JPG,Cam 7,25,KATAKAMUKHA,INCORRECT,FINGERS_BENT,,rtmw_l_wholebody,coco_wholebody_133,1,1,OK,614.09,436.03,178.06,67,1,1,67.0,1.0,1.0,1.0,1.0,1.0,1.8705025045656214,6.299926307806089,4.085214406185855,178.12949749543438,173.7000736921939,,,,,,,,,,,,,,,,,1.5074292020407327,,,,,,,,0.0,-0.09284991136440465,-0.046424955682202326,11.605949916079755,5.802976764317821,1.6441675176227677,0.822084014699402,7.058860968656227,3.249667421524686,3.0653777401868045,,,,,,,,,,64.88520081103947,19.359017367270543,67.5811344517403,67.5811344517403,SAGITTAL,,1.0,0.14166591528581512,477.04583219889827,right,70.38471261712733,107.41933620750348,76.84945283212322,72.58066379249652,46.55635485361294,110.19820013152838,0.5405219495848043,0.9141011616565203,1.5444880069555618,0.481384931687292,5.056711799348592,0.27137233579525355,0.657373747004748,0.23269525477331526,0.5560354099925318,131.90946708165671,65.58871177468788,114.41128822531212,2.808519708629141,0.7192264993171497,76.88877444180852,120.11848134188934,98.81097123200387,59.881518658110664,48.46970335628515,95.64858158566688,0.4508021231277782,0.8026764917644931,1.3155281032478316,0.42406248678458874,5.797820362337989,0.9040301633132802,1.0323657945847926,0.43442401195292585,0.599418491490798,133.38224379544448,119.2016802100115,60.7983197899885,3.8734698714154123,0.7006828064281996,MUDRA,0.6914,0.952,0.5777,0.0518,0.8187,0.1111,0.6599,0.6172,0.6914,KATAKAMUKHA,INCORRECT,FINGERS_BENT,Fingers bent,CANONICAL,ring_pinky_straightness_deg,133.38224379544448,>= 160°,,True,2 of 3 parameter checks out of range,1,1,1,0
DJI_20260917133139_0118_D.JPG,Cam 7,26,MUSHTI,INCORRECT,PINKY_DROPPED,,rtmw_l_wholebody,coco_wholebody_133,1,1,OK,560.27,391.43,168.84,67,1,1,59.0,1.0,1.0,1.0,1.0,0.0,1.8476079769387468,0.09849404223481883,0.9730510095867828,178.15239202306125,179.90150595776518,,,,,,,,,,,,,,,,,2.5692365952365344,,,,,,,,0.15811327532422173,0.15811327532422173,0.15811327532422173,9.526335472752702,4.743404336565705,1.5433179235374088,0.7684571839974884,6.172633212810472,2.771499192032373,2.2192316342590814,,,,,,,,,,52.43134248211889,23.198571530260974,80.35119010531152,80.35119010531152,SAGITTAL,,1.0,0.1620054141439401,495.97842473289404,left,61.45035870620896,162.3551380725957,144.6840919738811,17.644861927404293,11.145073758869847,16.70289968697106,0.29040413476001387,0.31583915687394143,0.8080543477961726,0.5518444716896435,1.1240269188081702,1.6004895518722297,1.3169066404368692,0.6483941859085641,0.08161840657237573,157.7943489863839,174.94682624378177,5.053173756218229,86.31934926527931,0.7622323117252465,,,,,,,,,,,,,,,,,,,,,MUDRA,0.778,0.8912,0.5443,0.0788,0.7412,0.778,0.464,0.6251,0.3057,PATAKA,CORRECT,,,,mean_interfinger_spread_deg,11.145073758869847,<= 10°,,True,3 parameter checks within range,0,0,0,8
DJI_20260917133141_0119_D.JPG,Cam 7,26,MUSHTI,INCORRECT,PINKY_DROPPED,,rtmw_l_wholebody,coco_wholebody_133,1,1,OK,574.5,400.09,174.41,67,1,1,66.0,1.0,1.0,1.0,1.0,0.0,1.8778679342805447,3.7971909128029893,2.837529423541767,178.12213206571946,176.202809087197,,,,,,,,,,,,,,,,,1.7788313012734926,,,,,,,,-0.14991128597004114,0.0,-0.07495564298502057,8.881949619365114,4.384761699049208,1.471339985713237,0.7263580060811204,6.036639869512932,2.7024773569767833,2.173644111741599,,,,,,,,,,56.31000819175399,22.306231228022227,84.26533157266421,84.26533157266421,SAGITTAL,,1.0,0.16565506997532475,508.6794601892716,left,61.10401104955912,167.5938466714211,163.59066392920954,12.40615332857891,12.069960527800825,16.35864440634512,0.2833381974213574,0.31118284812527275,0.8244044222535414,0.4888084671406615,1.3945183886290375,1.5542346722831313,1.2895057134476553,0.6319423854384951,0.1229700548583888,169.58604808626626,164.0290398659407,15.970960134059311,79.33541425660567,0.7713305058662513,,,,,,,,,,,,,,,,,,,,,MUDRA,0.7968,0.8767,0.5518,0.1047,0.7886,0.7968,0.4402,0.5846,0.3187,PATAKA,CORRECT,,,,mean_interfinger_spread_deg,12.069960527800825,<= 10°,,True,3 parameter checks within range,0,0,0,1
DJI_20260917131822_0036_D.JPG,Cam 8,1,ARAMANDI,CORRECT,,,rtmw_l_wholebody,coco_wholebody_133,1,1,OK,611.51,407.13,204.38,67,1,1,67.0,1.0,1.0,1.0,0.0,0.0,12.553318405720404,9.620664095761754,11.086991250741079,167.4466815942796,170.37933590423825,2.93265430995865,0.6668092394481097,0.46325308996389236,1.555729864230059,3.3582719639308145,2.2905544408084846,1.5911690243958188,80.83765799726073,77.90521260358972,79.37143530042522,2.932445393671017,14.872910524478414,15.005634483466679,14.939272503972546,0.8331899520006844,1.2495177071785646,0.3769307952288068,1.735658970742898,1.060884416297559,1.735658970742898,-0.018515269778276836,-0.02777270381182763,0.9996287088498237,0.02314398679505223,-0.09257675060255942,-0.1110924220920115,-0.10183458634728546,2.0366873081227816,1.101663171485987,1.4473367401893131,0.7828779494260126,1.4071965780792526,0.5813941041497362,0.5301991643526811,8.621415608795518,0.6668092394481097,-0.6665521222850176,-0.8331899520006844,0.0,0.05554540762365526,0.6295215827284639,0.648037254217916,0.63877941847319,45.0,43.31532320299384,303.8758193001673,303.8758193001673,CORONAL,BACK,0.0,0.7106327684259622,427.6130130802247,,,,,,,,,,,,,,,,,,,,,0.326652613298556,,,,,,,,,,,,,,,,,,,,0.3113488989993264,BODY,0.779,0.779,0.7416,0.1165,0.3339,,,,,SAMAPADHAM,INCORRECT,FEET_NOT_ALIGNED,Feet not aligned / V-shaped,CANONICAL,turnout_deviation_deg,79.37143530042522,<= 8°,,False,3 of 7 parameter checks out of range,0,0,0,0
DJI_20260917131824_0037_D.JPG,Cam 8,1,ARAMANDI,CORRECT,,,rtmw_l_wholebody,coco_wholebody_133,1,1,OK,605.28,421.3,183.98,67,1,1,67.0,1.0,1.0,1.0,1.0,1.0,48.8441446894021,34.78050490312262,41.81232479626236,131.1558553105979,145.21949509687738,14.06363978627948,0.862973206171787,0.13714886586296313,1.704685946640569,12.429457115189441,0.0,2.602564767322737,84.64417495714481,85.23635401982895,84.94026448848689,0.5921790626841386,28.33425159623433,2.854490785932299,15.594371191083315,0.019592816659268656,0.02270385281854096,1.4878700448028326,4.573937081105187,2.245746386056335,4.573937081105187,-0.06857443293148156,-0.10776006625001887,0.972357069277006,0.08816724959075022,-0.058778449977805965,-0.07837126663707462,-0.0685748583074403,2.174800947674986,1.2049565230411874,1.441073722590061,0.7984322354073401,1.5091531498931137,0.6297193454047271,0.9437141716568712,35.599231833328304,0.010868141838429022,-0.8620830822559034,0.0,0.5681908323668735,0.7837109648669113,0.6857477323224854,0.7053405489817541,0.6955441406521198,44.16972003992046,45.0000345538513,286.97040816181834,286.97040816181834,CORONAL,FRONT,1.0,0.6626232732382563,433.0822954035207,right,35.67459810701564,174.1174597190361,167.11694278005555,5.8825402809638945,17.58068193713042,30.636705454422763,1.1040731531816967,1.4627578133726191,3.017787593552397,1.7451792558681016,0.6426277073774934,1.9387151994110385,2.691221018038634,1.1627255171007542,-0.7559705388497635,178.58862577407785,139.42472336667848,40.57527663332152,75.74987681617407,0.3051217370650123,42.86594404517053,173.42472917595933,168.22900469350822,6.575270824040672,5.520924256519359,15.825700806220654,0.6730015009792072,0.854402830038181,1.7439846962466499,1.4267594621624873,0.6658787523618781,1.9900157883858403,2.5761205678368277,1.0513634279293846,-0.43530333887570594,175.31651626271594,150.76481471778183,29.23518528221817,87.06440176051204,0.3242557935288744,BODY,0.9717,0.3462,0.9717,0.1514,0.4835,0.8434,0.602,0.1201,0.0382,ARAMANDI,INCORRECT,FEET_TOO_FAR_APART,Feet too far apart,CANONICAL,foot_separation_deviation_pct,43.82886769529784,<= 5,,True,3 of 8 parameter checks out of range,1,0,0,0
DJI_20260917131849_0038_D.JPG,Cam 8,2,SAMAPADHAM,CORRECT,,,rtmw_l_wholebody,coco_wholebody_133,1,1,OK,562.03,389.72,172.31,67,1,1,67.0,1.0,1.0,1.0,0.0,0.0,7.853310733130144,10.61031158533575,9.231811159232947,172.14668926686986,169.38968841466425,2.757000852205607,0.3430748172173936,0.2588410788382171,0.5536001845796505,2.138764785962224,9.462411458144024,7.124948610322796,52.12481313310472,39.80571545330906,45.96526429320689,12.31909767979566,45.728497600025435,59.0146704891408,52.371584044583116,0.7034162913325027,2.0503291294819066,0.8069373144970877,0.0,0.0,0.0,-0.03191520671021329,-0.010638402236737763,0.9834447254183732,0.021276804473475526,-0.14893681379321622,-0.1276591917986282,-0.1382980027959222,2.617023650885784,1.2340432141660058,1.7322240098684136,0.8168207742677516,1.5107882329171638,0.2425904580087658,0.1661753758053261,16.673696675580018,0.3430748172173936,-0.3404256014911585,-0.7021280074557925,0.17021280074557926,0.14893599627210372,0.6595743985088415,0.6595743985088415,0.6595743985088415,44.060836262524894,44.060836262524894,298.63525390625,298.63525390625,CORONAL,BACK,0.0,0.6619061349644692,451.17462753579196,,,,,,,,,,,,,,,,,,,,,0.3466172035192879,,,,,,,,,,,,,,,,,,,,0.330983911449904,BODY,0.9642,0.9642,0.6765,0.036,0.6856,,,,,SAMAPADHAM,INCORRECT,FEET_NOT_ALIGNED,Feet not aligned / V-shaped,CANONICAL,turnout_deviation_deg,45.96526429320689,<= 8°,,True,1 of 7 parameter checks out of range,1,0,0,0
DJI_20260917131851_0039_D.JPG,Cam 8,2,SAMAPADHAM,CORRECT,,,rtmw_l_wholebody,coco_wholebody_133,1,1,OK,560.09,405.36,154.73,67,1,1,67.0,1.0,1.0,1.0,0.0,0.0,6.881726570249327,11.713031995942458,9.297379283095893,173.11827342975067,168.28696800405754,4.831305425693131,0.3322210226300661,0.268427217103805,0.5306127797247363,1.9767473114305696,8.745981837706124,10.61969734279971,48.81413402532741,,48.81413402532741,,48.067592544921865,54.950867614743316,51.50923007983259,0.6747057546268873,2.030894220015041,1.5270778987854163e-05,0.0,0.0,0.0,0.01020465697661029,0.010204259908245443,0.9765659592759716,0.010204458442427866,-0.1428572563052471,-0.10204180494572472,-0.12244953062548591,2.520408519816491,1.1734696389616186,1.691781263692681,0.7876714957510246,1.4897957400918074,0.2169421796970256,0.14430834294489966,16.832371232938595,0.3315142664598363,-0.32653075810674626,-0.6734700360299835,0.1428572563052471,0.16326577612173798,0.6326529963970017,0.6530615162134925,0.642857256305247,44.060829420766176,43.15239436920769,307.428955078125,307.428955078125,CORONAL,BACK,0.0,0.67123295703502,458.00634765626626,,,,,,,,,,,,,,,,,,,,,0.3616810608136145,,,,,,,,,,,,,,,,,,,,0.3441367616314216,BODY,0.9582,0.9582,0.68,0.0432,0.697,,,,,SAMAPADHAM,INCORRECT,FEET_NOT_ALIGNED,Feet not aligned / V-shaped,CANONICAL,turnout_deviation_deg,48.81413402532741,<= 8°,,True,1 of 7 parameter checks out of range,1,0,0,0
DJI_20260917132002_0040_D.JPG,Cam 8,3,MUZHUMANDI,CORRECT,,,rtmw_l_wholebody,coco_wholebody_133,1,1,OK,611.91,431.88,180.03,67,1,1,67.0,1.0,1.0,1.0,0.0,0.0,108.09237601011615,139.84010782407188,123.96624191709401,71.90762398988385,40.15989217592811,31.747731813955724,0.8342945078548318,0.8620354544659753,0.9737141818726532,1.1295523598572428,2.7702051669363343,2.8623921311643485,,,,,1.4452859468458996,19.653254209258492,10.549270078052196,0.027775247295940927,0.033291897566673,0.29383154583703225,0.0,0.7957496815353905,0.0,0.0,-0.006944002740149868,0.965630513434115,0.003472001370074934,0.06943773640752304,0.05554973092722331,0.06249373366737318,1.1457230325564596,0.9929595542611137,0.8461427627454567,0.7333234269213252,1.3540540473796203,0.142981317401125,0.05725949093650541,25.810115723153306,0.0,-0.833253600554935,0.027775247295940927,0.09721298370346397,0.11110098918376371,0.6527148749636483,0.6527148749636483,0.6527148749636483,42.455218135887854,43.11181959433523,319.6961156552032,319.6961156552032,CORONAL,BACK,0.0,0.7385229577321604,432.8858193344711,,,,,,,,,,,,,,,,,,,,,0.9003545854680272,,,,,,,,,,,,,,,,,,,,-0.6106140697364061,BODY,0.9564,0.1478,0.3571,0.9564,0.4064,,,,,MUZHUMANDI,INCORRECT,KNEE_ASYMMETRY,Knees bent unequally,SECONDARY,knee_asymmetry_deg,31.747731813955724,<= 10°,,False,1 of 5 parameter checks out of range,1,0,0,0
DJI_20260917132004_0041_D.JPG,Cam 8,3,MUZHUMANDI,CORRECT,,,rtmw_l_wholebody,coco_wholebody_133,1,1,OK,609.6,406.05,203.55,67,1,1,67.0,1.0,1.0,1.0,0.0,0.0,120.55190435615776,118.99459354323258,119.77324894969517,59.448095643842244,61.00540645676742,1.5573108129251807,0.7936139391014343,0.6805559935846894,0.9746996951760454,1.4322108751728337,0.0,4.014170835890808,,90.0,90.0,,5.004943057882372,33.310615446697454,19.157779252289913,2.11115748268412,2.660181958339175,0.5589725780052519,1.2453118036582043,0.0,1.2453118036582043,-0.006944535255362438,-0.020833605766087313,0.9567094919624028,0.013889070510724875,0.06944535255362438,0.0,0.03472267627681219,1.0069445352553625,0.9375003365345784,0.7072832087282745,0.658505233398835,1.4236794014464047,0.13102792454479692,0.18055560897374262,70.32129825852802,0.7936139391014343,-0.7916670192267012,-2.1111117948639055,0.05555551282100591,0.09722272435318054,0.6388887820525148,0.6388887820525148,0.6388887820525148,44.37042821224926,44.37042821224926,317.386474609375,317.386474609375,CORONAL,BACK,0.0,0.7024053301494969,451.8565861990595,,,,,,,,,,,,,,,,,,,,,0.30805845579990737,,,,,,,,,,,,,,,,,,,,0.33134940749412195,BODY,0.9611,0.1403,0.3241,0.9611,0.1179,,,,,MUZHUMANDI,INCORRECT,KNEES_FACING_FORWARD,Feet and knees facing forward,CANONICAL,turnout_deviation_deg,45.0,<= 8°,,True,1 of 6 parameter checks out of range,1,0,0,0
DJI_20260917132051_0042_D.JPG,Cam 8,4,SWASTIKAPADAM,CORRECT,,RIGHT,rtmw_l_wholebody,coco_wholebody_133,1,1,OK,585.83,412.79,173.04,67,1,1,67.0,1.0,1.0,1.0,1.0,1.0,11.022069054542555,13.348734212562022,12.185401633552289,168.97793094545744,166.65126578743798,2.326665158019466,0.07545850358215081,0.05965493796071167,0.0,0.0,18.434236894283597,0.0,83.65992401465721,86.18591466530188,84.92291933997954,2.5259906506446725,0.3310938671350101,3.8140853346981345,2.0725896009165723,0.18958636642872756,2.5124586021286133,1.5481776190898322,3.0126695051802117,1.0809275647290844,3.0126695051802117,-0.16034932011207045,-0.12261967765196971,0.9840774157986361,0.14148449888202008,0.03772847045302472,0.018864625895537702,0.028296548174281212,2.159993023665636,1.0658482377456775,1.5467316125889279,0.7632344852418546,1.3964885737676414,0.34165204309911285,0.2835967325472412,6.0089821182078245,0.07545850358215081,0.07545850358215081,0.18864547761732633,0.018864625895537702,0.26410398119947714,0.6225310918766428,0.6413957177721805,0.6319634048244116,44.11861228823498,44.14490048962059,312.4647836983776,312.4647836983776,CORONAL,FRONT,1.0,0.7160817630623793,436.35350013956185,left,36.162763920855035,175.13325093754756,169.95240541766807,4.866749062452442,18.101461089632476,28.814720256081447,1.1563932316053265,1.4859956403662848,3.1436383684082276,1.892261799438355,0.7313966724004944,2.3255049218004222,3.055862224730824,1.3173948744370116,-0.5474566644687531,177.06454522932773,149.6693199115351,30.330680088464902,88.33975965825807,0.3056981461407407,26.854347935817707,174.84114658991015,171.41184040422684,5.158853410089847,5.292909911244525,12.049454292372431,1.0411347770493065,1.5289476060213356,2.8009442133280245,2.309834026195766,0.6268783564678935,3.477662285290824,4.074247369113962,1.6967077223574114,-0.7791411904827052,177.10854484141083,154.17728357395814,25.822716426041865,93.65236656433713,0.28969415296716367,BODY,0.939,0.9009,0.6414,0.0807,0.939,0.6289,0.4968,0.0725,0.0018,SWASTIKAPADAM,INCORRECT,INSUFFICIENT_ARAMANDI,Insufficient Aramandi (right leg),CANONICAL,mean_knee_flexion_deg,12.185401633552289,30-45°,RIGHT,False,1 of 5 parameter checks out of range,1,0,0,0
DJI_20260917132053_0043_D.JPG,Cam 8,4,SWASTIKAPADAM,CORRECT,,RIGHT,rtmw_l_wholebody,coco_wholebody_133,1,1,OK,587.11,402.95,184.16,67,1,1,67.0,1.0,1.0,1.0,0.0,0.0,4.248866149108153,3.8141206497069504,4.031493399407552,175.75113385089185,176.18587935029305,0.43474549940120255,0.10601707533888181,0.15640566949126,0.6428250900142949,4.109985859880969,54.46225824321052,59.036452294364885,66.80130747379762,63.43494882292201,65.11812814835982,3.366358650875611,36.267983568919576,30.379171826784926,33.32357769785225,0.3640906178536681,3.434263930502313,1.5481775654000007,0.0,0.0,0.0,-0.2000002253087857,-0.16363613832757795,0.9751081553832655,0.18181818181818182,-0.1090915099143376,-0.1454548458662597,-0.12727317789029866,2.118182343902318,1.0545457549571688,1.5737507271345048,0.7834982448220158,1.3459452678119603,0.2769375785869462,0.325246923013711,16.88341169242411,0.06047144776068017,-0.05454500392788316,-0.36363636363636365,0.4000004506175714,0.07272817396241549,0.6363636363636364,0.6545445533103118,0.645454094836974,38.659783515115066,39.80562928970081,325.07470703125,325.07470703125,CORONAL,BACK,0.0,0.7429722618852496,437.5327636140703,,,,,,,,,,,,,,,,,,,,,0.27781038945954867,,,,,,,,,,,,,,,,,,,,0.2922325794961066,BODY,0.9402,0.9402,0.5729,0.0701,0.8612,,,,,SAMAPADHAM,INCORRECT,FEET_NOT_ALIGNED,Feet not aligned / V-shaped,CANONICAL,turnout_deviation_deg,65.11812814835982,<= 8°,,False,2 of 7 parameter checks out of range,0,0,0,0
DJI_20260917132118_0044_D.JPG,Cam 8,5,SWASTIKAPADAM,CORRECT,,LEFT,rtmw_l_wholebody,coco_wholebody_133,1,1,OK,558.63,405.13,153.5,67,1,1,67.0,1.0,1.0,1.0,0.0,0.0,2.121094764671028,15.00887270753546,8.564983736103244,177.87890523532897,164.99112729246454,12.887777942864432,0.18864623342470163,0.28296856563432266,0.20836606388738918,0.7363576354154422,0.0,0.0,11.309978295504408,12.528835741067937,11.919407018286172,1.218857445563529,80.81111646916675,75.31004241903884,78.06057944410279,0.18958629078556527,1.0049831758832273,2.3532941879086717,2.4895978786238127,1.0809004444058103,2.4895978786238127,0.14148428281716133,0.08489064814056978,0.9861571758915519,0.11318746547886555,0.18864466441924202,0.16978051177840975,0.1792125880988259,2.0656698230780983,1.0092541323609616,1.4987348085826964,0.732258506164038,1.378275737140938,0.19238059577256572,0.17392212738952345,0.04002707520501483,0.1878180025527937,-0.18864623342470163,-0.18864544892197183,0.03772908978439437,0.20751038606553393,0.6413953108374341,0.6602594634782664,0.6508273871578503,67.72410274408527,66.88581120060566,311.204302707073,311.204302707073,CORONAL,BACK,0.0,0.7255442238824983,428.92533971502263,,,,,,,,,,,,,,,,,,,,,0.28629332553690956,,,,,,,,,,,,,,,,,,,,0.2718816832711612,BODY,0.9208,0.9208,0.6319,0.0957,0.7923,,,,,SAMAPADHAM,INCORRECT,KNEE_ASYMMETRY,Knees extended unequally,SECONDARY,knee_asymmetry_deg,12.887777942864432,<= 5°,,True,1 of 7 parameter checks out of range,0,0,0,0
DJI_20260917132120_0045_D.JPG,Cam 8,5,SWASTIKAPADAM,CORRECT,,LEFT,rtmw_l_wholebody,coco_wholebody_133,1,1,OK,594.93,415.9,179.03,67,1,1,67.0,1.0,1.0,1.0,0.0,0.0,3.0683967029635255,0.5415150834082283,1.804955893185877,176.93160329703647,179.45848491659177,2.526881619555297,0.24357363160808973,0.3153592492661863,0.21114384623708954,0.6695343381505474,3.3664110998353602,8.746203804234453,30.96368607411283,,30.96368607411283,,61.0816949495626,83.65980338503037,72.37074916729648,0.3888888888888889,1.5965968332508653,0.3924417224501586,4.23633597182337,0.0,4.23633597182337,0.12037062846099528,0.1111111111111111,0.993370993220566,0.11574086978605319,0.185185701366435,0.14814840623877307,0.16666705380260405,2.074073428847512,1.0185178732919562,1.5342104020704648,0.753406650972574,1.3518833049550993,0.2159616239125001,0.14814840623877307,8.385577638645112,0.24190977380192025,-0.24074125692199055,-0.3888888888888889,0.018518260427893608,0.24074048265011583,0.6296293715390047,0.6666666666666666,0.6481480191028357,39.47249936298622,38.85334743635918,315.31640625,315.31640625,CORONAL,BACK,0.0,0.7397088168295809,426.27098538781473,,,,,,,,,,,,,,,,,,,,,0.26350626031935037,,,,,,,,,,,,,,,,,,,,0.266971884235862,BODY,0.9219,0.9219,0.5929,0.0819,0.7382,,,,,SAMAPADHAM,INCORRECT,FEET_NOT_ALIGNED,Feet not aligned / V-shaped,CANONICAL,turnout_deviation_deg,30.96368607411283,<= 8°,,True,1 of 7 parameter checks out of range,0,0,0,0
DJI_20260917132154_0046_D.JPG,Cam 8,6,ARAMANDI,INCORRECT,INSUFFICIENT_KNEE_BEND,,rtmw_l_wholebody,coco_wholebody_133,1,1,OK,572.12,406.33,165.79,67,1,1,67.0,1.0,1.0,1.0,0.0,0.0,14.20068963943666,16.274144030873714,15.237416835155187,165.79931036056334,163.7258559691263,2.0734543914370533,0.4710608340739732,0.2856542390217247,1.2453074932988635,4.359492432402359,0.0,4.969690500392047,74.93152414916274,66.80124280641503,70.86638347778889,8.130281342747708,23.74164488816176,32.818471287365,28.28005808776338,0.857934557325935,1.8212818711886563,1.5586996810017149,0.0,1.1691272536715513,0.0,0.04080780517988096,-3.972374420064535e-07,0.983481465375349,0.020404101208661485,-0.14282751674830435,-0.18363651364051134,-0.16323201519440783,2.4484683107928578,1.2038296569503253,1.632049274432094,0.8024238294223245,1.500241658846271,0.5493930931495532,0.4661748429182001,18.292883131104503,0.4710608340739732,-0.46928995818735203,-0.8569635115400581,0.061211906388542445,0.06121111191365843,0.6529248828780954,0.6733285868493148,0.6631267348637051,44.090628542028085,40.314108498267096,307.2981033293857,307.2981033293857,CORONAL,BACK,0.0,0.6665592800356103,461.0214162991904,,,,,,,,,,,,,,,,,,,,,0.3339497957565282,,,,,,,,,,,,,,,,,,,,0.3808424768969802,BODY,0.8564,0.8564,0.7799,0.0583,0.4835,,,,,SAMAPADHAM,INCORRECT,FEET_NOT_ALIGNED,Feet not aligned / V-shaped,CANONICAL,turnout_deviation_deg,70.86638347778889,<= 8°,,False,3 of 7 parameter checks out of range,0,1,0,0
DJI_20260917132156_0047_D.JPG,Cam 8,6,ARAMANDI,INCORRECT,INSUFFICIENT_KNEE_BEND,,rtmw_l_wholebody,coco_wholebody_133,1,1,OK,593.23,423.55,169.68,67,1,1,67.0,1.0,1.0,1.0,0.0,0.0,14.176231793561158,15.959947361550832,15.068089577555995,165.82376820643884,164.04005263844917,1.783715567989674,0.4709966757950904,0.31616752881784327,1.2555153125143876,3.971044456110925,7.124981484793899,2.3860304355006545,74.93147433147467,72.34984176626922,73.64065804887196,2.581632565205453,23.888913772132298,27.269898057240255,25.579405914686276,0.8440492353340425,1.7920492409191664,1.1534473900895654,1.9091474026477055,0.0,1.9091474026477055,0.029411673466792097,0.0,0.9999996759980454,0.014705836733396049,-0.1372552517106303,-0.1372552517106303,-0.1372552517106303,2.3921568095222954,1.1470587551000941,1.6372527639790977,0.7850760910649024,1.4610797197303345,0.5279573955912888,0.4526825199195526,18.440127927116443,0.4709966757950904,-0.4705883265332079,-0.8431377415104422,0.058823346933584195,0.058823346933584195,0.6274505850227657,0.6666661496451552,0.6470583673339605,43.152394445382264,39.47247386590455,314.803955078125,314.803955078125,CORONAL,BACK,0.0,0.684425350989449,459.9536744555477,,,,,,,,,,,,,,,,,,,,,0.3550297568646109,,,,,,,,,,,,,,,,,,,,0.3727235075965643,BODY,0.8598,0.8598,0.7778,0.057,0.5265,,,,,SAMAPADHAM,INCORRECT,FEET_NOT_ALIGNED,Feet not aligned / V-shaped,CANONICAL,turnout_deviation_deg,73.64065804887196,<= 8°,,False,3 of 7 parameter checks out of range,0,1,0,0
DJI_20260917132232_0048_D.JPG,Cam 8,7,ARAMANDI,INCORRECT,FEET_TOO_FAR_APART,,rtmw_l_wholebody,coco_wholebody_133,1,1,OK,565.02,421.75,143.27,67,1,1,67.0,1.0,1.0,1.0,1.0,1.0,70.49280912623877,65.51840224295678,68.00560568459778,109.50719087376123,114.48159775704322,4.974406883281986,1.0378732184500292,0.8073249860666054,1.9600907035207482,2.427883116897658,1.3638756639457144,1.0608712217421672,79.38029017776073,79.87521518478876,79.62775268127474,0.49492500702803,29.054664120425798,23.119375891852016,26.087020006138907,1.7487083093763842,1.68489587966045,0.7345240035845885,0.0,2.2025625765630035,0.0,-0.09608286970200128,-0.07686621496163995,0.9847927995097792,0.08647454233182061,-0.11529992844216792,-0.09608408170141727,-0.1056920050717926,2.1426481155545702,1.2586860374960025,1.4293695634915033,0.8396747459033201,1.4990161888719318,0.6256457733099678,0.5465764266295279,31.429545374827292,1.0378732184500292,-1.0376953159814581,-1.7487083093763842,0.7110129933949263,0.8647454233182061,0.6725804919138143,0.6917963386545649,0.6821884152841896,43.315309435477744,42.510471320685674,302.15438445587773,302.15438445587773,CORONAL,FRONT,1.0,0.6671042030256785,452.9343138379943,right,25.45905474940949,172.1826245178572,169.49186715690092,7.817375482142808,18.738663674506455,25.168169713834498,1.5043058196552161,1.749436268402849,4.074364596162367,2.5031376875637106,0.742142073294488,3.0620062372538794,4.061971837488569,1.7028163667652827,-0.7461722951599223,174.81845168581827,151.14017696496995,28.859823035030047,87.56332255407335,0.32974382898111665,26.94439867952577,173.79996663960176,173.42955246761034,6.200033360398237,6.305378451562184,11.302213426446961,1.0068349363567484,1.2382384942867042,2.6759040117504527,2.313892096077585,0.7750594598087849,3.17702605922831,4.135056835467834,1.6625865329537657,-0.4297236463334624,174.07594864799316,164.48525679760283,15.51474320239717,101.31008519502532,0.32411268770643,BODY,0.7031,0.2657,0.7031,0.2561,0.1148,0.6674,0.4839,0.1208,0.0017,ARAMANDI,INCORRECT,FEET_TOO_FAR_APART,Feet too far apart,CANONICAL,foot_separation_deviation_pct,72.97886974167155,<= 5,,False,4 of 8 parameter checks out of range,1,1,1,0
DJI_20260917132234_0049_D.JPG,Cam 8,7,ARAMANDI,INCORRECT,FEET_TOO_FAR_APART,,rtmw_l_wholebody,coco_wholebody_133,1,1,OK,598.8,400.79,198.01,67,1,1,67.0,1.0,1.0,1.0,0.0,0.0,49.12492371055259,42.63860828392251,45.88176599723755,130.8750762894474,137.3613917160775,6.486315426630085,1.0001714573552265,0.7409720760616835,1.926280709962783,2.5996670754464795,1.4321143153550584,1.060924958705053,79.69516643258551,77.27561677143207,78.48539160200879,2.4195496611534395,30.072008520541317,24.034297810547145,27.05315316554423,1.6670774974254867,1.6667917137265376,0.372034475783405,0.0,0.0,0.0,-0.11111093736806388,-0.10185195320196275,0.9994424314835835,0.10648144528501331,-0.11111093736806388,-0.12962968754397872,-0.1203703124560213,2.064814061928277,1.1944437494722555,1.448021834783998,0.8376447359341801,1.4259550597427877,0.6211297917292999,0.588526735284666,31.077089535106065,1.0001714573552265,-1.0,-1.6666660151302395,0.07407421885994678,0.27777812526387224,0.6296296875439787,0.648147655876181,0.6388886717100799,40.462208110996876,39.64420013070583,312.2626953125,312.2626953125,CORONAL,BACK,0.0,0.7012843730014737,445.27257034977987,,,,,,,,,,,,,,,,,,,,,0.34943319651578875,,,,,,,,,,,,,,,,,,,,-0.4153779801732378,BODY,0.9345,0.2983,0.9345,0.1581,0.1784,,,,,ARAMANDI,INCORRECT,FEET_TOO_FAR_APART,Feet too far apart,CANONICAL,foot_separation_deviation_pct,66.69524289253775,<= 5,,True,3 of 8 parameter checks out of range,1,1,1,0
DJI_20260917132249_0050_D.JPG,Cam 8,8,ARAMANDI,INCORRECT,FEET_NOT_IN_LINE,,rtmw_l_wholebody,coco_wholebody_133,1,1,OK,744.67,538.02,206.65,67,1,1,67.0,1.0,1.0,1.0,0.0,0.0,7.789193989124925,3.9918177946880746,5.8905058919065,172.21080601087507,176.00818220531193,3.7973761944368505,0.4439772788520483,0.29417436278696524,0.8854515548064932,3.0099548662835662,11.309963652427447,4.969539969700254,59.534392563479486,57.26469471262424,58.39954363805187,2.269697850855245,37.231768136032144,35.646150430194,36.43895928311307,0.6357802638035676,1.4320108124619502,1.1691258285153632,1.8475394824825992,0.0,1.8475394824825992,-0.06730750394248382,-0.038461664038344126,0.972746265268436,0.05288458399041397,-0.19230832019172062,-0.17307748817254856,-0.18269290418213457,2.182692904182135,1.134615416009586,1.5438956100684145,0.8025534680287644,1.4137567915523856,0.37929059104557195,0.32006414641733044,9.677005842329875,0.4439772788520483,-0.4423083201917206,-0.6346158241342045,0.11538417586579557,0.03846084778910732,0.6538466561533764,0.7115391522108927,0.6826929041821346,42.35744781340201,39.03549789354044,299.1005859375,299.1005859375,CORONAL,BACK,0.0,0.707335240385967,422.8554847264386,,,,,,,,,,,,,,,,,,,,,0.27612445954919324,,,,,,,,,,,,,,,,,,,,0.28848288995126264,BODY,0.9043,0.9043,0.6765,0.0796,0.5624,,,,,SAMAPADHAM,INCORRECT,FEET_NOT_ALIGNED,Feet not aligned / V-shaped,CANONICAL,turnout_deviation_deg,58.39954363805187,<= 8°,,True,1 of 7 parameter checks out of range,0,1,0,0
DJI_20260917132251_0051_D.JPG,Cam 8,8,ARAMANDI,INCORRECT,FEET_NOT_IN_LINE,,rtmw_l_wholebody,coco_wholebody_133,1,1,OK,856.25,437.79,418.46,67,1,1,67.0,1.0,1.0,1.0,0.0,0.0,7.721862728522552,2.0453961358682022,4.883629432195377,172.27813727147745,177.9546038641318,5.67646659265435,0.438359529304302,0.3233188214320248,0.8645818808208574,2.6740845985751833,14.036457374946032,10.304807680196225,55.49141270782372,50.19462761958318,52.84302016370345,5.29678508824054,42.23045002069881,41.850768516284916,42.04060926849186,0.6276363095426789,1.4317843404448591,1.210270614704941,1.7899011476340492,1.1232961921830533,1.7899011476340492,-0.08821823981586609,-0.05881271286477975,0.9717200461740436,0.07351547634032292,-0.21564523136868652,-0.19603961127825406,-0.2058424213234703,2.22506285970904,1.1272344007003892,1.5982358857158334,0.8096789099469878,1.392199286472946,0.38064237973873505,0.3062249365423885,9.767258864390666,0.4379141685536955,-0.43128880377476597,-0.6273300740156271,0.15683334798521031,0.03920792225565081,0.6665388257525815,0.6665388257525815,0.6665388257525815,42.35743294810462,43.264249816788954,294.3292681324576,294.3292681324576,CORONAL,BACK,0.0,0.7182879704912366,409.7649970821119,,,,,,,,,,,,,,,,,,,,,0.2761178563880968,,,,,,,,,,,,,,,,,,,,0.29433255303211464,BODY,0.9204,0.9204,0.6686,0.0634,0.5852,,,,,SAMAPADHAM,INCORRECT,FEET_NOT_ALIGNED,Feet not aligned / V-shaped,CANONICAL,turnout_deviation_deg,52.84302016370345,<= 8°,,True,1 of 7 parameter checks out of range,0,1,0,0
DJI_20260917132329_0052_D.JPG,Cam 8,9,SAMAPADHAM,INCORRECT,FEET_TOO_FAR_APART,,rtmw_l_wholebody,coco_wholebody_133,1,1,OK,763.08,556.01,207.07,67,1,1,67.0,1.0,1.0,1.0,0.0,0.0,4.43922874212717,8.004254009927422,6.221741376027296,175.56077125787283,171.99574599007258,3.5650252678002516,0.8375545456725445,0.7777601825555156,0.693732431257977,0.8919618756755515,4.514027667394168,2.7926893615555017,15.255017570907,7.124982638125374,11.190000104516187,8.130034932781626,73.7739649030701,81.88726152045317,77.83061321176163,0.8776046610912088,1.0478179189947618,1.5323078553833687e-05,0.0,1.169132942232271,0.0,-0.04080760646932989,-0.040807996629251005,0.98530856252812,0.04080780154929045,-0.22444339622099885,-0.1632312061971618,-0.19383730120908033,2.530084086215929,1.193627951466795,1.7342659437277372,0.8181816236813,1.4588789541571758,0.23264065591630065,0.16450149501758116,1.9587733674444505,0.8371312522283437,-0.8365598342204739,-0.8773674406898038,0.061211409703994836,0.14282740296249685,0.693732431257977,0.6733286280233121,0.6835305296406445,40.462249437012794,40.31404634559659,312.87250661456545,312.87250661456545,CORONAL,BACK,0.0,0.6854578285267817,456.4431152343913,,,,,,,,,,,,,,,,,,,,,0.3159338058430849,,,,,,,,,,,,,,,,,,,,0.32804447603779546,BODY,0.8192,0.8192,0.6892,0.0348,0.2811,,,,,SAMAPADHAM,INCORRECT,FEET_TOO_FAR_APART,Feet too far apart,CANONICAL,foot_gap_norm,0.5375545456725446,<= 0.05,,True,1 of 7 parameter checks out of range,1,1,1,0
DJI_20260917132332_0053_D.JPG,Cam 8,9,SAMAPADHAM,INCORRECT,FEET_TOO_FAR_APART,,rtmw_l_wholebody,coco_wholebody_133,1,1,OK,645.95,474.46,171.49,67,1,1,67.0,1.0,1.0,1.0,0.0,0.0,5.275644960492571,6.865148021246711,6.070396490869641,174.72435503950743,173.1348519787533,1.58950306075414,0.8341919459389663,0.7939579476303659,0.7717911672421608,0.9720806618859806,4.513950303509288,2.8623499257730654,0.0,5.194501613686114,2.597250806843057,5.194501613686114,88.09081187959086,83.81772019362984,85.95426603661035,0.8956387463004052,1.0736602656745557,0.8013016417142029,0.0,1.19351058922168,0.0,-0.06248674286911173,-0.041657559864298234,0.9853704669650972,0.05207215136670498,-0.2499453591857894,-0.22911778847163344,-0.23953157382871143,2.6452578728915883,1.228899225214791,1.7760493237621218,0.8250937121410752,1.489405636149937,0.2499453591857894,0.2300626346427863,2.8969663130931815,0.8340765171927498,-0.8331511972859647,-0.8956387463004052,0.04165675371896946,0.12497187344756593,0.687350946978914,0.6873501408335853,0.6873505439062496,42.273638835475225,43.21012617048,302.84939487507665,302.84939487507665,CORONAL,BACK,0.0,0.6714087658382749,451.065595631537,,,,,,,,,,,,,,,,,,,,,0.3186724700179063,,,,,,,,,,,,,,,,,,,,0.3314633618657362,BODY,0.8264,0.8264,0.6804,0.0286,0.2811,,,,,SAMAPADHAM,INCORRECT,FEET_TOO_FAR_APART,Feet too far apart,CANONICAL,foot_gap_norm,0.5341919459389664,<= 0.05,,True,1 of 7 parameter checks out of range,1,1,1,0
DJI_20260917132546_0054_D.JPG,Cam 8,10,SAMAPADHAM,INCORRECT,FEET_NOT_ALIGNED,,rtmw_l_wholebody,coco_wholebody_133,1,1,OK,582.61,423.78,158.83,67,1,1,67.0,1.0,1.0,1.0,0.0,0.0,3.959106378444062,5.710596834614535,4.834851606529298,176.04089362155594,174.28940316538547,1.7514904561704725,0.3623278798752822,0.29787195098615077,0.7898168299794013,2.651531395838351,0.0,3.366545645950623,56.309889388461244,44.99989816129469,50.65489377487796,11.309991227166556,39.496840065209255,50.71069867331988,45.10376936926457,0.6184875261927474,1.7069829857024488,0.0,0.0,0.0,0.0,-0.021276746209896284,-0.021276746209896284,0.9908110084257165,0.021276746209896284,-0.17021313769503787,-0.23404296033266053,-0.2021280490138492,2.5638298226376226,1.2659574556594058,1.721426999319604,0.8499992179356406,1.4893630828672835,0.30685575173230134,0.3309861403792978,11.517326288285114,0.3623278798752822,-0.36170260560790585,-0.6170218961583964,0.17021313769503787,0.12765964527524531,0.6808517187960191,0.6382982263762266,0.6595749725861229,44.090631966386184,45.0,293.44384765625,293.44384765625,CORONAL,BACK,0.0,0.6714279489691833,437.04443359375,,,,,,,,,,,,,,,,,,,,,0.33954134159789157,,,,,,,,,,,,,,,,,,,,0.3440301117123076,BODY,0.9661,0.9661,0.6419,0.0366,0.5867,,,,,SAMAPADHAM,INCORRECT,FEET_NOT_ALIGNED,Feet not aligned / V-shaped,CANONICAL,turnout_deviation_deg,50.65489377487796,<= 8°,,True,1 of 7 parameter checks out of range,1,1,1,0
DJI_20260917132548_0055_D.JPG,Cam 8,10,SAMAPADHAM,INCORRECT,FEET_NOT_ALIGNED,,rtmw_l_wholebody,coco_wholebody_133,1,1,OK,613.14,423.14,190.0,67,1,1,67.0,1.0,1.0,1.0,0.0,0.0,6.766184177161534,1.93620786925365,4.351196023207592,173.23381582283847,178.06379213074635,4.829976307907884,0.38826091747804065,0.32546948592494035,0.7733106093497559,2.3759849779837627,11.310166049763698,9.46228117437446,50.71061568558097,42.273771444789126,46.49219356518505,8.436844240791842,46.05556849158063,51.540327321950855,48.79794790676574,0.6228635803892666,1.6042397067289027,1.6022720292318098,1.8476221025945785,0.0,1.8476221025945785,-0.05319147136826153,-0.010637955996969041,0.967673339729113,0.03191471368261529,-0.19148997347910804,-0.2340417974669842,-0.21276588547304612,2.6170234358086164,1.26595862537887,1.7196069048342553,0.8318424526310538,1.5218730678805101,0.3023983541891342,0.31629872744401966,10.580282943901501,0.3878311443041101,-0.38297825557479975,-0.6170217444252003,0.14893645810781556,0.12766054611387745,0.7021287751677853,0.6382985021108465,0.6702136386393158,42.27367183142113,45.00001897801321,288.6875,288.6875,CORONAL,BACK,0.0,0.657085023123962,439.3457312837548,,,,,,,,,,,,,,,,,,,,,0.3341249869204725,,,,,,,,,,,,,,,,,,,,0.3414917872218384,BODY,0.9592,0.9592,0.6443,0.0368,0.6261,,,,,SAMAPADHAM,INCORRECT,FEET_NOT_ALIGNED,Feet not aligned / V-shaped,CANONICAL,turnout_deviation_deg,46.49219356518505,<= 8°,,True,1 of 7 parameter checks out of range,1,1,1,0
DJI_20260917132607_0056_D.JPG,Cam 8,11,SAMAPADHAM,INCORRECT,WEIGHT_ON_ONE_LEG,,rtmw_l_wholebody,coco_wholebody_133,1,1,OK,603.15,421.51,181.64,67,1,1,67.0,1.0,1.0,1.0,0.0,0.0,6.442087629442796,11.006099968646055,8.724093799044425,173.5579123705572,168.99390003135395,4.564012339203259,0.46929070292128006,0.3876744874233388,0.7999276670175836,2.0634003344771723,0.0,0.0,45.00007304436339,24.44399980778428,34.722036426073835,20.55607323657911,46.974854460196525,75.68068268237462,61.327768571285574,0.7153028133081774,1.524221146627241,1.5481676959199542,1.974965241227197,1.1691584860840398,1.974965241227197,0.16323165062914954,0.12242354288017891,0.9942423362322034,0.14282759675466422,-0.3060582719253976,-0.22444283679418928,-0.26525055435979344,2.4790772310528313,1.1630234622700164,1.641293008431114,0.7699890319489793,1.5104415959357202,0.4328323108363304,0.24654128038028775,12.099609994718797,0.46929070292128006,-0.46929070292128006,-0.7141377886816379,0.061211966531772695,0.18363511922858514,0.6529258221498652,0.6733292907493008,0.663127556449583,44.09064052572743,39.28942494277737,312.85370671860045,312.85370671860045,CORONAL,BACK,0.0,0.6620580383185878,472.5472520704486,,,,,,,,,,,,,,,,,,,,,0.33957779255153137,,,,,,,,,,,,,,,,,,,,0.33844917484615744,BODY,0.9177,0.9177,0.709,0.0537,0.4717,,,,,SAMAPADHAM,INCORRECT,FEET_NOT_ALIGNED,Feet not aligned / V-shaped,CANONICAL,turnout_deviation_deg,34.722036426073835,<= 8°,,True,2 of 7 parameter checks out of range,1,1,0,0
DJI_20260917132608_0057_D.JPG,Cam 8,11,SAMAPADHAM,INCORRECT,WEIGHT_ON_ONE_LEG,,rtmw_l_wholebody,coco_wholebody_133,1,1,OK,590.81,422.44,168.37,67,1,1,67.0,1.0,1.0,1.0,0.0,0.0,6.5197607949447445,10.304849963717572,8.412305379331158,173.48023920505526,169.69515003628243,3.785089168772828,0.47106111833310277,0.3678368441399576,0.7849542388124425,2.1339739379499916,3.179809956663,4.9697079424253054,41.42355513285528,22.619890798293042,32.021722965574156,18.803664334562235,50.4855845722644,77.68495916542449,64.08527186884444,0.7167557636058891,1.521577000755659,1.161234731159165,1.9091378868654083,1.1691320528131754,1.9091378868654083,0.16323107959666072,0.13262539802475334,0.9785521381725104,0.14792823881070705,-0.3468675026675691,-0.24484700833490178,-0.2958572555012354,2.458672366146231,1.1732259613279072,1.6280444425769058,0.7768680498169496,1.510199784383397,0.4625892250788383,0.2652509755602617,12.213989668837263,0.47038922108493425,-0.4692902289551986,-0.7141372372901004,0.061211363143814757,0.20403943290569193,0.6733288839810692,0.6937326716956741,0.6835307778383717,43.21010004710826,38.453749774876094,313.8539119952806,313.8539119952806,CORONAL,BACK,0.0,0.6621640463339705,473.98211022315843,,,,,,,,,,,,,,,,,,,,,0.3258210516356098,,,,,,,,,,,,,,,,,,,,0.3437052849384954,BODY,0.9152,0.9152,0.7068,0.0567,0.489,,,,,SAMAPADHAM,INCORRECT,FEET_NOT_ALIGNED,Feet not aligned / V-shaped,CANONICAL,turnout_deviation_deg,32.021722965574156,<= 8°,,True,2 of 7 parameter checks out of range,1,1,0,0
DJI_20260917132638_0058_D.JPG,Cam 8,12,MUZHUMANDI,INCORRECT,KNEES_FACING_FORWARD,,rtmw_l_wholebody,coco_wholebody_133,1,1,OK,618.04,420.67,197.37,67,1,1,67.0,1.0,1.0,1.0,0.0,0.0,123.4311243777816,117.4680347426403,120.44957956021095,56.5688756222184,62.53196525735971,5.963089635141301,0.7114534280304889,0.6272213424164085,0.8786206270215577,1.4008143020717665,5.079640982058124,5.599312305968501,,72.89719794777845,72.89719794777845,,34.5924812046465,40.05690882048046,37.32469501256348,1.6697206010638863,2.3469148299505154,1.9001221137718494,3.6521694423934963,1.591148089465597,3.6521694423934963,0.048592606374042314,0.0,0.9756243057543715,0.024296303187021157,0.027767203642309893,-0.11106881456923957,-0.04165080546346484,1.1245656046893127,1.200925005184049,0.7673506623773921,0.8194547248740969,1.465517213740591,0.11448552436867135,0.3776732358025804,43.51014567383297,0.7114534280304889,-0.7080587786195118,-1.6660223900198128,0.027766384599078157,0.027766384599078157,0.7080595976627436,0.6941759958415886,0.7011177967521661,43.85423040432291,43.83081845596152,298.08026675535507,298.08026675535507,CORONAL,BACK,0.0,0.6823529540452116,436.84176200636006,,,,,,,,,,,,,,,,,,,,,0.32857974213906593,,,,,,,,,,,,,,,,,,,,0.3200280923236275,BODY,0.9595,0.1758,0.3425,0.9595,0.1735,,,,,MUZHUMANDI,INCORRECT,FEET_APART_HEEL_DOWN,Heel pressing on the floor,CANONICAL,mean_heel_lift_norm,-0.04165080546346484,>= 0.04,,False,2 of 6 parameter checks out of range,1,1,0,0
DJI_20260917132640_0059_D.JPG,Cam 8,12,MUZHUMANDI,INCORRECT,KNEES_FACING_FORWARD,,rtmw_l_wholebody,coco_wholebody_133,1,1,OK,583.69,392.8,190.89,67,1,1,67.0,1.0,1.0,1.0,0.0,0.0,120.26826093758123,118.55035315198154,119.40930704478139,59.731739062418775,61.44964684801847,1.7179077855996923,0.7426116436082866,0.6859059491664701,1.29075307941515,1.8818222541788787,3.433668191859352,5.290055848256418,75.9638362916628,78.23164338517343,77.09773983841811,2.2678070935106263,4.598415407670146,34.148529776783505,19.373472592226825,1.6179206858013395,2.1786901669626415,1.6443882220788277,3.6521891575652408,1.5693567116224987,3.6521891575652408,0.06162099078810642,0.020540870360656105,0.9769623735555204,0.041080930574381266,0.06846713742806085,-0.06846794757499179,-4.0507346547175027e-07,1.0954794648040247,1.1707939640924363,0.7652346657572588,0.8178447488681763,1.4315601655604075,0.28229881141578683,0.3357005699618947,41.01475227796428,0.7426116436082866,-0.7394486488695533,-1.61583319288909,0.06846794757499179,0.02738620685367958,0.7120616318689428,0.6846746148683323,0.6983681233686375,43.29866066696388,43.830859260858006,301.3535146212169,301.3535146212169,CORONAL,BACK,0.0,0.6985385763430584,431.40568728335995,,,,,,,,,,,,,,,,,,,,,0.3192727589006166,,,,,,,,,,,,,,,,,,,,0.3098541709180105,BODY,0.9547,0.1648,0.3414,0.9547,0.1522,,,,,MUZHUMANDI,INCORRECT,KNEES_FACING_FORWARD,Feet and knees facing forward,CANONICAL,turnout_deviation_deg,32.09773983841811,<= 8°,,True,2 of 6 parameter checks out of range,1,1,1,0
DJI_20260917132713_0060_D.JPG,Cam 8,13,MUZHUMANDI,INCORRECT,BACK_BENT_FORWARD,,rtmw_l_wholebody,coco_wholebody_133,1,1,OK,585.47,420.28,165.19,67,1,1,67.0,1.0,1.0,1.0,0.0,0.0,125.79737324049124,65.77216322257031,95.78476823153078,54.20262675950876,114.22783677742969,60.02521001792093,0.8926304553939957,0.8981378832967905,1.0133286789929195,1.1282551352508357,5.806750375056591,14.743513488726618,33.69023033138178,,33.69023033138178,,85.03043866982276,66.5017771773775,75.76610792360013,1.4993878453055767,1.6797408560788643,1.5398565366952293,0.0,1.7356958512077967,0.0,0.007572453338682026,-0.030289393781737263,0.8273784842707087,0.018930923560209645,-0.13630080351234974,-0.060577948417492845,-0.09843937596492129,1.2191377152834015,1.166131381058609,0.8652793015437198,0.827658216345187,1.4089528237973254,0.16381348896719486,0.06244221821706443,29.19743880965135,0.8141487260152207,-0.8632403802521723,-1.499311356073792,0.060577948417492845,0.12115673598096736,0.6815048567077304,0.666360789176348,0.6739328229420392,45.000035274505436,45.64372487540634,290.93939592151395,290.93939592151395,CORONAL,BACK,0.0,0.7097469717295855,409.9198834375052,,,,,,,,,,,,,,,,,,,,,0.2925447794075657,,,,,,,,,,,,,,,,,,,,0.2702840342253826,BODY,0.759,0.1343,0.3717,0.759,0.145,,,,,MUZHUMANDI,INCORRECT,FEET_APART_HEEL_DOWN,Heel pressing on the floor,CANONICAL,mean_heel_lift_norm,-0.09843937596492129,>= 0.04,,True,3 of 6 parameter checks out of range,1,1,0,0
DJI_20260917132714_0061_D.JPG,Cam 8,13,MUZHUMANDI,INCORRECT,BACK_BENT_FORWARD,,rtmw_l_wholebody,coco_wholebody_133,1,1,OK,600.6,425.66,174.94,67,1,1,67.0,1.0,1.0,1.0,0.0,0.0,123.42335402104982,75.4183884493627,99.42087123520625,56.57664597895018,104.5816115506373,48.00496557168712,0.8033414547412328,0.9077789759548544,0.8712784476585373,0.9597913927694529,5.0131454641360325,9.090301460013468,,,,,80.18113011303515,15.436329586539827,47.80872984978749,1.539235050789432,1.916040858722074,1.8676753121969223,2.4365544234894982,1.8182847524372179,2.4365544234894982,0.05552724376099995,0.007932214509407403,0.8878694373577395,0.03172972913520367,-0.09519005850318508,-0.015864429018814807,-0.05552724376099995,1.3326638678861005,1.285068403085721,0.9125587980578486,0.8799671887271818,1.460359453793377,0.10642611036718197,0.09650299138333905,30.409993040456634,0.775733160678302,-0.7932519393558325,-1.5389079783624984,0.03172972913520367,0.01586530011638887,0.6821965807362586,0.6980627519502215,0.69012966634324,47.54481135697439,44.99996425088895,280.26782793296974,280.26782793296974,CORONAL,BACK,0.0,0.6847629173779346,409.29177211604787,,,,,,,,,,,,,,,,,,,,,-0.5654933668222829,,,,,,,,,,,,,,,,,,,,-0.5565501125474642,BODY,0.7716,0.1701,0.3922,0.7716,0.1502,,,,,MUZHUMANDI,INCORRECT,FEET_APART_HEEL_DOWN,Heel pressing on the floor,CANONICAL,mean_heel_lift_norm,-0.05552724376099995,>= 0.04,,False,3 of 5 parameter checks out of range,1,1,0,0
DJI_20260917132754_0062_D.JPG,Cam 8,14,MUZHUMANDI,INCORRECT,FEET_APART_HEEL_DOWN,,rtmw_l_wholebody,coco_wholebody_133,1,1,OK,589.62,425.16,164.46,67,1,1,67.0,1.0,1.0,1.0,0.0,0.0,142.74511357425774,137.04048765093916,139.89280061259845,37.254886425742264,42.95951234906085,5.704625923318588,1.2302851646802357,1.1627622597507405,1.959279078762192,1.685021217649599,1.9978731808069838,1.8882199514159146,77.12497104742027,78.23164644152739,77.67830874447384,1.1066753941071141,40.60325227041031,43.33015336694996,41.96670281868013,2.3656125171358613,1.9228164209805043,1.5343357333903511,5.710551185584243,0.7741853518317018,5.710551185584243,0.020268341091393655,-0.020268341091393655,0.947328187230666,0.020268341091393655,-0.1080983742990212,-0.06756169211623389,-0.08783003320762754,0.689126095259532,0.9999087131898723,0.45519381697780686,0.6604774756278096,1.5139179610015012,0.4851261953963676,0.3312572548409347,59.29002312630791,1.2302851646802357,-1.2296171340372555,-2.3646475660248303,0.2567334307808297,0.297270112963617,0.6621010853260854,0.662101918043468,0.6621015016847767,40.60129464500447,40.60125903877283,293.1854553712467,293.1854553712467,CORONAL,BACK,0.0,0.6605377740141682,443.85872679093444,,,,,,,,,,,,,,,,,,,,,0.3221231536558418,,,,,,,,,,,,,,,,,,,,0.3192986916509177,BODY,0.9347,0.0292,0.1883,0.9347,0.104,,,,,MUZHUMANDI,INCORRECT,FEET_APART_HEEL_DOWN,Heel pressing on the floor,CANONICAL,mean_heel_lift_norm,-0.08783003320762754,>= 0.04,,False,2 of 6 parameter checks out of range,1,1,1,0
DJI_20260917132756_0063_D.JPG,Cam 8,14,MUZHUMANDI,INCORRECT,FEET_APART_HEEL_DOWN,,rtmw_l_wholebody,coco_wholebody_133,1,1,OK,663.53,399.11,264.42,67,1,1,67.0,1.0,1.0,1.0,0.0,0.0,147.4993456447079,138.1608846934808,142.83011516909434,32.50065435529212,41.839115306519204,9.338460951227091,1.2155587095863962,1.1501820014210258,1.8998928575856278,1.6518193253227313,1.2453313498981462,4.127578161624224,78.40784122523709,71.56494355552145,74.98639239037928,6.84289766971564,39.73375367101218,48.69149686082062,44.2126252659164,2.3139744400227205,1.9036303403313768,1.8401922825565147,8.130083520378278,0.7161646531823442,8.130083520378278,0.01874824770840959,-0.031247764276452743,0.9498609454465744,0.02499800599243117,-0.09999202396972466,-0.08749373997406767,-0.09374288197189617,0.6312007298097249,0.9874227774165137,0.40541333949781727,0.6342108726796202,1.556931329865931,0.4976117424968048,0.27667794023061487,58.39803531259135,1.2155587095863962,-1.2124058584920494,-2.3123197655888688,0.22498225936061153,0.287477787913517,0.6499485666606724,0.6624476723712535,0.656198119515963,42.70941101752428,39.69911476302537,297.1111000150386,297.1111000150386,CORONAL,BACK,0.0,0.6422890854705269,462.58158006434365,,,,,,,,,,,,,,,,,,,,,0.33274404187695394,,,,,,,,,,,,,,,,,,,,0.3463902834742133,BODY,0.9037,0.0285,0.1878,0.9037,0.0996,,,,,MUZHUMANDI,INCORRECT,FEET_APART_HEEL_DOWN,Heel pressing on the floor,CANONICAL,mean_heel_lift_norm,-0.09374288197189617,>= 0.04,,False,2 of 6 parameter checks out of range,1,1,1,0
DJI_20260917132812_0064_D.JPG,Cam 8,15,SWASTIKAPADAM,INCORRECT,OVERCROSSING_SHINS,RIGHT,rtmw_l_wholebody,coco_wholebody_133,1,1,OK,725.71,424.86,300.85,67,1,1,67.0,1.0,1.0,1.0,0.0,0.0,3.2648927292791257,15.043540422695202,9.154216575987164,176.73510727072087,164.9564595773048,11.778647693416076,0.0,0.10160694048389338,0.1600998148954375,1.5756779422053002,21.801735839947593,,74.57773933250034,68.19853612127895,71.38813772688965,6.3792032112213946,9.196426192276292,40.859158256558295,25.027792224417293,0.4716980838051813,,2.030895456659812,1.7898644410933457,0.0,1.7898644410933457,0.08490574858445617,0.13207508946735658,0.991434111619593,0.10849041902590636,0.15094407248083064,0.2264153295585498,0.18867970101969023,2.122640987541968,1.0377360181202078,1.5947430880379962,0.7796524950842888,1.331023789012587,0.567606860381422,0.6096404853987025,25.2835288530606,0.0,0.0,-0.4716980838051813,0.16981149716891233,0.4339616761036255,0.6603762264994791,0.6792444303502571,0.6698103284248681,40.60133361552933,38.85334555336707,313.337158203125,313.337158203125,CORONAL,BACK,0.0,0.7513013728641503,417.0592115499599,,,,,,,,,,,,,,,,,,,,,0.2630104189788649,,,,,,,,,,,,,,,,,,,,0.2577074071747243,BODY,0.9553,0.9221,0.5904,0.0655,0.9553,,,,,SWASTIKAPADAM,INCORRECT,INSUFFICIENT_ARAMANDI,Insufficient Aramandi (right leg),CANONICAL,mean_knee_flexion_deg,9.154216575987164,30-45°,RIGHT,False,1 of 5 parameter checks out of range,1,1,0,0
DJI_20260917132813_0065_D.JPG,Cam 8,15,SWASTIKAPADAM,INCORRECT,OVERCROSSING_SHINS,RIGHT,rtmw_l_wholebody,coco_wholebody_133,1,1,OK,627.29,435.89,191.4,67,1,1,67.0,1.0,1.0,1.0,0.0,0.0,6.0302270965428875,1.0774917681570457,3.5538594323499666,173.9697729034571,178.92250823184295,4.952735328385842,0.4423726645246147,0.39992381090741036,0.6859944798028301,1.7153129198442507,11.310023717038355,12.804405887981556,7.59472624458509,82.87487415867434,45.23480020162972,75.28014791408926,75.40401518944704,5.042537848673717,40.22327651906038,0.6106822888045302,1.3804702183865396,0.80129568131955,1.7357220004760774,0.0,1.7357220004760774,-0.06862730771104292,-0.049019273547989024,0.9635744248906788,0.05882329062951597,0.29411726500722557,0.01960803416305389,0.15686264958513974,2.2352927565882412,1.0980381411661553,1.5942497897179437,0.783139958064513,1.402096943029054,0.2967201806252627,0.15808260858917628,9.083846558619799,0.44010557371356523,-0.4313718804293114,-0.607842564177505,0.1568626495851397,0.05882410248916167,0.7058811112734831,0.7058811112734831,0.7058811112734831,41.63357205830348,40.732129823844296,300.7177734375,300.7177734375,CORONAL,BACK,0.0,0.7132174454639534,421.6354708512224,,,,,,,,,,,,,,,,,,,,,0.27267130840701936,,,,,,,,,,,,,,,,,,,,0.2633132752629584,BODY,0.9144,0.9144,0.6583,0.0642,0.5619,,,,,SAMAPADHAM,INCORRECT,FEET_NOT_ALIGNED,Feet not aligned / V-shaped,CANONICAL,turnout_deviation_deg,45.23480020162972,<= 8°,,True,1 of 7 parameter checks out of range,0,1,0,0
DJI_20260917132845_0066_D.JPG,Cam 8,16,SWASTIKAPADAM,INCORRECT,OVERCROSSING_SHINS,LEFT,rtmw_l_wholebody,coco_wholebody_133,1,1,OK,945.87,621.75,324.12,67,1,1,67.0,1.0,1.0,1.0,1.0,1.0,21.166325417232798,24.39141334428848,22.77886938076064,158.8336745827672,155.60858665571152,3.2250879270556823,0.5452793395961967,0.6930164419550043,1.0095202258225653,1.4567045811708326,11.633606104713262,23.749430791493072,45.0,13.392358468510793,29.196179234255396,31.607641531489207,69.17911719048855,78.04612833245343,73.61262276147099,0.48286778732015406,0.8855420557062348,0.8243388623691891,0.0,3.43363821574691,0.0,-0.049910221669832514,-0.02994621377388541,0.9052769869720152,0.03992821772185896,0.13974845913155923,0.41924699283439576,0.2794977259829775,2.2259971788263044,1.0580964570844915,1.6041502217531716,0.7625102504232675,1.3876488302906682,0.19763416622459326,0.4309663567564813,49.525347326545926,0.0,-0.49910262055825466,0.47913901652223706,0.49910262055825466,0.5589950481060255,0.6188870717938668,0.6987439110975142,0.6588154914456905,45.909394462947084,39.64420525184493,302.25903482223754,302.25903482223754,CORONAL,FRONT,1.0,0.7206434208505994,419.4293961158643,right,24.079685733979016,173.69111333070765,164.06687523429383,6.308886669292349,20.808106085935815,31.21503963219383,1.5866161901375062,1.7656009896826408,4.504134700224192,2.559297194967094,0.7524884716413494,3.5362309987113334,4.243798796980092,1.8491872167663703,-0.9170145331429715,178.15064026558298,134.6304147404383,45.36958525956169,74.74480487264518,0.2732245038929461,60.8371542280716,171.2553287211308,163.1400046886203,8.744671278869191,10.756455273777343,17.49779269816991,0.49663850646651464,0.6238600821439108,1.2045522062403493,1.123738073738405,0.49205262114139625,1.208389669829282,1.5905285918835221,0.6587403818261732,-0.5023763373756764,175.64793444638988,139.0701347926185,40.92986520738151,81.93681738824355,0.2524705127206861,BODY,0.8787,0.7123,0.8787,0.0699,0.7133,0.8723,0.636,0.1314,0.1805,ARAMANDI,INCORRECT,INSUFFICIENT_KNEE_BEND,Insufficient knee bend,CANONICAL,mean_knee_flexion_deg,22.77886938076064,30-45°,,True,2 of 8 parameter checks out of range,0,1,0,0
DJI_20260917132847_0067_D.JPG,Cam 8,16,SWASTIKAPADAM,INCORRECT,OVERCROSSING_SHINS,LEFT,rtmw_l_wholebody,coco_wholebody_133,1,1,OK,678.43,504.53,173.9,67,1,1,67.0,1.0,1.0,1.0,1.0,1.0,8.350287519926326,26.4527698434145,17.401528681670413,171.64971248007367,153.5472301565855,18.102482323488175,0.5124779874771304,0.6413950357221482,0.841324940555131,1.3117110262755327,0.0,6.34022949996433,,10.784267383495546,10.784267383495546,,50.92104756499311,73.37667562980458,62.14886159739885,0.08436487648856643,0.1646214638483985,11.784748160780026,,1.0809018768259928,,-0.018864559874180828,-0.29240086916847724,0.9437835628808796,0.15563271452132904,0.11318812371978253,0.3961569040698437,0.2546725138948131,2.1222635592013663,1.0092545266246975,1.5845849042428344,0.75355837897441,1.3393182993974388,0.13603448786210223,0.4032793554722932,22.018260330694602,0.07158104441220632,-0.5093434988402311,-0.07545823949672331,0.037729119748361656,0.5470726185885928,0.6225308580853162,0.6602599778336777,0.641395417959497,42.27367149572059,39.64417832869583,319.35736497399245,319.35736497399245,CORONAL,FRONT,1.0,0.7466485005468091,427.72116295701477,right,28.28765445187486,171.9441886325212,163.8505425005484,8.05581136747881,20.291432122101778,31.02272629693752,1.3569708045481443,1.5373155204332598,3.7701929763537874,2.1463406138446826,0.7028801766141666,3.2256442089609494,3.790105476968652,1.6498705269571599,-0.7821231598920253,175.42827975863116,131.1279160740275,48.872083925972504,70.9065439452853,0.2633468900795482,60.659577955080664,170.3629433599292,162.49985481679948,9.637056640070796,10.97248984373231,17.999560380154236,0.4961280178823279,0.6342120795115016,1.2185271625912772,1.1566747780268267,0.5258320906607853,1.2099192966344847,1.6065251312769757,0.6630565426751817,-0.4920016686079922,173.92700099878775,144.69344473758147,35.30655526241853,84.20072143070378,0.2578963792560768,BODY,0.8124,0.8013,0.8124,0.0718,0.6515,0.8738,0.6416,0.1318,0.1685,ARAMANDI,INCORRECT,INSUFFICIENT_KNEE_BEND,Insufficient knee bend,CANONICAL,mean_knee_flexion_deg,17.401528681670413,30-45°,,True,5 of 7 parameter checks out of range,0,1,0,0
DJI_20260917132902_0068_D.JPG,Cam 8,17,SWASTIKAPADAM,INCORRECT,INSUFFICIENT_ARAMANDI,RIGHT,rtmw_l_wholebody,coco_wholebody_133,1,1,OK,571.69,424.28,147.41,67,1,1,67.0,1.0,1.0,1.0,1.0,1.0,24.851523299570346,10.658436236380624,17.754979767975485,155.14847670042965,169.34156376361938,14.193087063189722,0.037030688012041894,0.20700783912128057,0.44475309585051925,2.14848431701154,10.304846468766033,0.0,,76.75945045929195,76.75945045929195,,42.40482391924601,25.87391978797058,34.139371853608296,0.5557680939958332,15.008311317767161,4.398707770976536,0.0,1.0609116902642277,0.0,-0.12960740804214663,-0.027773016009031423,0.997035293359201,0.07869021202558903,0.12960740804214663,0.07406137602408379,0.1018343920331152,2.147779174713254,1.0831468943670495,1.6175992224979683,0.8157717491665071,1.3277572991142752,0.1492754756749555,0.32335587110136393,30.483665031074324,0.0,-0.037030688012041894,0.5554595901954523,0.22218412807225138,0.2777301600903142,0.6110056222135152,0.6480363102255571,0.6295209662195361,40.3140941302146,40.601289329842764,334.4460038380231,334.4460038380231,CORONAL,FRONT,1.0,0.7531496913382313,444.0631227555361,left,35.32058567970035,170.32339803016976,165.54976674998466,9.676601969830244,18.98510161712731,23.532696117176194,1.0897172569630131,1.334866219479116,3.2159499208565028,1.8174539886580408,0.8840719736108146,2.5066412995105374,2.95301414460674,1.3190741233066778,-0.5310321140712793,172.8676432031733,152.40755245688365,27.59244754311635,93.86547184918062,0.2722066907401016,25.328497728009147,171.4517636034364,167.36093967440044,8.548236396563595,8.260723485055864,14.718111110103642,1.19212563333837,1.4441508711154993,3.014462772100245,2.379340373920312,0.7309455530485588,3.261809991600179,4.388794831256966,1.7496081061237656,-0.4775944967709256,172.286505973835,168.25481429748157,11.745185702518427,105.25497339060578,0.284220660520783,BODY,0.9107,0.8447,0.6954,0.0632,0.9107,0.6474,0.5891,0.0907,0.0032,SWASTIKAPADAM,INCORRECT,INSUFFICIENT_ARAMANDI,Insufficient Aramandi (right leg),CANONICAL,mean_knee_flexion_deg,17.754979767975485,30-45°,RIGHT,False,1 of 5 parameter checks out of range,1,1,1,0
DJI_20260917132904_0069_D.JPG,Cam 8,17,SWASTIKAPADAM,INCORRECT,INSUFFICIENT_ARAMANDI,RIGHT,rtmw_l_wholebody,coco_wholebody_133,1,1,OK,616.18,436.18,180.0,67,1,1,67.0,1.0,1.0,1.0,0.0,0.0,2.885591722157784,24.792645629598354,13.839118675878069,177.11440827784222,155.20735437040165,21.90705390744057,0.0925768168938697,0.17070233099313564,0.48175417815206123,2.8221886329802595,12.529077698452516,0.0,,79.9919893945583,79.9919893945583,,79.26111639850237,5.164891843944204,42.213004121223285,0.5927799798509846,6.403114729366306,0.7902342106942641,3.8140697570706537,1.060887301547569,3.8140697570706537,-0.10183427610166072,-0.12034956531990267,0.9948650475874767,0.1110919207107817,0.07406264008360754,0.055546238457385794,0.06480443927049667,2.1662951421795276,1.0831479418924237,1.6136396296490352,0.806820091029664,1.3424900469571972,0.07406264008360754,0.3196246080298665,25.91178605088355,0.0925768168938697,-0.0925768168938697,-0.5924907381943822,0.35179086594925707,0.11109173530945173,0.6110056566099643,0.629522058236186,0.6202638574230752,42.27371323582083,38.453714086516236,329.20560096123944,329.20560096123944,CORONAL,BACK,0.0,0.7448844796030605,441.95524269302666,,,,,,,,,,,,,,,,,,,,,0.3125037505084374,,,,,,,,,,,,,,,,,,,,0.29480286749773693,BODY,0.9306,0.905,0.6663,0.0622,0.9306,,,,,SWASTIKAPADAM,INCORRECT,INSUFFICIENT_ARAMANDI,Insufficient Aramandi (left leg),CANONICAL,mean_knee_flexion_deg,13.839118675878069,30-45°,LEFT,False,1 of 5 parameter checks out of range,1,1,1,0
DJI_20260917132926_0070_D.JPG,Cam 8,18,SWASTIKAPADAM,INCORRECT,INSUFFICIENT_ARAMANDI,LEFT,rtmw_l_wholebody,coco_wholebody_133,1,1,OK,583.56,413.99,169.57,67,1,1,67.0,1.0,1.0,1.0,1.0,1.0,17.66478584129004,6.447228256257972,12.056007048774006,162.33521415870996,173.55277174374203,,,,,,,,,,,,,,,,,29.160237958238007,,,,,,,,15.999842625014754,10.999921312507377,13.499881968761066,111.99881968761065,52.49944918755164,1.4174650091922631,0.6644367541799512,79.01346344445761,18.86776625396848,12.082941778086141,,,,,,,,,,37.998699633474295,68.19858079703724,6.205322265625,6.205322265625,SAGITTAL,,1.0,0.012656070958121567,490.3040039960398,right,19.165088721338556,173.73295940806725,165.13283867142252,6.267040591932755,23.622107913471662,32.520656942511124,1.9802666643477522,2.641320034243179,5.710098749108815,2.93079771299554,0.9585506385445589,4.279655040884108,5.278391967457792,2.3526030908967948,-0.4643523987667608,176.33288721006855,139.95558913708908,40.04441086291092,80.78906108381432,0.24212920550873449,44.67589915390847,173.80343869673806,169.81004596946119,6.196561303261944,4.857125911166532,7.0862207064269755,0.56284849850097,0.6805193687192672,1.413541050163069,1.3673706348690489,0.6059789202566661,2.0154662581504668,2.44912316793433,1.0076844637118783,-0.4354489506667756,175.92918329446275,158.57476762843044,21.425232371569564,97.76510256158605,0.26974181749723325,BODY,0.9642,0.8236,0.656,0.1296,0.9642,0.8584,0.5608,0.1201,0.0508,SWASTIKAPADAM,INCORRECT,INSUFFICIENT_ARAMANDI,Insufficient Aramandi,CANONICAL,mean_knee_flexion_deg,12.056007048774006,30-45°,,False,2 of 2 parameter checks out of range,1,1,1,0
DJI_20260917132929_0071_D.JPG,Cam 8,18,SWASTIKAPADAM,INCORRECT,INSUFFICIENT_ARAMANDI,LEFT,rtmw_l_wholebody,coco_wholebody_133,1,1,OK,609.96,420.97,188.99,67,1,1,67.0,1.0,1.0,1.0,1.0,1.0,23.7220778544594,7.8532586509642215,15.78766825271181,156.2779221455406,172.14674134903578,15.868819203495178,0.019230092635912792,0.0693377840491587,0.05439250358857606,0.7844569066414522,33.690067525979785,90.0,40.914371898797995,47.48946876022403,44.20192032951101,6.575096861426033,41.699599241803206,42.510531239775965,42.105065240789585,0.13461513988958548,7.00023356300362,5.792799972604576,0.0,0.0,0.0,0.1153839243941237,-0.019231589781978104,0.989705253685248,0.06730775708805091,0.28846186956114905,0.21153850472536728,0.25000018714325817,2.14423243192664,1.0288466360999344,1.607690730704178,0.7714029391337129,1.3337343998913607,0.38172024279880346,0.3130538044961869,7.386028859398804,0.0024721011225373435,0.0,0.13461513988958548,0.19230841208945448,0.15384523252549828,0.615385421540189,0.615385421540189,0.615385421540189,39.09388512481975,39.093801161262235,326.141357421875,326.141357421875,CORONAL,FRONT,1.0,0.7497744679011465,434.98594762081825,right,22.23680557187387,169.88405349513732,165.47263260295415,10.115946504862677,21.654909931814526,32.21321237786331,1.7038423879786384,2.327891326102284,5.054031309224549,2.6797336978515855,1.048138403987649,3.600823659884426,4.570694968713384,2.0194170590491454,-0.2959097133369779,172.57683698927997,145.68694085611997,34.313059143880025,87.3973235413971,0.2824882473579684,41.96920986963895,174.18404517978223,167.77581175887434,5.815954820217769,2.762456011823577,6.017347404844344,0.6012872573128721,0.7451314099726835,1.5563409142969689,1.4779385371856562,0.6048161245903206,2.212101065093639,2.5866227947288847,1.0851145301677425,-0.46730006976912497,176.7207251363347,154.03209499625981,25.967905003740185,94.39884595007454,0.30376340482424397,BODY,0.9805,0.8662,0.6679,0.0647,0.9805,0.8063,0.5385,0.1039,0.0289,SWASTIKAPADAM,INCORRECT,INSUFFICIENT_ARAMANDI,Insufficient Aramandi,CANONICAL,mean_knee_flexion_deg,15.78766825271181,30-45°,,False,1 of 5 parameter checks out of range,1,1,1,0
DJI_20260917133328_0072_D.JPG,Cam 8,19,PATAKA,INCORRECT,ELBOWS_NOT_ALIGNED,,rtmw_l_wholebody,coco_wholebody_133,1,1,OK,628.53,417.17,211.36,67,1,1,67.0,1.0,1.0,1.0,0.0,0.0,8.392914732277575,8.711113115793893,8.552013924035734,171.60708526772243,171.2888868842061,0.318198383516318,0.34070710422408507,0.26151838733275307,0.3698435821832664,1.4142163614395555,17.102728969052375,16.389540334034784,33.69023739913236,0.0,16.84511869956618,33.69023739913236,64.70267733314517,82.99869896230913,73.85068814772715,0.6347900425043609,1.8631546998411157,1.201847205337702,0.0,1.1017061152063747,0.0,-0.06729524980970122,-0.0384540579247363,0.959688682485162,0.05287465386721876,-0.17304492808208888,-0.15381771385074566,-0.16343132096641727,2.4322448234926166,1.1344067512630995,1.7688412620171825,0.8249932120992854,1.3750497999571143,0.20797453146217795,0.15381771385074566,15.39421576996843,0.33739415813079765,-0.32686264193283454,-0.6344988107102261,0.17304492808208888,0.09613681223261626,0.7883165245609718,0.8267709530236582,0.807543738792315,16.313887517895306,16.821466247902414,329.4407832258544,329.4407832258544,CORONAL,BACK,0.0,0.7272463877535115,452.9974830724261,,,,,,,,,,,,,,,,,,,,,0.7916608253445595,,,,,,,,,,,,,,,,,,,,0.7302615422525648,MUDRA,0.0,0.9733,0.6625,0.0302,0.7411,,,,,,UNKNOWN,,,,,,,,False,"no posture recognised, cannot apply correctness rules",0,0,0,0
DJI_20260917133331_0073_D.JPG,Cam 8,19,PATAKA,INCORRECT,ELBOWS_NOT_ALIGNED,,rtmw_l_wholebody,coco_wholebody_133,1,1,OK,613.87,419.56,194.31,67,1,1,60.0,1.0,1.0,1.0,0.0,0.0,8.307269352956808,9.524249259090936,8.915759306023872,171.6927306470432,170.47575074090906,1.216979906134128,0.3473852911004651,0.2666445634687403,0.43528193513504404,1.632442565010607,17.102681656787613,16.38950549018776,38.65983493932113,6.340165060678871,22.5,32.31966987864226,60.50252986050984,89.45845489387807,74.98049237719395,0.6668272791105264,1.9195610643102257,0.4034838669433384,1.7899063386013871,1.1233010321424224,1.7899063386013871,-0.07841655669089202,-0.0686145338984829,0.9505429808214644,0.07351554529468746,-0.19604120455142057,-0.1764371589666023,-0.18623918175901144,2.470114984609766,1.1762449811988092,1.7746038307652523,0.8450492639246816,1.3919247449976442,0.25105533122201457,0.17752292716012127,16.044074966632262,0.34462539151121135,-0.33326952364514834,-0.6665390472902967,0.2156452501362388,0.07841618233927301,0.8037673663840245,0.8429754575536609,0.8233714119688427,16.313872809435804,18.034347628362436,326.08463887426046,326.08463887426046,CORONAL,BACK,0.0,0.7184296447015838,453.88527781270386,,,,,,,,,,,,,,,,,,,,,0.786574369822389,,,,,,,,,,,,,,,,,,,,0.39650928408558045,BODY,0.9712,0.9712,0.6666,0.0295,0.7336,,,,,SAMAPADHAM,INCORRECT,FEET_NOT_ALIGNED,Feet not aligned / V-shaped,CANONICAL,turnout_deviation_deg,22.5,<= 8°,,True,1 of 7 parameter checks out of range,0,1,0,7
DJI_20260917133338_0074_D.JPG,Cam 8,20,ALAPADMA,INCORRECT,ELBOWS_NOT_ALIGNED,,rtmw_l_wholebody,coco_wholebody_133,1,1,OK,615.65,411.03,204.62,67,1,1,47.0,1.0,1.0,1.0,0.0,0.0,10.128618233947833,10.959661809358892,10.544140021653362,169.87138176605217,169.0403381906411,0.8310435754110586,0.39406625194480865,0.3107834949202453,0.367837004517579,1.1835795997209408,23.198628187544116,21.2505758046636,21.801447160371595,,21.801447160371595,,76.59145245198297,81.72411707620009,79.15778476409153,0.714428979581395,1.8129666675477072,1.1934910039426307,1.9091330315473949,1.169172076940379,1.9091330315473949,-0.051009659017385627,-0.02040370797819884,0.9364130952900401,0.035706683497792234,-0.2040386360695425,-0.10201931803477125,-0.15302897705215687,2.5096840944944314,1.1834282911797427,1.707962334788344,0.805380626068441,1.4694024823477383,0.21975639425060128,0.10201931803477125,16.66878253615451,0.38418537201354086,-0.3672714124702415,-0.71413756067473,0.14282673399116894,0.10201931803477125,0.8365621429752542,0.8569650728096759,0.8467636078924651,16.31386200471035,17.198602262298866,313.74744899138227,313.74744899138227,CORONAL,BACK,0.0,0.6805487346137116,461.0212803782075,,,,,,,,,,,,,,,,,,,,,0.8108490442005455,,,,,,,,,,,,,,,,,,,,0.3670553705790748,BODY,0.9413,0.9413,0.7058,0.0406,0.7176,,,,,SAMAPADHAM,INCORRECT,FEET_NOT_ALIGNED,Feet not aligned / V-shaped,CANONICAL,turnout_deviation_deg,21.801447160371595,<= 8°,,True,2 of 7 parameter checks out of range,0,1,0,20
DJI_20260917133340_0075_D.JPG,Cam 8,20,ALAPADMA,INCORRECT,ELBOWS_NOT_ALIGNED,,rtmw_l_wholebody,coco_wholebody_133,1,1,OK,619.95,442.53,177.42,67,1,1,45.0,1.0,1.0,1.0,0.0,0.0,7.471571292626805,10.579693964703381,9.025632628665093,172.5284287073732,169.42030603529662,3.1081226720765756,0.3812545585016032,0.3033892082962298,0.4101992766252434,1.3520562545017227,19.653912989891634,15.523998366316416,30.963724417927338,,30.963724417927338,,66.50784687469951,82.14664337938319,74.32724512704135,0.6950771613853572,1.8231314115092327,0.790234010132684,1.847605725927053,0.0,1.847605725927053,-0.051020249421095086,-0.03061214965265705,0.9516831585038833,0.04081619953687607,-0.2040825533576485,-0.14285747621570033,-0.1734700147866744,2.530612538570974,1.2142862143235504,1.7101822805966742,0.8206119015286423,1.4797326386097602,0.2379990302024376,0.14285747621570033,15.32492791324357,0.37749550572344814,-0.3673457958318846,-0.6938777256367954,0.16326557598413835,0.10204127667882425,0.8367352018524957,0.8775514013893718,0.8571433016209338,16.31384405015712,16.821446682988956,313.871337890625,313.871337890625,CORONAL,BACK,0.0,0.675797758262277,464.4456630008701,,,,,,,,,,,,,,,,,,,,,,,,,,,,,,,,,,,,,,,,,0.3884066817689006,BODY,0.9538,0.9538,0.687,0.0397,0.7043,,,,,SAMAPADHAM,INCORRECT,FEET_NOT_ALIGNED,Feet not aligned / V-shaped,CANONICAL,turnout_deviation_deg,30.963724417927338,<= 8°,,True,1 of 7 parameter checks out of range,0,1,0,22
DJI_20260917133428_0076_D.JPG,Cam 8,21,ALAPADMA,CORRECT,,,rtmw_l_wholebody,coco_wholebody_133,1,1,OK,638.29,442.79,195.5,67,1,1,64.0,1.0,1.0,1.0,0.0,0.0,9.279273387249475,12.303478849061435,10.791376118155455,170.72072661275052,167.69652115093857,3.0242054618119596,0.3545985085815354,0.27196439249667603,0.3865345539179445,1.4212689770506215,8.130297863077983,12.528858822548434,29.054665579919046,6.340350696424977,17.69750813817201,22.71431488349407,68.53994695876833,86.72064594845318,77.63029645361075,0.6947071024131802,1.9591371243837064,1.185259372748851,1.8476554286255538,0.0,1.8476554286255538,-0.01923088140294185,0.009615258421690418,0.961436347699238,0.014423069912316133,-0.1730768389477936,-0.1730768389477936,-0.1730768389477936,2.413462674204786,1.1442314282422834,1.7306636515359186,0.8205139292060664,1.3945301688533767,0.19799290911703618,0.1741419909195676,17.214317286659156,0.3532843890731739,-0.34615440701470923,-0.6923073557911744,0.11538455929852907,0.1346150761419099,0.4230772035073546,0.5000007291191221,0.4615389663132383,52.8153099416428,50.013064655507556,334.84326171875,334.84326171875,CORONAL,BACK,0.0,0.7170873906745446,466.94903030406385,,,,,,,,,,,,,,,,,,,,,0.6035733975328905,,,,,,,,,,,,,,,,,,,,0.46814343088239097,BODY,0.9518,0.9518,0.6957,0.0367,0.6709,,,,,SAMAPADHAM,INCORRECT,FEET_NOT_ALIGNED,Feet not aligned / V-shaped,CANONICAL,turnout_deviation_deg,17.69750813817201,<= 8°,,True,2 of 7 parameter checks out of range,0,0,0,3
DJI_20260917133429_0077_D.JPG,Cam 8,21,ALAPADMA,CORRECT,,,rtmw_l_wholebody,coco_wholebody_133,1,1,OK,602.65,417.51,185.14,67,1,1,53.0,1.0,1.0,1.0,0.0,0.0,9.231212392304826,9.38585466336653,9.308533527835678,170.76878760769517,170.61414533663347,0.1546422710617037,0.32917775378762903,0.27196440184200343,0.3846158922043472,1.4142141015491732,8.130058665510822,6.7098069861289025,18.43487600840237,,18.43487600840237,,79.15976736018911,75.33201999522453,77.24589367770682,0.6549764450554,1.9897348393657304,1.2188696340187826,1.8476715754473922,0.0,1.8476715754473922,-0.0096153423163044,0.0192306846326088,0.9778182833659164,0.014423013474456601,-0.17307689487753627,-0.13461552561231865,-0.15384621024492745,2.471154706235144,1.153846576836956,1.8222828923169816,0.8508714051868913,1.356076335158445,0.18243898876994316,0.14645749355071036,16.125404527778496,0.32917775378762903,-0.32692310512246375,-0.6538462102449275,0.11538484097970987,0.15384621024492748,0.4230772614695648,0.4807693153673912,0.451923288418478,53.74615910586052,52.00127285630351,332.98681640625,332.98681640625,CORONAL,BACK,0.0,0.7374216141624205,451.5555416482655,,,,,,,,,,,,,,,,,,,,,0.6156823355395098,,,,,,,,,,,,,,,,,,,,0.4557561038554204,BODY,0.9773,0.9773,0.6549,0.0238,0.6943,,,,,SAMAPADHAM,INCORRECT,FEET_NOT_ALIGNED,Feet not aligned / V-shaped,CANONICAL,turnout_deviation_deg,18.43487600840237,<= 8°,,True,1 of 7 parameter checks out of range,0,0,0,14
DJI_20260917133438_0078_D.JPG,Cam 8,22,MUSHTI,CORRECT,,,rtmw_l_wholebody,coco_wholebody_133,1,1,OK,727.52,543.6,183.92,67,1,1,58.0,1.0,1.0,1.0,0.0,0.0,8.28199017328771,12.104855511056797,10.193422842172254,171.7180098267123,167.8951444889432,3.8228653377690875,0.3696382957610929,0.28888863876865617,0.3848116045175537,1.3320413227662902,3.814035852425052,8.972537325323609,23.962330033952654,6.34008430880273,15.151207171377692,17.622245725149924,72.58397272567896,86.87778293501088,79.73087783034492,0.6928634841484291,1.8744364209390394,1.1691280190491162,1.8475919501855256,2.202620934805786,1.8475919501855256,-0.009608564491562154,0.019216020941860625,0.9850310910403516,0.014412292716711388,-0.17295046737723982,-0.17295046737723982,-0.17295046737723982,2.4212884452740506,1.1626026928940223,1.713928726507459,0.8229577755410556,1.412712447038569,0.18926249554159214,0.1740147517360034,16.008604133423567,0.3693069340132664,-0.3651151089609008,-0.6917966986497288,0.09608342883309418,0.13451547071681544,0.40354788953879783,0.4804149280829435,0.44198140881087067,54.09031643481534,47.20261605482903,330.50297809586783,330.50297809586783,CORONAL,BACK,0.0,0.7078581363789022,466.90567093934806,,,,,,,,,,,,,,,,,,,,,0.60978230325815,,,,,,,,,,,,,,,,,,,,0.5554489938716959,BODY,0.9502,0.9502,0.6956,0.0394,0.6201,,,,,SAMAPADHAM,INCORRECT,FEET_NOT_ALIGNED,Feet not aligned / V-shaped,CANONICAL,turnout_deviation_deg,15.151207171377692,<= 8°,,True,2 of 7 parameter checks out of range,0,0,0,9
DJI_20260917133440_0079_D.JPG,Cam 8,22,MUSHTI,CORRECT,,,rtmw_l_wholebody,coco_wholebody_133,1,1,OK,703.76,519.33,184.43,67,1,1,65.0,1.0,1.0,1.0,0.0,0.0,8.44974999162136,10.995477616246575,9.722613803933967,171.55025000837864,169.00452238375343,2.545727624625215,0.35341632354555275,0.2744574919416235,0.4158650833979237,1.5152258386387107,0.0,3.1797762183252694,20.555835244725458,19.983074554864984,20.26945489979522,0.5727606898604733,77.03883441989836,78.40986042359367,77.72434742174602,0.6872615066531105,1.944622986732325,0.7957075044785721,1.8475715699433133,1.1232799919171157,1.8475715699433133,-0.029405892267715044,-0.009802213833533325,0.9995981292877082,0.019604053050624185,-0.1568331736378784,-0.2156449581733085,-0.18623906590559347,2.4897173597443687,1.1860465207203117,1.7637187774441307,0.8401967843175074,1.4116294454563265,0.16749767268105778,0.22945991005348834,15.987604643082483,0.35341632354555275,-0.35287220567835037,-0.6861422313882889,0.13722949520369668,0.11762506753663003,0.431289916346617,0.47049802244786537,0.4508939693972412,51.84276305107594,49.398660272035364,325.85412347851747,325.85412347851747,CORONAL,BACK,0.0,0.7084012048762115,459.985275625637,,,,,,,,,,,,,,,,,,,,,0.6423502997691,,,,,,,,,,,,,,,,,,,,0.5479269520862851,BODY,0.9644,0.9644,0.6784,0.0313,0.6138,,,,,SAMAPADHAM,INCORRECT,FEET_NOT_ALIGNED,Feet not aligned / V-shaped,CANONICAL,turnout_deviation_deg,20.26945489979522,<= 8°,,True,1 of 7 parameter checks out of range,0,0,0,2
DJI_20260917133513_0080_D.JPG,Cam 8,23,KATAKAMUKHA,CORRECT,,,rtmw_l_wholebody,coco_wholebody_133,1,1,OK,641.97,407.04,234.93,67,1,1,47.0,1.0,1.0,1.0,0.0,0.0,9.110043638627957,9.330367488779757,9.220205563703857,170.88995636137204,170.66963251122024,0.22032385015180012,0.41586485639684034,0.3355680513343549,0.396468653474016,1.1814851023436097,6.709613467024004,8.130262316058396,,0.0,0.0,,73.34758657621802,82.40534710609492,77.87646684115647,0.7068347118558884,1.6996740671478843,2.4195081368065394,1.8476918945731324,1.1233521746849402,1.8476918945731324,-0.03920838335204524,0.019603818504520813,0.9850094978353116,0.029406100928283024,-0.13722859538915474,-0.15683353340818096,-0.14703106439866787,2.4897177891663023,1.186046879312336,1.7871378593568827,0.8513532297573897,1.3931313558889347,0.14930038973128118,0.15683353340818096,14.140942809309728,0.41570594885103485,-0.4116850398244606,-0.7057464222787927,0.07841676670409048,0.11762440371313211,0.4116850398244606,0.3920823408344452,0.4018836903294529,53.13015221237331,57.17141333257655,327.11584863345223,327.11584863345223,CORONAL,BACK,0.0,0.7178074025632106,455.7153457394808,,,,,,,,,,,,,,,,,,,,,0.6494200521457454,,,,,,,,,,,,,,,,,,,,0.9281412281547182,MUDRA,0.0,0.9564,0.6829,0.028,0.5784,,,,,,UNKNOWN,,,,,,,,False,"no posture recognised, cannot apply correctness rules",0,0,0,20
DJI_20260917133515_0081_D.JPG,Cam 8,23,KATAKAMUKHA,CORRECT,,,rtmw_l_wholebody,coco_wholebody_133,1,1,OK,603.04,418.01,185.03,67,1,1,48.0,1.0,1.0,1.0,0.0,0.0,6.485577927210755,9.233908613893703,7.859743270552229,173.51442207278924,170.7660913861063,2.748330686682948,0.405598907309809,0.32911715250734164,0.38646202510673083,1.174238480621608,6.709777167038565,5.440282944691177,12.52893619980108,6.339898724237983,9.434417462019532,6.189037475563097,83.08859729643882,88.8683666715794,85.97848198400911,0.674049257566965,1.661861620973513,1.591141955344263,1.7898978218360906,1.1016972324805698,1.7898978218360906,-0.02884058884078573,0.009613896122539718,0.9924814032353543,0.019227242481662722,-0.17304499908049228,-0.17304499908049228,-0.17304499908049228,2.432243150231543,1.1728605086001205,1.7562666780601097,0.8468955207339907,1.384893980291242,0.17726631746759428,0.17410980249909552,13.089065548898345,0.405598907309809,-0.403771908860445,-0.6729514710590008,0.09613529613595244,0.11536308838103188,0.403771908860445,0.3845441166153655,0.3941580127379053,53.13007739024651,55.40770075159772,333.06230131615104,333.06230131615104,CORONAL,BACK,0.0,0.722076934574949,461.2559761546854,,,,,,,,,,,,,,,,,,,,,0.6570732850311035,,,,,,,,,,,,,,,,,,,,0.7495520262843277,MUDRA,0.0,0.9605,0.6736,0.0318,0.5854,,,,,,UNKNOWN,,,,,,,,False,"no posture recognised, cannot apply correctness rules",0,0,0,19
DJI_20260917133530_0082_D.JPG,Cam 8,24,PATAKA,INCORRECT,FINGERS_TOO_FAR_APART,,rtmw_l_wholebody,coco_wholebody_133,1,1,OK,618.18,428.4,189.78,67,1,1,67.0,1.0,1.0,1.0,0.0,0.0,8.339159730864708,5.871004430014153,7.105082080439431,171.6608402691353,174.12899556998585,2.4681553008505546,0.38523240106247497,0.3191923748508848,0.3941126239712528,1.2347181669216505,10.619590148821947,14.74352371363436,23.962533455943543,0.0,11.981266727971772,23.962533455943543,72.69190932650349,83.23380500965075,77.96285716807712,0.6517949444126945,1.6919525528357353,1.1934969115046248,0.0,0.0,0.0,3.6914426453173313e-07,0.0294123075650949,0.9622341894138813,0.014706338354679716,-0.1764701539479241,-0.15686268719305654,-0.1666664205704903,2.460782851624678,1.1666660514262257,1.7426770145048909,0.826209476419807,1.4120705277815389,0.19311445024327076,0.15686268719305654,13.420637772796352,0.3813995281321952,-0.37254851293924474,-0.6470589538156227,0.0980388103513958,0.1568634254815856,0.43137165149237644,0.45097985653577305,0.4411757540140747,53.74620902578664,50.59936233941797,330.6845703125,330.6845703125,CORONAL,BACK,0.0,0.7081799246749166,466.9499357303833,,,,,,,,,,,,,,,,,,,,,0.5151817539877853,,,,,,,,,,,,,,,,,,,,0.45906469428439756,BODY,0.965,0.965,0.6643,0.0337,0.6421,,,,,SAMAPADHAM,CORRECT,,,,foot_gap_norm,0.08523240106247498,<= 0.05,,True,7 parameter checks within range,0,0,0,0
DJI_20260917133533_0083_D.JPG,Cam 8,24,PATAKA,INCORRECT,FINGERS_TOO_FAR_APART,,rtmw_l_wholebody,coco_wholebody_133,1,1,OK,678.26,457.1,221.16,67,1,1,60.0,1.0,1.0,1.0,0.0,0.0,7.491412156413475,9.457531379393714,8.474471767903594,172.50858784358653,170.5424686206063,1.9661192229802396,0.42181642516482004,0.3405198424736541,0.36489305543451583,1.0715764837191464,3.3663341055886695,5.440332031005506,,6.340191745909905,6.340191745909905,,79.86124953523733,75.93798245395914,77.89961599459824,0.7010022674572953,1.6618657445199925,0.40067856359978443,0.0,1.1457637014015025,0.0,0.009997631402470824,0.019996016262730665,0.9848967814458895,0.014996823832600745,-0.13997136038132565,-0.179964146364576,-0.15996775337295083,2.519497295646275,1.1797649595011093,1.7621950736093053,0.8251550828183998,1.4297493696233488,0.14557247127295908,0.18107162848748534,13.528552705662516,0.42181642516482004,-0.41991634151734397,-0.6998605691955733,0.07998406505092266,0.119976097576384,0.4599076205850163,0.47990363684774695,0.46990562871638164,53.42701393879239,50.389355944123224,324.02694425445475,324.02694425445475,CORONAL,BACK,0.0,0.6994232844204286,463.27731928878666,,,,,,,,,,,,,,,,,,,,,0.4058840297276913,,,,,,,,,,,,,,,,,,,,0.45884901325765753,BODY,0.9551,0.9551,0.682,0.0311,0.5466,,,,,SAMAPADHAM,CORRECT,,,,foot_gap_norm,0.12181642516482005,<= 0.05,,True,7 parameter checks within range,0,0,0,7
DJI_20260917133617_0084_D.JPG,Cam 8,25,KATAKAMUKHA,INCORRECT,FINGERS_BENT,,rtmw_l_wholebody,coco_wholebody_133,1,1,OK,662.77,457.62,205.15,67,1,1,65.0,1.0,1.0,1.0,0.0,0.0,9.279337253099897,7.52238632967925,8.400861791389573,170.7206627469001,172.47761367032075,1.7569509234206464,0.40199531553155304,0.3405874056661079,0.38209905732039273,1.1218825210905785,3.366325386991011,5.710571558785764,16.69944418408795,5.194607551190188,10.94702586763907,11.504836632897764,80.8952134603901,78.15102205336191,79.523117756876,0.7011413111475389,1.744152939246143,1.6135482209243377,0.0,0.0,0.0,-0.040000639048608774,-3.803860766523591e-07,0.9844095584155325,0.020000509717342713,-0.19999939138227735,-0.2200000912926584,-0.20999974133746788,2.5399994978903786,1.199999771768354,1.788021516688374,0.8447345811387069,1.4205642796708378,0.20880571337019502,0.22090737462946577,14.249028039925975,0.40199531553155304,-0.4000003043088613,-0.6999993913822774,0.12000039560151972,0.11999963482936642,0.5000007607721533,0.5000007607721533,0.5000007607721533,49.2363397924564,46.12329768844462,320.91162109375,320.91162109375,CORONAL,BACK,0.0,0.7039456181678116,455.8755858570438,,,,,,,,,,,,,,,,,,,,,0.3772271059578401,,,,,,,,,,,,,,,,,,,,0.43627974034330363,BODY,0.9636,0.9636,0.6716,0.0276,0.5704,,,,,SAMAPADHAM,CORRECT,,,,foot_gap_norm,0.10199531553155305,<= 0.05,,True,7 parameter checks within range,0,0,0,2
DJI_20260917133619_0085_D.JPG,Cam 8,25,KATAKAMUKHA,INCORRECT,FINGERS_BENT,,rtmw_l_wholebody,coco_wholebody_133,1,1,OK,644.82,462.33,182.49,67,1,1,47.0,1.0,1.0,1.0,0.0,0.0,10.12077065518065,9.256961072095123,9.688865863637886,169.87922934481935,170.74303892790488,0.8638095830855264,0.4215633173512621,0.3602667081666295,0.342070859297871,0.949493393487964,3.179971668780825,5.440361567673288,7.125016348901795,0.0,3.5625081744508975,7.125016348901795,75.28034267402876,83.34558155771373,79.31296211587124,0.7205340944545001,1.7091954275853762,1.6135612951483957,0.0,2.2906222906036278,0.0,-0.04996031493172423,-0.009991680953732101,0.9841203032287915,0.029975997942728167,-0.15987300778151753,-0.17985636968898175,-0.16986468873524962,2.537971773487983,1.199042209904803,1.7880222133496533,0.8447352048786672,1.4194296662195185,0.16111717446629176,0.17985636968898175,14.249059419355747,0.4215633173512621,-0.4196643532308071,-0.7194247146907015,0.09991986579822297,0.07993650389075876,0.4596326051761865,0.4996008571215658,0.47961673114887615,51.5819366601574,46.123349860662934,319.52851256049036,319.52851256049036,CORONAL,BACK,0.0,0.7045083133026102,453.54824993135605,,,,,,,,,,,,,,,,,,,,,,,,,,,,,,,,,,,,,,,,,0.5058634262493835,BODY,0.9524,0.9524,0.6887,0.028,0.5491,,,,,SAMAPADHAM,CORRECT,,,,foot_gap_norm,0.12156331735126213,<= 0.05,,True,7 parameter checks within range,0,0,0,20
DJI_20260917133654_0086_D.JPG,Cam 8,26,MUSHTI,INCORRECT,PINKY_DROPPED,,rtmw_l_wholebody,coco_wholebody_133,1,1,OK,693.19,454.07,239.12,67,1,1,59.0,1.0,1.0,1.0,0.0,0.0,8.437187967160781,9.005311079104388,8.721249523132585,171.56281203283922,170.9946889208956,0.5681231119436063,0.3999203316831566,0.32056020799873564,0.4616429253507063,1.4401130078893856,3.576283304991962,0.0,21.80129633989928,12.994629081264563,17.397962710581922,8.806667258634718,75.79334702869215,83.44694826089673,79.62014764479444,0.7010015252514864,1.7528529302352804,2.045424651284919,1.8476534702047807,1.145746219837354,1.8476534702047807,-0.0799839899938121,-0.029993566819321364,0.9932531423887087,0.05498877840656673,-0.1999601658415783,-0.25994729948022105,-0.2299537326608997,2.5694855354084276,1.2197559428341584,1.8345432969212883,0.8708728101287494,1.4006131878819714,0.21536351946612162,0.2667792089004706,14.036220710752772,0.3999203316831566,-0.3999203316831566,-0.6998598170173318,0.13997150534655098,0.07998437170790824,0.579884786311854,0.5998804975247349,0.5898826419182945,42.95458454456676,37.476170376630975,319.79513916367966,319.79513916367966,CORONAL,BACK,0.0,0.7139730002915475,447.90928933320004,,,,,,,,,,,,,,,,,,,,,0.601336575720993,,,,,,,,,,,,,,,,,,,,0.4701907020429251,BODY,0.967,0.967,0.6629,0.0223,0.574,,,,,SAMAPADHAM,INCORRECT,FEET_NOT_ALIGNED,Feet not aligned / V-shaped,CANONICAL,turnout_deviation_deg,17.397962710581922,<= 8°,,True,1 of 7 parameter checks out of range,0,1,0,8
DJI_20260917133656_0087_D.JPG,Cam 8,26,MUSHTI,INCORRECT,PINKY_DROPPED,,rtmw_l_wholebody,coco_wholebody_133,1,1,OK,657.71,458.05,199.66,67,1,1,67.0,1.0,1.0,1.0,0.0,0.0,9.27936159651972,11.809522321525378,10.54444195902255,170.72063840348028,168.19047767847462,2.5301607250056577,0.4101139826710098,0.3270996141980431,0.46973403868531644,1.4360580639539215,3.5763514377433014,5.710614846021571,19.983234554944133,15.25521989843962,17.619227226691876,4.728014656504513,77.61143514351588,83.13769865706439,80.37456690029013,0.7574235594969739,1.8468610959421323,0.8126393551635309,3.6913996189517535,1.1691000772010833,3.6913996189517535,-0.0306060158349269,-0.010202395681082513,0.9996649721585604,0.020404205758004706,-0.22444255451170309,-0.22444255451170309,-0.22444255451170309,2.61170281037221,1.2344383442448759,1.8154202864157174,0.8580702228337361,1.43862158526863,0.23882135294912815,0.23264000751566788,15.987588253964024,0.4101139826710098,-0.4080786495212645,-0.7549460481782223,0.1224240633397076,0.10201927197754257,0.5917131829197317,0.5713099531686608,0.5815115680441962,43.994986855244015,39.40065899359257,312.6778823602754,312.6778823602754,CORONAL,BACK,0.0,0.6951098261279548,449.8251507995776,,,,,,,,,,,,,,,,,,,,,0.6438675274211889,,,,,,,,,,,,,,,,,,,,0.48930144805157183,BODY,0.9525,0.9525,0.6886,0.025,0.5677,,,,,SAMAPADHAM,INCORRECT,FEET_NOT_ALIGNED,Feet not aligned / V-shaped,CANONICAL,turnout_deviation_deg,17.619227226691876,<= 8°,,True,2 of 7 parameter checks out of range,0,1,0,0
