image_name,camera,variation_id,ground_truth_posture,ground_truth_status,ground_truth_error,ground_truth_side,model_name,model_layout,hand_refined_left,hand_refined_right,landmark_detection_status,processing_ms,detect_ms,pose_ms,landmarks_supported_by_model,required_landmarks_available,parameter_calculation_ok,landmarks_available_count,body_landmarks_available,feet_landmarks_available,arm_landmarks_available,left_hand_available,right_hand_available,left_knee_flexion_deg,right_knee_flexion_deg,mean_knee_flexion_deg,left_knee_joint_angle_deg,right_knee_joint_angle_deg,knee_asymmetry_deg,foot_separation_norm,heel_separation_norm,toe_separation_norm,toe_heel_separation_ratio,foot_line_deviation_deg,ankle_line_deviation_deg,left_foot_turnout_deg,right_foot_turnout_deg,mean_foot_turnout_deg,foot_turnout_asymmetry_deg,left_knee_foot_alignment_deg,right_knee_foot_alignment_deg,mean_knee_foot_alignment_deg,knee_spread_norm,knee_over_ankle_spread_ratio,trunk_inclination_deg,hip_tilt_deg,shoulder_tilt_deg,pelvic_symmetry_deg,com_lateral_offset_norm,pelvis_lateral_offset_norm,leg_length_ratio_proxy,weight_shift_proxy,left_heel_lift_norm,right_heel_lift_norm,mean_heel_lift_norm,hip_height_norm,knee_height_norm,hip_height_torso_norm,knee_height_torso_norm,trunk_foreshortening_ratio,left_foot_length_norm,right_foot_length_norm,shin_crossing_angle_deg,shin_crossing_distance_norm,ankle_crossing_signed_norm,knee_crossing_signed_norm,left_ankle_hip_deviation_norm,right_ankle_hip_deviation_norm,left_elbow_shoulder_alignment_norm,right_elbow_shoulder_alignment_norm,mean_elbow_shoulder_alignment_norm,left_arm_abduction_deg,right_arm_abduction_deg,shoulder_width_px,scale_px,view_class,facing,mudra_measurable,shoulder_torso_ratio,torso_height_px,mudra_hand_used,left_hand_palm_size_px,left_hand_mean_finger_straightness_deg,left_hand_min_finger_straightness_deg,left_hand_mean_finger_flexion_deg,left_hand_mean_interfinger_spread_deg,left_hand_max_interfinger_spread_deg,left_hand_mean_adjacent_fingertip_gap_norm,left_hand_max_adjacent_fingertip_gap_norm,left_hand_index_pinky_tip_gap_norm,left_hand_palm_opening_norm,left_hand_pinky_relative_extension,left_hand_thumb_index_tip_distance_norm,left_hand_thumb_middle_tip_distance_norm,left_hand_fingertip_cluster_spread_norm,left_hand_extended_finger_contrast,left_hand_ring_pinky_straightness_deg,left_hand_wrist_joint_angle_deg,left_hand_wrist_deviation_deg,left_hand_palm_axis_from_vertical_deg,left_hand_wrist_lift_norm,right_hand_palm_size_px,right_hand_mean_finger_straightness_deg,right_hand_min_finger_straightness_deg,right_hand_mean_finger_flexion_deg,right_hand_mean_interfinger_spread_deg,right_hand_max_interfinger_spread_deg,right_hand_mean_adjacent_fingertip_gap_norm,right_hand_max_adjacent_fingertip_gap_norm,right_hand_index_pinky_tip_gap_norm,right_hand_palm_opening_norm,right_hand_pinky_relative_extension,right_hand_thumb_index_tip_distance_norm,right_hand_thumb_middle_tip_distance_norm,right_hand_fingertip_cluster_spread_norm,right_hand_extended_finger_contrast,right_hand_ring_pinky_straightness_deg,right_hand_wrist_joint_angle_deg,right_hand_wrist_deviation_deg,right_hand_palm_axis_from_vertical_deg,right_hand_wrist_lift_norm,recognition_family,recognition_confidence,score_SAMAPADHAM,score_ARAMANDI,score_MUZHUMANDI,score_SWASTIKAPADAM,detected_posture,predicted_status,predicted_error,predicted_error_text,predicted_error_kind,primary_parameter,primary_value,primary_expected,predicted_side,borderline,rule_message,posture_correct,status_correct,error_correct,unused_landmark_slots
DJI_20260917131455_0056_D.JPG,Cam 5,1,ARAMANDI,CORRECT,,,rtmpose_m_halpe26,halpe_26,0,0,OK,159.67,126.35,33.32,19,1,1,19.0,1.0,1.0,1.0,0.0,0.0,61.355082428362294,62.936303136311494,62.145692782336894,118.6449175716377,117.0636968636885,1.5812207079491998,0.6454736488115104,0.3660883165195689,1.5704790622450877,4.28989124038636,11.888746648076067,6.709893813596602,76.86600283689347,73.61052045838811,75.2382616476408,3.255482378505363,16.11483062660686,17.035346267399092,16.575088447002976,1.7927647026451716,2.7774405755310556,1.4687815095739747,3.468253272711166,2.161050648064771,3.468253272711166,-0.10369957178374899,-0.06599106488127289,0.9809350770572833,0.08484531833251094,0.13198134456125263,0.1885441049149668,0.1602627247381097,1.9231593710683084,0.9427252357825928,1.3072628979962662,0.6408151827057251,1.4711343632685285,0.580829186497661,0.6682044207907947,62.673653598724364,0.6454736488115104,0.6410524693550251,1.7911776339064092,0.07541779900624535,0.05656433075630045,0.6033439624525491,0.6410540397576114,0.6221990011050802,43.15237485188103,42.35741863833202,310.92743622341925,310.92743622341925,CORONAL,FRONT,0.0,0.6797475641709746,457.4160359112559,,,,,,,,,,,,,,,,,,,,,,,,,,,,,,,,,,,,,,,,,,BODY,0.7816,0.3388,0.7816,0.2846,0.2487,ARAMANDI,INCORRECT,EXCESSIVE_KNEE_BEND,Knee bend deeper than Aramandi,SECONDARY,mean_knee_flexion_deg,62.145692782336894,30-45°,,True,2 of 8 parameter checks out of range,1,0,0,48
DJI_20260917131459_0057_D.JPG,Cam 5,1,ARAMANDI,CORRECT,,,rtmpose_m_halpe26,halpe_26,0,0,OK,199.15,178.1,21.05,19,1,1,19.0,1.0,1.0,1.0,0.0,0.0,60.4753533150718,62.744679118597944,61.61001621683487,119.5246466849282,117.25532088140206,2.2693258035261437,0.6435430969238976,0.3626734879848846,1.5516907120509331,4.278478475701549,8.972587972541536,5.042432660140476,77.275547581171,71.02950478206897,74.15252618161998,6.246042799102028,15.644594981422841,14.719572308048754,15.182083644735798,1.7560001726878212,2.7286442525472037,1.4687952345482604,3.6913761089423547,2.161069322805009,3.6913761089423547,-0.10369968174903178,-0.06599084914266515,0.9912182154537611,0.08484526544584847,0.13198248244837732,0.20740014766111062,0.16969131505474397,1.913730704322054,0.9238703196712179,1.3008547018417695,0.6279990421442875,1.4711333261220991,0.5992053640109503,0.6379948778768854,62.05911492623164,0.6435430969238976,0.641052506797374,1.753467773663472,0.09427286567896365,0.03770883260636664,0.584489257887824,0.6221980904941907,0.6033436741910074,44.06077320121611,42.27366025257974,311.3391097930148,311.3391097930148,CORONAL,FRONT,0.0,0.6797480433918219,458.02134014169127,,,,,,,,,,,,,,,,,,,,,,,,,,,,,,,,,,,,,,,,,,BODY,0.7857,0.3374,0.7857,0.2855,0.2319,ARAMANDI,INCORRECT,EXCESSIVE_KNEE_BEND,Knee bend deeper than Aramandi,SECONDARY,mean_knee_flexion_deg,61.61001621683487,30-45°,,True,2 of 8 parameter checks out of range,1,0,0,48
DJI_20260917131827_0058_D.JPG,Cam 5,2,SAMAPADHAM,CORRECT,,,rtmpose_m_halpe26,halpe_26,0,0,OK,242.95,188.29,54.66,19,1,1,19.0,1.0,1.0,1.0,0.0,0.0,4.954300937426751,7.394068361507209,6.17418464946698,175.04569906257325,172.6059316384928,2.4397674240804577,0.2799443506221728,0.19996046710543297,0.3058804294243452,1.5297045153583477,0.0,0.0,18.434876394992457,9.462263482815771,13.948569938904114,8.972612912176686,68.55234210314961,70.2328726656861,69.39260738441786,0.5413718830034978,1.9338553601824988,1.580169168255046,4.085616779974877,1.1457611005958694,4.085616779974877,-0.15996814619027136,-0.11997620443190145,0.9890911377882132,0.1399721753110864,0.179964496226248,0.23995316717738624,0.20995883170181712,2.2995412009877705,1.1197766441751078,1.5856035122476158,0.7721200121025108,1.450262428927228,0.18969915541345497,0.24326298083363096,13.317645353356067,0.2799443506221728,0.2799443506221728,0.5398927303651606,0.01999521256560162,0.25994762142940453,0.6398725847610854,0.6398718264475022,0.6398722056042938,36.86991937424761,40.15604548638944,321.95206621982254,321.95206621982254,CORONAL,FRONT,0.0,0.6895303774363851,466.91498555409953,,,,,,,,,,,,,,,,,,,,,,,,,,,,,,,,,,,,,,,,,,BODY,0.9483,0.9483,0.6414,0.0672,0.6327,SAMAPADHAM,CORRECT,,,,foot_gap_norm,0.0,<= 0.05,,True,7 parameter checks within range,1,1,0,48
DJI_20260917131830_0059_D.JPG,Cam 5,2,SAMAPADHAM,CORRECT,,,rtmpose_m_halpe26,halpe_26,0,0,OK,260.69,230.93,29.76,19,1,1,19.0,1.0,1.0,1.0,0.0,0.0,5.98906300905395,6.38250363351554,6.185783321284745,174.01093699094605,173.61749636648446,0.39344062446159,0.2799435940382008,0.2009569837387203,0.266779982881488,1.3275477065696273,5.710485470804076,0.0,29.05474772246201,10.30482906986036,19.679788396161186,18.74991865260165,56.93108324327012,88.98848933253245,72.9597862879013,0.541370808407916,1.9338567480634732,2.3533092927417063,2.0454445057407042,1.1457393590403373,2.0454445057407042,-0.15996776802182902,-0.09997947550423884,0.9966303285759485,0.12997362176303393,0.17996335951515335,0.21995606053941918,0.19995971002728627,2.289541905642364,1.1197758941904203,1.5671708980435193,0.7664765555857029,1.460939523890256,0.20587097430979406,0.22356212557897298,13.307487436660276,0.2799435940382008,0.2799435940382008,0.5398915965830772,0.03999270102426584,0.23995165203274352,0.6198754805939917,0.6398725901249332,0.6298740353594625,38.88450054758354,40.15595248013821,321.6529317048334,321.6529317048334,CORONAL,FRONT,0.0,0.6844910303591175,469.9154809027644,,,,,,,,,,,,,,,,,,,,,,,,,,,,,,,,,,,,,,,,,,BODY,0.943,0.943,0.6409,0.0725,0.6675,SAMAPADHAM,INCORRECT,FEET_NOT_ALIGNED,Feet not aligned / V-shaped,CANONICAL,turnout_deviation_deg,19.679788396161186,<= 8°,,True,1 of 7 parameter checks out of range,1,0,0,48
DJI_20260917131942_0060_D.JPG,Cam 5,3,MUZHUMANDI,CORRECT,,,rtmpose_m_halpe26,halpe_26,0,0,OK,217.89,184.25,33.64,19,1,1,19.0,1.0,1.0,1.0,0.0,0.0,155.94301816869324,163.21648718504926,159.57975267687124,24.05698183130675,16.783512814950743,7.273469016356017,0.9113515711106168,0.8712740836640058,0.9260357762631221,1.0628524291332349,5.806792146754158,1.8476317987915036,11.768280978151736,7.765191875276486,9.766736426714111,4.003089102875251,15.236500032145585,11.20517696734882,13.220838499747202,2.836047032338982,3.111913253063073,1.6683245424161253,3.7313685049579206,2.5260969637085333,3.7313685049579206,0.0,0.044074427252372435,0.9863691518148059,0.022037213626186217,0.7051965561690544,0.646428746455526,0.6758126513122902,0.47747650293423666,-0.19099027430906063,0.315400126087984,-0.12615983452269078,1.513875434536256,0.7203377325595811,0.652411288114288,157.56141210338086,0.9113515711106168,0.9108777614545158,2.8207845903530475,0.0734579235283441,0.16160677803308895,0.5582807091123662,0.7051965561690544,0.6317386326407103,46.46877558809722,41.185882862363066,298.7666447620416,298.7666447620416,CORONAL,FRONT,0.0,0.6605563292638599,452.29548416407494,,,,,,,,,,,,,,,,,,,,,,,,,,,,,,,,,,,,,,,,,,BODY,0.7684,0.0804,0.2561,0.7684,0.1329,MUZHUMANDI,INCORRECT,KNEES_FACING_FORWARD,Feet and knees facing forward,CANONICAL,turnout_deviation_deg,35.23326357328589,<= 8°,,False,1 of 6 parameter checks out of range,1,0,0,48
DJI_20260917131944_0061_D.JPG,Cam 5,3,MUZHUMANDI,CORRECT,,,rtmpose_m_halpe26,halpe_26,0,0,OK,269.1,225.32,43.78,19,1,1,19.0,1.0,1.0,1.0,0.0,0.0,156.3612530155714,164.146363941965,160.2538084787682,23.6387469844286,15.853636058035006,7.7851109263936,0.8940558349229101,0.8364610024631149,0.8821833138065992,1.054661617467935,4.085628954206168,0.9548696705223426,10.84030405792673,7.12496715254764,8.982635605237185,3.7153369053790897,13.442897029282804,13.140742973581538,13.291820001432171,2.8644956155444565,3.203933695921181,1.3704472132020906,3.7313759315193233,3.4165505710103026,3.7313759315193233,-0.0074492366351116505,0.02979777806767048,0.9670469300654472,0.018623507351391066,0.7002457057721966,0.7151450105696437,0.7076953581709202,0.4618643127580566,-0.20113479407496979,0.29656589401920036,-0.12914987881832327,1.5573750120037555,0.7129684883660241,0.7207103479743416,157.1316969025148,0.8940558349229101,0.8939316789756667,2.845680737481128,0.07449486093278815,0.1340904170681291,0.5810545935015147,0.7002465372994205,0.6406505654004676,45.72524684018023,41.09949885919866,293.605089513943,293.605089513943,CORONAL,FRONT,0.0,0.6421061030852013,457.2532298061407,,,,,,,,,,,,,,,,,,,,,,,,,,,,,,,,,,,,,,,,,,BODY,0.7525,0.0846,0.2578,0.7525,0.1231,MUZHUMANDI,INCORRECT,KNEES_FACING_FORWARD,Feet and knees facing forward,CANONICAL,turnout_deviation_deg,36.017364394762815,<= 8°,,False,1 of 6 parameter checks out of range,1,0,0,48
DJI_20260917132031_0062_D.JPG,Cam 5,4,SWASTIKAPADAM,CORRECT,,RIGHT,rtmpose_m_halpe26,halpe_26,0,0,OK,286.16,251.93,34.23,19,1,1,19.0,1.0,1.0,1.0,0.0,0.0,26.809207597448108,82.50222880665925,54.65571820205368,153.1907924025519,97.49777119334075,55.69302120921114,0.4650442207472309,0.4525548171824757,0.39215960476464873,0.8665460843089979,77.73520470965165,82.8749713992004,81.57301815103158,4.9697496929143625,43.27138392197297,76.60326845811721,13.18778900756594,40.64614651334136,26.916967760453648,1.2114674228270021,2.605058548798697,0.7588409623719878,0.0,1.1017078816535566,0.0,0.048068112639908234,0.06729535769587153,0.773783988827176,0.05768173516788988,0.07690898022385317,0.4422258345506427,0.25956740738724793,1.8458127192946805,0.7787022221617438,1.2714111325342101,0.5363765585946799,1.4517827255575135,0.5248008642809414,0.4438946232539662,75.93837403610736,0.22360845663417442,0.05768173516788988,1.2113148350526615,0.30763511915889963,0.1730444037671566,0.5575893048864224,0.6152710400543123,0.5864301724703673,43.99495516108263,41.18591988004751,304.5147888690423,304.5147888690423,CORONAL,FRONT,0.0,0.6888083060886263,442.08931015686903,,,,,,,,,,,,,,,,,,,,,,,,,,,,,,,,,,,,,,,,,,BODY,0.8319,0.3897,0.8319,0.2724,0.6081,ARAMANDI,INCORRECT,FEET_NOT_IN_LINE,Feet not spread in a straight line / V-shaped,CANONICAL,foot_line_deviation_deg,77.73520470965165,<= 8°,,True,4 of 8 parameter checks out of range,0,0,0,48
DJI_20260917132033_0063_D.JPG,Cam 5,4,SWASTIKAPADAM,CORRECT,,RIGHT,rtmpose_m_halpe26,halpe_26,0,0,OK,215.38,183.55,31.83,19,1,1,19.0,1.0,1.0,1.0,0.0,0.0,33.52903006438041,23.57398715472459,28.5515086095525,146.4709699356196,156.4260128452754,9.955042909655816,0.17716836602952477,0.1584634237959198,0.15492844375353848,0.9776921389321115,75.96368601071923,77.47119229084849,80.2175791245576,57.72444589654294,68.97101251055027,22.493133228014663,15.470740424444756,23.23605438923964,19.3533974068422,0.3843313433609407,2.169300039132791,2.3059866717341984,2.2025981617658053,2.2026034742917027,2.2025981617658053,0.03843281266539811,0.09608303688442016,0.8986541657642909,0.06725792477490913,0.09608303688442016,0.23059848434586847,0.1633407606151443,1.9793065389353557,0.9320038494253957,1.3814302629441944,0.6504794974654381,1.432795119687713,0.5655031838069325,0.4318391119960326,16.21366158566976,0.10854368082330358,0.03843321475376806,0.3843313433609407,0.3266823254070285,0.13451625163818823,0.576497417129781,0.6149306318835491,0.595714024506665,43.02510585613038,41.18591986102476,303.5907567127481,303.5907567127481,CORONAL,FRONT,0.0,0.6979364922864593,434.98335460032524,,,,,,,,,,,,,,,,,,,,,,,,,,,,,,,,,,,,,,,,,,BODY,0.8222,0.6212,0.8222,0.1573,0.7606,ARAMANDI,INCORRECT,FEET_NOT_IN_LINE,Feet not spread in a straight line / V-shaped,CANONICAL,foot_line_deviation_deg,75.96368601071923,<= 8°,,True,3 of 8 parameter checks out of range,0,0,0,48
DJI_20260917132059_0064_D.JPG,Cam 5,5,SWASTIKAPADAM,CORRECT,,LEFT,rtmpose_m_halpe26,halpe_26,0,0,OK,219.36,189.73,29.63,19,1,1,19.0,1.0,1.0,1.0,0.0,0.0,10.105056707454594,54.605899231153586,32.35547796930409,169.8949432925454,125.39410076884641,44.50084252369899,0.12621053147620537,0.2693817351524455,0.02660660968684428,0.09876916737427414,24.775026292105277,26.56505117707799,70.34614414085698,65.22497370789472,67.78555892437585,5.121170432962259,27.78397160002887,20.95021602177502,24.367093810901945,0.7825531445717603,6.20037912382372,2.1610733810002953,1.9749813095508455,4.315998495570145,1.9749813095508455,-0.29162314651286986,-0.23518008094143544,0.9984784422842569,0.26340161372715265,0.09407203237657417,0.22577226228573766,0.15992214733115592,1.9755126799080578,0.8278334233503225,1.3198152160594316,0.5530651155077247,1.4968100502783563,0.27969582542834653,0.538763470304891,53.85535805476616,0.0,-0.11288613114286883,0.7713911270514385,0.09407203237657417,0.564432194259445,0.6585042266360193,0.6208760291034299,0.6396901278697246,38.65975927823846,44.118574938189376,317.36557460418544,317.36557460418544,CORONAL,FRONT,0.0,0.668087443569766,475.03598167991026,,,,,,,,,,,,,,,,,,,,,,,,,,,,,,,,,,,,,,,,,,BODY,0.943,0.5491,0.819,0.1928,0.943,SWASTIKAPADAM,CORRECT,,,,ankle_crossing_signed_norm,-0.11288613114286883,>= -0.55,RIGHT,False,5 parameter checks within range,1,1,0,48
DJI_20260917132100_0065_D.JPG,Cam 5,5,SWASTIKAPADAM,CORRECT,,LEFT,rtmpose_m_halpe26,halpe_26,0,0,OK,234.74,177.1,57.64,19,1,1,19.0,1.0,1.0,1.0,0.0,0.0,5.084723404487136,57.13533750628504,31.110030455386088,174.91527659551286,122.86466249371496,52.050614101797905,0.11432274892382033,0.24804008079838324,0.017854035576853625,0.0719804457383889,30.256303539201223,38.65935078814697,66.37069913825327,61.82153304026135,64.09611608925731,4.549166097991922,29.701769337790694,19.05268790680023,24.377228622295462,0.7221621017200153,6.316871388399106,1.4144173188975038,1.9092018730864524,1.0230152412524347,1.9092018730864524,-0.24103313321239028,-0.2053246967661964,0.9900055562407694,0.22317891498929335,0.12497971020792191,0.26781345599269746,0.1963965831003097,1.8300664088564809,0.7498808182949379,1.2650475119138356,0.5183608959899318,1.4466384792835587,0.3118119281280584,0.5671376253020182,53.30362334258283,0.0,-0.08927163905421466,0.714172381848744,0.10712567463106829,0.5177750681634611,0.553482408732195,0.5891919410558488,0.5713371748940219,39.98691345668384,43.21011683956369,334.1714296506084,334.1714296506084,CORONAL,FRONT,0.0,0.6912577083496669,483.42524880976885,,,,,,,,,,,,,,,,,,,,,,,,,,,,,,,,,,,,,,,,,,BODY,0.9583,0.5435,0.7896,0.2211,0.9583,SWASTIKAPADAM,CORRECT,,,,ankle_crossing_signed_norm,-0.08927163905421466,>= -0.55,RIGHT,False,5 parameter checks within range,1,1,0,48
DJI_20260917132133_0066_D.JPG,Cam 5,6,ARAMANDI,INCORRECT,INSUFFICIENT_KNEE_BEND,,rtmpose_m_halpe26,halpe_26,0,0,OK,248.91,205.64,43.27,19,1,1,19.0,1.0,1.0,1.0,0.0,0.0,18.912144723017974,30.680746026944576,24.796445374981275,161.08785527698203,149.31925397305542,11.768601303926602,0.4223741917861476,0.21205939894997747,1.1909481973282836,5.616106634392637,5.19417116113901,0.0,82.56852105564272,77.90529222743662,80.23690664153966,4.663228828206101,0.5578817201384538,8.461337447020085,4.5096095835792696,0.9793301548260276,2.3186316159247546,2.337324537619972,3.814129495740772,3.301850772249952,3.814129495740772,-0.19198833741432678,-0.13439130935122928,0.9868412802636595,0.16318982338277804,0.05759702806309748,0.11519255087248224,0.08639478946778986,2.169471373814689,1.0847358750640588,1.5361363746528085,0.768068320554423,1.4122908679283273,0.4453134716661336,0.5497709848327944,28.54540588407921,0.4223741917861476,0.4223741917861476,0.9791419508040936,0.05759552280938477,0.2111870958930738,0.5951645233485837,0.6143632818273308,0.6047639025879572,39.98691368648294,40.156025250574984,324.3846840418944,324.3846840418944,CORONAL,FRONT,0.0,0.7080694371881681,458.12552696818324,,,,,,,,,,,,,,,,,,,,,,,,,,,,,,,,,,,,,,,,,,BODY,0.8765,0.6978,0.8765,0.0916,0.5114,ARAMANDI,INCORRECT,FEET_NOT_IN_LINE,Feet not turned out symmetrically / V-shaped,CANONICAL,turnout_deviation_deg,35.23690664153966,<= 20°,,True,3 of 8 parameter checks out of range,1,1,0,48
DJI_20260917132135_0067_D.JPG,Cam 5,6,ARAMANDI,INCORRECT,INSUFFICIENT_KNEE_BEND,,rtmpose_m_halpe26,halpe_26,0,0,OK,230.62,194.45,36.17,19,1,1,19.0,1.0,1.0,1.0,0.0,0.0,18.58077684349459,30.474587972476115,24.527682407985353,161.4192231565054,149.52541202752388,11.893811128981525,0.40400441216212807,0.1921662378602485,1.192821330188485,6.207236731438513,0.0,2.7264620491815754,80.13423389260474,76.42959062095063,78.28191225677769,3.7046432716541062,1.5898286109258635,6.412713387689621,4.001270999307742,0.9418081749618817,2.3311828945668336,2.6718729826079923,3.94516252505243,2.202631035386977,3.94516252505243,-0.18255744078755012,-0.11529922021494884,0.9949066639445134,0.14892833050124948,0.07686589799987054,0.13451569471491648,0.10569079635739351,2.104213847947747,1.0569109492950794,1.4584121057756922,0.7325356805736125,1.442811561707772,0.44861495270334606,0.5732851701041101,28.259060263208394,0.40400441216212807,0.40354708414474944,0.9416121022952736,0.03843220256964919,0.1921662378602485,0.5764972207201734,0.5957133220049979,0.5861052713625856,40.914405814359036,41.05487303096749,327.07759793936634,327.07759793936634,CORONAL,FRONT,0.0,0.6930912023025089,471.91133988252386,,,,,,,,,,,,,,,,,,,,,,,,,,,,,,,,,,,,,,,,,,BODY,0.8599,0.6816,0.8599,0.1197,0.5008,ARAMANDI,INCORRECT,FEET_NOT_IN_LINE,Feet not turned out symmetrically / V-shaped,CANONICAL,turnout_deviation_deg,33.28191225677769,<= 20°,,True,3 of 8 parameter checks out of range,1,1,0,48
DJI_20260917132212_0068_D.JPG,Cam 5,7,ARAMANDI,INCORRECT,FEET_TOO_FAR_APART,,rtmpose_m_halpe26,halpe_26,0,0,OK,214.71,186.89,27.82,19,1,1,19.0,1.0,1.0,1.0,0.0,0.0,58.264624007274875,66.30933846454924,62.28698123591206,121.73537599272512,113.69066153545076,8.044714457274367,0.9454279244224927,0.6294695089582524,1.9703265961087755,3.1301382641545095,1.6847111914590658,3.366419426425623,81.86990721282837,69.27438917324525,75.57214819303681,12.595518039583112,14.036243186552184,11.893649890679512,12.964946538615848,1.9474245362591107,2.0598339502703813,0.720659744266289,1.684638839613436,2.1211275220974155,1.684638839613436,-0.10178201428460297,-0.08327629884701525,0.9879724528848016,0.09252915656580911,0.09252896343985226,0.25908233363771016,0.17580564853878122,1.906099505125118,0.9623029965332665,1.2954953798879476,0.6540367293046134,1.4713286783701103,0.6542793397845986,0.7320923935993069,54.78559669115808,0.9454279244224927,0.9437965085918514,1.943111322252207,0.24057545944438136,0.07402286175035083,0.5736806548324423,0.6291974148932917,0.6014390348628671,42.08911694310412,41.42368423781537,316.0380781770994,316.0380781770994,CORONAL,FRONT,0.0,0.679657791424121,464.9958878789413,,,,,,,,,,,,,,,,,,,,,,,,,,,,,,,,,,,,,,,,,,BODY,0.7526,0.2402,0.7526,0.2916,0.1277,ARAMANDI,INCORRECT,FEET_TOO_FAR_APART,Feet too far apart,CANONICAL,foot_separation_deviation_pct,57.57132073708212,<= 5,,True,2 of 8 parameter checks out of range,1,1,1,48
DJI_20260917132213_0069_D.JPG,Cam 5,7,ARAMANDI,INCORRECT,FEET_TOO_FAR_APART,,rtmpose_m_halpe26,halpe_26,0,0,OK,200.49,169.08,31.41,19,1,1,19.0,1.0,1.0,1.0,0.0,0.0,58.45097060083171,67.3546191233034,62.90279486206755,121.54902939916829,112.6453808766966,8.903648522471684,0.9444210175092568,0.6609851550154473,1.986981808778064,3.0060914283795492,3.2705499342832205,3.4336037840305824,79.99194027840727,70.14475636848137,75.06834832344433,9.847183909925903,13.450929042301638,13.569573191582492,13.510251116942065,2.001776671252334,2.119580816330905,1.108804299358,1.684717252938424,2.161078641579641,1.684717252938424,-0.10369954068687225,-0.07541799026797753,0.9868719204252827,0.08955876547742489,0.1131277691283538,0.24510886023412073,0.17911831468123726,1.9608689225569973,0.9710072124950014,1.3416848314072118,0.6643920117274816,1.461497422237651,0.6509575485995901,0.7216620310825497,56.88380558699548,0.9444210175092568,0.9427256620761068,1.9985775258277922,0.2262539708039326,0.07541799026797753,0.6033439221438203,0.6410529172778091,0.6221984197108147,41.18592516570965,42.35747383087474,311.5125749210716,311.5125749210716,CORONAL,FRONT,0.0,0.6842297391595346,455.2748252417592,,,,,,,,,,,,,,,,,,,,,,,,,,,,,,,,,,,,,,,,,,BODY,0.7597,0.2564,0.7597,0.2703,0.1361,ARAMANDI,INCORRECT,FEET_TOO_FAR_APART,Feet too far apart,CANONICAL,foot_separation_deviation_pct,57.40350291820947,<= 5,,True,2 of 8 parameter checks out of range,1,1,1,48
DJI_20260917132228_0070_D.JPG,Cam 5,8,ARAMANDI,INCORRECT,FEET_NOT_IN_LINE,,rtmpose_m_halpe26,halpe_26,0,0,OK,203.34,181.84,21.5,19,1,1,19.0,1.0,1.0,1.0,0.0,0.0,24.84570458869723,44.95379688705347,34.89975073787535,155.15429541130277,135.04620311294653,20.10809229835624,0.3218725559270336,0.12497998397066572,1.0012742600230873,8.01147694384485,0.0,3.179794003190899,68.55220141657855,56.309984069179556,62.43109274287906,12.242217347398999,7.911977218755069,3.4335483582028132,5.672762788478941,1.0607909838257144,3.295686333898528,2.2026166557649094,1.7898877050229076,1.0230174666784766,1.7898877050229076,-0.14283478992681306,-0.08927146937508074,0.9941617350442946,0.1160531296509469,0.1963977447063088,0.24995996794133143,0.22317885632382012,1.9461175202956287,0.9105687681624816,1.396403344982434,0.6533630474204204,1.39366432147877,0.5371145282140953,0.4506223492948796,43.792288937283985,0.3218725559270336,0.3213769971325014,1.0534028265448214,0.03570888036782155,0.21425181911798302,0.5713369650738328,0.6249006513978017,0.5981188082358173,43.152411696835514,40.601278073846196,333.7331275965744,333.7331275965744,CORONAL,FRONT,0.0,0.7175328984090903,465.1119528268676,,,,,,,,,,,,,,,,,,,,,,,,,,,,,,,,,,,,,,,,,,BODY,0.9083,0.5437,0.9083,0.1585,0.5622,ARAMANDI,INCORRECT,FEET_TOO_CLOSE,Feet too close together,SECONDARY,foot_separation_deviation_pct,46.35457401216106,<= 5,,False,2 of 8 parameter checks out of range,1,1,0,48
DJI_20260917132230_0071_D.JPG,Cam 5,8,ARAMANDI,INCORRECT,FEET_NOT_IN_LINE,,rtmpose_m_halpe26,halpe_26,0,0,OK,219.55,182.35,37.2,19,1,1,19.0,1.0,1.0,1.0,0.0,0.0,29.838776151085654,50.41688422535614,40.1278301882209,150.16122384891435,129.58311577464386,20.57810807427049,0.32187326708255687,0.1262491304567137,1.019103596871588,8.072163294788014,8.129818182260586,3.1797208229396916,66.80136865697736,53.97270341825549,60.387036037616426,12.828665238721868,7.396118559869677,2.0507860236695024,4.72345229176959,1.1476858664441707,3.56564518963236,1.4320928561006372,1.7899984012849444,1.0230384925025708,1.7899984012849444,-0.1428347926450025,-0.10712627896857646,0.9888282378789554,0.12498053580678949,0.2142518199978546,0.28566810941140836,0.24995996470463147,1.9282645351324457,0.8837882040366765,1.3495785441140764,0.618557037158331,1.4287901534461964,0.5438968451765054,0.48568919087832935,49.77902334122796,0.32187326708255687,0.3213777299967819,1.1426753894028268,0.01785370338373928,0.2321062613208922,0.5891913980851526,0.6427547220542654,0.6159730600697091,42.273703293295505,41.63354750243985,330.84106721688426,330.84106721688426,CORONAL,FRONT,0.0,0.6998928412181675,472.70245919511547,,,,,,,,,,,,,,,,,,,,,,,,,,,,,,,,,,,,,,,,,,BODY,0.9074,0.4884,0.9074,0.1902,0.5889,ARAMANDI,INCORRECT,FEET_TOO_CLOSE,Feet too close together,SECONDARY,foot_separation_deviation_pct,46.35445548624052,<= 5,,True,2 of 8 parameter checks out of range,1,1,0,48
DJI_20260917132310_0072_D.JPG,Cam 5,9,SAMAPADHAM,INCORRECT,FEET_TOO_FAR_APART,,rtmpose_m_halpe26,halpe_26,0,0,OK,214.37,184.25,30.12,19,1,1,19.0,1.0,1.0,1.0,0.0,0.0,7.853272308897203,6.042240975958464,6.947756642427834,172.1467276911028,173.95775902404154,1.8110313329387395,0.7635880417965802,0.6841429535995545,0.9411610637274506,1.375678955363962,6.7099267336481665,6.008975879517261,30.963756532073518,15.94549947149578,23.45462800178465,15.018257060577739,59.03624346792648,70.87466477865752,64.955454123292,0.823234828693422,1.078113830536822,2.3215327915286923,3.814050545691587,2.290553922725524,3.814050545691587,-0.13988777210397582,-0.07993565096554724,0.9849592867065613,0.10991171153476154,0.29976060569214297,0.27977554420795164,0.2897680749500473,2.2581947759475587,1.0791370317489102,1.5257739490720454,0.7291307145241825,1.4800323319984339,0.3495779343521152,0.29097110830241024,3.1798357498466556,0.7626573528974073,0.7593925133153804,0.819344634453809,0.15987130193109447,0.0,0.6394882710385232,0.6394898026955959,0.6394890368670596,37.99874842085974,40.15597707934695,318.79280206566773,318.79280206566773,CORONAL,FRONT,0.0,0.675660915224559,471.8236542655653,,,,,,,,,,,,,,,,,,,,,,,,,,,,,,,,,,,,,,,,,,BODY,0.791,0.791,0.7099,0.0858,0.3034,SAMAPADHAM,INCORRECT,FEET_TOO_FAR_APART,Feet too far apart,CANONICAL,foot_gap_norm,0.46358804179658025,<= 0.05,,True,2 of 7 parameter checks out of range,1,1,1,48
DJI_20260917132312_0073_D.JPG,Cam 5,9,SAMAPADHAM,INCORRECT,FEET_TOO_FAR_APART,,rtmpose_m_halpe26,halpe_26,0,0,OK,199.4,169.06,30.34,19,1,1,19.0,1.0,1.0,1.0,0.0,0.0,4.7206734447484,6.140692813272096,5.430683129010248,175.2793265552516,173.8593071867279,1.4200193685236968,0.7622127717274524,0.6646979168467865,0.9018175376539708,1.3567329079832826,6.911321890953853,4.5139329012763705,30.963692363760764,12.0947996474369,21.529246005598832,18.868892716323863,61.197373163898106,74.72540939191147,67.9613912779048,0.7808688246608527,1.0244761746659254,1.9219229768102886,3.9452378675588737,1.145778540342385,3.9452378675588737,-0.13997126144350286,-0.08998209627477247,0.9943243769419733,0.11497667885913766,0.29994108233069766,0.27994328430179516,0.28994218331624644,2.229555370255199,1.0697870176976079,1.4958025788922151,0.7177171741441581,1.4905411995655187,0.3497881694250394,0.2862984636181641,1.0187254329925963,0.7620061455162886,0.7598485591820378,0.779844072966572,0.17996419254954493,0.0,0.5998806418318164,0.6198761556163508,0.6098783987240837,39.80554247944403,41.054837008299124,320.64077083550313,320.64077083550313,CORONAL,FRONT,0.0,0.6708972555012181,477.9282791907634,,,,,,,,,,,,,,,,,,,,,,,,,,,,,,,,,,,,,,,,,,BODY,0.7824,0.7824,0.693,0.096,0.2994,SAMAPADHAM,INCORRECT,FEET_TOO_FAR_APART,Feet too far apart,CANONICAL,foot_gap_norm,0.4622127717274524,<= 0.05,,True,2 of 7 parameter checks out of range,1,1,1,48
DJI_20260917132527_0074_D.JPG,Cam 5,10,SAMAPADHAM,INCORRECT,FEET_NOT_ALIGNED,,rtmpose_m_halpe26,halpe_26,0,0,OK,303.27,269.3,33.97,19,1,1,19.0,1.0,1.0,1.0,0.0,0.0,3.9676619176519807,6.157044712004222,5.062353314828101,176.03233808234802,173.84295528799578,2.189382794352241,0.29671999222169754,0.1315338175772241,0.7474158607224456,5.682309496442877,26.565194743859035,7.594718600456277,55.619545569072365,44.999917172827345,50.309731370949855,10.61962839624502,31.367642139582415,36.02745718232522,33.69754966095382,0.5308621044003263,1.7891012345527666,0.7794780510398489,1.974949356542191,0.0,1.974949356542191,-0.11764690709303226,-0.09803927348836866,0.9865817654471851,0.10784309029070047,0.2549025532557788,0.2549025532557788,0.2549025532557788,2.3039207160465622,1.1176469070930322,1.598491047615419,0.775438392015903,1.4413097398846757,0.4514062343199431,0.3604861267770067,11.98543793619261,0.29671999222169754,0.29411708348840554,0.5294116346511705,0.03921600418602766,0.235294551162765,0.6274516451162396,0.6274516451162396,0.6274516451162396,37.99867759270245,41.18589657933301,331.273193359375,331.273193359375,CORONAL,FRONT,0.0,0.6938133923108114,477.4672801515666,,,,,,,,,,,,,,,,,,,,,,,,,,,,,,,,,,,,,,,,,,BODY,0.9492,0.9492,0.6362,0.0634,0.7484,SAMAPADHAM,INCORRECT,FEET_NOT_ALIGNED,Feet not aligned / V-shaped,CANONICAL,turnout_deviation_deg,50.309731370949855,<= 8°,,True,1 of 7 parameter checks out of range,1,1,1,48
DJI_20260917132528_0075_D.JPG,Cam 5,10,SAMAPADHAM,INCORRECT,FEET_NOT_ALIGNED,,rtmpose_m_halpe26,halpe_26,0,0,OK,212.71,180.98,31.73,19,1,1,19.0,1.0,1.0,1.0,0.0,0.0,4.921874205105496,5.3161452502959605,5.119009727700728,175.0781257948945,174.68385474970404,0.3942710451904645,0.2947139331845702,0.14271984031035792,0.7472721573008098,5.235937453936293,15.945152916792148,3.814017851290527,54.162373167818075,42.87885655985675,48.52061486383741,11.283516607961324,32.82487885587235,37.99093760133281,35.40790822860258,0.5307597123874308,1.8009318617964103,0.769028645688333,3.9452040095440113,1.1233282856219395,3.9452040095440113,-0.1372287105374616,-0.11762455657573462,0.9976229886518847,0.1274266335565981,0.25485216552931406,0.2744574210749232,0.2646547933021186,2.283871635521178,1.1076286401262236,1.5636171713047493,0.7583207104085216,1.460633508914089,0.4352799968101499,0.37453554781889764,12.142953815119991,0.2947139331845702,0.29406120784202283,0.5293095866042373,0.01960378676709961,0.25485289991856885,0.6469337759853445,0.6469337759853445,0.6469337759853445,37.14664161687011,40.31405546845746,332.44035558922815,332.44035558922815,CORONAL,FRONT,0.0,0.6846344369734829,485.5735230889418,,,,,,,,,,,,,,,,,,,,,,,,,,,,,,,,,,,,,,,,,,BODY,0.9397,0.9397,0.6353,0.0733,0.7097,SAMAPADHAM,INCORRECT,FEET_NOT_ALIGNED,Feet not aligned / V-shaped,CANONICAL,turnout_deviation_deg,48.52061486383741,<= 8°,,True,1 of 7 parameter checks out of range,1,1,1,48
DJI_20260917132546_0076_D.JPG,Cam 5,11,SAMAPADHAM,INCORRECT,WEIGHT_ON_ONE_LEG,,rtmpose_m_halpe26,halpe_26,0,0,OK,206.03,174.33,31.7,19,1,1,19.0,1.0,1.0,1.0,0.0,0.0,7.853341829614266,6.465938050358346,7.159639939986306,172.14665817038573,173.53406194964165,1.3874037792559193,0.405673025580575,0.2378715097155704,0.7730675096370121,3.249937374010828,14.036330627162027,5.440302063856987,59.03627615262116,31.60739731860243,45.3218367356118,27.428878834018732,30.96372384737883,47.082658550582046,39.02319119898044,0.6180826597013237,1.5235981214594208,3.433623866321558,3.945165187012612,0.0,3.945165187012612,-0.31730779990108293,-0.23076954637650995,0.992729377275132,0.27403867313879643,0.2307691733860891,0.25000055948563127,0.24038486643586018,2.1923067741774256,1.0673072404154516,1.5172715096637064,0.7386716526238757,1.4449007710316373,0.44853507605810256,0.29354527847456346,11.309944130815525,0.405673025580575,0.40384568043523505,0.6153842137026236,0.1538466129112872,0.3076924798417327,0.5769229334652227,0.6153842137026236,0.5961535735839232,39.805563805178025,40.15599074988351,327.274658203125,327.274658203125,CORONAL,FRONT,0.0,0.6920890486382779,472.87940597681086,,,,,,,,,,,,,,,,,,,,,,,,,,,,,,,,,,,,,,,,,,BODY,0.9049,0.9049,0.6777,0.0888,0.575,SAMAPADHAM,INCORRECT,FEET_NOT_ALIGNED,Feet not aligned / V-shaped,CANONICAL,turnout_deviation_deg,45.3218367356118,<= 8°,,True,2 of 7 parameter checks out of range,1,1,0,48
DJI_20260917132548_0077_D.JPG,Cam 5,11,SAMAPADHAM,INCORRECT,WEIGHT_ON_ONE_LEG,,rtmpose_m_halpe26,halpe_26,0,0,OK,222.02,187.67,34.35,19,1,1,19.0,1.0,1.0,1.0,0.0,0.0,10.718603945569726,6.465888514613539,8.592246230091632,169.28139605443027,173.53411148538646,4.2527154309561865,0.4019951735715124,0.24331012238646868,0.8062261610650605,3.3135742695672477,9.462322208025617,5.710582096982486,62.35406828757932,26.565114896544344,44.45959159206183,35.78895339103497,25.600527485031776,52.12496822513983,38.8627478550858,0.6627214749633396,1.6485806759205917,4.222208725547501,5.906133242526495,0.0,5.906133242526495,-0.3399998598733255,-0.23000042038002355,0.9991709832634593,0.2850001401266745,0.21999965746812897,0.28000034253187106,0.25,2.2900003269622404,1.110000217974827,1.532741794892751,0.7429447526267251,1.4940548594634468,0.474130735044699,0.3130500738861991,13.355321105704743,0.4019951735715124,0.40000015569630504,0.659999750885912,0.14000056050669807,0.32000028025334903,0.6200005916459591,0.660000529367437,0.6400005605066981,39.98681540217573,39.28938110129532,313.611328125,313.611328125,CORONAL,FRONT,0.0,0.6693194655242616,468.5525287679418,,,,,,,,,,,,,,,,,,,,,,,,,,,,,,,,,,,,,,,,,,BODY,0.9062,0.9062,0.6921,0.084,0.5553,SAMAPADHAM,INCORRECT,FEET_NOT_ALIGNED,Feet not aligned / V-shaped,CANONICAL,turnout_deviation_deg,44.45959159206183,<= 8°,,True,2 of 7 parameter checks out of range,1,1,0,48
DJI_20260917132617_0078_D.JPG,Cam 5,12,MUZHUMANDI,INCORRECT,KNEES_FACING_FORWARD,,rtmpose_m_halpe26,halpe_26,0,0,OK,225.96,199.75,26.21,19,1,1,19.0,1.0,1.0,1.0,0.0,0.0,148.84345958772923,153.12965337703878,150.986556482384,31.156540412270772,26.870346622961222,4.28619378930955,0.8711167541227809,0.7545829602728163,0.7235675090221465,0.9588972281597025,4.398724511540444,4.763623723200713,1.4687450823466293,5.042456659930579,3.255600871138604,3.57371157758395,12.778627454643654,15.729740472858353,14.254183963751004,2.443116155108923,2.8045794591210145,2.8201612778155365,3.652150835326399,3.317796848074981,3.652150835326399,-0.10851346611788328,-0.036171429495174684,0.9726554591497601,0.07234244780652899,0.5642700238129931,0.4919271648226437,0.5280985943178184,0.6510816190749404,-0.23149484613972382,0.4428132833483851,-0.15744415123100164,1.4703299190839754,0.564455472386129,0.4938383977204194,147.91792049491403,0.8711167541227809,0.8681077289430662,2.430703285775867,0.13021615934145994,0.057873300351110574,0.6076754102601464,0.7234228333300082,0.6655491217950773,45.67404951702254,40.03030815163162,296.87528168454105,296.87528168454105,CORONAL,FRONT,0.0,0.6801194664004432,436.5046088972636,,,,,,,,,,,,,,,,,,,,,,,,,,,,,,,,,,,,,,,,,,BODY,0.8904,0.096,0.2724,0.8904,0.1269,MUZHUMANDI,INCORRECT,KNEES_FACING_FORWARD,Feet and knees facing forward,CANONICAL,turnout_deviation_deg,41.744399128861396,<= 8°,,False,1 of 6 parameter checks out of range,1,1,1,48
DJI_20260917132619_0079_D.JPG,Cam 5,12,MUZHUMANDI,INCORRECT,KNEES_FACING_FORWARD,,rtmpose_m_halpe26,halpe_26,0,0,OK,219.05,188.49,30.56,19,1,1,19.0,1.0,1.0,1.0,0.0,0.0,146.9277642231888,154.41122432504574,150.66949427411726,33.0722357768112,25.588775674954267,7.483460101856934,0.8392950671930226,0.7235664527969787,0.7095439875732633,0.9806203491475994,1.1457979201814925,0.9877893710728739,3.012791992623619,4.899050319217082,3.9559211559203504,1.8862583265934632,11.92772382726146,16.73183150888181,14.329777668071635,2.427296436820042,2.892065653308323,2.820174439107203,3.814046076483467,3.3177825288654095,3.814046076483467,-0.10851371743887787,-0.036171375913520834,0.9425954167722523,0.07234254667619935,0.5498009749893442,0.5063959803758147,0.5280984776825794,0.6510802531248441,-0.22426105357776452,0.44281255287387267,-0.15252437647792164,1.470329259862452,0.5505619478311345,0.508252774215924,149.45418633726328,0.8392950671930226,0.8391703410907724,2.416232155438502,0.1302166250473273,0.05787387322028563,0.6076748482096299,0.7234225946502012,0.6655487214299156,45.6740189094356,40.030253175023084,297.51355422872837,297.51355422872837,CORONAL,FRONT,0.0,0.6801197713317282,437.44288398817366,,,,,,,,,,,,,,,,,,,,,,,,,,,,,,,,,,,,,,,,,,BODY,0.892,0.1054,0.2765,0.892,0.11,MUZHUMANDI,INCORRECT,KNEES_FACING_FORWARD,Feet and knees facing forward,CANONICAL,turnout_deviation_deg,41.04407884407965,<= 8°,,False,1 of 6 parameter checks out of range,1,1,1,48
DJI_20260917132650_0080_D.JPG,Cam 5,13,MUZHUMANDI,INCORRECT,BACK_BENT_FORWARD,,rtmpose_m_halpe26,halpe_26,0,0,OK,227.56,194.24,33.32,19,1,1,17.0,1.0,0.0,1.0,0.0,0.0,159.2445255060317,162.458028932503,160.85127721926733,20.755474493968308,17.541971067497,3.2135034264713056,0.6094598467204044,0.23664758719038528,,,3.0126246582520677,0.0,,,,,,,,2.7207021845237658,4.464120481708968,3.1169826678918096,4.316042249704721,5.710610304074881,4.316042249704721,-0.04353263111745821,0.02487600428683251,0.8638058353552753,0.03420431770214536,,,,0.360700180236578,0.012437249374418893,0.2867034688359003,0.009885779752270347,1.2580949288863712,,,179.0153257648068,0.6094598467204044,0.6094598467204044,2.711475057652277,0.04975200857366502,0.0,0.48508057805523924,0.5845838424335719,0.5348322102444055,50.90612207569213,41.099532108992236,324.3234323617047,324.3234323617047,CORONAL,FRONT,0.0,0.7948525799123685,408.0296655732827,,,,,,,,,,,,,,,,,,,,,,,,,,,,,,,,,,,,,,,,,,BODY,0.7424,0.1782,0.2696,0.7424,0.1869,MUZHUMANDI,CORRECT,,,,trunk_inclination_deg,3.1169826678918096,<= 8°,,False,4 parameter checks within range,1,0,0,50
DJI_20260917132653_0081_D.JPG,Cam 5,13,MUZHUMANDI,INCORRECT,BACK_BENT_FORWARD,,rtmpose_m_halpe26,halpe_26,0,0,OK,210.62,182.8,27.82,19,1,1,19.0,1.0,1.0,1.0,0.0,0.0,159.36438759152782,161.5337372854113,160.44906243846955,20.6356124084722,18.466262714588716,2.1693496938834755,0.6836417521375041,0.3974932771795029,0.5591120914786825,1.4065950887169207,0.0,2.082510253573995,18.03424821151347,1.301995696336462,9.668121953924967,16.73225251517701,12.593898623543424,5.364665350098534,8.979281986820979,2.693435388738404,3.9398345409960576,2.8063785756365416,3.179872856821892,6.418789409130466,3.179872856821892,-0.018632344453909995,0.043476097731448254,0.9709728085548119,0.031054221092679125,0.5341314735838961,0.5465527856175728,0.5403421296007345,0.3664384914817313,-0.006210656016838345,0.28886864747133545,-0.0048959480109180805,1.2685298134270286,0.5617282657947854,0.546693931886233,178.77368854153497,0.6836417521375041,0.683190229215176,2.6830752923226027,0.03726544171460991,0.0496867537482866,0.5092880967097528,0.5713961624917161,0.5403421296007345,48.28923078992928,41.71072714282964,324.3071506116591,324.3071506116591,CORONAL,FRONT,0.0,0.7883141487218379,411.3932892584592,,,,,,,,,,,,,,,,,,,,,,,,,,,,,,,,,,,,,,,,,,BODY,0.7466,0.152,0.2732,0.7466,0.1366,MUZHUMANDI,INCORRECT,KNEES_FACING_FORWARD,Feet and knees facing forward,CANONICAL,turnout_deviation_deg,35.33187804607503,<= 8°,,False,1 of 6 parameter checks out of range,1,1,0,48
DJI_20260917132733_0082_D.JPG,Cam 5,14,MUZHUMANDI,INCORRECT,FEET_APART_HEEL_DOWN,,rtmpose_m_halpe26,halpe_26,0,0,OK,261.64,215.41,46.23,19,1,1,19.0,1.0,1.0,1.0,0.0,0.0,149.18429823759283,153.65984972424476,151.4220739809188,30.815701762407173,26.340150275755246,4.475551486651938,0.7817759561281704,0.6321495167405532,2.028831485825469,3.209417126958181,1.5075124680373029,1.2188214091552516,74.93147268592605,67.8905652532241,71.41101896957508,7.040907432701957,44.11577092351888,55.0156035439596,49.56568723373924,2.910779504141767,3.723291156916255,2.8945203522909146,2.93568408327456,3.814089787467155,2.93568408327456,-0.12472363298982406,-0.04988945319592963,0.9510842714526793,0.08730654309287685,0.2328174482476716,0.2161868458312364,0.22450214703945398,0.5570965399678383,0.4157436777593816,0.375923682256079,0.2805400554579178,1.4819405274614872,0.895540818882187,0.5743893626508365,136.30933652832832,0.7817759561281704,0.7815990793495216,2.8935796538348733,0.1164087241238358,0.01662981773197654,0.6651903552256857,0.8148587148134746,0.7400245350195802,45.70738776019115,38.51693940427026,311.1322294095904,311.1322294095904,CORONAL,FRONT,0.0,0.6747909119625505,461.07946016151686,,,,,,,,,,,,,,,,,,,,,,,,,,,,,,,,,,,,,,,,,,BODY,0.8536,0.1209,0.276,0.8536,0.1203,MUZHUMANDI,INCORRECT,KNEES_FACING_FORWARD,Feet and knees facing forward,CANONICAL,turnout_deviation_deg,26.411018969575082,<= 8°,,False,1 of 6 parameter checks out of range,1,1,0,48
DJI_20260917132735_0083_D.JPG,Cam 5,14,MUZHUMANDI,INCORRECT,FEET_APART_HEEL_DOWN,,rtmpose_m_halpe26,halpe_26,0,0,OK,223.71,194.19,29.52,19,1,1,19.0,1.0,1.0,1.0,0.0,0.0,146.44438766820747,151.85294554148302,149.14866660484523,33.55561233179253,28.147054458516987,5.408557873275555,0.9656489239538703,0.7000550671385539,2.0400749904576503,2.914163594010357,0.0,2.770206103988241,75.67732886020443,65.22494351662581,70.45113618841512,10.452385343578612,39.51916419848271,50.18709776764044,44.853130983061575,2.838420705178348,2.9393919827056543,4.2364160757952884,4.085568168827237,5.355850073121283,4.085568168827237,-0.1711246499718516,-0.062226649051085534,0.9420219696814479,0.11667564951146855,0.18668072719975168,0.2800210907996275,0.23335090899968958,0.5444878594759688,0.4355902485784503,0.36935882407988163,0.2954870328062854,1.4741433640643493,0.7546240661561116,0.668217436754414,128.80398958929288,0.9656489239538703,0.964520470733529,2.8157782958983537,0.21779444174854198,0.0933411436463709,0.6222719508363208,0.7933954307384298,0.7078336907873752,46.39715199067717,37.405346176820245,312.9821447099962,312.9821447099962,CORONAL,FRONT,0.0,0.6783600729598699,461.38055169486876,,,,,,,,,,,,,,,,,,,,,,,,,,,,,,,,,,,,,,,,,,BODY,0.8612,0.0685,0.2495,0.8612,0.0951,MUZHUMANDI,INCORRECT,KNEES_FACING_FORWARD,Feet and knees facing forward,CANONICAL,turnout_deviation_deg,25.45113618841512,<= 8°,,False,1 of 6 parameter checks out of range,1,1,0,48
DJI_20260917132751_0084_D.JPG,Cam 5,15,SWASTIKAPADAM,INCORRECT,OVERCROSSING_SHINS,RIGHT,rtmpose_m_halpe26,halpe_26,0,0,OK,217.27,181.91,35.36,19,1,1,19.0,1.0,1.0,1.0,0.0,0.0,32.678066439881036,5.102187129167646,18.89012678452434,147.32193356011896,174.89781287083235,27.57587931071339,0.10559124395985521,0.0620046549649481,0.019608083152373935,0.316235662684658,71.5645742567328,21.801738393441703,73.49560854799006,70.34626226128853,71.9209354046393,3.1493462867015296,9.172403815197214,19.65373773871147,14.413070776954342,0.588234334057171,5.570862810185398,1.8717382493273553,2.045435827952642,0.0,2.045435827952642,0.07843110853238867,0.1274505003619188,0.9605488491106879,0.10294080444715373,0.15686303311618205,0.1960775673181205,0.17647030021715127,2.107842417209545,0.9999995919742977,1.4044796626091354,0.6663112375376932,1.5007995297658892,0.5521619118887829,0.5829829783436834,25.676795267207147,0.10559124395985521,0.09803878365906026,0.588234334057171,0.35294060043430253,0.09803959971046496,0.6078424172095449,0.6666666666666666,0.6372545419381057,45.0,38.45366367579166,299.173095703125,299.173095703125,CORONAL,FRONT,0.0,0.6663115094099148,448.99884134985535,,,,,,,,,,,,,,,,,,,,,,,,,,,,,,,,,,,,,,,,,,BODY,0.7722,0.7722,0.705,0.1387,0.7701,SAMAPADHAM,INCORRECT,FEET_NOT_ALIGNED,Feet not aligned / V-shaped,CANONICAL,turnout_deviation_deg,71.9209354046393,<= 8°,,True,3 of 7 parameter checks out of range,0,1,0,48
DJI_20260917132753_0085_D.JPG,Cam 5,15,SWASTIKAPADAM,INCORRECT,OVERCROSSING_SHINS,RIGHT,rtmpose_m_halpe26,halpe_26,0,0,OK,199.51,174.9,24.61,19,1,1,19.0,1.0,1.0,1.0,0.0,0.0,35.3019731170244,4.435114876792227,19.868543996908315,144.6980268829756,175.56488512320777,30.866858240232176,0.2510543276921003,0.28273275700628386,0.07068369705836887,0.2500017960663748,33.68988458210822,38.659924266922324,78.31052777561214,59.03636587862634,68.67344682711925,19.274161896985802,16.611241267486733,42.52375489317487,29.5674980803308,0.5293094528023164,2.108346259824191,1.468803839565983,2.121057301934015,1.1232807777806153,2.121057301934015,0.009801846073725732,0.04901004410372257,0.912322623475115,0.02940594508872415,0.11762540782508442,0.2352475607097932,0.1764364842674388,2.0486252955607327,0.9409955321172833,1.3393042454886135,0.6151829296853143,1.529619055910138,0.580558400054559,0.45724069809541307,39.86083426367581,0.0,-0.19604017641489027,0.5293094528023164,0.4116848587123259,0.3136647705048808,0.6273295410097616,0.6469340468923069,0.6371317939510343,42.184476471183444,40.31406968623011,300.02469701298713,300.02469701298713,CORONAL,FRONT,0.0,0.6537575457995262,458.9234937947306,,,,,,,,,,,,,,,,,,,,,,,,,,,,,,,,,,,,,,,,,,BODY,0.9506,0.7385,0.7413,0.1708,0.9506,SWASTIKAPADAM,INCORRECT,INSUFFICIENT_ARAMANDI,Insufficient Aramandi (left leg),CANONICAL,mean_knee_flexion_deg,19.868543996908315,30-45°,LEFT,False,1 of 5 parameter checks out of range,1,1,0,48
DJI_20260917132825_0086_D.JPG,Cam 5,16,SWASTIKAPADAM,INCORRECT,OVERCROSSING_SHINS,LEFT,rtmpose_m_halpe26,halpe_26,0,0,OK,232.19,197.13,35.06,19,1,1,19.0,1.0,1.0,1.0,0.0,0.0,17.374084741396814,23.266839734341033,20.320462237868924,162.6259152586032,156.73316026565897,5.892754992944219,0.434063845140928,0.5847941434481473,0.20825456813728932,0.3561160289830346,20.77229118867197,34.38029171349289,11.309977498793145,68.96252518015984,40.136251339476495,57.6525476813667,60.25501964844696,7.331563497526943,33.79329157298695,0.3977363049611399,0.9163083021393003,0.7252134215424757,0.0,2.1610486926846675,0.0,-0.18854467536538289,-0.16969043896591915,0.849383232434686,0.17911755716565103,0.18854544582229804,0.18854467536538289,0.18854506059384046,1.876023295124444,0.8390256544725502,1.2593918630203038,0.5632457149408276,1.4896263428487777,0.19227941170925567,0.5252255521401336,46.80404117012701,0.0,-0.35823627001667474,0.39594474281560227,0.26396393233398335,0.6033448102658217,0.6221986614368278,0.6410540535216642,0.631626357479246,40.31406890990237,42.35744143456593,316.87771268516764,316.87771268516764,CORONAL,FRONT,0.0,0.6713092882659346,472.029388277492,,,,,,,,,,,,,,,,,,,,,,,,,,,,,,,,,,,,,,,,,,BODY,0.8444,0.6722,0.7667,0.2144,0.8444,SWASTIKAPADAM,INCORRECT,INSUFFICIENT_ARAMANDI,Insufficient Aramandi (right leg),CANONICAL,mean_knee_flexion_deg,20.320462237868924,30-45°,RIGHT,False,1 of 5 parameter checks out of range,1,1,0,48
DJI_20260917132826_0087_D.JPG,Cam 5,16,SWASTIKAPADAM,INCORRECT,OVERCROSSING_SHINS,LEFT,rtmpose_m_halpe26,halpe_26,0,0,OK,213.62,188.39,25.23,19,1,1,19.0,1.0,1.0,1.0,0.0,0.0,9.969720801726226,20.449588823277765,15.209654812501995,170.03027919827377,159.55041117672224,10.479868021551539,0.4055980928288776,0.5969734870784029,0.21496697801519674,0.3600946820389768,14.931543550990494,31.429612996535027,14.036381276014012,69.86368739345798,41.950034334735996,55.82730611744397,62.871749700261184,6.428729559926651,34.65023963009392,0.34821989131045095,0.8585343409328244,1.101712177800973,2.1210514669957767,1.1017269012394462,2.1210514669957767,-0.21149902245506585,-0.18265805012101788,0.8776418399707914,0.19707853628804187,0.15381904323417814,0.21149941554450752,0.18265922938934281,1.9804030822493317,0.9132930022311809,1.3202690740773053,0.6088621640840463,1.4999995994251198,0.15855313596014356,0.6143688216281311,39.65691119019347,0.0,-0.34608930947192595,0.3460900956508092,0.2499537832636104,0.6152698835056462,0.6152714558634127,0.6537250374036323,0.6344982466335225,41.18589406715252,43.26429756039266,310.5408071679924,310.5408071679924,CORONAL,FRONT,0.0,0.6666668446999943,465.81108635714196,,,,,,,,,,,,,,,,,,,,,,,,,,,,,,,,,,,,,,,,,,BODY,0.8222,0.775,0.7212,0.1782,0.8222,SWASTIKAPADAM,INCORRECT,INSUFFICIENT_ARAMANDI,Insufficient Aramandi (right leg),CANONICAL,mean_knee_flexion_deg,15.209654812501995,30-45°,RIGHT,False,1 of 5 parameter checks out of range,1,1,0,48
DJI_20260917132841_0088_D.JPG,Cam 5,17,SWASTIKAPADAM,INCORRECT,INSUFFICIENT_ARAMANDI,RIGHT,rtmpose_m_halpe26,halpe_26,0,0,OK,253.95,223.54,30.41,19,1,1,19.0,1.0,1.0,1.0,0.0,0.0,14.278713121068307,4.946351954253231,9.612532537660769,165.7212868789317,175.05364804574677,9.332361166815076,0.16121292630519027,0.15228521247320662,0.09998008720586925,0.656531816728167,66.80136957497169,82.87476997143676,71.56508011283512,58.57043958709768,65.0677598499664,12.994640525737438,2.2147403022729435,32.59868721241068,17.406713757341812,0.3621431962392902,2.246365750806615,3.1363711444641735,2.202577645967502,1.1457508056997001,2.202577645967502,0.029993686852913124,0.10997806361118795,0.9118013200179792,0.06998587523205053,0.1599679456384342,0.2199561272223759,0.18996203643040505,2.1895625687280056,1.0397924545279378,1.497752657548441,0.7112616621742652,1.461898637063303,0.5058638272559898,0.42181638874820426,17.389306384400278,0.06388437676661676,0.019996599113390856,0.3599282816255347,0.35992747374741924,0.13997134652504334,0.5798844088479106,0.6398725904318523,0.6098784996398814,43.99492539098564,39.093845269396546,302.1998248668838,302.1998248668838,CORONAL,FRONT,0.0,0.6840419538312341,441.7855120936662,,,,,,,,,,,,,,,,,,,,,,,,,,,,,,,,,,,,,,,,,,BODY,0.9143,0.9143,0.6343,0.0964,0.804,SAMAPADHAM,INCORRECT,FEET_NOT_ALIGNED,Feet not aligned / V-shaped,CANONICAL,turnout_deviation_deg,65.0677598499664,<= 8°,,True,1 of 7 parameter checks out of range,0,1,0,48
DJI_20260917132842_0089_D.JPG,Cam 5,17,SWASTIKAPADAM,INCORRECT,INSUFFICIENT_ARAMANDI,RIGHT,rtmpose_m_halpe26,halpe_26,0,0,OK,211.3,183.02,28.28,19,1,1,19.0,1.0,1.0,1.0,0.0,0.0,22.522080690494278,7.7218323246735,15.121956507583889,157.47791930950572,172.2781676753265,14.800248365820778,0.019984229232616342,0.10761761893484596,0.06319568165798654,0.5872243066095578,21.801568999534926,90.0,70.9064743899411,70.0168765952513,70.4616754925962,0.8895977946897915,1.58092437776682,19.983123404748696,10.782023891257758,0.40167394245701254,20.099546386379455,3.1150353050921056,2.202622077055473,2.2905878737947383,2.202622077055473,0.019984632595873904,0.09991993607330904,0.9732185811660478,0.059952284334591474,0.17985644964051684,0.1598722204079005,0.16986433502420867,2.278176317269779,1.06914375968399,1.548727727394479,0.7268149408109642,1.4709985990258576,0.549832884387539,0.46781371190560883,20.674449987825724,0.007055585297170826,0.0,0.39968055101975125,0.3597120925545186,0.1598722204079005,0.6195046523989857,0.6594723041377032,0.6394884782683444,41.05476997544637,38.233829108807385,302.6312144493057,302.6312144493057,CORONAL,FRONT,0.0,0.6798103007455153,445.17009247642255,,,,,,,,,,,,,,,,,,,,,,,,,,,,,,,,,,,,,,,,,,BODY,0.9688,0.8583,0.6588,0.0813,0.9688,SWASTIKAPADAM,INCORRECT,INSUFFICIENT_ARAMANDI,Insufficient Aramandi (left leg),CANONICAL,mean_knee_flexion_deg,15.121956507583889,30-45°,LEFT,False,1 of 5 parameter checks out of range,1,1,1,48
DJI_20260917132906_0090_D.JPG,Cam 5,18,SWASTIKAPADAM,INCORRECT,INSUFFICIENT_ARAMANDI,LEFT,rtmpose_m_halpe26,halpe_26,0,0,OK,206.01,172.71,33.3,19,1,1,19.0,1.0,1.0,1.0,0.0,0.0,1.2227221458023507,13.307823297609843,7.265272721706097,178.77727785419765,166.69217670239016,12.085101151807493,0.05430200220848449,0.15359075528391433,0.12293261524874456,0.8003907202715566,0.0,44.99888135692798,48.0128122252972,60.524008428823485,54.268410327060344,12.511196203526282,44.232950093776,9.043161758793914,26.638055926284956,0.3667932602967536,6.7546912706552735,3.323125085608765,4.236437529904477,3.3018978356237376,4.236437529904477,-0.3071811357331581,-0.2207862421772886,0.972106544699156,0.26398368895522334,0.17278978711173892,0.24958591442303726,0.2111878507673881,2.0542765393396896,0.9791412523522891,1.3783241689226047,0.6569583145510213,1.4904161050483913,0.25829443882501335,0.5072278084694547,22.678592131455844,0.0,-0.03839806365564918,0.36477785638196125,0.05759709548347376,0.499169579838051,0.5951639893078328,0.6335620529634819,0.6143630211356573,41.05481244713696,40.31409179912654,325.66441174333187,325.66441174333187,CORONAL,FRONT,0.0,0.6709535656604647,485.3754841033723,,,,,,,,,,,,,,,,,,,,,,,,,,,,,,,,,,,,,,,,,,BODY,0.8708,0.8708,0.5575,0.1461,0.8278,SAMAPADHAM,INCORRECT,FEET_NOT_ALIGNED,Feet not aligned / V-shaped,CANONICAL,turnout_deviation_deg,54.268410327060344,<= 8°,,True,3 of 7 parameter checks out of range,0,1,0,48
DJI_20260917132909_0091_D.JPG,Cam 5,18,SWASTIKAPADAM,INCORRECT,INSUFFICIENT_ARAMANDI,LEFT,rtmpose_m_halpe26,halpe_26,0,0,OK,205.12,182.61,22.51,19,1,1,19.0,1.0,1.0,1.0,0.0,0.0,1.2838201074523283,12.97806549591229,7.130942801682309,178.71617989254767,167.0219345040877,11.694245388459962,0.07068303488286307,0.1807404735071039,0.1413664944753046,0.782151843094227,12.528965671116117,56.309243917997186,26.56505117707799,59.03627637665776,42.80066377686788,32.47122519957977,66.80135932895163,11.870165848870954,39.335762588911294,0.37453505768577766,5.298797063630086,1.4878707348355251,2.1210381527414284,1.123315614492986,2.1210381527414284,-0.2254475363449341,-0.18623931908972824,0.959174864751939,0.20584342771733116,0.19604146911269646,0.2352485378579012,0.21564500348529883,2.0976356033685106,1.0096095844290496,1.3891422068507036,0.6686057787726266,1.5100222230839984,0.2191810256724573,0.45724140690042553,22.45996828050088,0.0,-0.03920860009187293,0.3724771068327883,0.09801996888301415,0.4704986070624706,0.6077256446906895,0.6665385448284988,0.6371320947595942,39.98694502633205,38.453666479000056,318.8574214765545,318.8574214765545,CORONAL,FRONT,0.0,0.6622419092333933,481.48179242485827,,,,,,,,,,,,,,,,,,,,,,,,,,,,,,,,,,,,,,,,,,BODY,0.9056,0.8777,0.5636,0.1409,0.9056,SWASTIKAPADAM,INCORRECT,INSUFFICIENT_ARAMANDI,Insufficient Aramandi (right leg),CANONICAL,mean_knee_flexion_deg,7.130942801682309,30-45°,RIGHT,False,1 of 5 parameter checks out of range,1,1,1,48
DJI_20260917133308_0092_D.JPG,Cam 5,19,PATAKA,INCORRECT,ELBOWS_NOT_ALIGNED,,rtmpose_m_halpe26,halpe_26,0,0,OK,189.63,165.15,24.48,19,1,1,19.0,1.0,1.0,1.0,0.0,0.0,5.1944452646243064,6.6247438146652655,5.909594539644786,174.8055547353757,173.37525618533473,1.430298550040959,0.2658690352992392,0.20795084581862497,0.32689518085868985,1.5719829345816092,11.31001775323647,4.398574927741938,11.309591356647474,17.102716983846605,14.20615417024704,5.793125627199132,73.49596337872822,63.259759864029405,68.37786162137881,0.5509400642515662,2.072223505198624,1.9091731045211393,3.814114077934633,2.337331673465901,3.814114077934633,-0.12234727538815275,-0.07136875078222904,0.9782694664345604,0.0968580130851909,0.20391252020227596,0.26508596061867495,0.23449924041047546,2.273617734992205,1.101123900271956,1.4858415239594605,0.7196001284067558,1.5301885822476435,0.20795053630739502,0.2773506648898845,14.831968416748307,0.2658690352992392,0.26508596061867495,0.55056254196901,0.10195626010113798,0.24469376166559606,0.734082863218207,0.774865682902946,0.7544742730605765,19.855247666155737,13.324551617115189,309.3870379436164,309.3870379436164,CORONAL,FRONT,0.0,0.6535142214504913,473.4205129567403,,,,,,,,,,,,,,,,,,,,,,,,,,,,,,,,,,,,,,,,,,BODY,0.9192,0.9192,0.6271,0.0998,0.7195,SAMAPADHAM,CORRECT,,,,foot_gap_norm,0.0,<= 0.05,,True,7 parameter checks within range,0,0,0,48
DJI_20260917133309_0093_D.JPG,Cam 5,19,PATAKA,INCORRECT,ELBOWS_NOT_ALIGNED,,rtmpose_m_halpe26,halpe_26,0,0,OK,210.33,186.39,23.94,19,1,1,19.0,1.0,1.0,1.0,0.0,0.0,5.321162995091328,4.90077436846866,5.110968681779994,174.67883700490867,175.09922563153134,0.4203886266226675,0.27994419964728906,0.20095783571656992,0.2827863768726238,1.4071925877598748,5.710724852843687,0.0,9.462202358550257,7.594672414992985,8.528437386771621,1.8675299435572725,76.22174657596682,73.49039314008611,74.85606985802647,0.5214328250886067,1.8626312877551205,1.1381762298597735,3.9451337506073854,1.145792093696725,3.9451337506073854,-0.11997597502042097,-0.08998198126531572,0.9874932518627904,0.10497897814286834,0.23995195004084194,0.29994071134997285,0.2699463306954074,2.1795648358691815,1.0397926862757223,1.443423631637001,0.6886059596273364,1.5099966413860881,0.2432617036560969,0.3025951261235252,13.230985510403805,0.27994419964728906,0.27994419964728906,0.5198969234870514,0.059987987510210485,0.23995195004084194,0.6998608860176829,0.7798438376327362,0.7398523618252095,17.447183481503643,14.381376809603207,315.509131045253,315.509131045253,CORONAL,FRONT,0.0,0.6622531286440868,476.4177282049752,,,,,,,,,,,,,,,,,,,,,,,,,,,,,,,,,,,,,,,,,,BODY,0.9032,0.9032,0.617,0.1164,0.6636,SAMAPADHAM,CORRECT,,,,foot_gap_norm,0.0,<= 0.05,,True,7 parameter checks within range,0,0,0,48
DJI_20260917133318_0094_D.JPG,Cam 5,20,ALAPADMA,INCORRECT,ELBOWS_NOT_ALIGNED,,rtmpose_m_halpe26,halpe_26,0,0,OK,213.62,179.75,33.87,19,1,1,19.0,1.0,1.0,1.0,0.0,0.0,9.594723654099738,5.805105226695389,7.6999144403975635,170.40527634590026,174.1948947733046,3.789618427404349,0.26586851866278266,0.2049288601424276,0.22798060199748693,1.1124865567448048,5.710439649492149,4.398757463527057,8.746098256395513,4.08550436316402,6.415801309779766,4.660593893231493,74.67196355444916,84.26621326672341,79.4690884105863,0.5713168452592975,2.1488698554187744,1.5174034484333108,1.97495768251673,2.337333484228603,1.97495768251673,-0.14273800900325373,-0.10195594590683896,0.9933388072231171,0.12234697745504634,0.2650853805412011,0.2854768061723095,0.2752810933567553,2.222638596153547,1.0603415221648045,1.4432026727646237,0.6885004703328018,1.5400737804177027,0.2682040932705415,0.2862040966837895,16.401229285595935,0.26586851866278266,0.2650853805412011,0.570952824178817,0.06117348872752317,0.2650853805412011,0.7340826528960801,0.7748647159924948,0.7544736844442874,14.036171094944088,11.888631605247502,309.75795239955767,309.75795239955767,CORONAL,FRONT,0.0,0.6493195408656185,477.05010076643356,,,,,,,,,,,,,,,,,,,,,,,,,,,,,,,,,,,,,,,,,,BODY,0.9027,0.9027,0.6367,0.1171,0.6897,SAMAPADHAM,CORRECT,,,,foot_gap_norm,0.0,<= 0.05,,True,7 parameter checks within range,0,0,0,48
DJI_20260917133319_0095_D.JPG,Cam 5,20,ALAPADMA,INCORRECT,ELBOWS_NOT_ALIGNED,,rtmpose_m_halpe26,halpe_26,0,0,OK,216.5,184.21,32.29,19,1,1,19.0,1.0,1.0,1.0,0.0,0.0,7.446628130763912,5.692367084663374,6.569497607713643,172.5533718692361,174.30763291533663,1.7542610461005381,0.25064862606638716,0.2091913153302617,0.2921566786941274,1.3966004192520316,5.710461601267856,4.763550068591892,12.994716306688957,4.398601157738113,8.696658732213535,8.596115148950844,70.54643307039436,75.96385076926713,73.25514191983075,0.5623979575761331,2.243770358538393,1.5377705907749317,1.9091868378547747,2.385986242129112,1.9091868378547747,-0.12489142920092668,-0.08326095280061778,0.9942190236238838,0.10407619100077223,0.27059769439849884,0.2705993032125347,0.2705984988055168,2.3104946578452155,1.1032088312187125,1.4893966244453754,0.7111531306494602,1.5512957528728133,0.27770961401737376,0.2713986740879118,16.09639869591142,0.25064862606638716,0.24978285840185335,0.562012638014697,0.10407659320428121,0.2705984988055168,0.7701650200162414,0.7909798560128869,0.7805724380145642,13.671314767360464,11.888646293213508,303.5038476170609,303.5038476170609,CORONAL,FRONT,0.0,0.6446224055910165,470.8242297889041,,,,,,,,,,,,,,,,,,,,,,,,,,,,,,,,,,,,,,,,,,BODY,0.9213,0.9213,0.6294,0.0986,0.7037,SAMAPADHAM,CORRECT,,,,foot_gap_norm,0.0,<= 0.05,,True,7 parameter checks within range,0,0,0,48
DJI_20260917133408_0096_D.JPG,Cam 5,21,ALAPADMA,CORRECT,,,rtmpose_m_halpe26,halpe_26,0,0,OK,196.13,165.52,30.61,19,1,1,19.0,1.0,1.0,1.0,0.0,0.0,3.002406641524459,7.822430930992738,5.412418786258598,176.99759335847554,172.17756906900726,4.820024289468279,0.3268948302007716,0.2682040997731267,0.22798077986731993,0.8500271996593952,8.746059305965906,3.576299722223753,12.094778798352081,4.0857297970924265,8.090254297722254,8.009049001259655,78.9661618958856,75.22939147883213,77.09777668735887,0.552069396202827,1.6888287767162247,1.1691260422026006,2.0453829628868747,2.3373234484290117,2.0453829628868747,-0.17332419503596183,-0.14273778212850682,0.9934862668032578,0.15803098858223433,0.2854763566306026,0.2854763566306026,0.2854763566306026,2.304201794983124,1.0909276754898576,1.5370943545049642,0.7277395472999207,1.499063338714307,0.2919571231488543,0.2862037264315925,11.745819418313106,0.3268948302007716,0.3262582405072093,0.5505609789493129,0.020390149564714383,0.2650854146922993,0.2854763566306026,0.3874318586957083,0.3364541076631554,69.27442975328317,61.504382438860695,308.1130269881374,308.1130269881374,CORONAL,FRONT,0.0,0.6670832206847672,461.88094293820865,,,,,,,,,,,,,,,,,,,,,,,,,,,,,,,,,,,,,,,,,,BODY,0.9277,0.9277,0.6447,0.0817,0.6278,SAMAPADHAM,CORRECT,,,,foot_gap_norm,0.026894830200771602,<= 0.05,,True,7 parameter checks within range,0,1,0,48
DJI_20260917133409_0097_D.JPG,Cam 5,21,ALAPADMA,CORRECT,,,rtmpose_m_halpe26,halpe_26,0,0,OK,215.22,183.29,31.93,19,1,1,19.0,1.0,1.0,1.0,0.0,0.0,5.031985604966252,7.071444320513876,6.051714962740064,174.96801439503375,172.92855567948612,2.0394587155476245,0.32625747117952825,0.2883739251571874,0.22798052975054808,0.790572620691278,8.130012998020575,0.0,11.309817914766896,0.0,5.654908957383448,11.309817914766896,80.81133050411707,79.11445860506839,79.96289455459274,0.5724076354134565,1.7544659846225568,0.7690292097287637,1.9749048269834955,2.3372724203504722,1.9749048269834955,-0.17332497721413775,-0.15293368650827055,0.9988248512836984,0.16312933186120415,0.3058665779879544,0.3058681680451278,0.3058673730165411,2.294007285195525,1.0807328422108542,1.5099314812415154,0.7113458408771802,1.5192790624574015,0.3119238052095623,0.3058681680451278,13.006689813815607,0.32625747117952825,0.32625747117952825,0.5709529596499345,0.020390098162987147,0.28547727485355395,0.2854756847963806,0.38743253584000986,0.3364541103181952,68.74953042690352,61.504337437079194,307.0840836235432,307.0840836235432,CORONAL,FRONT,0.0,0.6582069250546515,466.546418663167,,,,,,,,,,,,,,,,,,,,,,,,,,,,,,,,,,,,,,,,,,BODY,0.9196,0.9196,0.6476,0.0911,0.6266,SAMAPADHAM,CORRECT,,,,foot_gap_norm,0.026257471179528258,<= 0.05,,True,7 parameter checks within range,0,1,0,48
DJI_20260917133417_0098_D.JPG,Cam 5,22,MUSHTI,CORRECT,,,rtmpose_m_halpe26,halpe_26,0,0,OK,201.88,180.61,21.27,19,1,1,19.0,1.0,1.0,1.0,0.0,0.0,6.083164562691081,7.774133628303076,6.928649095497079,173.91683543730892,172.22586637169692,1.690969065611995,0.32625841171172587,0.2658685823290195,0.2658685823290195,1.0,4.398718534325488,0.0,8.74618816412719,8.74618816412719,8.74618816412719,0.0,84.37599177476474,70.5688686282279,77.47243020149632,0.5927500911526102,1.816811674043059,0.769011868270219,1.9749419936199055,2.337267663718067,1.9749419936199055,-0.15293358065398402,-0.13254272893732597,0.9978047538251719,0.142738154795655,0.26508545787465193,0.26508545787465193,0.26508545787465193,2.294008494054957,1.1011243323061233,1.5099307364840735,0.7247669214600944,1.5192806124316909,0.2682042362617132,0.2682042362617132,13.807123146536858,0.32625841171172587,0.32625841171172587,0.5913454643347767,0.0,0.26508545787465193,0.24469341009669462,0.30586795868216754,0.2752806843894311,70.5600203222948,66.80141721216054,306.1807431865205,306.1807431865205,CORONAL,FRONT,0.0,0.6582062535501232,465.1744670232071,,,,,,,,,,,,,,,,,,,,,,,,,,,,,,,,,,,,,,,,,,BODY,0.9189,0.9189,0.6556,0.0913,0.6058,SAMAPADHAM,CORRECT,,,,foot_gap_norm,0.026258411711725882,<= 0.05,,True,7 parameter checks within range,0,1,0,48
DJI_20260917133418_0099_D.JPG,Cam 5,22,MUSHTI,CORRECT,,,rtmpose_m_halpe26,halpe_26,0,0,OK,215.44,184.06,31.38,19,1,1,19.0,1.0,1.0,1.0,0.0,0.0,6.150526141533618,8.023133803620965,7.086829972577291,173.84947385846638,171.97686619637904,1.872607662087347,0.333694241163852,0.2737823008017136,0.232722417007643,0.8500272527704114,8.74620110054245,3.576421521227958,12.094713376445938,4.085719099449761,8.09021623794785,8.008994276996177,81.14498135627538,75.02874745599864,78.08686440613701,0.6050768622922205,1.8132673197530942,1.153448232624099,1.974981889554372,2.3859090963756975,1.974981889554372,-0.16652218307914557,-0.13529932460535457,0.9933310224592001,0.15091075384225006,0.2914144306310903,0.29141361697430956,0.29141402380269993,2.331311376764819,1.0928020807246368,1.5030511589234885,0.7045551487791942,1.5510525792312648,0.2980299279353335,0.29215611052002777,14.125228177272978,0.333694241163852,0.33304436615829114,0.6036430153690003,0.0,0.27059864921070914,0.24978286779032802,0.3122293983946907,0.2810061330925094,71.07540139139174,66.80140948635182,300.0535739321114,300.0535739321114,CORONAL,FRONT,0.0,0.644723469333078,465.39886975496046,,,,,,,,,,,,,,,,,,,,,,,,,,,,,,,,,,,,,,,,,,BODY,0.9153,0.9153,0.6582,0.0938,0.6255,SAMAPADHAM,CORRECT,,,,foot_gap_norm,0.033694241163852,<= 0.05,,True,7 parameter checks within range,0,1,0,48
DJI_20260917133452_0100_D.JPG,Cam 5,23,KATAKAMUKHA,CORRECT,,,rtmpose_m_halpe26,halpe_26,0,0,OK,196.85,162.95,33.9,19,1,1,19.0,1.0,1.0,1.0,0.0,0.0,5.031947267400028,4.523664870828043,4.777806069114035,174.96805273259997,175.47633512917196,0.5082823965719854,0.4272672576280758,0.3669593799203636,0.2629391512684139,0.7165347601292441,10.007972354213061,5.710527218327893,11.309932474020215,7.5946918243864445,9.45231214920333,3.7152406496337704,80.81117760310755,89.79137827255256,85.30127793783006,0.6179282660588452,1.4462336044404656,1.5174093590693325,1.974907653700163,2.4366181617184393,1.974907653700163,-0.15943027849851915,-0.11691567479489995,0.9874751061452675,0.13817297664670955,0.3188605569970383,0.3188605569970383,0.3188605569970383,2.412711685173576,1.147898005189338,1.502784298492256,0.7149810352682134,1.6054943398026251,0.32517524044859253,0.32168242311666256,9.507180174067505,0.4272672576280758,0.4251468604121075,0.6164640179862458,0.021257096007830753,0.21257425358196913,0.276344718229546,0.27634636498137677,0.2763455416054614,70.14485834418105,71.11390162335952,296.5117395764261,296.5117395764261,CORONAL,FRONT,0.0,0.6228611183537011,476.0479195749822,,,,,,,,,,,,,,,,,,,,,,,,,,,,,,,,,,,,,,,,,,BODY,0.8948,0.8948,0.6595,0.0933,0.5181,SAMAPADHAM,CORRECT,,,,foot_gap_norm,0.12726725762807584,<= 0.05,,True,7 parameter checks within range,0,1,0,48
DJI_20260917133454_0101_D.JPG,Cam 5,23,KATAKAMUKHA,CORRECT,,,rtmpose_m_halpe26,halpe_26,0,0,OK,205.95,178.6,27.35,19,1,1,19.0,1.0,1.0,1.0,0.0,0.0,6.945021561677379,5.6114066511824205,6.2782141064299,173.05497843832262,174.38859334881758,1.3336149104949584,0.42567776109080696,0.3427644295849156,0.2629393022042712,0.7671137361676884,7.124913562621195,2.8624774243383135,8.129968732254866,7.594653093602773,7.86231091292882,0.5353156386520936,84.93654934234073,89.167694534693,87.05212193851686,0.6620567731381543,1.5553003554651805,1.1381886259421314,1.9091969242288456,2.436612018496446,1.9091969242288456,-0.15942988398488203,-0.12754349406079313,0.9954941250989295,0.14348668902283757,0.2976035517774131,0.31886142047821403,0.30823248612781357,2.444597062796358,1.1691555121546264,1.5228775266409187,0.7283329763032418,1.6052486296705148,0.30062488493941003,0.321683265245884,11.493476633505987,0.42567776109080696,0.4251466327110937,0.658978230894554,0.021256216192350935,0.2338307719292353,0.2976035517774131,0.27634650933083715,0.2869750305541251,69.27442405815042,70.64096672815758,295.478821908583,295.478821908583,CORONAL,FRONT,0.0,0.6229564576580607,474.3169739654109,,,,,,,,,,,,,,,,,,,,,,,,,,,,,,,,,,,,,,,,,,BODY,0.9027,0.9027,0.6745,0.0866,0.5061,SAMAPADHAM,CORRECT,,,,foot_gap_norm,0.12567776109080697,<= 0.05,,True,7 parameter checks within range,0,1,0,48
DJI_20260917133505_0102_D.JPG,Cam 5,24,PATAKA,INCORRECT,FINGERS_TOO_FAR_APART,,rtmpose_m_halpe26,halpe_26,0,0,OK,200.76,165.38,35.38,19,1,1,19.0,1.0,1.0,1.0,0.0,0.0,6.042242971206576,4.661393798672577,5.351818384939577,173.95775702879342,175.33860620132742,1.380849172533999,0.3999209685253396,0.29993955074138307,0.282786052893574,0.9428101502272392,0.0,0.0,0.0,3.576246990497495,1.7881234952487475,3.576246990497495,86.82016412172091,86.05244423207935,86.43630417690014,0.6002138261279756,1.5008310975570796,2.1747453722463286,1.9091773583874079,1.14573410368318,1.9091773583874079,-0.15996791714908717,-0.09997985024712769,0.995101749852762,0.12997388369810742,0.27994483472142057,0.31993583429817435,0.29994033450979746,2.269545657306615,1.0697854949200465,1.4356730696315652,0.6767267362058149,1.5808234516017252,0.27994483472142057,0.32056006937835513,10.703638636697255,0.3999209685253396,0.3999209685253396,0.5998806690195949,0.0,0.19995970049425538,0.33993133408655124,0.4199164683137165,0.37992390120013386,64.09355281750688,59.036234031882856,311.49587111698753,311.49587111698753,CORONAL,FRONT,0.0,0.6325817085942,492.41997813884234,,,,,,,,,,,,,,,,,,,,,,,,,,,,,,,,,,,,,,,,,,BODY,0.8803,0.8803,0.6478,0.1197,0.487,SAMAPADHAM,CORRECT,,,,foot_gap_norm,0.0999209685253396,<= 0.05,,True,7 parameter checks within range,0,0,0,48
DJI_20260917133510_0103_D.JPG,Cam 5,24,PATAKA,INCORRECT,FINGERS_TOO_FAR_APART,,rtmpose_m_halpe26,halpe_26,0,0,OK,188.98,148.69,40.29,19,1,1,19.0,1.0,1.0,1.0,0.0,0.0,7.9641221558257485,5.564585999398503,6.764354077612126,172.03587784417425,174.4354140006015,2.3995361564272457,0.37992390734291687,0.3006058831388885,0.3224250673640105,1.0725840226321883,3.814064886458766,0.0,12.994414705549033,8.130079872059781,10.562247288804407,4.864334833489252,72.91997992670717,89.70309425306138,81.31153708988427,0.6211648565443204,1.6349717523400311,1.4502272709859703,1.9091474425193073,1.145805087632118,1.9091474425193073,-0.14997043832435136,-0.10997813836065304,0.9959084853233083,0.1299742883425022,0.2599481843767088,0.2799441382044101,0.2699461612905595,2.289542205587943,1.0997805989899392,1.4489030756917751,0.6959799599123218,1.580190037552931,0.26677988670763075,0.2827862676880335,12.512590986741792,0.37992390734291687,0.37992390734291687,0.6198761378919243,0.0,0.21995627672130608,0.35992873813180676,0.4199158149983196,0.3899222765650632,62.78383909528662,58.29858159266524,311.1591415812069,311.1591415812069,CORONAL,FRONT,0.0,0.6328352769193455,491.69057562014507,,,,,,,,,,,,,,,,,,,,,,,,,,,,,,,,,,,,,,,,,,BODY,0.8891,0.8891,0.6584,0.1145,0.5377,SAMAPADHAM,CORRECT,,,,foot_gap_norm,0.07992390734291688,<= 0.05,,True,7 parameter checks within range,0,0,0,48
DJI_20260917133555_0104_D.JPG,Cam 5,25,KATAKAMUKHA,INCORRECT,FINGERS_BENT,,rtmpose_m_halpe26,halpe_26,0,0,OK,202.56,173.54,29.02,19,1,1,19.0,1.0,1.0,1.0,0.0,0.0,6.039642276954623,5.883780709254125,5.961711493104374,173.96035772304538,174.11621929074587,0.15586156770049797,0.4256780713862267,0.3216823710930352,0.38498770633189966,1.1967945430884541,7.594487167689439,2.8623494747996827,11.309989797716355,0.0,5.6549948988581775,11.309989797716355,76.52888859238843,81.25383450676803,78.89136154957822,0.639136898244553,1.501456009146054,0.7489214963641728,1.9749711828099037,2.4366472365857392,1.9749711828099037,-0.1594294992024417,-0.13817214969793484,0.9953706128440871,0.14880082445018827,0.31886065728850943,0.31886065728850943,0.31886065728850943,2.3808239739465815,1.116010641626157,1.4639271691397917,0.6862154939650819,1.626326790113173,0.325175407793158,0.31886065728850943,10.907287103127214,0.4256780713862267,0.42514699009013723,0.6377213145770189,0.04251386956720073,0.23383042982866897,0.3188598278466964,0.3826322910811235,0.35074605946390996,66.80145959520709,62.102756159092245,294.34328143713003,294.34328143713003,CORONAL,FRONT,0.0,0.6148825722353205,478.698364091026,,,,,,,,,,,,,,,,,,,,,,,,,,,,,,,,,,,,,,,,,,BODY,0.8837,0.8837,0.6639,0.1083,0.508,SAMAPADHAM,CORRECT,,,,foot_gap_norm,0.12567807138622672,<= 0.05,,True,7 parameter checks within range,0,0,0,48
DJI_20260917133558_0105_D.JPG,Cam 5,25,KATAKAMUKHA,INCORRECT,FINGERS_BENT,,rtmpose_m_halpe26,halpe_26,0,0,OK,213.49,177.84,35.65,19,1,1,19.0,1.0,1.0,1.0,0.0,0.0,5.065060702009163,6.052532363443504,5.558796532726333,174.93493929799084,173.9474676365565,0.9874716614343413,0.4259667468980465,0.32539577309880297,0.3641146791306483,1.1189901935821667,11.309903747376362,2.8625505071502624,16.38959742141681,10.619672187003175,13.504634804209992,5.769925234413634,71.4077787664843,88.29525981482274,79.85151929065353,0.6395701993602122,1.5014556981681269,1.1233147699945034,3.814045090737335,1.218936068040305,3.814045090737335,-0.15953883546392383,-0.12763081880704963,0.995886917401502,0.14358482713548673,0.36162002937641696,0.340347186391536,0.3509836078839765,2.371803033931591,1.0954965096216913,1.4572357747936573,0.6730730512373384,1.6276041770024727,0.3769367720189431,0.34627819339171034,11.117555813924715,0.4259667468980465,0.4254352308098672,0.638153678095099,0.021272011104582815,0.23398962650951644,0.29780565982326485,0.3828912086007016,0.34034843421198324,68.74944643542464,61.38959742141681,293.4804749387346,293.4804749387346,CORONAL,FRONT,0.0,0.6143999960983638,477.67004687895394,,,,,,,,,,,,,,,,,,,,,,,,,,,,,,,,,,,,,,,,,,BODY,0.8813,0.8813,0.6593,0.1108,0.53,SAMAPADHAM,CORRECT,,,,foot_gap_norm,0.1259667468980465,<= 0.05,,True,7 parameter checks within range,0,0,0,48
DJI_20260917133633_0106_D.JPG,Cam 5,26,MUSHTI,INCORRECT,PINKY_DROPPED,,rtmpose_m_halpe26,halpe_26,0,0,OK,212.9,181.79,31.11,19,1,1,19.0,1.0,1.0,1.0,0.0,0.0,6.1020711652023465,6.674474546740186,6.388272855971266,173.89792883479765,173.32552545325981,0.5724033815378391,0.4044485860153723,0.30062423333956534,0.4038903469896657,1.3435056199659652,8.130169527061982,3.0129297672282696,11.310018593070922,8.746239919140777,10.02812925610585,2.5637786739301447,75.45030057775679,72.67012067552301,74.0602106266399,0.638074775215973,1.5776412559684927,0.7794917082875993,1.9748701887347884,2.436618904847375,1.9748701887347884,-0.1275446917438066,-0.10628717389244341,0.9961064060256917,0.116915932818125,0.318860275584213,0.2763452398814867,0.29760275773284983,2.4020824872647686,1.126640554199172,1.5372724167671468,0.7210216371685885,1.5625613658744364,0.32517505121464885,0.27959653049700117,11.823320234508476,0.4044485860153723,0.40388951626092084,0.637720551168426,0.0,0.21257434778488682,0.3826328291383025,0.446405382692392,0.41451910591534724,61.38955459576761,55.00791969152597,293.8872965699701,293.8872965699701,CORONAL,FRONT,0.0,0.6399748655249663,459.216935541518,,,,,,,,,,,,,,,,,,,,,,,,,,,,,,,,,,,,,,,,,,BODY,0.9123,0.9123,0.6722,0.0819,0.5362,SAMAPADHAM,CORRECT,,,,foot_gap_norm,0.10444858601537232,<= 0.05,,True,7 parameter checks within range,0,0,0,48
DJI_20260917133635_0107_D.JPG,Cam 5,26,MUSHTI,INCORRECT,PINKY_DROPPED,,rtmpose_m_halpe26,halpe_26,0,0,OK,207.4,185.51,21.89,19,1,1,19.0,1.0,1.0,1.0,0.0,0.0,6.083148581728665,6.485441169106508,6.2842948754175865,173.91685141827134,173.5145588308935,0.40229258737784335,0.40472322414573997,0.27978734261952387,0.4259676306022608,1.522469267602016,8.746200751496279,3.0128672112384605,18.434860041533213,8.130146744781598,13.282503393157405,10.304713296751615,68.44296633465089,73.44291104689688,70.94293869077389,0.6395703097528489,1.5802658992520306,2.3532979056055665,1.97498673143969,1.2188601704154227,1.97498673143969,-0.17017420904519526,-0.10635882915135217,0.9961071225296304,0.1382665190982737,0.31907689946921536,0.29780538084804026,0.3084411401586278,2.4037112692842264,1.159312185384604,1.5466395171382317,0.7459456805515748,1.5541509463897873,0.33633640996865666,0.3008288965409312,11.549115832137433,0.40472322414573997,0.4041637979842336,0.6381537989384307,0.0,0.21271765830270434,0.3828922793630585,0.4892515205295695,0.436071899946314,61.3895544711849,51.581904152727176,296.2762652722083,296.2762652722083,CORONAL,FRONT,0.0,0.6434381437163157,460.45803806563424,,,,,,,,,,,,,,,,,,,,,,,,,,,,,,,,,,,,,,,,,,BODY,0.9152,0.9152,0.672,0.0788,0.5395,SAMAPADHAM,CORRECT,,,,foot_gap_norm,0.10472322414573998,<= 0.05,,True,7 parameter checks within range,0,0,0,48
DJI_20260917131549_0049_D.JPG,Cam 6,1,ARAMANDI,CORRECT,,,rtmpose_m_halpe26,halpe_26,0,0,OK,230.39,197.68,32.71,19,1,1,19.0,1.0,1.0,1.0,0.0,0.0,2.6527124255011074,2.4344337282480524,2.54357307687458,177.3472875744989,177.56556627175195,0.21827869725305504,0.8626562196161551,0.9789807494669064,0.15532612476802415,0.15866106136673816,0.0,6.788932100149987,77.4711546504803,54.16244114662158,65.81679789855094,23.30871350385872,1.8590516747460128,17.179671832444697,9.519361753595355,0.08653069215832206,0.10030727210988462,13.877535280970278,3.3665323747999447,11.768276288681037,3.3665323747999447,0.12237287840653059,-0.30593119948524095,0.907937711581695,0.21415203894588578,0.12237287840653059,0.2651399078393689,0.19375639312294976,2.926744033994896,1.4888658446730019,1.6389571066111481,0.8337549264896467,1.785735588923672,0.5641094287596446,0.45285190178044593,29.3276806957074,0.07754503328993152,-0.8566075863372086,-0.06118586975693072,0.469094800091309,1.080957199061791,0.9993760393858834,0.9381901696289526,0.968783104507418,12.652566015118692,34.824469287890835,214.36666651313368,214.36666651313368,CORONAL,FRONT,0.0,0.5599933193932347,382.80218547143517,,,,,,,,,,,,,,,,,,,,,,,,,,,,,,,,,,,,,,,,,,BODY,0.7825,0.7825,0.6656,0.0527,0.5304,SAMAPADHAM,INCORRECT,FEET_NOT_ALIGNED,Feet not aligned / V-shaped,CANONICAL,turnout_deviation_deg,65.81679789855094,<= 8°,,False,4 of 7 parameter checks out of range,0,0,0,48
DJI_20260917131553_0050_D.JPG,Cam 6,1,ARAMANDI,CORRECT,,,rtmpose_m_halpe26,halpe_26,0,0,OK,217.48,183.11,34.37,19,1,1,19.0,1.0,1.0,1.0,0.0,0.0,2.292031830936054,5.169302779479381,3.7306673052077173,177.70796816906395,174.83069722052062,2.8772709485433268,0.8594919718455475,1.1147663487502182,0.39307643744377435,0.352608811599362,6.632547861197647,8.615607726066635,70.01680639497712,36.0274235428861,53.02211496893161,33.989382852091026,10.689898235990626,37.00641545839669,23.848156847193657,0.15663943523486873,0.182246536751849,13.753074439650234,2.290686275161098,11.888696717534991,2.290686275161098,0.11588074585452071,-0.3347670625222945,0.9032774575303522,0.2253239041884076,0.2060111416265061,0.2832639792240171,0.24463756042526158,2.9614004794023727,1.4678241709849662,1.56227868754909,0.7743466090955704,1.8955647945554654,0.6028221281419204,0.35025537386946604,26.259456367749475,0.15663875130988125,-0.8497931292386547,-0.15450805832822873,0.41202049590310713,1.081554620947696,1.00429999600028,1.0300521334327204,1.0171760647165002,8.74618269567639,29.8989068197236,204.89045623270383,204.89045623270383,CORONAL,FRONT,0.0,0.5275472528674563,388.38313557512083,,,,,,,,,,,,,,,,,,,,,,,,,,,,,,,,,,,,,,,,,,BODY,0.7683,0.7683,0.6754,0.0734,0.5653,SAMAPADHAM,INCORRECT,FEET_NOT_ALIGNED,Feet not aligned / V-shaped,CANONICAL,turnout_deviation_deg,53.02211496893161,<= 8°,,False,4 of 7 parameter checks out of range,0,0,0,48
DJI_20260917131859_0051_D.JPG,Cam 6,2,SAMAPADHAM,CORRECT,,,rtmpose_m_halpe26,halpe_26,0,0,OK,241.35,207.69,33.66,19,1,1,19.0,1.0,1.0,1.0,0.0,0.0,0.623244162193572,1.7211258700337169,1.1721850161136445,179.37675583780643,178.27887412996628,,,,,,,,,,,,,,,,,1.835777595894245,,,,,,,,0.3922265469131302,0.3922265469131302,0.3922265469131302,21.86693132539354,10.590265574055271,1.4287537278959237,0.6919526655652961,15.304898876866776,6.287958994286914,5.7008681669958445,,,,,,,,,,3.2705073788146874,3.366479402427846,32.81296813994198,32.81296813994198,SAGITTAL,,0.0,0.06533855650046087,502.1991592316633,,,,,,,,,,,,,,,,,,,,,,,,,,,,,,,,,,,,,,,,,,BODY,0.8429,0.8429,0.5245,0.1218,0.7464,SAMAPADHAM,CORRECT,,,,mean_knee_flexion_deg,1.1721850161136445,<= 5°,,False,2 parameter checks within range,1,1,0,48
DJI_20260917131902_0052_D.JPG,Cam 6,2,SAMAPADHAM,CORRECT,,,rtmpose_m_halpe26,halpe_26,0,0,OK,234.76,201.95,32.81,19,1,1,19.0,1.0,1.0,1.0,0.0,0.0,0.5943725721523663,2.7220678022394793,1.6582201871959228,179.40562742784763,177.27793219776052,,,,,,,,,,,,,,,,,1.4320859776107273,,,,,,,,0.7500023766743671,0.4999952466512658,0.6249988116628165,27.500185380600634,13.250087936951582,1.3745699853518354,0.6622927420065368,20.00639157966313,8.035131620398532,7.267275133814832,,,,,,,,,,1.5911133936804887,1.6846560712399314,25.680908203125,25.680908203125,SAGITTAL,,0.0,0.049984026155747076,513.7823056331018,,,,,,,,,,,,,,,,,,,,,,,,,,,,,,,,,,,,,,,,,,BODY,0.8223,0.8223,0.5123,0.1466,0.7589,SAMAPADHAM,CORRECT,,,,mean_knee_flexion_deg,1.6582201871959228,<= 5°,,False,2 parameter checks within range,1,1,0,48
DJI_20260917132012_0053_D.JPG,Cam 6,3,MUZHUMANDI,CORRECT,,,rtmpose_m_halpe26,halpe_26,0,0,OK,217.79,192.77,25.02,19,1,1,19.0,1.0,1.0,1.0,0.0,0.0,156.60320417196763,155.2703607426799,155.93678245732377,23.396795828032356,24.729639257320084,,,,,,,,,,,,,,,,,0.6874925934820029,,,,,,,,1.367072260858972,2.074180200365139,1.7206262306120554,1.8149047795198554,0.6363932362260348,0.3079775841937272,0.10799180965404358,5.892976868012009,1.561337004630925,2.4335626839613584,,,,,,,,,,7.9893777602072795,0.7538995100480216,84.30853487041082,84.30853487041082,SAGITTAL,,0.0,0.16969352203436514,496.82824576731485,,,,,,,,,,,,,,,,,,,,,,,,,,,,,,,,,,,,,,,,,,BODY,0.7885,0.0065,0.0152,0.7885,0.0,MUZHUMANDI,CORRECT,,,,trunk_inclination_deg,0.6874925934820029,<= 8°,,False,3 parameter checks within range,1,1,0,48
DJI_20260917132014_0054_D.JPG,Cam 6,3,MUZHUMANDI,CORRECT,,,rtmpose_m_halpe26,halpe_26,0,0,OK,240.25,203.85,36.4,19,1,1,19.0,1.0,1.0,1.0,0.0,0.0,155.7514796342785,150.68917278787077,153.22032621107462,24.248520365721507,29.31082721212923,,,,,,,,,,,,,,,,,0.22122569655292953,,,,,,,,1.4680515816668498,1.8791084208206474,1.6735800012437485,2.613132339554791,1.0569984867116142,0.3436272165627417,0.13899542797806563,7.6045557907013706,1.6284130728191046,2.5359496851922496,,,,,,,,,,1.8183075620623887,1.380356723422056,65.20504213189021,65.20504213189021,SAGITTAL,,0.0,0.13150012012835396,495.8553807269925,,,,,,,,,,,,,,,,,,,,,,,,,,,,,,,,,,,,,,,,,,BODY,0.8256,0.0078,0.0182,0.8256,0.0,MUZHUMANDI,CORRECT,,,,trunk_inclination_deg,0.22122569655292953,<= 8°,,False,3 parameter checks within range,1,1,0,48
DJI_20260917132102_0055_D.JPG,Cam 6,4,SWASTIKAPADAM,CORRECT,,RIGHT,rtmpose_m_halpe26,halpe_26,0,0,OK,217.43,183.88,33.55,19,1,1,19.0,1.0,1.0,1.0,0.0,0.0,31.690079876977705,70.91997426575728,51.30502707136749,148.3099201230223,109.08002573424272,,,,,,,,,,,,,,,,,2.5168658924988323,,,,,,,,0.29667725899786856,0.5933591791413797,0.44501821906962413,5.2413598082610395,2.1509351813923754,1.1637115000275549,0.4775608044414378,4.504002760251946,1.5127791300754383,1.8295296471766764,,,,,,,,,,9.2460985173437,10.539144201947877,104.75563036489183,104.75563036489183,SAGITTAL,,0.0,0.22202473071842918,471.81964831540535,,,,,,,,,,,,,,,,,,,,,,,,,,,,,,,,,,,,,,,,,,BODY,0.7936,0.1853,0.7936,0.3236,0.3179,ARAMANDI,CORRECT,,,,mean_knee_flexion_deg,51.30502707136749,30-45°,,True,2 parameter checks within range,0,1,0,48
DJI_20260917132104_0056_D.JPG,Cam 6,4,SWASTIKAPADAM,CORRECT,,RIGHT,rtmpose_m_halpe26,halpe_26,0,0,OK,195.07,170.05,25.02,19,1,1,19.0,1.0,1.0,1.0,0.0,0.0,41.31508757604098,77.15260142565882,59.2338445008499,138.68491242395902,102.84739857434118,,,,,,,,,,,,,,,,,1.6089979672164954,,,,,,,,0.35052350494703793,0.7010470098940759,0.5257852574205569,5.754432005065081,2.2491942762839767,1.1063053029041383,0.4324137556798635,5.201486416054633,1.8446496223307085,1.7261305265907012,,,,,,,,,,9.246076749398405,3.731337643538038,91.12068365023322,91.12068365023322,SAGITTAL,,0.0,0.19225273700868523,473.96299822829957,,,,,,,,,,,,,,,,,,,,,,,,,,,,,,,,,,,,,,,,,,BODY,0.6532,0.1535,0.6532,0.3881,0.1727,ARAMANDI,INCORRECT,EXCESSIVE_KNEE_BEND,Knee bend deeper than Aramandi,SECONDARY,mean_knee_flexion_deg,59.2338445008499,30-45°,,False,1 of 2 parameter checks out of range,0,0,0,48
DJI_20260917132129_0057_D.JPG,Cam 6,5,SWASTIKAPADAM,CORRECT,,LEFT,rtmpose_m_halpe26,halpe_26,0,0,OK,210.52,178.06,32.46,19,1,1,19.0,1.0,1.0,1.0,0.0,0.0,21.752035355667005,69.06033096050639,45.4061831580867,158.247964644333,110.93966903949361,,,,,,,,,,,,,,,,,2.2776007407513816,,,,,,,,5.65685424949238,8.485309467475805,7.071081858484092,67.17542514509435,26.51661666744447,1.078693237339915,0.425799985850868,62.2748181037555,21.95460697878877,19.60875968805066,,,,,,,,,,2.862393872780248,2.6629909383560055,8.69036996214131,8.69036996214131,SAGITTAL,,0.0,0.016057855011859034,541.1912086466906,,,,,,,,,,,,,,,,,,,,,,,,,,,,,,,,,,,,,,,,,,BODY,0.8033,0.1681,0.8033,0.3571,0.4603,ARAMANDI,CORRECT,,,,mean_knee_flexion_deg,45.4061831580867,30-45°,,True,2 parameter checks within range,0,1,0,48
DJI_20260917132132_0058_D.JPG,Cam 6,5,SWASTIKAPADAM,CORRECT,,LEFT,rtmpose_m_halpe26,halpe_26,0,0,OK,207.95,175.48,32.47,19,1,1,19.0,1.0,1.0,1.0,0.0,0.0,17.458792822147984,70.42687820509006,43.94283551361902,162.54120717785202,109.57312179490994,,,,,,,,,,,,,,,,,0.9765366352492831,,,,,,,,2.4961568361258837,3.8829081771287353,3.1895325066273097,26.20956938870864,10.123267100037815,1.073707711623343,0.4147122675283686,24.410339150011584,9.486837828751625,8.190053474277459,,,,,,,,,,1.4321318484390329,2.7263264957734394,22.08257960136851,22.08257960136851,SAGITTAL,,0.0,0.040966247697526374,539.043257376533,,,,,,,,,,,,,,,,,,,,,,,,,,,,,,,,,,,,,,,,,,BODY,0.8086,0.173,0.8086,0.3565,0.4989,ARAMANDI,CORRECT,,,,mean_knee_flexion_deg,43.94283551361902,30-45°,,False,2 parameter checks within range,0,1,0,48
DJI_20260917132204_0059_D.JPG,Cam 6,6,ARAMANDI,INCORRECT,INSUFFICIENT_KNEE_BEND,,rtmpose_m_halpe26,halpe_26,0,0,OK,213.59,183.01,30.58,19,1,1,19.0,1.0,1.0,1.0,0.0,0.0,27.21361548726776,31.583428434968937,29.398521961118348,152.78638451273224,148.41657156503106,,,,,,,,,,,,,,,,,1.0609225832181972,,,,,,,,2.0426542887001164,2.9711360641113074,2.506895176405712,19.96230199929557,9.470487427472754,1.326932841254061,0.629521624842703,15.04394297787486,5.413920044209175,3.9479488870261936,,,,,,,,,,5.0424436306751845,5.527524517416256,34.770409351279646,34.770409351279646,SAGITTAL,,0.0,0.06647193501535474,523.0840555980178,,,,,,,,,,,,,,,,,,,,,,,,,,,,,,,,,,,,,,,,,,BODY,0.878,0.4452,0.878,0.1854,0.8744,ARAMANDI,CORRECT,,,,mean_knee_flexion_deg,29.398521961118348,30-45°,,True,2 parameter checks within range,1,0,0,48
DJI_20260917132206_0060_D.JPG,Cam 6,6,ARAMANDI,INCORRECT,INSUFFICIENT_KNEE_BEND,,rtmpose_m_halpe26,halpe_26,0,0,OK,199.4,176.11,23.29,19,1,1,19.0,1.0,1.0,1.0,0.0,0.0,28.728687078784645,31.18459543029624,29.956641254540443,151.27131292121535,148.81540456970376,,,,,,,,,,,,,,,,,1.3418825003543785e-05,,,,,,,,1.8569553373267103,3.1568070600605505,2.5068811986936304,20.333601396845477,9.563293049357368,1.3435579977169554,0.6319017772704254,15.134144883508867,5.1728710506474,4.209991490961028,,,,,,,,,,4.8991279038232385,7.124982698610162,34.439775537126,34.439775537126,SAGITTAL,,0.0,0.066075751732076,521.2165527343893,,,,,,,,,,,,,,,,,,,,,,,,,,,,,,,,,,,,,,,,,,BODY,0.8906,0.4432,0.8906,0.1775,0.8627,ARAMANDI,CORRECT,,,,mean_knee_flexion_deg,29.956641254540443,30-45°,,True,2 parameter checks within range,1,0,0,48
DJI_20260917132245_0061_D.JPG,Cam 6,7,ARAMANDI,INCORRECT,FEET_TOO_FAR_APART,,rtmpose_m_halpe26,halpe_26,0,0,OK,226.86,185.49,41.37,19,1,1,19.0,1.0,1.0,1.0,0.0,0.0,29.218120403760196,44.811990683545105,37.01505554365265,150.7818795962398,135.1880093164549,,,,,,,,,,,,,,,,,1.4144197376562258,,,,,,,,0.895537431693648,1.5920634648406404,1.243800448267144,10.945440776347143,5.223961090621074,1.3576115081057676,0.6479510363666505,8.062277544788177,2.92650092546791,2.2515177441363345,,,,,,,,,,3.1798195944230283,0.0,61.64381716431671,61.64381716431671,SAGITTAL,,0.0,0.1240344300285774,496.9895628988986,,,,,,,,,,,,,,,,,,,,,,,,,,,,,,,,,,,,,,,,,,BODY,0.9473,0.3508,0.9473,0.1804,0.6883,ARAMANDI,CORRECT,,,,mean_knee_flexion_deg,37.01505554365265,30-45°,,False,2 parameter checks within range,1,0,0,48
DJI_20260917132246_0062_D.JPG,Cam 6,7,ARAMANDI,INCORRECT,FEET_TOO_FAR_APART,,rtmpose_m_halpe26,halpe_26,0,0,OK,207.15,168.79,38.36,19,1,1,19.0,1.0,1.0,1.0,0.0,0.0,32.526039659141446,50.677926016211046,41.601982837676246,147.47396034085855,129.32207398378895,,,,,,,,,,,,,,,,,1.0353563432450297,,,,,,,,1.2747558581261318,1.666987826941958,1.470871842534045,10.639326444936469,5.099033229878006,1.307014983631509,0.6264036419953387,8.14017174873953,2.6764701407232243,2.3574823354100656,,,,,,,,,,3.1798195513059433,3.3665159357603573,62.297468173032954,62.297468173032954,SAGITTAL,,0.0,0.12284753084661214,507.1120904401228,,,,,,,,,,,,,,,,,,,,,,,,,,,,,,,,,,,,,,,,,,BODY,0.9309,0.2877,0.9309,0.2153,0.5624,ARAMANDI,CORRECT,,,,mean_knee_flexion_deg,41.601982837676246,30-45°,,False,2 parameter checks within range,1,0,0,48
DJI_20260917132319_0063_D.JPG,Cam 6,8,ARAMANDI,INCORRECT,FEET_NOT_IN_LINE,,rtmpose_m_halpe26,halpe_26,0,0,OK,174.15,145.44,28.71,19,1,1,19.0,1.0,1.0,1.0,0.0,0.0,42.10897942555678,65.69542826925897,53.902203847407876,137.89102057444322,114.30457173074103,,,,,,,,,,,,,,,,,5.5386257344353655,,,,,,,,4.11104077911741,3.4785749476163392,3.7948078633668745,32.57214481463055,15.021140744313133,1.2426561883102742,0.5730698302991699,26.211710947113335,11.511104585555664,10.10465970751763,,,,,,,,,,14.036188583310475,2.662988177863692,18.963320619684254,18.963320619684254,SAGITTAL,,0.0,0.038150886144657746,497.0610786805978,,,,,,,,,,,,,,,,,,,,,,,,,,,,,,,,,,,,,,,,,,BODY,0.8,0.2163,0.8,0.2859,0.2641,ARAMANDI,CORRECT,,,,mean_knee_flexion_deg,53.902203847407876,30-45°,,True,2 parameter checks within range,1,0,0,48
DJI_20260917132321_0064_D.JPG,Cam 6,8,ARAMANDI,INCORRECT,FEET_NOT_IN_LINE,,rtmpose_m_halpe26,halpe_26,0,0,OK,208.15,183.99,24.16,19,1,1,19.0,1.0,1.0,1.0,0.0,0.0,41.3174412676604,66.47110401398955,53.89427264082497,138.6825587323396,113.52889598601045,,,,,,,,,,,,,,,,,4.849837604681667,,,,,,,,6.500122179685591,6.000122179685591,6.250122179685591,51.250936710922865,23.00042762889957,1.2379753906672528,0.5555793748708655,41.39899475974177,18.20062268390346,15.69262733428124,,,,,,,,,,15.75111397800162,0.0,11.9892578125,11.9892578125,SAGITTAL,,0.0,0.0241551758878079,496.34322135288056,,,,,,,,,,,,,,,,,,,,,,,,,,,,,,,,,,,,,,,,,,BODY,0.7979,0.2142,0.7979,0.2886,0.2642,ARAMANDI,CORRECT,,,,mean_knee_flexion_deg,53.89427264082497,30-45°,,True,2 parameter checks within range,1,0,0,48
DJI_20260917132342_0065_D.JPG,Cam 6,9,SAMAPADHAM,INCORRECT,FEET_TOO_FAR_APART,,rtmpose_m_halpe26,halpe_26,0,0,OK,290.63,188.43,102.2,19,1,1,19.0,1.0,1.0,1.0,0.0,0.0,3.36649905697638,2.7520348068063356,3.059266931891358,176.63350094302362,177.24796519319366,,,,,,,,,,,,,,,,,1.8125492079656236,,,,,,,,0.8219949365267865,0.4931969619160719,0.6575959492214292,18.083919771637554,8.630965534360207,1.3917081094146577,0.664224619326533,12.994046416272962,5.000012297589785,4.629529912430484,,,,,,,,,,4.89908189052084,3.576325921645437,39.16520903602416,39.16520903602416,SAGITTAL,,0.0,0.0769583213699822,508.91454411713113,,,,,,,,,,,,,,,,,,,,,,,,,,,,,,,,,,,,,,,,,,BODY,0.8415,0.8415,0.5325,0.1388,0.7941,SAMAPADHAM,CORRECT,,,,mean_knee_flexion_deg,3.059266931891358,<= 5°,,False,2 parameter checks within range,1,0,0,48
DJI_20260917132344_0066_D.JPG,Cam 6,9,SAMAPADHAM,INCORRECT,FEET_TOO_FAR_APART,,rtmpose_m_halpe26,halpe_26,0,0,OK,220.49,198.15,22.34,19,1,1,19.0,1.0,1.0,1.0,0.0,0.0,1.6466406616804932,4.906797395129672,3.2767190284050827,178.3533593383195,175.09320260487033,,,,,,,,,,,,,,,,,1.4782643511461622,,,,,,,,2.1213471274000395,2.1212935566753393,2.1213203420376896,79.19640139455251,38.537533829916825,1.4446802584745162,0.7029917187399399,54.81932831156599,22.02282475307256,22.022846253755883,,,,,,,,,,10.175516372638906,1.4688463461774488,9.114703090789233,9.114703090789233,SAGITTAL,,0.0,0.01824174120333058,499.6619011964202,,,,,,,,,,,,,,,,,,,,,,,,,,,,,,,,,,,,,,,,,,BODY,0.8674,0.8674,0.5503,0.1155,0.7994,SAMAPADHAM,CORRECT,,,,mean_knee_flexion_deg,3.2767190284050827,<= 5°,,False,2 parameter checks within range,1,0,0,48
DJI_20260917132559_0067_D.JPG,Cam 6,10,SAMAPADHAM,INCORRECT,FEET_NOT_ALIGNED,,rtmpose_m_halpe26,halpe_26,0,0,OK,216.76,192.03,24.73,19,1,1,19.0,1.0,1.0,1.0,0.0,0.0,3.46427751539332,5.64936867137007,4.556823093381695,176.53572248460668,174.35063132862993,,,,,,,,,,,,,,,,,4.033423266038403,,,,,,,,2.000075434692415,9.000414890808283,5.50024516275035,114.00518613510353,54.5024893448497,1.4579192666831091,0.6969878475868784,78.19718741660851,32.0638742572489,29.41219426380297,,,,,,,,,,12.200495871174855,7.9071643388005395,6.472900390625,6.472900390625,SAGITTAL,,0.0,0.01278818373188199,506.16260497474155,,,,,,,,,,,,,,,,,,,,,,,,,,,,,,,,,,,,,,,,,,BODY,0.8794,0.8794,0.5677,0.1103,0.8297,SAMAPADHAM,CORRECT,,,,mean_knee_flexion_deg,4.556823093381695,<= 5°,,False,2 parameter checks within range,1,0,0,48
DJI_20260917132601_0068_D.JPG,Cam 6,10,SAMAPADHAM,INCORRECT,FEET_NOT_ALIGNED,,rtmpose_m_halpe26,halpe_26,0,0,OK,212.45,181.91,30.54,19,1,1,19.0,1.0,1.0,1.0,0.0,0.0,3.526463905572541,6.44854376098553,4.987503833279035,176.47353609442746,173.55145623901447,,,,,,,,,,,,,,,,,4.455602202548045,,,,,,,,1.000018763016843,3.000031271694738,2.0000250173557905,38.167197243087394,18.166922052173696,1.4825185192976844,0.7056530299945695,25.74483673982595,10.381750581409406,9.486961537226458,,,,,,,,,,15.124039507876889,6.00897208677345,19.5177001953125,19.5177001953125,SAGITTAL,,0.0,0.0388427400067001,502.48000506518935,,,,,,,,,,,,,,,,,,,,,,,,,,,,,,,,,,,,,,,,,,BODY,0.8916,0.8916,0.578,0.1008,0.8395,SAMAPADHAM,CORRECT,,,,mean_knee_flexion_deg,4.987503833279035,<= 5°,,False,2 parameter checks within range,1,0,0,48
DJI_20260917132635_0069_D.JPG,Cam 6,11,SAMAPADHAM,INCORRECT,WEIGHT_ON_ONE_LEG,,rtmpose_m_halpe26,halpe_26,0,0,OK,203.47,176.8,26.67,19,1,1,19.0,1.0,1.0,1.0,0.0,0.0,2.644064265224017,1.2488005005224636,1.9464323828732404,177.35593573477598,178.75119949947754,,,,,,,,,,,,,,,,,0.3580932793312538,,,,,,,,0.9805735138277555,0.7844662593988077,0.8825198866132815,21.572673166735143,10.296047964369544,1.3749740948869251,0.6562375984331432,15.689512440239271,6.15814128600363,5.741187865918697,,,,,,,,,,3.468221295295716,7.352361541597155,32.77787216155199,32.77787216155199,SAGITTAL,,0.0,0.06373684356406613,514.2688330432425,,,,,,,,,,,,,,,,,,,,,,,,,,,,,,,,,,,,,,,,,,BODY,0.8251,0.8251,0.5153,0.1465,0.7663,SAMAPADHAM,CORRECT,,,,mean_knee_flexion_deg,1.9464323828732404,<= 5°,,False,2 parameter checks within range,1,0,0,48
DJI_20260917132637_0070_D.JPG,Cam 6,11,SAMAPADHAM,INCORRECT,WEIGHT_ON_ONE_LEG,,rtmpose_m_halpe26,halpe_26,0,0,OK,196.55,166.73,29.82,19,1,1,19.0,1.0,1.0,1.0,0.0,0.0,3.643306221616342,0.8120633412809184,2.2276847814486302,176.35669377838366,179.18793665871908,,,,,,,,,,,,,,,,,1.4231863878923683,,,,,,,,0.6868063635183141,0.5494419604776911,0.6181241619980027,15.247065271231532,7.348812959683987,1.3784564333269504,0.6643913645930526,11.060970011531111,4.313219091675145,4.157295729861144,,,,,,,,,,1.7356806307652193,3.46825514241364,46.79508208341315,46.79508208341315,SAGITTAL,,0.0,0.09040798401564198,517.5989996117696,,,,,,,,,,,,,,,,,,,,,,,,,,,,,,,,,,,,,,,,,,BODY,0.8291,0.8291,0.5194,0.1449,0.7734,SAMAPADHAM,CORRECT,,,,mean_knee_flexion_deg,2.2276847814486302,<= 5°,,False,2 parameter checks within range,1,0,0,48
DJI_20260917132649_0071_D.JPG,Cam 6,12,MUZHUMANDI,INCORRECT,KNEES_FACING_FORWARD,,rtmpose_m_halpe26,halpe_26,0,0,OK,231.07,196.46,34.61,19,1,1,19.0,1.0,1.0,1.0,0.0,0.0,149.7998035672316,157.88263471559776,153.84121914141468,30.20019643276838,22.117365284402243,,,,,,,,,,,,,,,,,1.2275791429322787,,,,,,,,2.5396189536090255,2.8673117218166415,2.7034653377128333,3.932310313825671,2.375769664839494,0.3427782863272064,0.20709511443148687,11.471876926509864,3.0674738748935355,4.354277384782021,,,,,,,,,,9.309940174986037,3.21548399174821,42.0255974836613,42.0255974836613,SAGITTAL,,0.0,0.08716969388759248,482.11248209560506,,,,,,,,,,,,,,,,,,,,,,,,,,,,,,,,,,,,,,,,,,BODY,0.8215,0.0078,0.0182,0.8215,0.0,MUZHUMANDI,CORRECT,,,,trunk_inclination_deg,1.2275791429322787,<= 8°,,False,3 parameter checks within range,1,0,0,48
DJI_20260917132651_0072_D.JPG,Cam 6,12,MUZHUMANDI,INCORRECT,KNEES_FACING_FORWARD,,rtmpose_m_halpe26,halpe_26,0,0,OK,213.37,177.22,36.15,19,1,1,19.0,1.0,1.0,1.0,0.0,0.0,152.93421436735778,158.39135591403772,155.66278514069774,27.065785632642214,21.608644085962293,,,,,,,,,,,,,,,,,1.2636718105702314,,,,,,,,4.110959876915336,5.059652906476028,4.585306391695682,7.194179784601839,4.269072678643306,0.3344775535772522,0.19848113730106445,21.508707259006677,6.519208436890101,7.61577400378078,,,,,,,,,,4.332299673262445,4.653312641701576,22.57886322424976,22.57886322424976,SAGITTAL,,0.0,0.04649279884458209,485.6421593315397,,,,,,,,,,,,,,,,,,,,,,,,,,,,,,,,,,,,,,,,,,BODY,0.8057,0.0075,0.0174,0.8057,0.0,MUZHUMANDI,CORRECT,,,,trunk_inclination_deg,1.2636718105702314,<= 8°,,False,3 parameter checks within range,1,0,0,48
DJI_20260917132740_0073_D.JPG,Cam 6,13,MUZHUMANDI,INCORRECT,BACK_BENT_FORWARD,,rtmpose_m_halpe26,halpe_26,0,0,OK,204.36,173.12,31.24,19,1,1,19.0,1.0,1.0,1.0,0.0,0.0,142.44934422972983,149.81300427740786,146.13117425356884,37.550655770270176,30.18699572259215,,,,,,,,,,,,,,,,,18.898256365776604,,,,,,,,1.5242718108986582,2.3168919712918523,1.9205818910952552,2.8351482999678783,-0.30485362388341425,0.3963370351046383,-0.042616741223810366,7.153377173595096,4.474616985921665,3.408376640026605,,,,,,,,,,19.653812285534137,17.92794013574319,66.13621638326183,66.13621638326183,SAGITTAL,,0.0,0.1397941106322829,473.0973006239712,,,,,,,,,,,,,,,,,,,,,,,,,,,,,,,,,,,,,,,,,,BODY,0.8884,0.0102,0.0236,0.8884,0.0,MUZHUMANDI,INCORRECT,BACK_BENT_FORWARD,Back bent forward,CANONICAL,trunk_inclination_deg,18.898256365776604,<= 8°,,False,1 of 3 parameter checks out of range,1,1,1,48
DJI_20260917132742_0074_D.JPG,Cam 6,13,MUZHUMANDI,INCORRECT,BACK_BENT_FORWARD,,rtmpose_m_halpe26,halpe_26,0,0,OK,209.85,176.69,33.16,19,1,1,19.0,1.0,1.0,1.0,0.0,0.0,150.99160669726308,149.92367490598397,150.45764080162354,29.00839330273692,30.076325094016024,,,,,,,,,,,,,,,,,18.121851662675667,,,,,,,,1.7590010865074994,2.7440396406838463,2.251520363595673,3.342099068556964,1.9348988413096684,0.4103989117787856,0.23759929391272816,8.143537842416189,3.259423012126364,6.135859169523178,,,,,,,,,,13.570428511426613,17.927929313907622,57.04587152884183,57.04587152884183,SAGITTAL,,0.0,0.1227967523883084,464.5552135487357,,,,,,,,,,,,,,,,,,,,,,,,,,,,,,,,,,,,,,,,,,BODY,0.8769,0.0109,0.0253,0.8769,0.0,MUZHUMANDI,INCORRECT,BACK_BENT_FORWARD,Back bent forward,CANONICAL,trunk_inclination_deg,18.121851662675667,<= 8°,,False,1 of 3 parameter checks out of range,1,1,1,48
DJI_20260917132806_0075_D.JPG,Cam 6,14,MUZHUMANDI,INCORRECT,FEET_APART_HEEL_DOWN,,rtmpose_m_halpe26,halpe_26,0,0,OK,204.69,175.27,29.42,19,1,1,19.0,1.0,1.0,1.0,0.0,0.0,137.28938504416993,140.09095892585069,138.6901719850103,42.71061495583007,39.90904107414931,,,,,,,,,,,,,,,,,14.433737255997903,,,,,,,,2.626396615835748,4.6467017049401695,3.6365491603879585,5.353802301771724,2.171827970787253,0.43314012495892384,0.17570798950584535,12.360439481979288,4.40431143127657,5.60338818784434,,,,,,,,,,15.708637829015744,8.530772042278793,39.477136302396225,39.477136302396225,SAGITTAL,,0.0,0.0809032722062945,487.9547541876161,,,,,,,,,,,,,,,,,,,,,,,,,,,,,,,,,,,,,,,,,,BODY,0.926,0.0122,0.0282,0.926,0.0,MUZHUMANDI,CORRECT,,,,trunk_inclination_deg,14.433737255997903,<= 8°,,True,3 parameter checks within range,1,0,0,48
DJI_20260917132807_0076_D.JPG,Cam 6,14,MUZHUMANDI,INCORRECT,FEET_APART_HEEL_DOWN,,rtmpose_m_halpe26,halpe_26,0,0,OK,211.98,178.75,33.23,19,1,1,19.0,1.0,1.0,1.0,0.0,0.0,143.21957510757264,138.97025447194807,141.09491478976037,36.78042489242737,41.02974552805193,,,,,,,,,,,,,,,,,11.309926988626748,,,,,,,,1.4906996161401036,7.006308604455918,4.248504110298011,7.453521272288508,4.24850642945681,0.3922318384329384,0.2235721112939625,19.002846128114275,6.435976258160204,8.232686773630324,,,,,,,,,,14.036243467926479,7.549420242368287,26.317799487554694,26.317799487554694,SAGITTAL,,0.0,0.05262369611678973,500.1130940925666,,,,,,,,,,,,,,,,,,,,,,,,,,,,,,,,,,,,,,,,,,BODY,0.9009,0.01,0.0232,0.9009,0.0,MUZHUMANDI,CORRECT,,,,trunk_inclination_deg,11.309926988626748,<= 8°,,True,3 parameter checks within range,1,0,0,48
DJI_20260917132840_0077_D.JPG,Cam 6,15,SWASTIKAPADAM,INCORRECT,OVERCROSSING_SHINS,RIGHT,rtmpose_m_halpe26,halpe_26,0,0,OK,219.25,185.33,33.92,19,1,1,19.0,1.0,1.0,1.0,0.0,0.0,22.269126165451723,82.46328036668987,52.3662032660708,157.73087383454828,97.53671963331013,,,,,,,,,,,,,,,,,3.280856094165829,,,,,,,,0.6324595419623644,3.3203724960014034,1.976416018981884,14.783547980082053,5.692060691471886,1.189131188993102,0.4578472574371348,12.432226247971881,2.6076650770897416,3.6776136027335684,,,,,,,,,,9.211081699605096,9.688717965512737,36.53040609453694,36.53040609453694,SAGITTAL,,0.0,0.08043611659360962,454.15427349757414,,,,,,,,,,,,,,,,,,,,,,,,,,,,,,,,,,,,,,,,,,BODY,0.7937,0.1945,0.7937,0.312,0.2952,ARAMANDI,CORRECT,,,,mean_knee_flexion_deg,52.3662032660708,30-45°,,True,2 parameter checks within range,0,0,0,48
DJI_20260917132841_0078_D.JPG,Cam 6,15,SWASTIKAPADAM,INCORRECT,OVERCROSSING_SHINS,RIGHT,rtmpose_m_halpe26,halpe_26,0,0,OK,213.85,190.04,23.81,19,1,1,19.0,1.0,1.0,1.0,0.0,0.0,19.871681770566084,79.61297846628159,49.74233011842384,160.12831822943392,100.38702153371841,,,,,,,,,,,,,,,,,2.9169852905157088,,,,,,,,0.2828393581743279,3.2526765782896656,1.7677579682319968,13.434971340241377,5.30327390469599,1.2086230873324677,0.4770876779219255,11.115931410753939,2.8425182506948605,3.605535299530842,,,,,,,,,,9.46231127676854,11.888629073231773,40.759250717131536,40.759250717131536,SAGITTAL,,0.0,0.08996097250407332,453.07703532535743,,,,,,,,,,,,,,,,,,,,,,,,,,,,,,,,,,,,,,,,,,BODY,0.8335,0.2081,0.8335,0.292,0.3531,ARAMANDI,CORRECT,,,,mean_knee_flexion_deg,49.74233011842384,30-45°,,True,2 parameter checks within range,0,0,0,48
DJI_20260917132856_0079_D.JPG,Cam 6,16,SWASTIKAPADAM,INCORRECT,OVERCROSSING_SHINS,LEFT,rtmpose_m_halpe26,halpe_26,0,0,OK,202.55,170.17,32.38,19,1,1,19.0,1.0,1.0,1.0,0.0,0.0,32.46304988212623,64.60751028479154,48.535280083458886,147.53695011787377,115.39248971520846,,,,,,,,,,,,,,,,,1.5911430526016384,,,,,,,,2.4444444444444446,2.0,2.2222222222222223,10.666649177116673,4.3333245885583365,1.066255497144004,0.43316613181315533,10.003839797954242,2.4845199749997664,3.6985148837984974,,,,,,,,,,2.8624108487515874,1.4688036771699213,55.8369140625,55.8369140625,SAGITTAL,,0.0,0.09996161675884667,558.5835430933884,,,,,,,,,,,,,,,,,,,,,,,,,,,,,,,,,,,,,,,,,,BODY,0.7724,0.1525,0.7724,0.3728,0.3817,ARAMANDI,CORRECT,,,,mean_knee_flexion_deg,48.535280083458886,30-45°,,True,2 parameter checks within range,0,0,0,48
DJI_20260917132858_0080_D.JPG,Cam 6,16,SWASTIKAPADAM,INCORRECT,OVERCROSSING_SHINS,LEFT,rtmpose_m_halpe26,halpe_26,0,0,OK,224.27,185.72,38.55,19,1,1,19.0,1.0,1.0,1.0,0.0,0.0,36.930020743033424,59.30991870568616,48.11996972435979,143.06997925696658,120.69008129431384,,,,,,,,,,,,,,,,,0.9495493736922734,,,,,,,,3.0,2.1249993824629354,2.5624996912314675,12.250006175370645,4.937502778916791,1.0827244432889676,0.4364042655169242,11.31405710040043,3.0026030116577376,3.8830589049648867,,,,,,,,,,2.8623882849926785,3.0127687379218933,49.418212890625,49.418212890625,SAGITTAL,,0.0,0.08838562428367167,559.1204824442758,,,,,,,,,,,,,,,,,,,,,,,,,,,,,,,,,,,,,,,,,,BODY,0.7848,0.16,0.7848,0.3621,0.3917,ARAMANDI,CORRECT,,,,mean_knee_flexion_deg,48.11996972435979,30-45°,,True,2 parameter checks within range,0,0,0,48
DJI_20260917132930_0081_D.JPG,Cam 6,17,SWASTIKAPADAM,INCORRECT,INSUFFICIENT_ARAMANDI,RIGHT,rtmpose_m_halpe26,halpe_26,0,0,OK,194.23,171.84,22.39,19,1,1,19.0,1.0,1.0,1.0,0.0,0.0,21.441128852948196,68.87682097853303,45.158974915740615,158.5588711470518,111.12317902146697,,,,,,,,,,,,,,,,,1.4057601742692232,,,,,,,,0.5883439747777429,2.157279778210045,1.372811876493894,9.4135909868474,3.9713615526604524,1.177559793009461,0.4967833948225037,7.994151161351487,2.4258236206510935,2.6674712992349447,,,,,,,,,,6.170227045785244,2.9357251938325812,61.460910284090396,61.460910284090396,SAGITTAL,,0.0,0.12509145496705126,491.3278073252808,,,,,,,,,,,,,,,,,,,,,,,,,,,,,,,,,,,,,,,,,,BODY,0.8559,0.2095,0.8559,0.2977,0.4667,ARAMANDI,CORRECT,,,,mean_knee_flexion_deg,45.158974915740615,30-45°,,True,2 parameter checks within range,0,0,0,48
DJI_20260917132932_0082_D.JPG,Cam 6,17,SWASTIKAPADAM,INCORRECT,INSUFFICIENT_ARAMANDI,RIGHT,rtmpose_m_halpe26,halpe_26,0,0,OK,194.23,161.27,32.96,19,1,1,19.0,1.0,1.0,1.0,0.0,0.0,23.13606686750279,69.5418168612023,46.33894186435255,156.8639331324972,110.4581831387977,,,,,,,,,,,,,,,,,1.0416161643592445,,,,,,,,0.4417271984220193,2.3190745205751284,1.380400859498574,10.822352248590285,4.638149041150257,1.1876824879551409,0.5090065695669482,9.1121594856748,2.9050203917481277,2.9154912398407067,,,,,,,,,,8.746072573418251,4.2891692404242265,54.42392370139285,54.42392370139285,SAGITTAL,,0.0,0.10974346987364489,495.91947260328845,,,,,,,,,,,,,,,,,,,,,,,,,,,,,,,,,,,,,,,,,,BODY,0.8532,0.2091,0.8532,0.2947,0.4362,ARAMANDI,CORRECT,,,,mean_knee_flexion_deg,46.33894186435255,30-45°,,True,2 parameter checks within range,0,0,0,48
DJI_20260917132940_0083_D.JPG,Cam 6,18,SWASTIKAPADAM,INCORRECT,INSUFFICIENT_ARAMANDI,LEFT,rtmpose_m_halpe26,halpe_26,0,0,OK,189.99,159.79,30.2,19,1,1,19.0,1.0,1.0,1.0,0.0,0.0,10.578352722602887,42.11090821602889,26.344630469315888,169.4216472773971,137.8890917839711,,,,,,,,,,,,,,,,,2.414658259941447,,,,,,,,2.1999969531238097,2.0,2.099998476561905,21.199993144528573,9.599998476561906,1.2759735878971508,0.577799455709129,16.614758601286493,8.48999037838052,5.946433237669771,,,,,,,,,,5.856033461998638,2.8624161097242626,32.05126953125,32.05126953125,SAGITTAL,,0.0,0.06018745285426954,532.5241061264876,,,,,,,,,,,,,,,,,,,,,,,,,,,,,,,,,,,,,,,,,,BODY,0.9306,0.4798,0.8187,0.2098,0.9306,SWASTIKAPADAM,CORRECT,,,,mean_knee_flexion_deg,26.344630469315888,30-45°,,True,2 parameter checks within range,1,0,0,48
DJI_20260917132942_0084_D.JPG,Cam 6,18,SWASTIKAPADAM,INCORRECT,INSUFFICIENT_ARAMANDI,LEFT,rtmpose_m_halpe26,halpe_26,0,0,OK,210.42,176.54,33.88,19,1,1,19.0,1.0,1.0,1.0,0.0,0.0,23.496105645038597,44.38399262470557,33.94004913487208,156.5038943549614,135.61600737529443,,,,,,,,,,,,,,,,,5.345459172476772,,,,,,,,1.5460414166182503,1.4356044491152118,1.490822932866731,11.319226664593092,5.190279481871609,1.193616308626265,0.5473167398678417,9.483136735640288,4.993898021270877,3.6106233045797222,,,,,,,,,,15.37627802460244,7.125043356174036,57.725235889192604,57.725235889192604,SAGITTAL,,0.0,0.10545034073395983,547.4163050343036,,,,,,,,,,,,,,,,,,,,,,,,,,,,,,,,,,,,,,,,,,BODY,0.8582,0.3123,0.8582,0.2664,0.7691,ARAMANDI,CORRECT,,,,mean_knee_flexion_deg,33.94004913487208,30-45°,,True,2 parameter checks within range,0,0,0,48
DJI_20260917133337_0085_D.JPG,Cam 6,19,PATAKA,INCORRECT,ELBOWS_NOT_ALIGNED,,rtmpose_m_halpe26,halpe_26,0,0,OK,186.19,160.02,26.17,19,1,1,19.0,1.0,1.0,1.0,0.0,0.0,3.7615695848379573,1.7508551935241599,2.7562123891810586,176.23843041516204,178.24914480647584,,,,,,,,,,,,,,,,,0.37447726199024384,,,,,,,,0.1871348584655416,0.12475657231036107,0.15594571538795132,7.079930696469004,3.4308033474629362,1.4836289264042193,0.7189391118812799,4.772036033045136,1.8806820519547547,1.8755001409154295,,,,,,,,,,5.710593137499642,12.528807709151511,102.1050916524907,102.1050916524907,SAGITTAL,,0.0,0.20955415949822137,487.24917652306175,,,,,,,,,,,,,,,,,,,,,,,,,,,,,,,,,,,,,,,,,,BODY,0.8816,0.8816,0.5535,0.0999,0.7866,SAMAPADHAM,CORRECT,,,,mean_knee_flexion_deg,2.7562123891810586,<= 5°,,False,2 parameter checks within range,0,0,0,48
DJI_20260917133339_0086_D.JPG,Cam 6,19,PATAKA,INCORRECT,ELBOWS_NOT_ALIGNED,,rtmpose_m_halpe26,halpe_26,0,0,OK,205.81,182.35,23.46,19,1,1,19.0,1.0,1.0,1.0,0.0,0.0,5.58068229808876,2.7182713802954765,4.149476839192118,174.41931770191124,177.28172861970452,,,,,,,,,,,,,,,,,2.2605015319413897,,,,,,,,0.06237903887609091,0.12475807775218183,0.09356855831413637,7.0799301584458405,3.399614630014623,1.4922585732340328,0.716547192387106,4.744439258339906,1.8723866589273206,1.9377466471158789,,,,,,,,,,5.8559764771221285,9.462322208025617,102.2251881283652,102.2251881283652,SAGITTAL,,0.0,0.21077306411757143,485.00119574739836,,,,,,,,,,,,,,,,,,,,,,,,,,,,,,,,,,,,,,,,,,BODY,0.8932,0.8932,0.5702,0.097,0.8202,SAMAPADHAM,CORRECT,,,,mean_knee_flexion_deg,4.149476839192118,<= 5°,,False,2 parameter checks within range,0,0,0,48
DJI_20260917133408_0087_D.JPG,Cam 6,20,ALAPADMA,INCORRECT,ELBOWS_NOT_ALIGNED,,rtmpose_m_halpe26,halpe_26,0,0,OK,224.29,204.01,20.28,19,1,1,19.0,1.0,1.0,1.0,0.0,0.0,0.7261990662328799,1.0727595145042699,0.8994792903685749,179.27380093376712,178.92724048549573,,,,,,,,,,,,,,,,,2.2311639574279445,,,,,,,,0.14285830802650218,0.07143187274175614,0.10714509038412916,7.9285749240795065,3.8928589877086286,1.440465859212185,0.7072557830652789,5.504174134620433,2.07634678533444,2.286829799715262,,,,,,,,,,11.63366114585897,6.340244936246485,89.799560546875,89.799560546875,SAGITTAL,,0.0,0.18168029854109255,494.2724184623909,,,,,,,,,,,,,,,,,,,,,,,,,,,,,,,,,,,,,,,,,,BODY,0.8454,0.8454,0.5251,0.1168,0.7393,SAMAPADHAM,CORRECT,,,,mean_knee_flexion_deg,0.8994792903685749,<= 5°,,False,2 parameter checks within range,0,0,0,48
DJI_20260917133411_0088_D.JPG,Cam 6,20,ALAPADMA,INCORRECT,ELBOWS_NOT_ALIGNED,,rtmpose_m_halpe26,halpe_26,0,0,OK,198.97,167.02,31.95,19,1,1,19.0,1.0,1.0,1.0,0.0,0.0,1.8332407195622125,0.13633390942922574,0.9847873144957191,178.1667592804378,179.86366609057077,,,,,,,,,,,,,,,,,1.4321199450514757,,,,,,,,0.13303786011314414,0.13303786011314414,0.13303786011314414,7.549917396478944,3.658550245898091,1.418306217484497,0.6872849447540534,5.323192765712789,2.000005357180513,2.199156336753417,,,,,,,,,,9.462352447425047,9.211002650596557,93.97473211755143,93.97473211755143,SAGITTAL,,0.0,0.18785718346348435,500.245614167947,,,,,,,,,,,,,,,,,,,,,,,,,,,,,,,,,,,,,,,,,,BODY,0.8361,0.8361,0.5198,0.1263,0.7415,SAMAPADHAM,CORRECT,,,,mean_knee_flexion_deg,0.9847873144957191,<= 5°,,False,2 parameter checks within range,0,0,0,48
DJI_20260917133439_0089_D.JPG,Cam 6,21,ALAPADMA,CORRECT,,,rtmpose_m_halpe26,halpe_26,0,0,OK,185.08,159.76,25.32,19,1,1,19.0,1.0,1.0,1.0,0.0,0.0,4.799147758121052,0.9175847459358124,2.858366252028432,175.20085224187895,179.0824152540642,,,,,,,,,,,,,,,,,0.0,,,,,,,,0.0,0.16666666666666666,0.08333333333333333,19.166698548728544,9.416679419491418,1.533333537378217,0.7533332007041589,12.500019129237126,5.000006376412375,5.335943237828548,,,,,,,,,,42.27361213563336,62.65011085380511,38.2880859375,38.2880859375,SAGITTAL,,0.0,0.07999987757306974,478.601806640625,,,,,,,,,,,,,,,,,,,,,,,,,,,,,,,,,,,,,,,,,,BODY,0.9037,0.9037,0.5622,0.0824,0.7891,SAMAPADHAM,CORRECT,,,,mean_knee_flexion_deg,2.858366252028432,<= 5°,,False,2 parameter checks within range,0,1,0,48
DJI_20260917133441_0090_D.JPG,Cam 6,21,ALAPADMA,CORRECT,,,rtmpose_m_halpe26,halpe_26,0,0,OK,212.96,183.29,29.67,19,1,1,19.0,1.0,1.0,1.0,0.0,0.0,5.00395341322934,1.0013350740216538,3.0026442436254968,174.99604658677066,178.99866492597835,,,,,,,,,,,,,,,,,0.0,,,,,,,,0.2857111399819435,0.14285556999097174,0.21428335498645762,15.999964217294607,7.9285501948781185,1.4358979742771787,0.7115384140343666,11.142828044832978,4.295213202984845,4.573648329726474,,,,,,,,,,33.69010998580728,62.52557671595056,44.3486328125,44.3486328125,SAGITTAL,,0.0,0.08974382409712482,494.169189453125,,,,,,,,,,,,,,,,,,,,,,,,,,,,,,,,,,,,,,,,,,BODY,0.8617,0.8617,0.545,0.1191,0.7927,SAMAPADHAM,CORRECT,,,,mean_knee_flexion_deg,3.0026442436254968,<= 5°,,False,2 parameter checks within range,0,1,0,48
DJI_20260917133507_0091_D.JPG,Cam 6,22,MUSHTI,CORRECT,,,rtmpose_m_halpe26,halpe_26,0,0,OK,209.37,188.05,21.32,19,1,1,19.0,1.0,1.0,1.0,0.0,0.0,5.800861742157565,1.7315032369557741,3.7661824895566696,174.19913825784243,178.26849676304423,,,,,,,,,,,,,,,,,0.7345188786464505,,,,,,,,-0.4999904611099453,0.24999523055497264,-0.12499761527748632,28.250085850010493,13.500042925005246,1.4485990549333745,0.6922509732024522,19.50165972689372,7.516676107966361,7.754064424622763,,,,,,,,,,48.50359151440239,64.72229983282135,25.59423828125,25.59423828125,SAGITTAL,,0.0,0.051277686822776024,499.13012592997467,,,,,,,,,,,,,,,,,,,,,,,,,,,,,,,,,,,,,,,,,,BODY,0.8719,0.8719,0.5566,0.114,0.8112,SAMAPADHAM,CORRECT,,,,mean_knee_flexion_deg,3.7661824895566696,<= 5°,,False,2 parameter checks within range,0,1,0,48
DJI_20260917133509_0092_D.JPG,Cam 6,22,MUSHTI,CORRECT,,,rtmpose_m_halpe26,halpe_26,0,0,OK,201.62,171.26,30.36,19,1,1,19.0,1.0,1.0,1.0,0.0,0.0,5.650675599039147,1.8331416077029132,3.74190860337103,174.34932440096085,178.1668583922971,,,,,,,,,,,,,,,,,1.1088185337500698,,,,,,,,-0.2985089198864234,0.19900594659094895,-0.049751486647737236,11.194159814016025,5.3731982170931945,1.451340924753524,0.6966438391844153,7.712977442510338,2.8020441469167383,2.991730406451964,,,,,,,,,,52.815283727265715,66.03751661426652,64.82905364641385,64.82905364641385,SAGITTAL,,0.0,0.12965161734928277,500.02502839408265,,,,,,,,,,,,,,,,,,,,,,,,,,,,,,,,,,,,,,,,,,BODY,0.873,0.873,0.557,0.1128,0.8106,SAMAPADHAM,CORRECT,,,,mean_knee_flexion_deg,3.74190860337103,<= 5°,,False,2 parameter checks within range,0,1,0,48
DJI_20260917133523_0093_D.JPG,Cam 6,23,KATAKAMUKHA,CORRECT,,,rtmpose_m_halpe26,halpe_26,0,0,OK,206.11,176.21,29.9,19,1,1,19.0,1.0,1.0,1.0,0.0,0.0,6.470603228916929,2.4606980823094773,4.465650655613203,173.52939677108307,177.53930191769052,,,,,,,,,,,,,,,,,2.5857891082685005,,,,,,,,0.3333375464496069,0.6666750928992138,0.5000063196744103,38.00014535251144,18.000069516418513,1.469469977279559,0.6960647518042684,25.85976300302603,10.338750524609944,10.354871577386909,,,,,,,,,,54.78242208402222,62.24149474386327,19.31591796875,19.31591796875,SAGITTAL,,0.0,0.038670114644244157,499.5050608577669,,,,,,,,,,,,,,,,,,,,,,,,,,,,,,,,,,,,,,,,,,BODY,0.8843,0.8843,0.5693,0.1057,0.8276,SAMAPADHAM,CORRECT,,,,mean_knee_flexion_deg,4.465650655613203,<= 5°,,False,2 parameter checks within range,0,1,0,48
DJI_20260917133525_0094_D.JPG,Cam 6,23,KATAKAMUKHA,CORRECT,,,rtmpose_m_halpe26,halpe_26,0,0,OK,202.44,166.98,35.46,19,1,1,19.0,1.0,1.0,1.0,0.0,0.0,6.470652584535628,3.4797675118989844,4.975210048217306,173.52934741546437,176.52023248810102,,,,,,,,,,,,,,,,,3.6913805497070595,,,,,,,,0.2,0.4,0.30000000000000004,22.800026707363603,10.800019076688287,1.4679154988493226,0.695328807900868,15.532247411541201,6.003340034361039,6.212897441647667,,,,,,,,,,55.49141467866704,64.65381045722579,31.99462890625,31.99462890625,SAGITTAL,,0.0,0.06438218330574313,496.94849201232284,,,,,,,,,,,,,,,,,,,,,,,,,,,,,,,,,,,,,,,,,,BODY,0.885,0.885,0.5748,0.1064,0.8392,SAMAPADHAM,CORRECT,,,,mean_knee_flexion_deg,4.975210048217306,<= 5°,,False,2 parameter checks within range,0,1,0,48
DJI_20260917133603_0095_D.JPG,Cam 6,24,PATAKA,INCORRECT,FINGERS_TOO_FAR_APART,,rtmpose_m_halpe26,halpe_26,0,0,OK,208.94,176.98,31.96,19,1,1,19.0,1.0,1.0,1.0,0.0,0.0,0.7054799604944435,0.10191522615866688,0.4036975933265552,179.29452003950556,179.89808477384133,,,,,,,,,,,,,,,,,2.9737155558657222,,,,,,,,0.09805763357010992,0.19611526714021985,0.14708645035516488,11.129609113982092,5.3932018175829475,1.4720423628581856,0.7133243823408044,7.5606581677257765,2.94338164344235,3.241858119659612,,,,,,,,,,50.38934433079135,67.89056547279792,64.90821634196679,64.90821634196679,SAGITTAL,,0.0,0.13226361750736274,490.74883603840294,,,,,,,,,,,,,,,,,,,,,,,,,,,,,,,,,,,,,,,,,,BODY,0.8542,0.8542,0.5279,0.1039,0.7262,SAMAPADHAM,CORRECT,,,,mean_knee_flexion_deg,0.4036975933265552,<= 5°,,False,2 parameter checks within range,0,0,0,48
DJI_20260917133605_0096_D.JPG,Cam 6,24,PATAKA,INCORRECT,FINGERS_TOO_FAR_APART,,rtmpose_m_halpe26,halpe_26,0,0,OK,193.58,170.95,22.63,19,1,1,19.0,1.0,1.0,1.0,0.0,0.0,1.951914220398578,1.9661351666565565,1.9590246935275673,178.04808577960142,178.03386483334344,,,,,,,,,,,,,,,,,2.602566085650659,,,,,,,,0.0,0.3750023967940483,0.18750119839702414,14.187517975955362,7.000009587176193,1.4725056032750958,0.7265226629185816,9.634950077201728,3.7500047935880967,4.142012985392238,,,,,,,,,,53.130058409802594,61.389475023920525,50.9306640625,50.9306640625,SAGITTAL,,0.0,0.10378880969671088,490.71440564091967,,,,,,,,,,,,,,,,,,,,,,,,,,,,,,,,,,,,,,,,,,BODY,0.8703,0.8703,0.543,0.104,0.7666,SAMAPADHAM,CORRECT,,,,mean_knee_flexion_deg,1.9590246935275673,<= 5°,,False,2 parameter checks within range,0,0,0,48
DJI_20260917133648_0099_D.JPG,Cam 6,25,KATAKAMUKHA,INCORRECT,FINGERS_BENT,,rtmpose_m_halpe26,halpe_26,0,0,OK,214.13,184.1,30.03,19,1,1,19.0,1.0,1.0,1.0,0.0,0.0,3.5798410765798394,1.1990913625083977,2.3894662195441185,176.42015892342016,178.8009086374916,,,,,,,,,,,,,,,,,1.115998291774059,,,,,,,,0.0,0.3287957654646863,0.16439788273234315,18.659246144173597,8.959727049993093,1.4737466103795696,0.7076581373024313,12.661095206432963,5.096362658756232,5.106957901231652,,,,,,,,,,47.29059954107409,64.09347607936303,38.82910622368158,38.82910622368158,SAGITTAL,,0.0,0.07898210886937419,491.6190106787312,,,,,,,,,,,,,,,,,,,,,,,,,,,,,,,,,,,,,,,,,,BODY,0.8745,0.8745,0.5477,0.1036,0.7774,SAMAPADHAM,CORRECT,,,,mean_knee_flexion_deg,2.3894662195441185,<= 5°,,False,2 parameter checks within range,0,0,0,48
DJI_20260917133651_0100_D.JPG,Cam 6,25,KATAKAMUKHA,INCORRECT,FINGERS_BENT,,rtmpose_m_halpe26,halpe_26,0,0,OK,203.98,176.65,27.33,19,1,1,19.0,1.0,1.0,1.0,0.0,0.0,3.6456746114594694,1.6731445637659306,2.6594095876127,176.35432538854053,178.32685543623407,,,,,,,,,,,,,,,,,0.7440558662507012,,,,,,,,-0.1581038725940919,0.15811600642928714,6.066917597621901e-06,18.18307076153493,8.696255981800041,1.4933803412730398,0.714225770565168,12.175780180710477,4.588028463299744,4.746048028991969,,,,,,,,,,47.20258679595664,63.43494882292201,40.24129569447213,40.24129569447213,SAGITTAL,,0.0,0.08213026066159222,489.9691705628636,,,,,,,,,,,,,,,,,,,,,,,,,,,,,,,,,,,,,,,,,,BODY,0.8852,0.8852,0.5543,0.0963,0.7842,SAMAPADHAM,CORRECT,,,,mean_knee_flexion_deg,2.6594095876127,<= 5°,,False,2 parameter checks within range,0,0,0,48
DJI_20260917133704_0101_D.JPG,Cam 6,26,MUSHTI,INCORRECT,PINKY_DROPPED,,rtmpose_m_halpe26,halpe_26,0,0,OK,195.29,174.31,20.98,19,1,1,19.0,1.0,1.0,1.0,0.0,0.0,2.84342937718327,0.1362174518948791,1.4898234145390745,177.15657062281673,179.86378254810512,,,,,,,,,,,,,,,,,0.7392651836064225,,,,,,,,0.0,0.124035900641445,0.0620179503207225,14.015935976750534,6.697881789587323,1.4579420806783459,0.6967157761455828,9.613506710931377,3.3489456318812207,3.5991506276320027,,,,,,,,,,30.379098900727453,55.40770425941924,51.53812800923866,51.53812800923866,SAGITTAL,,0.0,0.10402031538220227,495.4621394856563,,,,,,,,,,,,,,,,,,,,,,,,,,,,,,,,,,,,,,,,,,BODY,0.8594,0.8594,0.5351,0.1097,0.7546,SAMAPADHAM,CORRECT,,,,mean_knee_flexion_deg,1.4898234145390745,<= 5°,,False,2 parameter checks within range,0,0,0,48
DJI_20260917133706_0102_D.JPG,Cam 6,26,MUSHTI,INCORRECT,PINKY_DROPPED,,rtmpose_m_halpe26,halpe_26,0,0,OK,213.75,179.24,34.51,19,1,1,19.0,1.0,1.0,1.0,0.0,0.0,3.8254451296908485,0.2041154434331247,2.0147802865619866,176.17455487030915,179.79588455656688,,,,,,,,,,,,,,,,,0.36263708502604536,,,,,,,,-0.3333290618552738,0.3333290618552738,0.0,37.66655560823712,17.999955149480375,1.4303512881523635,0.683531016282086,26.333779624788797,9.339266589933704,10.338678256994775,,,,,,,,,,33.690124004106636,55.40778940791359,19.052001953125,19.052001953125,SAGITTAL,,0.0,0.0379740399687506,501.71122084463946,,,,,,,,,,,,,,,,,,,,,,,,,,,,,,,,,,,,,,,,,,BODY,0.8516,0.8516,0.5333,0.1213,0.768,SAMAPADHAM,CORRECT,,,,mean_knee_flexion_deg,2.0147802865619866,<= 5°,,False,2 parameter checks within range,0,0,0,48
DJI_20260917131012_0064_D.JPG,Cam 7,1,ARAMANDI,CORRECT,,,rtmpose_m_halpe26,halpe_26,0,0,OK,197.04,173.98,23.06,19,1,1,19.0,1.0,1.0,1.0,0.0,0.0,8.12005260070785,12.095689409586697,10.107871005147274,171.87994739929215,167.9043105904133,3.9756368088788463,0.6668010275773827,0.6037489490906681,0.557082879845716,0.9227061689875604,27.474455294944878,23.68213300086302,65.55601303992827,80.5375508126512,73.04678192628974,14.98153777272293,31.425034727528846,22.38844191501589,26.906738321272368,0.7101439751864481,1.0650013209585756,14.486880549426695,8.13007103263673,4.9165595353608404,8.13007103263673,-0.4928038018566779,-0.2035492404584865,0.873719506189282,0.3481765211575822,0.10713139495368464,0.04285302649977594,0.07499221072673029,1.2962880927135574,0.5892222330093573,1.1210790984103491,0.5095817306804722,1.1562860234854513,0.2588943941956614,0.260661317826306,5.94494496020999,0.6550856020295434,0.6106483070233371,0.6963534815510726,0.24640168131038484,0.16069679960658817,0.5035172048935913,0.4713780206666369,0.4874476127801141,1.2188561020795003,2.60255574445851,416.8727222240279,416.8727222240279,CORONAL,FRONT,0.0,0.8648379204529771,482.0241022799763,,,,,,,,,,,,,,,,,,,,,,,,,,,,,,,,,,,,,,,,,,BODY,0.6769,0.6769,0.6296,0.2911,0.451,SAMAPADHAM,INCORRECT,FEET_NOT_ALIGNED,Feet not aligned / V-shaped,CANONICAL,turnout_deviation_deg,73.04678192628974,<= 8°,,True,5 of 7 parameter checks out of range,0,0,0,48
DJI_20260917131015_0065_D.JPG,Cam 7,1,ARAMANDI,CORRECT,,,rtmpose_m_halpe26,halpe_26,0,0,OK,220.27,185.37,34.9,19,1,1,19.0,1.0,1.0,1.0,0.0,0.0,30.83528434774911,8.638795037932255,19.737039692840682,149.1647156522509,171.36120496206775,22.196489309816855,0.7329426668907517,0.6919035856204785,0.6030530910509658,0.8715854399138079,29.14806486877118,25.346201589170697,66.25054695023744,82.40541738445492,74.32798216734618,16.154870434217486,12.636419158460185,11.116054946255957,11.876237052358071,0.8624510997728019,1.176696539487111,13.967798576618373,4.864476921038136,1.9978744288541088,4.864476921038136,-0.31957334267743404,-0.03486257782669167,0.8278832557741563,0.17721796025206285,0.1278290862486554,0.046483019065058556,0.08715605265685698,1.4003115309014382,0.7030609149512981,1.1871779410872718,0.5960519434796853,1.1795296075152548,0.31740014952625506,0.3517106562586632,14.634506222013288,0.6804093350630189,0.6623878813594997,0.8367006137290091,0.09296666518591262,0.023241509532529278,0.5578006181712712,0.569421216173587,0.5636109171724291,21.595309288871885,25.144789851370447,389.3443402480983,389.3443402480983,CORONAL,FRONT,0.0,0.8477955904019705,459.24317684112526,,,,,,,,,,,,,,,,,,,,,,,,,,,,,,,,,,,,,,,,,,BODY,0.7628,0.5581,0.7628,0.2561,0.4473,ARAMANDI,INCORRECT,FEET_NOT_IN_LINE,Feet not spread in a straight line / V-shaped,CANONICAL,foot_line_deviation_deg,29.14806486877118,<= 8°,,True,5 of 8 parameter checks out of range,1,0,0,48
DJI_20260917131333_0066_D.JPG,Cam 7,2,SAMAPADHAM,CORRECT,,,rtmpose_m_halpe26,halpe_26,0,0,OK,241.31,202.29,39.02,19,1,1,19.0,1.0,1.0,1.0,0.0,0.0,3.482150741062867,4.46374606665637,3.9729484038596183,176.51784925893713,175.53625393334363,,,,,,,,,,,,,,,,,4.316025699790393,,,,,,,,-0.14286185222627576,-0.14286185222627576,-0.14286185222627576,16.714262559887477,7.92856083249088,1.4675252635939224,0.6961338128997273,11.389420662479624,3.8597884118347046,4.145313352168599,,,,,,,,,,8.130137611621828,3.270477165208791,44.435546875,44.435546875,SAGITTAL,,0.0,0.08780077842715198,506.0951357267069,,,,,,,,,,,,,,,,,,,,,,,,,,,,,,,,,,,,,,,,,,BODY,0.8815,0.8815,0.5633,0.1064,0.8161,SAMAPADHAM,CORRECT,,,,mean_knee_flexion_deg,3.9729484038596183,<= 5°,,False,2 parameter checks within range,1,1,0,48
DJI_20260917131335_0067_D.JPG,Cam 7,2,SAMAPADHAM,CORRECT,,,rtmpose_m_halpe26,halpe_26,0,0,OK,194.87,172.91,21.96,19,1,1,19.0,1.0,1.0,1.0,0.0,0.0,4.504474270452533,5.269843689422572,4.887158979937553,175.49552572954747,174.73015631057743,,,,,,,,,,,,,,,,,5.000661079355066,,,,,,,,-0.24999758447104747,0.0,-0.12499879223552374,14.687481279650617,6.937493357295381,1.4631604482798,0.6911100478924256,10.038189111056353,3.3842428008380017,3.3749915456486663,,,,,,,,,,9.211018660392886,3.0940354794654588,50.53564453125,50.53564453125,SAGITTAL,,0.0,0.09961956174929709,507.28635665380824,,,,,,,,,,,,,,,,,,,,,,,,,,,,,,,,,,,,,,,,,,BODY,0.8827,0.8827,0.5727,0.1083,0.8373,SAMAPADHAM,CORRECT,,,,mean_knee_flexion_deg,4.887158979937553,<= 5°,,True,2 parameter checks within range,1,1,0,48
DJI_20260917131401_0068_D.JPG,Cam 7,3,MUZHUMANDI,CORRECT,,,rtmpose_m_halpe26,halpe_26,0,0,OK,180.44,156.81,23.63,19,1,1,19.0,1.0,1.0,1.0,0.0,0.0,155.86448315258318,151.71372822416586,153.78910568837452,24.135516847416824,28.286271775834134,,,,,,,,,,,,,,,,,2.8886277646943768,,,,,,,,2.0823915620592266,1.6987895903569121,1.8905905762080693,2.0001885293514574,-1.452189627934061,0.3344368824055846,-0.24280999750831783,5.980765383782495,2.2812767164027408,1.8216255640040966,,,,,,,,,,0.8550867594837672,4.316033155163354,80.17139774731363,80.17139774731363,SAGITTAL,,0.0,0.16720267989639093,479.48632041659124,,,,,,,,,,,,,,,,,,,,,,,,,,,,,,,,,,,,,,,,,,BODY,0.8171,0.0075,0.0174,0.8171,0.0,MUZHUMANDI,CORRECT,,,,trunk_inclination_deg,2.8886277646943768,<= 8°,,False,3 parameter checks within range,1,1,0,48
DJI_20260917131447_0069_D.JPG,Cam 7,3,MUZHUMANDI,CORRECT,,,rtmpose_m_halpe26,halpe_26,0,0,OK,207.05,183.44,23.61,19,1,1,19.0,1.0,1.0,1.0,0.0,0.0,153.91348199099383,159.84712656522865,156.88030427811123,26.086518009006184,20.15287343477135,,,,,,,,,,,,,,,,,0.7707563121832361,,,,,,,,2.31906662189752,1.9877740473052379,2.153420334601379,1.9601627161375252,0.662591349101746,0.31835644421542525,0.1076136303028905,6.1571322074797505,2.4276152549170975,2.0250024441543397,,,,,,,,,,2.489530667913541,0.0,78.75609233276737,78.75609233276737,SAGITTAL,,0.0,0.16241327395653277,484.911672637331,,,,,,,,,,,,,,,,,,,,,,,,,,,,,,,,,,,,,,,,,,BODY,0.7886,0.0069,0.016,0.7886,0.0,MUZHUMANDI,CORRECT,,,,trunk_inclination_deg,0.7707563121832361,<= 8°,,False,3 parameter checks within range,1,1,0,48
DJI_20260917131536_0071_D.JPG,Cam 7,4,SWASTIKAPADAM,CORRECT,,RIGHT,rtmpose_m_halpe26,halpe_26,0,0,OK,209.17,179.17,30.0,19,1,1,19.0,1.0,1.0,1.0,0.0,0.0,29.51970600137119,1.1508199684533054,15.335262984912248,150.4802939986288,178.8491800315467,,,,,,,,,,,,,,,,,3.160375415600488,,,,,,,,0.4975145668156516,0.6965235845788362,0.5970190756972439,10.796095616991186,5.124414397867369,1.3292636004935712,0.6309408303322028,8.12186206933107,1.5732829843542806,0.8022240712412095,,,,,,,,,,5.19449950681419,1.4321148341884025,61.2065935474073,61.2065935474073,SAGITTAL,,0.0,0.12312447459260552,497.1115105256513,,,,,,,,,,,,,,,,,,,,,,,,,,,,,,,,,,,,,,,,,,BODY,0.9927,0.7321,0.6749,0.1735,0.9927,SWASTIKAPADAM,INCORRECT,INSUFFICIENT_ARAMANDI,Insufficient Aramandi,CANONICAL,mean_knee_flexion_deg,15.335262984912248,30-45°,,False,1 of 2 parameter checks out of range,1,0,0,48
DJI_20260917131538_0072_D.JPG,Cam 7,4,SWASTIKAPADAM,CORRECT,,RIGHT,rtmpose_m_halpe26,halpe_26,0,0,OK,207.61,177.74,29.87,19,1,1,19.0,1.0,1.0,1.0,0.0,0.0,33.11132182363502,3.872476915714657,18.49189936967484,146.88867817636498,176.12752308428534,,,,,,,,,,,,,,,,,2.0952842026398626,,,,,,,,0.42857225330077303,0.2857138733496135,0.3571430633251933,7.535715316625966,3.6428569366748067,1.2857249769217574,0.62153517669409,5.86106317594276,1.0879679114290557,0.4573647933494108,,,,,,,,,,7.431367085494619,4.513931090418252,84.57861328125,84.57861328125,SAGITTAL,,0.0,0.17061750914144494,495.72059577503757,,,,,,,,,,,,,,,,,,,,,,,,,,,,,,,,,,,,,,,,,,BODY,0.9998,0.651,0.7061,0.1985,0.9998,SWASTIKAPADAM,INCORRECT,INSUFFICIENT_ARAMANDI,Insufficient Aramandi,CANONICAL,mean_knee_flexion_deg,18.49189936967484,30-45°,,False,1 of 2 parameter checks out of range,1,0,0,48
DJI_20260917131602_0073_D.JPG,Cam 7,5,SWASTIKAPADAM,CORRECT,,LEFT,rtmpose_m_halpe26,halpe_26,0,0,OK,212.89,173.29,39.6,19,1,1,19.0,1.0,1.0,1.0,0.0,0.0,46.075847306932474,58.86624208015154,52.471044693542005,133.92415269306753,121.13375791984846,,,,,,,,,,,,,,,,,1.7899201377463092,,,,,,,,0.5384627994046332,0.7692330389283396,0.6538479191664863,7.769251070414593,3.6153916766659453,1.261884908042187,0.5872133815856514,6.156861866640894,1.0029561697254514,1.14354639618452,,,,,,,,,,2.5448272466076975,5.572193487048359,74.46826171875,74.46826171875,SAGITTAL,,0.0,0.16242040533964217,458.4908008512058,,,,,,,,,,,,,,,,,,,,,,,,,,,,,,,,,,,,,,,,,,BODY,0.8276,0.2271,0.8276,0.27,0.293,ARAMANDI,CORRECT,,,,mean_knee_flexion_deg,52.471044693542005,30-45°,,True,2 parameter checks within range,0,1,0,48
DJI_20260917131604_0074_D.JPG,Cam 7,5,SWASTIKAPADAM,CORRECT,,LEFT,rtmpose_m_halpe26,halpe_26,0,0,OK,186.74,163.21,23.53,19,1,1,19.0,1.0,1.0,1.0,0.0,0.0,44.15779681477014,52.73512999051124,48.44646340264069,135.84220318522986,127.26487000948876,,,,,,,,,,,,,,,,,0.7117130530009113,,,,,,,,0.44172518677484646,0.9938793190905869,0.7178022529327167,11.319202033223396,5.466345659609498,1.2731945467136747,0.6148597280832209,8.890394686688005,1.502025778038582,2.124185226336163,,,,,,,,,,2.544805582242179,4.18494788489936,51.91934423911359,51.91934423911359,SAGITTAL,,0.0,0.11248094547448448,461.583462159741,,,,,,,,,,,,,,,,,,,,,,,,,,,,,,,,,,,,,,,,,,BODY,0.877,0.2408,0.877,0.2509,0.3838,ARAMANDI,CORRECT,,,,mean_knee_flexion_deg,48.44646340264069,30-45°,,True,2 parameter checks within range,0,1,0,48
DJI_20260917131638_0075_D.JPG,Cam 7,6,ARAMANDI,INCORRECT,INSUFFICIENT_KNEE_BEND,,rtmpose_m_halpe26,halpe_26,0,0,OK,204.86,175.59,29.27,19,1,1,19.0,1.0,1.0,1.0,0.0,0.0,9.70089717566779,6.170121873735326,7.935509524701558,170.2991028243322,173.82987812626467,,,,,,,,,,,,,,,,,0.7073173463666811,,,,,,,,1.6483404727868276,0.824167585348055,1.2362540290674413,16.208676897328207,7.829613269169394,1.4566792414089096,0.7036499764727132,11.127142089051171,2.4301724366628608,2.8681924803963907,,,,,,,,,,8.746136695062537,157.83364116857635,46.04610482857491,46.04610482857491,SAGITTAL,,0.0,0.08987033615612539,512.3615510748982,,,,,,,,,,,,,,,,,,,,,,,,,,,,,,,,,,,,,,,,,,BODY,0.9006,0.877,0.6089,0.1117,0.9006,SWASTIKAPADAM,INCORRECT,INSUFFICIENT_ARAMANDI,Insufficient Aramandi,CANONICAL,mean_knee_flexion_deg,7.935509524701558,30-45°,,False,1 of 2 parameter checks out of range,0,1,0,48
DJI_20260917131640_0076_D.JPG,Cam 7,6,ARAMANDI,INCORRECT,INSUFFICIENT_KNEE_BEND,,rtmpose_m_halpe26,halpe_26,0,0,OK,188.89,157.12,31.77,19,1,1,19.0,1.0,1.0,1.0,0.0,0.0,12.51179802306595,8.275869117817166,10.393833570441558,167.48820197693405,171.72413088218283,,,,,,,,,,,,,,,,,0.35150753272911656,,,,,,,,1.5460346879096427,0.7730258990063271,1.159530293457985,12.97571396410142,6.239385135499704,1.4416908130424182,0.6932384802693419,9.00034448906462,2.0362538992051475,2.236073892520721,,,,,,,,,,5.5722121897308545,9.211072349042968,57.07519699594034,57.07519699594034,SAGITTAL,,0.0,0.11110685832247817,513.6964347446892,,,,,,,,,,,,,,,,,,,,,,,,,,,,,,,,,,,,,,,,,,BODY,0.942,0.8531,0.6387,0.1186,0.942,SWASTIKAPADAM,INCORRECT,INSUFFICIENT_ARAMANDI,Insufficient Aramandi,CANONICAL,mean_knee_flexion_deg,10.393833570441558,30-45°,,False,1 of 2 parameter checks out of range,0,1,0,48
DJI_20260917131718_0077_D.JPG,Cam 7,7,ARAMANDI,INCORRECT,FEET_TOO_FAR_APART,,rtmpose_m_halpe26,halpe_26,0,0,OK,208.56,175.18,33.38,19,1,1,19.0,1.0,1.0,1.0,0.0,0.0,40.30014583535001,2.6006157108024013,21.450380773076205,139.69985416465,177.3993842891976,,,,,,,,,,,,,,,,,1.684685510819357,,,,,,,,1.0606590362006285,0.21213180724012567,0.6363954217203771,7.530700449127916,3.535539583825852,1.2524006736613673,0.5879814482665682,6.0130121354151544,1.5508080334466394,1.2206579823624046,,,,,,,,,,2.726266756380728,6.008977596956887,85.99689041728635,85.99689041728635,SAGITTAL,,0.0,0.1663060006332346,517.10034568711,,,,,,,,,,,,,,,,,,,,,,,,,,,,,,,,,,,,,,,,,,BODY,0.9878,0.5728,0.7371,0.2191,0.9878,SWASTIKAPADAM,INCORRECT,INSUFFICIENT_ARAMANDI,Insufficient Aramandi,CANONICAL,mean_knee_flexion_deg,21.450380773076205,30-45°,,False,1 of 2 parameter checks out of range,0,1,0,48
DJI_20260917131720_0078_D.JPG,Cam 7,7,ARAMANDI,INCORRECT,FEET_TOO_FAR_APART,,rtmpose_m_halpe26,halpe_26,0,0,OK,173.53,150.68,22.85,19,1,1,19.0,1.0,1.0,1.0,0.0,0.0,36.21035361200023,11.183675976783803,23.697014794392018,143.78964638799977,168.8163240232162,,,,,,,,,,,,,,,,,1.3721001773649342,,,,,,,,0.9922802391518808,0.43411981828499385,0.7132000287184374,6.8219223098563635,3.1938993882230484,1.3169883164908542,0.6165898682633352,5.179941404517189,1.4478136897119658,1.3141278296829935,,,,,,,,,,2.663018054026847,3.0940130618821766,98.57297148470036,98.57297148470036,SAGITTAL,,0.0,0.19305237683344179,510.6022163598916,,,,,,,,,,,,,,,,,,,,,,,,,,,,,,,,,,,,,,,,,,BODY,0.967,0.5543,0.7994,0.1852,0.967,SWASTIKAPADAM,INCORRECT,INSUFFICIENT_ARAMANDI,Insufficient Aramandi,CANONICAL,mean_knee_flexion_deg,23.697014794392018,30-45°,,False,1 of 2 parameter checks out of range,0,1,0,48
DJI_20260917131754_0079_D.JPG,Cam 7,8,ARAMANDI,INCORRECT,FEET_NOT_IN_LINE,,rtmpose_m_halpe26,halpe_26,0,0,OK,181.45,151.12,30.33,19,1,1,19.0,1.0,1.0,1.0,0.0,0.0,47.687105522589746,12.636412364563853,30.1617589435768,132.31289447741025,167.36358763543615,,,,,,,,,,,,,,,,,2.1081026035045656,,,,,,,,2.229487909175538,1.371996813179165,1.8007423611773516,17.578643502572305,8.57494897728706,1.2568171795358998,0.6130816172886797,13.986635279017676,4.832495149906827,4.501647205654114,,,,,,,,,,8.652579123897809,10.539170449861983,35.32004149682517,35.32004149682517,SAGITTAL,,0.0,0.07149682393593043,494.0085384558632,,,,,,,,,,,,,,,,,,,,,,,,,,,,,,,,,,,,,,,,,,BODY,0.8583,0.399,0.8557,0.2246,0.8583,SWASTIKAPADAM,CORRECT,,,,mean_knee_flexion_deg,30.1617589435768,30-45°,,False,2 parameter checks within range,0,0,0,48
DJI_20260917131755_0080_D.JPG,Cam 7,8,ARAMANDI,INCORRECT,FEET_NOT_IN_LINE,,rtmpose_m_halpe26,halpe_26,0,0,OK,197.85,164.02,33.83,19,1,1,19.0,1.0,1.0,1.0,0.0,0.0,56.99433265629433,21.097938156676747,39.04613540648554,123.00566734370567,158.90206184332325,,,,,,,,,,,,,,,,,1.6946584882368658,,,,,,,,1.4925495750845095,0.9950410915072283,1.2437953332958689,10.19910685634198,5.074680215391121,1.2124877310448305,0.6032868943138524,8.411719636579877,3.1607028904189174,2.7718457217749615,,,,,,,,,,7.431369241013273,8.130117788846807,60.720541201198316,60.720541201198316,SAGITTAL,,0.0,0.11888175583638333,510.76416876587734,,,,,,,,,,,,,,,,,,,,,,,,,,,,,,,,,,,,,,,,,,BODY,0.8883,0.2639,0.8883,0.2636,0.6328,ARAMANDI,CORRECT,,,,mean_knee_flexion_deg,39.04613540648554,30-45°,,False,2 parameter checks within range,1,0,0,48
DJI_20260917131816_0081_D.JPG,Cam 7,9,SAMAPADHAM,INCORRECT,FEET_TOO_FAR_APART,,rtmpose_m_halpe26,halpe_26,0,0,OK,220.09,188.71,31.38,19,1,1,19.0,1.0,1.0,1.0,0.0,0.0,5.44033039316767,3.280287131997511,4.360308762582591,174.55966960683233,176.7197128680025,,,,,,,,,,,,,,,,,2.1342591836824196,,,,,,,,-0.49751483545788266,-0.09950296709157652,-0.2985089012747296,11.54241063438307,5.37318680364921,1.4399935939269348,0.6703413022908069,8.015598599231499,2.830174151334072,2.589005133591462,,,,,,,,,,1.363970890238392,6.170195618269245,64.29417257087583,64.29417257087583,SAGITTAL,,0.0,0.12475674618934583,515.3562795978605,,,,,,,,,,,,,,,,,,,,,,,,,,,,,,,,,,,,,,,,,,BODY,0.8705,0.8705,0.561,0.1177,0.8251,SAMAPADHAM,CORRECT,,,,mean_knee_flexion_deg,4.360308762582591,<= 5°,,False,2 parameter checks within range,1,0,0,48
DJI_20260917131818_0082_D.JPG,Cam 7,9,SAMAPADHAM,INCORRECT,FEET_TOO_FAR_APART,,rtmpose_m_halpe26,halpe_26,0,0,OK,184.96,156.3,28.66,19,1,1,19.0,1.0,1.0,1.0,0.0,0.0,4.556487066947284,3.280324829670377,3.9184059483088305,175.44351293305272,176.71967517032962,,,,,,,,,,,,,,,,,1.7678287334468992,,,,,,,,-1.2648964707825596,-0.9486723530869197,-1.1067844119347396,36.52384911065781,17.07609019450169,1.4252471715954824,0.6663495180337128,25.626326323294126,8.944156681054935,8.904927822987652,,,,,,,,,,0.0,1.3971286270181011,20.075599287418083,20.075599287418083,SAGITTAL,,0.0,0.0390223704866744,514.4638584750668,,,,,,,,,,,,,,,,,,,,,,,,,,,,,,,,,,,,,,,,,,BODY,0.8619,0.8619,0.5521,0.1239,0.8148,SAMAPADHAM,CORRECT,,,,mean_knee_flexion_deg,3.9184059483088305,<= 5°,,False,2 parameter checks within range,1,0,0,48
DJI_20260917132034_0083_D.JPG,Cam 7,10,SAMAPADHAM,INCORRECT,FEET_NOT_ALIGNED,,rtmpose_m_halpe26,halpe_26,0,0,OK,213.1,174.3,38.8,19,1,1,19.0,1.0,1.0,1.0,0.0,0.0,7.75602870756174,5.71057877834528,6.73330374295351,172.24397129243826,174.28942122165472,,,,,,,,,,,,,,,,,4.112226903213513,,,,,,,,2.828400277347709,1.414213562373095,2.1213069198604018,40.48172898593744,19.26860609253646,1.4928781888179372,0.7105843175439649,27.11656536290541,8.276438272718275,9.300511083661219,,,,,,,,,,12.380750755675251,23.385235783066307,18.187283596573526,18.187283596573526,SAGITTAL,,0.0,0.03687782676813369,493.1766644201834,,,,,,,,,,,,,,,,,,,,,,,,,,,,,,,,,,,,,,,,,,BODY,0.8967,0.8967,0.601,0.0974,0.8771,SAMAPADHAM,CORRECT,,,,mean_knee_flexion_deg,6.73330374295351,<= 5°,,True,2 parameter checks within range,1,0,0,48
DJI_20260917132036_0084_D.JPG,Cam 7,10,SAMAPADHAM,INCORRECT,FEET_NOT_ALIGNED,,rtmpose_m_halpe26,halpe_26,0,0,OK,172.6,150.32,22.28,19,1,1,19.0,1.0,1.0,1.0,0.0,0.0,6.532607244839568,5.360699073185344,5.946653159012456,173.46739275516043,174.63930092681466,,,,,,,,,,,,,,,,,4.733435931384505,,,,,,,,1.8973885050416517,1.2649256700277678,1.5811570875347098,36.998966303538815,17.392679276315853,1.4853617896619806,0.6982471079040495,24.90906024447994,7.823109602668336,8.006327990071505,,,,,,,,,,8.325673449487093,21.540985167857585,20.058151173375293,20.058151173375293,SAGITTAL,,0.0,0.04014603482367861,499.6296959704912,,,,,,,,,,,,,,,,,,,,,,,,,,,,,,,,,,,,,,,,,,BODY,0.894,0.894,0.5899,0.1,0.8606,SAMAPADHAM,CORRECT,,,,mean_knee_flexion_deg,5.946653159012456,<= 5°,,True,2 parameter checks within range,1,0,0,48
DJI_20260917132109_0085_D.JPG,Cam 7,11,SAMAPADHAM,INCORRECT,WEIGHT_ON_ONE_LEG,,rtmpose_m_halpe26,halpe_26,0,0,OK,171.6,142.99,28.61,19,1,1,19.0,1.0,1.0,1.0,0.0,0.0,1.8476473145701675,1.3018949810177958,1.5747711477939816,178.15235268542983,178.6981050189822,,,,,,,,,,,,,,,,,1.8125460890805238,,,,,,,,0.5714269845765921,0.14285952313511172,0.35714325385585194,16.785657952469023,7.999975007081327,1.4865970981547836,0.7085060153444016,11.291329690676761,3.3350215826974217,3.5742664332621175,,,,,,,,,,1.50740646926536,1.5481268060442488,43.957763671875,43.957763671875,SAGITTAL,,0.0,0.08856352860068366,496.34160208399453,,,,,,,,,,,,,,,,,,,,,,,,,,,,,,,,,,,,,,,,,,BODY,0.8731,0.8731,0.542,0.0986,0.7568,SAMAPADHAM,CORRECT,,,,mean_knee_flexion_deg,1.5747711477939816,<= 5°,,False,2 parameter checks within range,1,0,0,48
DJI_20260917132111_0086_D.JPG,Cam 7,11,SAMAPADHAM,INCORRECT,WEIGHT_ON_ONE_LEG,,rtmpose_m_halpe26,halpe_26,0,0,OK,192.78,159.5,33.28,19,1,1,19.0,1.0,1.0,1.0,0.0,0.0,3.622921819428342,0.5133534476614443,2.068137633544893,176.37707818057166,179.48664655233856,,,,,,,,,,,,,,,,,1.0675055668388365,,,,,,,,0.8955392262078627,0.3980147977836254,0.6467770119957441,11.990216542413185,5.671716799611367,1.4966355361238335,0.7079515939601616,8.011447178026314,2.7377139439016727,2.814393539642792,,,,,,,,,,6.340247278757525,0.0,61.74319941895643,61.74319941895643,SAGITTAL,,0.0,0.12482139341101645,494.6523807473144,,,,,,,,,,,,,,,,,,,,,,,,,,,,,,,,,,,,,,,,,,BODY,0.8819,0.8819,0.5488,0.095,0.7693,SAMAPADHAM,CORRECT,,,,mean_knee_flexion_deg,2.068137633544893,<= 5°,,False,2 parameter checks within range,1,0,0,48
DJI_20260917132124_0087_D.JPG,Cam 7,12,MUZHUMANDI,INCORRECT,KNEES_FACING_FORWARD,,rtmpose_m_halpe26,halpe_26,0,0,OK,195.5,164.92,30.58,19,1,1,19.0,1.0,1.0,1.0,0.0,0.0,159.80566794254733,159.51969155349823,159.66267974802278,20.194332057452666,20.480308446501766,,,,,,,,,,,,,,,,,1.7740684792534664,,,,,,,,2.1085920532703644,1.4263997086491564,1.7674958809597605,1.8295109003665007,1.3023645827456012,0.26093651139871266,0.1857515419682928,7.01132582236066,2.5115146878634924,1.6698694843344992,,,,,,,,,,0.8069431263252792,3.0664775311631103,71.9882943109228,71.9882943109228,SAGITTAL,,0.0,0.14262637699859562,504.733386809872,,,,,,,,,,,,,,,,,,,,,,,,,,,,,,,,,,,,,,,,,,BODY,0.7355,0.0051,0.0119,0.7355,0.0,MUZHUMANDI,CORRECT,,,,trunk_inclination_deg,1.7740684792534664,<= 8°,,False,3 parameter checks within range,1,0,0,48
DJI_20260917132126_0088_D.JPG,Cam 7,12,MUZHUMANDI,INCORRECT,KNEES_FACING_FORWARD,,rtmpose_m_halpe26,halpe_26,0,0,OK,224.66,189.53,35.13,19,1,1,19.0,1.0,1.0,1.0,0.0,0.0,158.89558469034702,159.20482791249694,159.05020630142198,21.10441530965298,20.79517208750305,,,,,,,,,,,,,,,,,0.251298036797013,,,,,,,,2.2434529172148574,1.3945834762740963,1.819018196744477,1.9099682489507015,1.3036282782818764,0.27631300768902745,0.18859447044652478,6.912335633146334,2.6100750333500966,1.6988363736566374,,,,,,,,,,0.0,0.0,71.16715266225006,71.16715266225006,SAGITTAL,,0.0,0.14466890108818736,491.93124525683606,,,,,,,,,,,,,,,,,,,,,,,,,,,,,,,,,,,,,,,,,,BODY,0.749,0.0055,0.0129,0.749,0.0,MUZHUMANDI,CORRECT,,,,trunk_inclination_deg,0.251298036797013,<= 8°,,False,3 parameter checks within range,1,0,0,48
DJI_20260917132215_0089_D.JPG,Cam 7,13,MUZHUMANDI,INCORRECT,BACK_BENT_FORWARD,,rtmpose_m_halpe26,halpe_26,0,0,OK,184.18,154.0,30.18,19,1,1,19.0,1.0,1.0,1.0,0.0,0.0,153.50716116269837,146.2404297748991,149.87379546879873,26.492838837301647,33.75957022510091,,,,,,,,,,,,,,,,,19.767169944235143,,,,,,,,5.624984014118731,6.624975488315386,6.124979751217058,5.812483481256021,-2.8124920070593653,0.3418747358315272,-0.1654232592733196,17.001792972851792,7.694334831398841,8.375906223231983,,,,,,,,,,15.851943036470674,0.0,28.635498046875,28.635498046875,SAGITTAL,,0.0,0.05881732600772078,486.85480946747055,,,,,,,,,,,,,,,,,,,,,,,,,,,,,,,,,,,,,,,,,,BODY,0.8423,0.0077,0.0181,0.8423,0.0,MUZHUMANDI,INCORRECT,BACK_BENT_FORWARD,Back bent forward,CANONICAL,trunk_inclination_deg,19.767169944235143,<= 8°,,False,1 of 3 parameter checks out of range,1,1,1,48
DJI_20260917132217_0090_D.JPG,Cam 7,13,MUZHUMANDI,INCORRECT,BACK_BENT_FORWARD,,rtmpose_m_halpe26,halpe_26,0,0,OK,172.92,142.54,30.38,19,1,1,18.0,1.0,0.0,1.0,0.0,0.0,150.8533704552189,136.35181349173212,143.6025919734755,29.14662954478109,43.64818650826787,,,,,,,,,,,,,,,,,19.36975495767654,,,,,,,,3.2979306443130834,,3.2979306443130834,4.218283812420278,-0.9970490452488374,0.4053661952782277,-0.09581384182550169,10.406106531712666,4.999974626532507,,,,,,,,,,,15.19520537601279,1.9415475653671757,46.19662688998368,46.19662688998368,SAGITTAL,,0.0,0.09609742096647718,480.7270208229522,,,,,,,,,,,,,,,,,,,,,,,,,,,,,,,,,,,,,,,,,,BODY,0.9016,0.0107,0.0247,0.9016,0.0,MUZHUMANDI,INCORRECT,BACK_BENT_FORWARD,Back bent forward,CANONICAL,trunk_inclination_deg,19.36975495767654,<= 8°,,False,1 of 3 parameter checks out of range,1,1,1,49
DJI_20260917132241_0091_D.JPG,Cam 7,14,MUZHUMANDI,INCORRECT,FEET_APART_HEEL_DOWN,,rtmpose_m_halpe26,halpe_26,0,0,OK,198.12,172.87,25.25,19,1,1,19.0,1.0,1.0,1.0,0.0,0.0,140.6155211306297,140.2629928161271,140.4392569733784,39.38447886937031,39.737007183872905,,,,,,,,,,,,,,,,,13.0739122982256,,,,,,,,4.341199158712054,3.7210238839697887,4.031111521340922,6.263730016395365,2.170606520476978,0.46626550308459747,0.1615776763397817,13.433826811028087,5.637758313195646,4.765234776686041,,,,,,,,,,11.142884898239323,12.528820283065349,35.173083240968154,35.173083240968154,SAGITTAL,,0.0,0.07443895280673715,472.5091086690407,,,,,,,,,,,,,,,,,,,,,,,,,,,,,,,,,,,,,,,,,,BODY,0.9388,0.0143,0.0328,0.9388,0.0,MUZHUMANDI,CORRECT,,,,trunk_inclination_deg,13.0739122982256,<= 8°,,True,3 parameter checks within range,1,0,0,48
DJI_20260917132243_0092_D.JPG,Cam 7,14,MUZHUMANDI,INCORRECT,FEET_APART_HEEL_DOWN,,rtmpose_m_halpe26,halpe_26,0,0,OK,200.24,169.83,30.41,19,1,1,19.0,1.0,1.0,1.0,0.0,0.0,139.38351760629587,132.9627012987658,136.17310945253084,40.616482393704146,47.0372987012342,,,,,,,,,,,,,,,,,12.8523399147774,,,,,,,,4.330531752590643,3.628277710676334,3.9794047316334886,6.320227586054713,2.2823060391634815,0.5111368017259149,0.18457731047403203,12.365041148893415,5.72546593436768,4.317852565983631,,,,,,,,,,10.95405622852796,7.815340608914886,37.37407289028123,37.37407289028123,SAGITTAL,,0.0,0.08087316394329129,462.1319491900692,,,,,,,,,,,,,,,,,,,,,,,,,,,,,,,,,,,,,,,,,,BODY,0.9623,0.0177,0.0401,0.9623,0.0,MUZHUMANDI,CORRECT,,,,trunk_inclination_deg,12.8523399147774,<= 8°,,True,3 parameter checks within range,1,0,0,48
DJI_20260917132313_0093_D.JPG,Cam 7,15,SWASTIKAPADAM,INCORRECT,OVERCROSSING_SHINS,RIGHT,rtmpose_m_halpe26,halpe_26,0,0,OK,188.97,160.17,28.8,19,1,1,19.0,1.0,1.0,1.0,0.0,0.0,79.71733633890905,43.0908570954077,61.404096717158374,100.28266366109095,136.9091429045923,,,,,,,,,,,,,,,,,3.0447817857788624,,,,,,,,2.8750018634188517,2.374999378860383,2.625000621139617,12.18750217398866,4.937498447150957,1.0357700989310068,0.4196194742834265,11.766609391955884,2.9712175704994346,2.809026433351738,,,,,,,,,,3.652263856493912,2.6630142870775724,49.131591796875,49.131591796875,SAGITTAL,,0.0,0.08498624936794785,578.112249478852,,,,,,,,,,,,,,,,,,,,,,,,,,,,,,,,,,,,,,,,,,BODY,0.5827,0.1261,0.5827,0.4387,0.1428,ARAMANDI,INCORRECT,EXCESSIVE_KNEE_BEND,Knee bend deeper than Aramandi,SECONDARY,mean_knee_flexion_deg,61.404096717158374,30-45°,,False,1 of 2 parameter checks out of range,0,1,0,48
DJI_20260917132315_0094_D.JPG,Cam 7,15,SWASTIKAPADAM,INCORRECT,OVERCROSSING_SHINS,RIGHT,rtmpose_m_halpe26,halpe_26,0,0,OK,162.19,140.7,21.49,19,1,1,19.0,1.0,1.0,1.0,0.0,0.0,78.4352413068786,33.313684778152236,55.874463042515416,101.5647586931214,146.68631522184776,,,,,,,,,,,,,,,,,3.0447915353680597,,,,,,,,2.8749913160845963,2.37499627832197,2.624993797203283,12.312472087414774,5.0624919363642675,1.0463931335642482,0.4302431520921499,11.766583411605302,2.9421428788679225,2.8090198353439426,,,,,,,,,,3.814047996194073,3.9909363578634602,49.19970703125,49.19970703125,SAGITTAL,,0.0,0.08498643701566817,578.912456609747,,,,,,,,,,,,,,,,,,,,,,,,,,,,,,,,,,,,,,,,,,BODY,0.6726,0.133,0.6726,0.409,0.2272,ARAMANDI,INCORRECT,EXCESSIVE_KNEE_BEND,Knee bend deeper than Aramandi,SECONDARY,mean_knee_flexion_deg,55.874463042515416,30-45°,,False,1 of 2 parameter checks out of range,0,1,0,48
DJI_20260917132330_0095_D.JPG,Cam 7,16,SWASTIKAPADAM,INCORRECT,OVERCROSSING_SHINS,LEFT,rtmpose_m_halpe26,halpe_26,0,0,OK,220.18,183.01,37.17,19,1,1,19.0,1.0,1.0,1.0,0.0,0.0,33.50226298299546,67.19351208851562,50.34788753575554,146.49773701700454,112.80648791148438,,,,,,,,,,,,,,,,,2.1342716538183706,,,,,,,,-0.4601774931786612,0.8436587374942122,0.1917406221577755,7.554588686800231,3.374639854247174,1.2227536950293538,0.5462048990680103,6.1783405092215835,1.8230521874343013,1.2485232705691507,,,,,,,,,,2.6629981298219727,8.746214029965872,74.67184987719301,74.67184987719301,SAGITTAL,,0.0,0.16185576021707346,461.3481149947743,,,,,,,,,,,,,,,,,,,,,,,,,,,,,,,,,,,,,,,,,,BODY,0.834,0.2131,0.834,0.2855,0.3393,ARAMANDI,CORRECT,,,,mean_knee_flexion_deg,50.34788753575554,30-45°,,True,2 parameter checks within range,0,0,0,48
DJI_20260917132332_0096_D.JPG,Cam 7,16,SWASTIKAPADAM,INCORRECT,OVERCROSSING_SHINS,LEFT,rtmpose_m_halpe26,halpe_26,0,0,OK,204.1,174.31,29.79,19,1,1,19.0,1.0,1.0,1.0,0.0,0.0,27.431763243887588,10.13979604821472,18.785779646051154,152.5682367561124,169.86020395178528,,,,,,,,,,,,,,,,,3.5106840361582767,,,,,,,,-0.9615182936239101,1.2362562727079276,0.13736898954200877,13.8734894078297,6.181257860568674,1.2369395492803024,0.5511116985264071,11.21598013088175,3.1712274211226386,5.631813430778249,,,,,,,,,,12.094812869316536,8.530771602315983,41.550598070967915,41.550598070967915,SAGITTAL,,0.0,0.08915850316519637,466.0306823902297,,,,,,,,,,,,,,,,,,,,,,,,,,,,,,,,,,,,,,,,,,BODY,0.9994,0.6225,0.6882,0.2263,0.9994,SWASTIKAPADAM,INCORRECT,INSUFFICIENT_ARAMANDI,Insufficient Aramandi,CANONICAL,mean_knee_flexion_deg,18.785779646051154,30-45°,,False,1 of 2 parameter checks out of range,1,1,0,48
DJI_20260917132404_0097_D.JPG,Cam 7,17,SWASTIKAPADAM,INCORRECT,INSUFFICIENT_ARAMANDI,RIGHT,rtmpose_m_halpe26,halpe_26,0,0,OK,192.9,169.21,23.69,19,1,1,19.0,1.0,1.0,1.0,0.0,0.0,16.222539992225734,17.48949926746826,16.856019629846998,163.77746000777427,162.51050073253174,,,,,,,,,,,,,,,,,1.0353458788387264,,,,,,,,0.8333344184381002,3.500009765942902,2.166672092190501,18.08333604609525,8.416673719847651,1.3070149738841186,0.6083345768776564,13.8355997501361,2.953342204970419,3.503975710214478,,,,,,,,,,6.632524169843011,2.7926837694848263,37.498779296875,37.498779296875,SAGITTAL,,0.0,0.07227731490209979,518.8181014702525,,,,,,,,,,,,,,,,,,,,,,,,,,,,,,,,,,,,,,,,,,BODY,0.9986,0.6936,0.6895,0.186,0.9986,SWASTIKAPADAM,INCORRECT,INSUFFICIENT_ARAMANDI,Insufficient Aramandi,CANONICAL,mean_knee_flexion_deg,16.856019629846998,30-45°,,False,1 of 2 parameter checks out of range,1,1,1,48
DJI_20260917132406_0098_D.JPG,Cam 7,17,SWASTIKAPADAM,INCORRECT,INSUFFICIENT_ARAMANDI,RIGHT,rtmpose_m_halpe26,halpe_26,0,0,OK,199.18,165.42,33.76,19,1,1,19.0,1.0,1.0,1.0,0.0,0.0,29.169613449510706,25.577317397371246,27.373465423440976,150.8303865504893,154.42268260262875,,,,,,,,,,,,,,,,,0.33902850604483264,,,,,,,,1.116319189907717,2.852806315603364,1.9845627527555405,13.82989860913666,6.573856194054551,1.319502724285805,0.6272078633597147,10.481144414932709,2.7202985453208983,2.8635714921573476,,,,,,,,,,2.6629821733343046,4.085562371305884,49.10109984271721,49.10109984271721,SAGITTAL,,0.0,0.09540942862835462,514.6357183835488,,,,,,,,,,,,,,,,,,,,,,,,,,,,,,,,,,,,,,,,,,BODY,0.9132,0.4797,0.8508,0.1872,0.9132,SWASTIKAPADAM,CORRECT,,,,mean_knee_flexion_deg,27.373465423440976,30-45°,,True,2 parameter checks within range,1,0,0,48
DJI_20260917132414_0099_D.JPG,Cam 7,18,SWASTIKAPADAM,INCORRECT,INSUFFICIENT_ARAMANDI,LEFT,rtmpose_m_halpe26,halpe_26,0,0,OK,220.6,187.1,33.5,19,1,1,19.0,1.0,1.0,1.0,0.0,0.0,40.29591643937454,17.417986418331736,28.856951428853137,139.70408356062546,162.58201358166826,,,,,,,,,,,,,,,,,0.35586221651146177,,,,,,,,1.7650656323033524,0.7844682525612835,1.274766942432318,20.396202716021122,9.315574573879116,1.291901178431412,0.5900510961438351,15.78774217141406,2.496174068645308,4.0000189276040174,,,,,,,,,,8.130149347710782,4.184942541628505,30.35557934116614,30.35557934116614,SAGITTAL,,0.0,0.06334027938527154,479.2460601022341,,,,,,,,,,,,,,,,,,,,,,,,,,,,,,,,,,,,,,,,,,BODY,0.8854,0.4386,0.8571,0.2036,0.8854,SWASTIKAPADAM,CORRECT,,,,mean_knee_flexion_deg,28.856951428853137,30-45°,,True,2 parameter checks within range,1,0,0,48
DJI_20260917132415_0100_D.JPG,Cam 7,18,SWASTIKAPADAM,INCORRECT,INSUFFICIENT_ARAMANDI,LEFT,rtmpose_m_halpe26,halpe_26,0,0,OK,175.69,152.69,23.0,19,1,1,19.0,1.0,1.0,1.0,0.0,0.0,41.75825355897345,12.254805818416827,27.00652968869514,138.24174644102655,167.74519418158317,,,,,,,,,,,,,,,,,0.6986891127063906,,,,,,,,3.200003299159539,0.8000131966381564,2.000008247898848,20.60005526092228,9.400027218066198,1.2560032427213121,0.5731278153392272,16.4012755383412,3.577717985448024,3.6878303074760916,,,,,,,,,,11.821484667796245,5.440350615159215,29.600341796875,29.600341796875,SAGITTAL,,0.0,0.060970867641501655,485.4833618396245,,,,,,,,,,,,,,,,,,,,,,,,,,,,,,,,,,,,,,,,,,BODY,0.9196,0.4573,0.8182,0.2217,0.9196,SWASTIKAPADAM,CORRECT,,,,mean_knee_flexion_deg,27.00652968869514,30-45°,,True,2 parameter checks within range,1,0,0,48
DJI_20260917132812_0102_D.JPG,Cam 7,19,PATAKA,INCORRECT,ELBOWS_NOT_ALIGNED,,rtmpose_m_halpe26,halpe_26,0,0,OK,509.2,396.67,112.53,19,1,1,19.0,1.0,1.0,1.0,0.0,0.0,3.820625501573943,0.6342494519728064,2.2274374767733747,176.17937449842606,179.3657505480272,,,,,,,,,,,,,,,,,1.4594425796629689,,,,,,,,0.0,0.06250029592943149,0.031250147964715744,7.25,3.46875103575301,1.4772277780087946,0.7067772944842929,4.907841639542225,1.5624979284939795,1.4388577713569326,,,,,,,,,,14.381422707344836,13.324487144197258,103.12451171875,103.12451171875,SAGITTAL,,0.0,0.20375555558741995,506.11877267074135,,,,,,,,,,,,,,,,,,,,,,,,,,,,,,,,,,,,,,,,,,BODY,0.8747,0.8747,0.5467,0.1023,0.7734,SAMAPADHAM,CORRECT,,,,mean_knee_flexion_deg,2.2274374767733747,<= 5°,,False,2 parameter checks within range,0,0,0,48
DJI_20260917132815_0103_D.JPG,Cam 7,19,PATAKA,INCORRECT,ELBOWS_NOT_ALIGNED,,rtmpose_m_halpe26,halpe_26,0,0,OK,297.88,266.58,31.3,19,1,1,19.0,1.0,1.0,1.0,0.0,0.0,4.774730358456509,4.745822065049367,4.760276211752938,175.2252696415435,175.25417793495063,,,,,,,,,,,,,,,,,1.3607509502940494e-05,,,,,,,,0.0666673379889534,0.0,0.0333336689944767,7.666677156077396,3.6666721211602464,1.4465413480263687,0.6918242055763828,5.300005538409016,1.6680011708891327,1.7333356829613369,,,,,,,,,,9.926223201569076,10.437456512054844,96.97900390625,96.97900390625,SAGITTAL,,0.0,0.18867904811665262,513.9892578125146,,,,,,,,,,,,,,,,,,,,,,,,,,,,,,,,,,,,,,,,,,BODY,0.8748,0.8748,0.5673,0.115,0.8344,SAMAPADHAM,CORRECT,,,,mean_knee_flexion_deg,4.760276211752938,<= 5°,,False,2 parameter checks within range,0,0,0,48
DJI_20260917132844_0104_D.JPG,Cam 7,20,ALAPADMA,INCORRECT,ELBOWS_NOT_ALIGNED,,rtmpose_m_halpe26,halpe_26,0,0,OK,221.51,190.47,31.04,19,1,1,19.0,1.0,1.0,1.0,0.0,0.0,2.8969204599295324,2.8344944522309277,2.86570745608023,177.10307954007047,177.16550554776907,,,,,,,,,,,,,,,,,1.3947753056701473e-05,,,,,,,,-0.11764889847962935,0.05882221537169332,-0.029413341553968016,6.8823578031247346,3.382356686190674,1.5000002434341697,0.7371799022660099,4.588237790793919,1.7099343312156925,1.76568674653972,,,,,,,,,,10.713113816090607,9.211051319179461,109.29052734375,109.29052734375,SAGITTAL,,0.0,0.21794859935255592,501.45092773438984,,,,,,,,,,,,,,,,,,,,,,,,,,,,,,,,,,,,,,,,,,BODY,0.8895,0.8895,0.5576,0.0939,0.7893,SAMAPADHAM,CORRECT,,,,mean_knee_flexion_deg,2.86570745608023,<= 5°,,False,2 parameter checks within range,0,0,0,48
DJI_20260917132846_0105_D.JPG,Cam 7,20,ALAPADMA,INCORRECT,ELBOWS_NOT_ALIGNED,,rtmpose_m_halpe26,halpe_26,0,0,OK,213.38,166.47,46.91,19,1,1,19.0,1.0,1.0,1.0,0.0,0.0,1.877896168910695,4.668941993827957,3.273419081369326,178.1221038310893,175.33105800617204,,,,,,,,,,,,,,,,,0.3626303403438895,,,,,,,,-0.26666683571651356,-0.0666673428660542,-0.16666708929128388,7.766668103590365,3.733334432157338,1.4746542338854625,0.7088467478539708,5.266772322028682,2.0838006400181603,2.0677423535522643,,,,,,,,,,5.710598531844419,14.036271955707782,96.279541015625,96.279541015625,SAGITTAL,,0.0,0.1898696087198269,507.08242179871905,,,,,,,,,,,,,,,,,,,,,,,,,,,,,,,,,,,,,,,,,,BODY,0.881,0.881,0.5572,0.1035,0.7993,SAMAPADHAM,CORRECT,,,,mean_knee_flexion_deg,3.273419081369326,<= 5°,,False,2 parameter checks within range,0,0,0,48
DJI_20260917132914_0106_D.JPG,Cam 7,21,ALAPADMA,CORRECT,,,rtmpose_m_halpe26,halpe_26,0,0,OK,242.14,205.25,36.89,19,1,1,19.0,1.0,1.0,1.0,0.0,0.0,5.52553290754642,5.527540151656126,5.526536529601273,174.47446709245358,174.47245984834387,,,,,,,,,,,,,,,,,0.6986943829834713,,,,,,,,-0.6708203932499369,-0.22360679774997896,-0.4472135954999579,26.721012331122488,12.7455874717488,1.4572087184307647,0.6950702673686493,18.33712082089225,6.741661516273269,7.3824115301167,,,,,,,,,,66.03751102542182,33.690067525979785,28.728232726550033,28.728232726550033,SAGITTAL,,0.0,0.05453418831492118,526.7930744774587,,,,,,,,,,,,,,,,,,,,,,,,,,,,,,,,,,,,,,,,,,BODY,0.8811,0.8811,0.5789,0.1108,0.8515,SAMAPADHAM,CORRECT,,,,mean_knee_flexion_deg,5.526536529601273,<= 5°,,True,2 parameter checks within range,0,1,0,48
DJI_20260917132916_0107_D.JPG,Cam 7,21,ALAPADMA,CORRECT,,,rtmpose_m_halpe26,halpe_26,0,0,OK,240.06,210.31,29.75,19,1,1,19.0,1.0,1.0,1.0,0.0,0.0,4.5640872458006925,7.345321950671234,5.954704598235963,175.4359127541993,172.65467804932877,,,,,,,,,,,,,,,,,0.7072964825616548,,,,,,,,-0.3253928752609731,0.0,-0.16269643763048655,13.124271321180446,6.236740725202655,1.4937133047116438,0.7098224633803324,8.786338904381681,3.1622735617859945,3.6878078943080306,,,,,,,,,,64.44000134374497,36.253787413970116,59.253791907048836,59.253791907048836,SAGITTAL,,0.0,0.1138130466947169,520.6238970650396,,,,,,,,,,,,,,,,,,,,,,,,,,,,,,,,,,,,,,,,,,BODY,0.8977,0.8977,0.5916,0.0969,0.8608,SAMAPADHAM,CORRECT,,,,mean_knee_flexion_deg,5.954704598235963,<= 5°,,True,2 parameter checks within range,0,1,0,48
DJI_20260917132941_0108_D.JPG,Cam 7,22,MUSHTI,CORRECT,,,rtmpose_m_halpe26,halpe_26,0,0,OK,198.39,164.45,33.94,19,1,1,19.0,1.0,1.0,1.0,0.0,0.0,4.757103858559816,5.7105931374996715,5.233848498029744,175.24289614144018,174.28940686250033,,,,,,,,,,,,,,,,,0.36494081417593527,,,,,,,,-0.4931910867846523,0.16440116949412836,-0.16439495864526196,19.481287045675124,9.535143613682118,1.509522553735738,0.7388379578934353,12.905595214502227,4.956564699864758,5.263337279248336,,,,,,,,,,71.56505117707799,36.02737338510361,39.30873705847212,39.30873705847212,SAGITTAL,,0.0,0.07748577135568949,507.30264886994416,,,,,,,,,,,,,,,,,,,,,,,,,,,,,,,,,,,,,,,,,,BODY,0.9039,0.9039,0.5856,0.091,0.845,SAMAPADHAM,CORRECT,,,,mean_knee_flexion_deg,5.233848498029744,<= 5°,,True,2 parameter checks within range,0,1,0,48
DJI_20260917132943_0109_D.JPG,Cam 7,22,MUSHTI,CORRECT,,,rtmpose_m_halpe26,halpe_26,0,0,OK,187.69,158.17,29.52,19,1,1,19.0,1.0,1.0,1.0,0.0,0.0,1.9091667915854202,4.801566921456214,3.355366856520817,178.09083320841458,175.1984330785438,,,,,,,,,,,,,,,,,0.36033523216095975,,,,,,,,-0.22086396439769693,-0.11043198219884846,-0.1656479732982727,12.975658169247065,6.405005097974397,1.4779580261018905,0.7295451659022922,8.779449713785393,3.320288556540587,3.535523586412951,,,,,,,,,,71.11387520121932,34.077183763430234,58.74701059375396,58.74701059375396,SAGITTAL,,0.0,0.11390235522732266,515.7664253430806,,,,,,,,,,,,,,,,,,,,,,,,,,,,,,,,,,,,,,,,,,BODY,0.8829,0.8829,0.5587,0.1022,0.8013,SAMAPADHAM,CORRECT,,,,mean_knee_flexion_deg,3.355366856520817,<= 5°,,False,2 parameter checks within range,0,1,0,48
DJI_20260917132958_0110_D.JPG,Cam 7,23,KATAKAMUKHA,CORRECT,,,rtmpose_m_halpe26,halpe_26,0,0,OK,214.07,163.95,50.12,19,1,1,19.0,1.0,1.0,1.0,0.0,0.0,4.739540847416123,4.668907733931206,4.704224290673665,175.26045915258388,175.3310922660688,,,,,,,,,,,,,,,,,0.36493476190719304,,,,,,,,-0.6575959492214292,-0.3287979746107146,-0.4931969619160719,19.23477118465292,9.288589163748954,1.4904161480433615,0.7197311134762963,12.90563793870899,4.975640738338208,5.106988664042296,,,,,,,,,,79.28691953532552,30.963783699256712,39.478554469103486,39.478554469103486,SAGITTAL,,0.0,0.07748551483848884,509.4959303218513,,,,,,,,,,,,,,,,,,,,,,,,,,,,,,,,,,,,,,,,,,BODY,0.8943,0.8943,0.5762,0.0978,0.8331,SAMAPADHAM,CORRECT,,,,mean_knee_flexion_deg,4.704224290673665,<= 5°,,False,2 parameter checks within range,0,1,0,48
DJI_20260917133000_0111_D.JPG,Cam 7,23,KATAKAMUKHA,CORRECT,,,rtmpose_m_halpe26,halpe_26,0,0,OK,264.33,231.53,32.8,19,1,1,19.0,1.0,1.0,1.0,0.0,0.0,3.7517152126849,4.50090278983788,4.12630900126139,176.2482847873151,175.49909721016212,,,,,,,,,,,,,,,,,0.0,,,,,,,,-0.36380142270636345,-0.12126714090212115,-0.2425342818042423,14.370215567700578,6.972892570763855,1.519230811013728,0.7371798415608777,9.458875809734172,3.6561726819444713,4.003670868638242,,,,,,,,,,77.47118594443606,29.054593920867276,53.457729500338274,53.457729500338274,SAGITTAL,,0.0,0.10572080870021526,505.6500244140625,,,,,,,,,,,,,,,,,,,,,,,,,,,,,,,,,,,,,,,,,,BODY,0.9048,0.9048,0.5742,0.0874,0.8197,SAMAPADHAM,CORRECT,,,,mean_knee_flexion_deg,4.12630900126139,<= 5°,,False,2 parameter checks within range,0,1,0,48
DJI_20260917133037_0112_D.JPG,Cam 7,24,PATAKA,INCORRECT,FINGERS_TOO_FAR_APART,,rtmpose_m_halpe26,halpe_26,0,0,OK,214.06,182.77,31.29,19,1,1,19.0,1.0,1.0,1.0,0.0,0.0,2.703708611236891,2.7467270952369063,2.7252178532368987,177.2962913887631,177.2532729047631,,,,,,,,,,,,,,,,,2.174751809943237,,,,,,,,-0.5,-0.166664546899841,-0.3333322734499205,19.833265500794912,9.583300476947535,1.505244341843392,0.7273239406053531,13.176110316087405,5.190782735033494,5.669095866407054,,,,,,,,,,67.61988111797311,45.00003643622365,38.39111328125,38.39111328125,SAGITTAL,,0.0,0.07589493226836812,505.8455437511583,,,,,,,,,,,,,,,,,,,,,,,,,,,,,,,,,,,,,,,,,,BODY,0.8908,0.8908,0.557,0.092,0.7858,SAMAPADHAM,CORRECT,,,,mean_knee_flexion_deg,2.7252178532368987,<= 5°,,False,2 parameter checks within range,0,0,0,48
DJI_20260917133040_0113_D.JPG,Cam 7,24,PATAKA,INCORRECT,FINGERS_TOO_FAR_APART,,rtmpose_m_halpe26,halpe_26,0,0,OK,221.85,186.68,35.17,19,1,1,19.0,1.0,1.0,1.0,0.0,0.0,1.7824596021769423,2.7287054459449678,2.255582524060955,178.21754039782306,177.27129455405503,,,,,,,,,,,,,,,,,1.8125561804389203,,,,,,,,-0.6,-0.4,-0.5,23.69993902903742,11.39996951451871,1.4992485149520887,0.7211574402871125,15.807878942467918,6.228949429097041,6.612094887103166,,,,,,,,,,68.7494535181738,43.09088028114412,32.03369140625,32.03369140625,SAGITTAL,,0.0,0.06325959375318195,506.3847158303749,,,,,,,,,,,,,,,,,,,,,,,,,,,,,,,,,,,,,,,,,,BODY,0.8846,0.8846,0.5511,0.094,0.7741,SAMAPADHAM,CORRECT,,,,mean_knee_flexion_deg,2.255582524060955,<= 5°,,False,2 parameter checks within range,0,0,0,48
DJI_20260917133120_0116_D.JPG,Cam 7,25,KATAKAMUKHA,INCORRECT,FINGERS_BENT,,rtmpose_m_halpe26,halpe_26,0,0,OK,209.65,179.03,30.62,19,1,1,19.0,1.0,1.0,1.0,0.0,0.0,5.565523055963126,4.4352523120000455,5.000387683981586,174.43447694403687,175.56474768799995,,,,,,,,,,,,,,,,,0.7206678971071527,,,,,,,,,,,,,1.5218922538934991,0.7357904929084519,,,,,,,,,,,,,68.49854989537732,32.9694277190208,0.0,0.0,SAGITTAL,,0.0,0.0,504.20003965623886,,,,,,,,,,,,,,,,,,,,,,,,,,,,,,,,,,,,,,,,,,BODY,0.9087,0.9087,0.5846,0.0867,0.8398,SAMAPADHAM,CORRECT,,,,mean_knee_flexion_deg,5.000387683981586,<= 5°,,True,2 parameter checks within range,0,0,0,48
DJI_20260917133122_0117_D.JPG,Cam 7,25,KATAKAMUKHA,INCORRECT,FINGERS_BENT,,rtmpose_m_halpe26,halpe_26,0,0,OK,179.24,149.27,29.97,19,1,1,19.0,1.0,1.0,1.0,0.0,0.0,3.5830421674579327,5.3428470624199065,4.46294461493892,176.41695783254207,174.6571529375801,,,,,,,,,,,,,,,,,1.0675024406909002,,,,,,,,0.0,0.2873492560693951,0.14367462803469755,11.589714737042279,5.603293687555951,1.5028435889402472,0.7265816447042115,7.711856923989635,2.873485091450727,2.983134849428264,,,,,,,,,,64.28997158686855,26.56500153281916,65.37225196161108,65.37225196161108,SAGITTAL,,0.0,0.12967045548903444,504.1414539269455,,,,,,,,,,,,,,,,,,,,,,,,,,,,,,,,,,,,,,,,,,BODY,0.899,0.899,0.5756,0.0932,0.8275,SAMAPADHAM,CORRECT,,,,mean_knee_flexion_deg,4.46294461493892,<= 5°,,False,2 parameter checks within range,0,0,0,48
DJI_20260917133139_0118_D.JPG,Cam 7,26,MUSHTI,INCORRECT,PINKY_DROPPED,,rtmpose_m_halpe26,halpe_26,0,0,OK,212.59,186.36,26.23,19,1,1,19.0,1.0,1.0,1.0,0.0,0.0,1.877896387921652,1.7687643506787651,1.8233303693002085,178.12210361207835,178.23123564932123,,,,,,,,,,,,,,,,,1.423219807748638,,,,,,,,-0.08084307332850875,0.0,-0.040421536664254375,9.580174848528555,4.689030471579501,1.4715959942823904,0.7202747933253333,6.510057709962872,2.26511140030141,2.425360642386365,,,,,,,,,,35.83756350975252,21.250499596114807,78.47596609136764,78.47596609136764,SAGITTAL,,0.0,0.15360846931811656,510.88306809989285,,,,,,,,,,,,,,,,,,,,,,,,,,,,,,,,,,,,,,,,,,BODY,0.8687,0.8687,0.5415,0.1044,0.7631,SAMAPADHAM,CORRECT,,,,mean_knee_flexion_deg,1.8233303693002085,<= 5°,,False,2 parameter checks within range,0,0,0,48
DJI_20260917133141_0119_D.JPG,Cam 7,26,MUSHTI,INCORRECT,PINKY_DROPPED,,rtmpose_m_halpe26,halpe_26,0,0,OK,190.52,159.67,30.85,19,1,1,19.0,1.0,1.0,1.0,0.0,0.0,3.7412441697491374,5.527550419973267,4.634397294861202,176.25875583025086,174.47244958002673,,,,,,,,,,,,,,,,,0.6944612630061459,,,,,,,,0.0,0.09053574604251852,0.04526787302125926,10.819004164685065,5.205798402486456,1.4483781450018136,0.6969185443202223,7.469737238179273,2.6255331377538575,2.8080610102834855,,,,,,,,,,49.39865327520653,26.56497305733531,69.80474006125719,69.80474006125719,SAGITTAL,,0.0,0.13387351765050134,521.4230662369973,,,,,,,,,,,,,,,,,,,,,,,,,,,,,,,,,,,,,,,,,,BODY,0.8753,0.8753,0.5663,0.1142,0.8315,SAMAPADHAM,CORRECT,,,,mean_knee_flexion_deg,4.634397294861202,<= 5°,,False,2 parameter checks within range,0,0,0,48
DJI_20260917131822_0036_D.JPG,Cam 8,1,ARAMANDI,CORRECT,,,rtmpose_m_halpe26,halpe_26,0,0,OK,204.1,179.22,24.88,19,1,1,19.0,1.0,1.0,1.0,0.0,0.0,42.236132618622435,25.780303322083967,34.0082179703532,137.76386738137757,154.21969667791603,16.455829296538468,0.6761992159341234,0.6020757686060193,1.4354143702492375,2.384109185414719,5.1943611496295325,6.17020911597429,74.05453391195955,74.47567582783853,74.26510486989903,0.42114191587897665,36.170339632715454,23.654463725499355,29.912401679107404,1.2004454636865474,1.7752837261548926,1.3639342056794213,0.0,2.0825513612575395,0.0,-0.03633976856811005,-0.0726795371362201,0.963089443069142,0.054509652852165066,-0.1453590742724402,-0.09085040447953412,-0.11810473937598714,1.8533203324995404,1.0265938416705915,1.2139424629872586,0.672428740348619,1.5266953657250826,0.5291127484900768,0.33944057727416965,28.355013098012893,0.6761992159341234,-0.6722819828848517,-1.1992072508394849,0.036340161791813645,0.10901891248062655,0.6541126884363521,0.6359433939878525,0.6450280412121023,41.633522233489,44.169672015070766,310.4347763950057,310.4347763950057,CORONAL,BACK,0.0,0.6550095208581864,473.9393344821575,,,,,,,,,,,,,,,,,,,,,,,,,,,,,,,,,,,,,,,,,,BODY,0.903,0.3864,0.903,0.2544,0.3175,ARAMANDI,INCORRECT,KNEE_FOOT_MISALIGNED,Knees not tracking over the turned-out feet,SECONDARY,mean_knee_foot_alignment_deg,29.912401679107404,<= 8°,,True,2 of 8 parameter checks out of range,1,0,0,48
DJI_20260917131824_0037_D.JPG,Cam 8,1,ARAMANDI,CORRECT,,,rtmpose_m_halpe26,halpe_26,0,0,OK,206.14,178.65,27.49,19,1,1,19.0,1.0,1.0,1.0,0.0,0.0,44.527287380211874,13.68617473177315,29.106731055992512,135.47271261978813,166.31382526822685,30.841112648438724,0.7192125066894586,0.6252101843008833,1.396354936391262,2.2334168115842212,5.194530028795539,4.51395109954177,73.30071803881034,65.55599452054335,69.42835627967685,7.744723518266994,36.60304349485045,27.510509417107556,32.056776455979005,1.1699646276117959,1.6267300926080295,0.6944746047256416,1.8475666641043105,0.0,1.8475666641043105,-0.028301672164713913,-0.04716999528738808,0.9827198081428913,0.037735833726050994,-0.16981165802687814,-0.09433999057477616,-0.13207582430082715,1.9811333019159205,1.0754720737117507,1.272633924569245,0.6908582297863451,1.5567189147393543,0.5909606224418639,0.22798244483859068,22.970265471311723,0.7192125066894586,-0.7169816533142662,-1.1698124705461754,0.01886751060337683,0.11320750117815298,0.6415099858621642,0.6792458195882152,0.6603779027251897,44.14492238653631,43.36342497090863,300.4736328125,300.4736328125,CORONAL,BACK,0.0,0.6423767261589628,467.75298757966624,,,,,,,,,,,,,,,,,,,,,,,,,,,,,,,,,,,,,,,,,,BODY,0.8903,0.4484,0.8903,0.2145,0.3178,ARAMANDI,INCORRECT,FEET_TOO_FAR_APART,Feet too far apart,CANONICAL,foot_separation_deviation_pct,19.868751114909767,<= 5,,True,3 of 8 parameter checks out of range,1,0,0,48
DJI_20260917131849_0038_D.JPG,Cam 8,2,SAMAPADHAM,CORRECT,,,rtmpose_m_halpe26,halpe_26,0,0,OK,204.62,177.16,27.46,19,1,1,19.0,1.0,1.0,1.0,0.0,0.0,7.989300988356717,10.433390998413046,9.211345993384882,172.01069901164328,169.56660900158695,2.4440900100563283,0.2969006020988486,0.20083008834401955,0.3472494839513496,1.7290710112944598,23.96275987895724,15.945561169542401,40.60126888265268,,40.60126888265268,,57.38803210570401,72.89730719904662,65.14266965237532,0.6324558838107257,2.1301940088358564,0.37204971908898726,0.0,2.337333174874495,0.0,-0.01019532179702132,3.896698439466947e-07,0.9659735017237076,0.005097855733432633,-0.14273918119642587,-0.08156413305554636,-0.11215165712598611,2.344986750159779,1.1317107240473505,1.4934756735999415,0.7207641731032088,1.5701539647494338,0.18799853137866004,0.09119147301901964,17.45165936448132,0.2940426444608872,-0.28547680371347595,-0.6321270968884556,0.1631290454507806,0.1631298247904685,0.6729091634162288,0.6321263175487677,0.6525177404824982,41.30860607122276,44.06083376467651,313.2659978602263,313.2659978602263,CORONAL,BACK,0.0,0.6368802184055757,491.875848561422,,,,,,,,,,,,,,,,,,,,,,,,,,,,,,,,,,,,,,,,,,BODY,0.9101,0.9101,0.668,0.0979,0.823,SAMAPADHAM,INCORRECT,FEET_NOT_ALIGNED,Feet not aligned / V-shaped,CANONICAL,turnout_deviation_deg,40.60126888265268,<= 8°,,True,1 of 7 parameter checks out of range,1,0,0,48
DJI_20260917131851_0039_D.JPG,Cam 8,2,SAMAPADHAM,CORRECT,,,rtmpose_m_halpe26,halpe_26,0,0,OK,469.3,435.86,33.44,19,1,1,19.0,1.0,1.0,1.0,0.0,0.0,5.942541403696907,9.943692354473114,7.943116879085011,174.0574585963031,170.05630764552689,4.001150950776207,0.2863562869742385,0.1969776167712328,0.38209972515964524,1.939812915918314,23.96262526205934,12.094778572821522,48.8141723261646,,48.8141723261646,,48.06754936777148,77.17138694711895,62.61946815744521,0.6013318244390875,2.099942804794033,0.7440649619869998,0.0,0.0,0.0,-0.020000153820714267,0.0,0.9749047608709599,0.010000076910357134,-0.13999992308964287,-0.09999961544821434,-0.11999976926892861,2.3499994231723216,1.1499994231723214,1.525845054628132,0.7466899418655817,1.5401297897479156,0.21260321289483033,0.1077027677129621,15.854366173597018,0.28517183687766146,-0.27999984617928575,-0.6,0.15999969235857148,0.15999969235857148,0.6399995385378572,0.6399995385378572,0.6399995385378572,42.184437408761355,43.15241034718888,317.435302734375,317.435302734375,CORONAL,BACK,0.0,0.6492959273021253,488.89156605885887,,,,,,,,,,,,,,,,,,,,,,,,,,,,,,,,,,,,,,,,,,BODY,0.9269,0.9269,0.6563,0.0861,0.8278,SAMAPADHAM,INCORRECT,FEET_NOT_ALIGNED,Feet not aligned / V-shaped,CANONICAL,turnout_deviation_deg,48.8141723261646,<= 8°,,True,1 of 7 parameter checks out of range,1,0,0,48
DJI_20260917132002_0040_D.JPG,Cam 8,3,MUZHUMANDI,CORRECT,,,rtmpose_m_halpe26,halpe_26,0,0,OK,217.17,186.99,30.18,19,1,1,19.0,1.0,1.0,1.0,0.0,0.0,139.10295860613394,136.52438683264072,137.81367271938734,40.89704139386607,43.475613167359285,2.5785717734932234,0.944513844071271,0.7745713242607144,1.5813271297091986,2.041551346118433,0.0,2.5637441868091897,61.38949128161288,83.48019824834302,72.43484476497795,22.09070696673014,9.807553372050748,26.468734203815146,18.138143787932947,2.112655333775997,2.2367648150815036,1.3393467226385269e-05,1.3321832209063873,0.8069068493089427,1.3321832209063873,-0.07041585026950628,-0.07041547168152444,0.9724214849782272,0.07041566097551535,0.16899788921162234,0.05633237734521955,0.11266513327842095,0.6478234752339703,0.8097792493954675,0.4000002337600905,0.5000002337600877,1.6195577416150153,0.35292235980817005,0.49611685185227394,71.40659804591,0.944513844071271,-0.943568456296373,-2.1124675577375696,0.09858203894211605,0.23941298230516495,0.6759885281426347,0.6619058123943116,0.6689471702684731,40.502866937905644,42.455250656165965,322.43578337620767,322.43578337620767,CORONAL,BACK,0.0,0.6174525145382003,522.2033691406392,,,,,,,,,,,,,,,,,,,,,,,,,,,,,,,,,,,,,,,,,,BODY,0.9101,0.0746,0.2561,0.9101,0.0982,MUZHUMANDI,INCORRECT,KNEES_FACING_FORWARD,Feet and knees facing forward,CANONICAL,turnout_deviation_deg,27.434844764977953,<= 8°,,False,1 of 6 parameter checks out of range,1,0,0,48
DJI_20260917132004_0041_D.JPG,Cam 8,3,MUZHUMANDI,CORRECT,,,rtmpose_m_halpe26,halpe_26,0,0,OK,190.41,164.56,25.85,19,1,1,19.0,1.0,1.0,1.0,0.0,0.0,138.99003496083628,139.01087654294165,139.00045575188898,41.00996503916373,40.98912345705836,0.020841582105362022,0.932148142402404,0.7746991283351264,1.6104700522892414,2.078832921563027,1.0416682986392145,4.332304166395059,59.03629767893686,78.36635325437366,68.70132546665526,19.330055575436802,6.5124933632156825,25.069228520516717,15.7908609418662,2.154716011391178,2.3115596259601805,0.24910720517029092,1.3019368132209659,0.8069617465586978,1.3019368132209659,-0.049290970579214353,-0.0422495112215835,0.9108324866371879,0.045770240900398926,0.21124604595632077,0.09858194115842871,0.15491399355737473,0.6478229442737199,0.8097787747266246,0.3999962660576534,0.49999539084946776,1.619572479159958,0.41058915812153457,0.4888688658980714,74.17907095042185,0.932148142402404,-0.9294847164200467,-2.154716011391178,0.11266485987369042,0.19716388231685741,0.6759891592421425,0.6478225667358207,0.6619058629889816,40.50283913477979,42.39747263409137,323.33260518931996,323.33260518931996,CORONAL,BACK,0.0,0.6174468959355751,523.6605889797148,,,,,,,,,,,,,,,,,,,,,,,,,,,,,,,,,,,,,,,,,,BODY,0.9087,0.0777,0.2585,0.9087,0.1051,MUZHUMANDI,INCORRECT,KNEES_FACING_FORWARD,Feet and knees facing forward,CANONICAL,turnout_deviation_deg,23.701325466655263,<= 8°,,False,1 of 6 parameter checks out of range,1,0,0,48
DJI_20260917132051_0042_D.JPG,Cam 8,4,SWASTIKAPADAM,CORRECT,,RIGHT,rtmpose_m_halpe26,halpe_26,0,0,OK,216.5,180.3,36.2,19,1,1,19.0,1.0,1.0,1.0,0.0,0.0,1.415788410770233,7.050669237618621,4.233228824194427,178.58421158922977,172.94933076238138,5.634880826848388,0.0585214811802898,0.05234245255570654,0.10790718593516141,2.061561517781746,45.000587558627,18.435653883152003,,,,,56.113042339937465,83.99101335950562,70.05202784972154,0.37011703144129127,6.324464521003063,1.108794721488559,1.8475565183373583,2.1210770796432454,1.8475565183373583,-0.19431153639388282,-0.1665532334718105,0.9976218264334625,0.18043238493284666,-0.09252944763473263,-0.037012082692948735,-0.06477076516384069,2.0541466778830197,1.0455799496112135,1.4319898844655234,0.7288962990638471,1.4344701035717933,0.13085639976393,0.037012082692948735,17.122028980431853,0.05715045326403888,-0.055518124039423106,-0.37011703144129127,0.42563439638307515,0.09252792943945419,0.6477038561502108,0.6477038561502108,0.6477038561502108,40.6012780550854,42.43619843807977,321.6195287496703,321.6195287496703,CORONAL,BACK,0.0,0.697121534641974,461.3535987162509,,,,,,,,,,,,,,,,,,,,,,,,,,,,,,,,,,,,,,,,,,BODY,0.9209,0.8888,0.5441,0.121,0.9209,SWASTIKAPADAM,INCORRECT,INSUFFICIENT_ARAMANDI,Insufficient Aramandi (left leg),CANONICAL,mean_knee_flexion_deg,4.233228824194427,30-45°,LEFT,False,1 of 5 parameter checks out of range,1,0,0,48
DJI_20260917132053_0043_D.JPG,Cam 8,4,SWASTIKAPADAM,CORRECT,,RIGHT,rtmpose_m_halpe26,halpe_26,0,0,OK,180.69,151.77,28.92,19,1,1,19.0,1.0,1.0,1.0,0.0,0.0,1.8720486478836733,3.0787139751604116,2.4753813115220424,178.12795135211633,176.9212860248396,1.2066653272767383,0.05852040455246595,0.06672396847732376,0.07630198916140127,1.1435469277780235,33.689345671199064,18.434714218566512,63.43483152122457,,63.43483152122457,,39.32271573435801,14.275092754511562,26.798904244434787,0.35209738825262094,6.016660187934127,1.4321035109489777,3.814100786063386,2.1211076447829926,3.814100786063386,-0.19431167932794627,-0.15729982263582082,0.9922706235873119,0.17580575098188356,-0.0740237133842509,-0.037011098951175665,-0.05551740616771328,1.9708713287880955,0.9993152053712135,1.330834207005358,0.6747892870847005,1.4809292685848137,0.1655213773303837,0.1170408091049319,16.917168719637548,0.05671347081897091,-0.055517406167713286,-0.3516107442228173,0.4071281503905306,0.09252850511888895,0.6662096317535092,0.6477040822779213,0.6569568570157153,39.805577502203626,43.31535978431724,322.19536910349444,322.19536910349444,CORONAL,BACK,0.0,0.6752516958190764,477.1485523078521,,,,,,,,,,,,,,,,,,,,,,,,,,,,,,,,,,,,,,,,,,BODY,0.9589,0.8463,0.5048,0.1687,0.9589,SWASTIKAPADAM,INCORRECT,INSUFFICIENT_ARAMANDI,Insufficient Aramandi (left leg),CANONICAL,mean_knee_flexion_deg,2.4753813115220424,30-45°,LEFT,False,1 of 5 parameter checks out of range,1,0,0,48
DJI_20260917132118_0044_D.JPG,Cam 8,5,SWASTIKAPADAM,CORRECT,,LEFT,rtmpose_m_halpe26,halpe_26,0,0,OK,211.48,179.3,32.18,19,1,1,19.0,1.0,1.0,1.0,0.0,0.0,4.573889048314413,1.938749818929324,3.2563194336218686,175.4261109516856,178.06125018107068,2.6351392293850893,0.17755715069497585,0.07069731451396905,0.04384461320954972,0.6201736729460422,33.690067525979785,6.34019174590991,,,,,85.42611095168557,45.616049574617634,65.5210802631516,0.41223097159517735,2.321680484180251,0.6987113964518579,0.0,0.0,0.0,0.11764662696195313,0.1372549419479673,0.9769571631000157,0.12745078445496022,0.13725534981723378,0.05882372135024305,0.09803953558373842,2.0490189520533364,0.9999995921307335,1.274295445347525,0.6219048995738163,1.6079622347661526,0.13725534981723378,0.09803953558373842,13.32004097708806,0.17755715069497585,-0.17647116405072916,-0.4117644179746354,0.07843081272845777,0.35294069662439237,0.7254901161040654,0.68627430187057,0.7058822089873178,39.03549083756535,45.0,299.287841796875,299.287841796875,CORONAL,BACK,0.0,0.621905153229815,481.2435469340419,,,,,,,,,,,,,,,,,,,,,,,,,,,,,,,,,,,,,,,,,,BODY,0.92,0.8431,0.5274,0.1993,0.92,SWASTIKAPADAM,INCORRECT,INSUFFICIENT_ARAMANDI,Insufficient Aramandi (right leg),CANONICAL,mean_knee_flexion_deg,3.2563194336218686,30-45°,RIGHT,False,1 of 5 parameter checks out of range,1,0,0,48
DJI_20260917132120_0045_D.JPG,Cam 8,5,SWASTIKAPADAM,CORRECT,,LEFT,rtmpose_m_halpe26,halpe_26,0,0,OK,188.56,158.3,30.26,19,1,1,19.0,1.0,1.0,1.0,0.0,0.0,5.599367005039767,1.3915522334119999,3.4954596192258833,174.40063299496023,178.608447766588,4.207814771627767,0.13862127876052813,0.03920736641951522,0.043834803753984616,1.1180246917111503,90.0,8.1296259097119,,,,,86.13717356618808,82.25065120477977,84.19391238548393,0.4317345184583546,3.114489509249061,7.444421224826388e-06,1.847649887015139,1.1233269756731652,1.847649887015139,0.13722802396050016,0.13722822773251805,0.9677119531316297,0.13722812584650912,0.11762372943468885,0.0588134948934876,0.08821861216408822,2.0976360804797514,1.0194114965651497,1.337500350810074,0.6499998960562655,1.5683256301273425,0.1192461576802935,0.06199460925737676,16.28425238093223,0.13862127876052813,-0.13722822773251805,-0.4312891814953833,0.09802086131300282,0.3724773167780389,0.7253509503463202,0.6861427688387334,0.7057468595925268,39.95754586360107,44.16966650456087,299.5266812387753,299.5266812387753,CORONAL,BACK,0.0,0.6376226854870717,469.755371093754,,,,,,,,,,,,,,,,,,,,,,,,,,,,,,,,,,,,,,,,,,BODY,0.8638,0.8638,0.5377,0.1654,0.7208,SAMAPADHAM,CORRECT,,,,foot_gap_norm,0.0,<= 0.05,,True,6 parameter checks within range,0,1,0,48
DJI_20260917132154_0046_D.JPG,Cam 8,6,ARAMANDI,INCORRECT,INSUFFICIENT_KNEE_BEND,,rtmpose_m_halpe26,halpe_26,0,0,OK,186.04,152.92,33.12,19,1,1,19.0,1.0,1.0,1.0,0.0,0.0,12.698909906711407,8.741037262895674,10.71997358480354,167.3010900932886,171.25896273710433,3.9578726438157332,0.3966753970118611,0.2648239405210981,1.0572766761288073,3.9923757423456046,4.085616779974877,2.7263109939062655,81.57303097851933,71.56500637789591,76.56901867820761,10.008024600623415,17.24735442534437,25.20113544814572,21.224244936745045,0.6991316149003265,1.7624778853613188,1.4782734020671757,1.8476102659945959,0.0,1.8476102659945959,-0.03773584905660377,0.0,1.0,0.018867924528301886,-0.07547169811320754,-0.09433962264150944,-0.0849056603773585,2.207546432177929,1.1037728472722685,1.5091752246593888,0.7545873601904814,1.4627502466959448,0.514994115620988,0.29832738136757264,15.586527229905382,0.3966753970118611,-0.39622641509433965,-0.6981124699137781,0.09433962264150944,0.09433962264150944,0.6226407718005705,0.6226407718005705,0.6226407718005705,40.31409418090119,44.11859494333431,330.978271484375,330.978271484375,CORONAL,BACK,0.0,0.6836437062709758,484.13854826476694,,,,,,,,,,,,,,,,,,,,,,,,,,,,,,,,,,,,,,,,,,BODY,0.8876,0.8876,0.7103,0.0927,0.5868,SAMAPADHAM,INCORRECT,FEET_NOT_ALIGNED,Feet not aligned / V-shaped,CANONICAL,turnout_deviation_deg,76.56901867820761,<= 8°,,True,2 of 7 parameter checks out of range,0,1,0,48
DJI_20260917132156_0047_D.JPG,Cam 8,6,ARAMANDI,INCORRECT,INSUFFICIENT_KNEE_BEND,,rtmpose_m_halpe26,halpe_26,0,0,OK,207.83,182.85,24.98,19,1,1,19.0,1.0,1.0,1.0,0.0,0.0,11.346294632492487,7.619764255771571,9.483029444132029,168.6537053675075,172.38023574422843,3.726530376720916,0.4526827035748813,0.3143376808085027,1.1779406553348541,3.747373373453328,3.576325547429474,4.96972370234832,76.50430790559588,67.16628710318096,71.83529750438842,9.338020802414917,22.02643551672702,28.54432849654104,25.28538200663403,0.7461299053628921,1.6482403667527574,0.7392574671189113,1.7356983448484493,0.0,1.7356983448484493,-0.03921520673784635,-0.01960740927074987,0.991068685519426,0.029411308004298108,-0.11764678480257887,-0.15686315612946503,-0.13725497046602195,2.3627450295339782,1.1764709535965616,1.554708895919351,0.7741291736874618,1.5197346819944764,0.5041164193477888,0.40422611704858874,14.241359022044922,0.4526827035748813,-0.4509808945286054,-0.7450986329277458,0.11764678480257887,0.07843196626107912,0.6470588691995702,0.6666666666666666,0.6568627679331185,41.308623417423405,44.14490462483366,314.455078125,314.455078125,CORONAL,BACK,0.0,0.6580095932848065,477.8882881558451,,,,,,,,,,,,,,,,,,,,,,,,,,,,,,,,,,,,,,,,,,BODY,0.8953,0.8953,0.7132,0.0772,0.5146,SAMAPADHAM,INCORRECT,FEET_NOT_ALIGNED,Feet not aligned / V-shaped,CANONICAL,turnout_deviation_deg,71.83529750438842,<= 8°,,True,2 of 7 parameter checks out of range,0,1,0,48
DJI_20260917132232_0048_D.JPG,Cam 8,7,ARAMANDI,INCORRECT,FEET_TOO_FAR_APART,,rtmpose_m_halpe26,halpe_26,0,0,OK,195.48,173.35,22.13,19,1,1,19.0,1.0,1.0,1.0,0.0,0.0,41.943946513546535,39.11529705244482,40.529621782995676,138.05605348645346,140.88470294755518,2.828649461101719,1.000178771020739,0.849894834950244,1.8301892230813939,2.153430221973922,2.544843381321639,1.080917359613987,75.96375653207352,78.23178089330753,77.09776871269052,2.268024361234012,31.277710669468277,21.82890527326272,26.5533079713655,1.5500446352661836,1.549767581733689,0.3493578614753449,0.0,0.0,0.0,-0.0943394959947439,-0.08490558587926111,0.9981161647416743,0.0896225409370025,-0.1320755312965911,-0.09433910115482778,-0.11320731622570945,2.0283025200262808,1.1320763209764233,1.3109501969881228,0.7316934536818512,1.5472002862399028,0.5445613660954162,0.46255300445566466,27.30215336811203,1.000178771020739,-1.0000007896798322,-1.5471711299370783,0.09433989083465999,0.2641510625931822,0.6792454767139211,0.6981140866247189,0.68867978166932,40.73213326152134,41.72951744255831,309.1640625,309.1640625,CORONAL,BACK,0.0,0.6463287325458418,478.3387259950912,,,,,,,,,,,,,,,,,,,,,,,,,,,,,,,,,,,,,,,,,,BODY,0.9149,0.2731,0.9149,0.211,0.2091,ARAMANDI,INCORRECT,FEET_TOO_FAR_APART,Feet too far apart,CANONICAL,foot_separation_deviation_pct,66.69646183678985,<= 5,,False,3 of 8 parameter checks out of range,1,1,1,48
DJI_20260917132234_0049_D.JPG,Cam 8,7,ARAMANDI,INCORRECT,FEET_TOO_FAR_APART,,rtmpose_m_halpe26,halpe_26,0,0,OK,215.95,186.51,29.44,19,1,1,19.0,1.0,1.0,1.0,0.0,0.0,47.104327241996344,46.96321652751013,47.033771884753236,132.89567275800366,133.03678347248987,0.14111071448621715,1.000171456804541,0.8335380182702421,1.8334266012659868,2.1995716584958096,1.2729919605522124,1.06092325521131,77.90528406316207,77.00534936487949,77.45531671402078,0.8999346982825784,31.687010115694918,25.333727807780008,28.510368961737463,1.6518892549139976,1.6516060758138782,0.3451694859896846,0.0,0.0,0.0,-0.11111154378745139,-0.10185179416167314,0.9998254342539694,0.10648166897456227,-0.1111107649700389,-0.11111154378745139,-0.11111115437874514,1.972221919348784,1.138888845621255,1.283109361995218,0.7409505622831115,1.5370645540938186,0.5302897939173346,0.4941363654982498,31.931371351516468,1.000171456804541,-1.0,-1.6481482058383268,0.07407410291916343,0.27777769124250973,0.6666669262724708,0.6666669262724708,0.6666669262724708,40.732058656374505,41.63350194560779,313.47607421875,313.47607421875,CORONAL,BACK,0.0,0.6505907623310937,481.83296223812374,,,,,,,,,,,,,,,,,,,,,,,,,,,,,,,,,,,,,,,,,,BODY,0.8851,0.2382,0.8851,0.2415,0.1726,ARAMANDI,INCORRECT,FEET_TOO_FAR_APART,Feet too far apart,CANONICAL,foot_separation_deviation_pct,66.69524280075684,<= 5,,True,3 of 8 parameter checks out of range,1,1,1,48
DJI_20260917132249_0050_D.JPG,Cam 8,8,ARAMANDI,INCORRECT,FEET_NOT_IN_LINE,,rtmpose_m_halpe26,halpe_26,0,0,OK,215.95,183.48,32.47,19,1,1,19.0,1.0,1.0,1.0,0.0,0.0,4.29230036567327,1.0609789446675393,2.676639655170405,175.70769963432673,178.93902105533246,3.231321421005731,0.41505787565155416,0.31710308544335497,0.5579214013307076,1.759432269637662,14.036243467926479,13.392565320013018,53.13016694058023,,53.13016694058023,,44.123046581614176,81.59806760522537,62.86055709341977,0.5628690362919222,1.3561218068885823,0.7440747232177429,1.7898704387268836,1.1016819401059519,1.7898704387268836,-0.10574938997331276,-0.08652178483307689,0.9608867799028139,0.09613558740319483,-0.17304438243214862,-0.11536319254343069,-0.14420378748778967,2.134219874819463,1.0478825354609942,1.4414370367079463,0.7077324668156213,1.480619562609368,0.28840773752896154,0.11695468459616878,8.31419246686163,0.4126774047976008,-0.40377076751901003,-0.5575899831089073,0.1922719875723845,0.01922841790623073,0.6729515501203484,0.692179968026579,0.6825657590734637,40.60131174140239,41.633487138553406,300.3824305471538,300.3824305471538,CORONAL,BACK,0.0,0.6753929403969589,444.75210293226564,,,,,,,,,,,,,,,,,,,,,,,,,,,,,,,,,,,,,,,,,,BODY,0.8699,0.8699,0.6303,0.1167,0.6079,SAMAPADHAM,INCORRECT,FEET_NOT_ALIGNED,Feet not aligned / V-shaped,CANONICAL,turnout_deviation_deg,53.13016694058023,<= 8°,,True,1 of 7 parameter checks out of range,0,1,0,48
DJI_20260917132251_0051_D.JPG,Cam 8,8,ARAMANDI,INCORRECT,FEET_NOT_IN_LINE,,rtmpose_m_halpe26,halpe_26,0,0,OK,219.16,186.89,32.27,19,1,1,19.0,1.0,1.0,1.0,0.0,0.0,4.112264024382881,4.1665880134139,4.139426018898391,175.88773597561712,175.8334119865861,0.05432398903101898,0.4471238055051546,0.36870773556517594,0.5398920033224724,1.4642817365762495,12.528807709151511,10.304846468766033,36.02732101562893,,36.02732101562893,,61.09770597981151,83.99089019162113,72.54429808571632,0.6211655077517892,1.3892472288519833,1.487865487627774,1.789872799991665,1.1457376585190642,1.789872799991665,-0.13997189128550885,-0.09997992234679205,0.9696616534378517,0.11997590681615045,-0.2199562518127379,-0.13997231393530424,-0.17996428287402105,2.229555015557133,1.0997808364138941,1.447563529132878,0.7140450079605624,1.5402122053273095,0.2719751348653645,0.14139344032195522,9.246164866201072,0.44643539737984783,-0.439911658325885,-0.6198767864994968,0.1999598446935841,0.0,0.7198554408969028,0.6998598790773397,0.7098576599871212,40.73216464956008,43.31535336368461,288.82141629672935,288.82141629672935,CORONAL,BACK,0.0,0.6492611839726921,444.8462705401424,,,,,,,,,,,,,,,,,,,,,,,,,,,,,,,,,,,,,,,,,,BODY,0.8697,0.8697,0.6497,0.1145,0.5632,SAMAPADHAM,INCORRECT,FEET_NOT_ALIGNED,Feet not aligned / V-shaped,CANONICAL,turnout_deviation_deg,36.02732101562893,<= 8°,,True,1 of 7 parameter checks out of range,0,1,0,48
DJI_20260917132329_0052_D.JPG,Cam 8,9,SAMAPADHAM,INCORRECT,FEET_TOO_FAR_APART,,rtmpose_m_halpe26,halpe_26,0,0,OK,224.29,199.7,24.59,19,1,1,19.0,1.0,1.0,1.0,0.0,0.0,5.888056063774627,8.006272195870451,6.947164129822539,174.11194393622537,171.99372780412955,2.1182161320958244,0.8010005820111248,0.7410805621608232,0.7424287519952335,1.0018192216922803,3.094026039024468,2.862372335890509,5.710549609348021,5.194374854483698,5.4524622319158595,0.5161747548643234,82.2799182011386,85.81066177660904,84.04528998887382,0.8609295734975774,1.0748176628486148,1.4878804962619638,0.0,0.0,0.0,-0.08000035296022369,-0.039999984653903316,0.983972782147869,0.060000168807063506,-0.19999953961709954,-0.22000010742267678,-0.20999982351988816,2.3000008440353175,1.1400009054197042,1.4930027612841477,0.7400103804622393,1.5405201542005602,0.2009970344734501,0.2209073092635435,3.0145688206063275,0.8009118490806422,-0.8000012276877345,-0.8599998618851299,0.040000368306320366,0.120000337614127,0.6600003222680303,0.6600003222680303,0.6600003222680303,40.31407551474752,43.21012638524603,318.179443359375,318.179443359375,CORONAL,BACK,0.0,0.6491313971279664,490.1618451474328,,,,,,,,,,,,,,,,,,,,,,,,,,,,,,,,,,,,,,,,,,BODY,0.7683,0.7683,0.7036,0.0974,0.2814,SAMAPADHAM,INCORRECT,FEET_TOO_FAR_APART,Feet too far apart,CANONICAL,foot_gap_norm,0.5010005820111247,<= 0.05,,True,1 of 7 parameter checks out of range,1,1,1,48
DJI_20260917132332_0053_D.JPG,Cam 8,9,SAMAPADHAM,INCORRECT,FEET_TOO_FAR_APART,,rtmpose_m_halpe26,halpe_26,0,0,OK,203.74,176.0,27.74,19,1,1,19.0,1.0,1.0,1.0,0.0,0.0,3.8785402923886068,5.906143712170575,4.892342002279591,176.1214597076114,174.09385628782942,2.0276034197819683,0.840070140356344,0.7800996069462747,0.7622128380269129,0.9770711730141999,1.4687658868929259,1.3638937450241815,0.0,4.7633370507142985,2.3816685253571492,4.7633370507142985,90.0,85.23666294928563,87.61833147464282,0.8407837791982145,1.000849499116309,1.487859711285962,1.7899364655255672,1.145778734034592,1.7899364655255672,-0.059987679526947765,-0.019995893175649256,0.9992708108725509,0.03999178635129851,-0.19995970256362305,-0.23995225972205203,-0.21995598114283754,2.339532605272181,1.169766109934308,1.5189687484842849,0.7594842491282693,1.5402111515504862,0.19995970256362305,0.24078387913649202,0.0,0.8398321382200516,-0.8398321382200516,-0.8398321382200516,0.07998434350972751,0.11997612986102602,0.6798642220077271,0.6398716648492981,0.6598679434285126,39.47245529444502,44.09064180411899,316.73373966361265,316.73373966361265,CORONAL,BACK,0.0,0.6492616281821676,487.83683790218475,,,,,,,,,,,,,,,,,,,,,,,,,,,,,,,,,,,,,,,,,,BODY,0.7642,0.7642,0.6843,0.0876,0.2571,SAMAPADHAM,INCORRECT,FEET_TOO_FAR_APART,Feet too far apart,CANONICAL,foot_gap_norm,0.5400701403563439,<= 0.05,,False,1 of 7 parameter checks out of range,1,1,1,48
DJI_20260917132546_0054_D.JPG,Cam 8,10,SAMAPADHAM,INCORRECT,FEET_NOT_ALIGNED,,rtmpose_m_halpe26,halpe_26,0,0,OK,197.93,175.17,22.76,19,1,1,19.0,1.0,1.0,1.0,0.0,0.0,1.2049242259625146,3.231351544741301,2.218137885351908,178.79507577403749,176.7686484552587,2.0264273187787865,0.3679132700730481,0.2864422052756136,0.6356086799256643,2.2189770509345297,4.0855716817712135,3.1797959492925045,57.994591835982646,52.12494800767682,55.059769921829734,5.869643828305826,35.185243978974626,42.11147860773724,38.64836129335593,0.5106127819168677,1.3878618235637086,1.859605700470968,0.0,0.0,0.0,-0.05102023863584221,3.9556398722170096e-07,0.9910893831891789,0.025510317099914713,-0.10204126839965887,-0.14285714285714285,-0.12244920562840086,2.275510712663902,1.1020412683996588,1.4472881867061824,0.700928938783293,1.5722581954065649,0.19253094597968326,0.2326885054203695,7.416262430371262,0.3679132700730481,-0.36734682575722816,-0.5102047597423455,0.10204047727168442,0.10204126839965887,0.6938785681849468,0.6734698398282303,0.6836742040065885,38.45367975935773,43.21009318384989,308.59814453125,308.59814453125,CORONAL,BACK,0.0,0.6360278502103234,485.1959618265174,,,,,,,,,,,,,,,,,,,,,,,,,,,,,,,,,,,,,,,,,,BODY,0.88,0.88,0.6171,0.1142,0.5937,SAMAPADHAM,INCORRECT,FEET_NOT_ALIGNED,Feet not aligned / V-shaped,CANONICAL,turnout_deviation_deg,55.059769921829734,<= 8°,,True,1 of 7 parameter checks out of range,1,1,1,48
DJI_20260917132548_0055_D.JPG,Cam 8,10,SAMAPADHAM,INCORRECT,FEET_NOT_ALIGNED,,rtmpose_m_halpe26,halpe_26,0,0,OK,186.1,153.93,32.17,19,1,1,19.0,1.0,1.0,1.0,0.0,0.0,1.174777107953446,2.144127255143104,1.659452181548275,178.82522289204655,177.8558727448569,0.9693501471896582,0.3468667952294844,0.26603407206616014,0.6377649170488511,2.3973053981230077,4.398705354995532,0.0,49.398864470380765,50.71059313749964,50.05472880394021,1.311728667118878,44.686746588429685,43.37501792131084,44.030882254870264,0.5100978505216789,1.4705871462392417,1.1233151311780527,0.0,1.1691374510228982,0.0,-0.04080816518983419,-0.010201940955762155,0.9995102023124703,0.025505053072798173,-0.12242329146914585,-0.1836349372037188,-0.15302911433643232,2.3464496307595804,1.1426189925125037,1.5029780368450094,0.7318849838989895,1.56120021266921,0.18811510586614177,0.2899936485614894,8.17122211762094,0.3468667952294844,-0.3468667952294844,-0.5100978505216789,0.14282717338067016,0.12242329146914585,0.6937335904589688,0.6529258266359201,0.6733297085474444,38.453685300128164,44.09060365260546,304.1365576001024,304.1365576001024,CORONAL,BACK,0.0,0.6405328361378348,474.81805840576124,,,,,,,,,,,,,,,,,,,,,,,,,,,,,,,,,,,,,,,,,,BODY,0.8987,0.8987,0.6163,0.0926,0.6194,SAMAPADHAM,INCORRECT,FEET_NOT_ALIGNED,Feet not aligned / V-shaped,CANONICAL,turnout_deviation_deg,50.05472880394021,<= 8°,,False,1 of 7 parameter checks out of range,1,1,1,48
DJI_20260917132607_0056_D.JPG,Cam 8,11,SAMAPADHAM,INCORRECT,WEIGHT_ON_ONE_LEG,,rtmpose_m_halpe26,halpe_26,0,0,OK,190.56,166.41,24.15,19,1,1,19.0,1.0,1.0,1.0,0.0,0.0,7.993623155031997,1.0879343619611177,4.5407787584965575,172.006376844968,178.91206563803888,6.90568879307088,0.4513198399932519,0.3550446374340005,0.6472316839826668,1.8229586247531515,6.340125178161706,2.4894293321961456,50.90622845063747,5.710549901291799,28.308389175964635,45.19567854934567,42.160261563122106,79.18730660455938,60.673784083840744,0.6080423521058379,1.3472537615783282,0.36493217261733857,0.0,1.123247331386841,0.0,0.1176246276170736,0.1078226998272648,0.9942144676829232,0.1127236637221692,-0.2548523637440807,-0.19604004993554391,-0.2254462068398123,2.225062261586169,1.0978286126432135,1.445830070577897,0.7133614406676693,1.5389514347953863,0.40414814846716046,0.19701779699386818,8.168633507908384,0.4513198399932519,-0.45089390781899275,-0.6077262465953015,0.039208458228919225,0.1764369414256104,0.6469339577545367,0.6469347048242208,0.6469343312893787,42.2736824196005,41.30862193268678,326.79766052173574,326.79766052173574,CORONAL,BACK,0.0,0.6497930846875337,502.92572854770077,,,,,,,,,,,,,,,,,,,,,,,,,,,,,,,,,,,,,,,,,,BODY,0.869,0.869,0.6536,0.1153,0.5165,SAMAPADHAM,INCORRECT,FEET_NOT_ALIGNED,Feet not aligned / V-shaped,CANONICAL,turnout_deviation_deg,28.308389175964635,<= 8°,,True,2 of 7 parameter checks out of range,1,1,0,48
DJI_20260917132608_0057_D.JPG,Cam 8,11,SAMAPADHAM,INCORRECT,WEIGHT_ON_ONE_LEG,,rtmpose_m_halpe26,halpe_26,0,0,OK,211.7,187.53,24.17,19,1,1,19.0,1.0,1.0,1.0,0.0,0.0,7.067277907667915,2.029892201261873,4.548585054464894,172.93272209233209,177.97010779873813,5.037385706406042,0.4121520459940147,0.3355675596731401,0.6472320122903252,1.9287681232380214,6.709985246379811,2.7263700334988656,53.13010235415598,0.0,26.56505117707799,53.13010235415598,39.99201377293676,83.88447998005736,61.93824687649706,0.5894277335085569,1.4301220611121668,0.3649302485472835,0.0,1.1233269508627832,0.0,0.11762438297867521,0.10782250607632503,0.9950541640773003,0.11272344452750012,-0.2352495100175396,-0.1764360164228709,-0.20584276322020525,2.2054583899479674,1.088026565635506,1.4330914946219264,0.7069920812116229,1.538951559076697,0.39208251669589933,0.1764360164228709,9.237636147035365,0.4121520459940147,-0.4116855264404105,-0.5881222869234707,0.01960375380470037,0.19604125834794967,0.6469350364579501,0.6469342923977609,0.6469346644278555,42.27366604626531,40.314143118901335,328.11945665899543,328.11945665899543,CORONAL,BACK,0.0,0.6497930322121094,504.9599493887597,,,,,,,,,,,,,,,,,,,,,,,,,,,,,,,,,,,,,,,,,,BODY,0.875,0.875,0.6431,0.1206,0.565,SAMAPADHAM,INCORRECT,FEET_NOT_ALIGNED,Feet not aligned / V-shaped,CANONICAL,turnout_deviation_deg,26.56505117707799,<= 8°,,True,1 of 7 parameter checks out of range,1,1,0,48
DJI_20260917132638_0058_D.JPG,Cam 8,12,MUZHUMANDI,INCORRECT,KNEES_FACING_FORWARD,,rtmpose_m_halpe26,halpe_26,0,0,OK,217.23,184.24,32.99,19,1,1,19.0,1.0,1.0,1.0,0.0,0.0,149.4906862703358,149.9488023974308,149.71974433388328,30.509313729664203,30.051197602569204,0.4581161270949963,0.7972941441814261,0.6271244282504359,1.362439906740652,2.1725192726770564,6.632569160975943,2.082489349550329,74.35757344646304,87.79747497329944,81.07752420988123,13.439901526836408,7.463890696239005,29.080644748589037,18.27226772241402,1.7963473554697245,2.253054745954539,0.0,0.0,1.6602696318318573,0.0,0.0,0.0,0.9581455528750282,0.0,0.10140792680781059,-0.014486154408519495,0.04346088619964555,0.6663869287037528,1.0720137899868212,0.3965517034215982,0.6379310220529589,1.6804540819114233,0.3760961926698436,0.376931001015626,49.98443697166444,0.7972941441814261,-0.796767568157617,-1.7963473554697245,0.08692015708323306,0.08692015708323306,0.7098466034163549,0.6808734869412869,0.6953600451788209,41.26863231363252,42.4551975881164,302.28217417209834,302.28217417209834,CORONAL,BACK,0.0,0.5950772536804787,507.9713134765625,,,,,,,,,,,,,,,,,,,,,,,,,,,,,,,,,,,,,,,,,,BODY,0.8732,0.1166,0.2765,0.8732,0.1576,MUZHUMANDI,INCORRECT,KNEES_FACING_FORWARD,Feet and knees facing forward,CANONICAL,turnout_deviation_deg,36.07752420988123,<= 8°,,False,1 of 6 parameter checks out of range,1,1,1,48
DJI_20260917132640_0059_D.JPG,Cam 8,12,MUZHUMANDI,INCORRECT,KNEES_FACING_FORWARD,,rtmpose_m_halpe26,halpe_26,0,0,OK,219.36,189.37,29.99,19,1,1,19.0,1.0,1.0,1.0,0.0,0.0,153.2454717982108,156.44478158016383,154.8451266891873,26.754528201789217,23.555218419836155,3.1993097819530476,0.7834874768883784,0.6415166183552732,1.437761882236245,2.241191952162352,6.48315302273736,3.179774764158919,69.44392216246548,90.0,79.72196108123273,20.556077837534517,0.869228964869663,25.958776593183046,13.414002779026355,1.7673755060785927,2.2557801601344374,0.48349788911222563,1.3322215699848667,1.660286366653393,1.3322215699848667,0.007243352107546372,0.021730056322639114,0.9045591651989919,0.014486704215092744,0.17384045058111292,0.0,0.08692022529055646,0.6229266758071733,1.1227171685069655,0.3628558521898056,0.6539846674872956,1.7167331656575506,0.4950970686733119,0.33319339422622574,47.384083395587226,0.7834874768883784,-0.7822812248941008,-1.7673755060785927,0.10140692950564921,0.057946816860370974,0.6953609996035444,0.6663875911733589,0.6808742953884517,41.85507540717243,42.39747216401284,304.14135568424683,304.14135568424683,CORONAL,BACK,0.0,0.5825017073151119,522.1295523511961,,,,,,,,,,,,,,,,,,,,,,,,,,,,,,,,,,,,,,,,,,BODY,0.8269,0.1199,0.2749,0.8269,0.1598,MUZHUMANDI,INCORRECT,KNEES_FACING_FORWARD,Feet and knees facing forward,CANONICAL,turnout_deviation_deg,34.721961081232735,<= 8°,,False,1 of 6 parameter checks out of range,1,1,1,48
DJI_20260917132713_0060_D.JPG,Cam 8,13,MUZHUMANDI,INCORRECT,BACK_BENT_FORWARD,,rtmpose_m_halpe26,halpe_26,0,0,OK,210.1,184.93,25.17,19,1,1,19.0,1.0,1.0,1.0,0.0,0.0,144.162341250276,144.80384683539864,144.4830940428373,35.837658749724,35.19615316460134,0.6415055851226441,0.9371730797867399,0.6731796293276965,1.7508880744143611,2.6009225444967345,3.990943792767292,0.9548482926653084,60.25509433122964,78.95912155236965,69.60710794179965,18.70402722114001,15.255066042507636,30.83696602758704,23.046016035047337,2.624137136337862,2.800056033336982,0.7994155472788841,1.2730394030875538,1.7899245180227115,1.2730394030875538,-4.3180428874511925e-07,-0.02342624627300021,0.9681256175561711,0.011713339038644478,0.24987823302818057,0.1249382529055128,0.1874082429668467,0.7027822065385413,0.8901908813096767,0.4185640503961711,0.5301811819367422,1.6790314549788916,0.503645305179583,0.6523873861510783,86.8778161864954,0.9371730797867399,-0.9370429420513885,-2.623718855970164,0.09370412148342334,0.14055661402942377,0.7183997040538748,0.6871647090232078,0.7027822065385413,42.397418199537874,43.66780754795388,282.69824010954727,282.69824010954727,CORONAL,BACK,0.0,0.5955814568182535,474.6592374111052,,,,,,,,,,,,,,,,,,,,,,,,,,,,,,,,,,,,,,,,,,BODY,0.9057,0.0772,0.2592,0.9057,0.1226,MUZHUMANDI,INCORRECT,KNEES_FACING_FORWARD,Feet and knees facing forward,CANONICAL,turnout_deviation_deg,24.607107941799654,<= 8°,,False,1 of 6 parameter checks out of range,1,1,0,48
DJI_20260917132714_0061_D.JPG,Cam 8,13,MUZHUMANDI,INCORRECT,BACK_BENT_FORWARD,,rtmpose_m_halpe26,halpe_26,0,0,OK,219.02,184.14,34.88,19,1,1,19.0,1.0,1.0,1.0,0.0,0.0,143.9378417252072,139.61336623728317,141.77560398124518,36.062158274792814,40.386633762716826,4.324475487924019,0.8927954113098655,0.6356195913105693,1.6808764824785805,2.64446927920019,12.264806788103758,3.468242664501181,46.84761788153886,78.9298674490381,62.888742665288476,32.08224956749924,4.531402410625859,30.29693095740126,17.41416668401356,2.5926073431401093,2.9039209994777675,1.4261610627919892,0.0,2.321565317275987,0.0,0.013502480209972877,-0.027004960419945753,0.9216869311794219,0.020253720314959315,0.4050726798048974,0.1215210270190392,0.2632968534119683,0.7426333901835026,0.8641552804496863,0.45628980310913003,0.5309554458286216,1.6275476355667942,0.5922625795258298,0.6328877114759804,89.05084803745015,0.8927954113098655,-0.8911602408696321,-2.5924667045962035,0.08101401801269281,0.13502393885258432,0.7156292930107013,0.7156284297635569,0.7156288613871291,43.33167566121264,43.331710159942894,282.8166030650432,282.8166030650432,CORONAL,BACK,0.0,0.6144213405168627,460.2974936175436,,,,,,,,,,,,,,,,,,,,,,,,,,,,,,,,,,,,,,,,,,BODY,0.9315,0.0905,0.2706,0.9315,0.1789,MUZHUMANDI,INCORRECT,KNEES_FACING_FORWARD,Feet and knees facing forward,CANONICAL,turnout_deviation_deg,17.888742665288476,<= 8°,,False,1 of 6 parameter checks out of range,1,1,0,48
DJI_20260917132754_0062_D.JPG,Cam 8,14,MUZHUMANDI,INCORRECT,FEET_APART_HEEL_DOWN,,rtmpose_m_halpe26,halpe_26,0,0,OK,215.18,183.36,31.82,19,1,1,19.0,1.0,1.0,1.0,0.0,0.0,146.56923834561667,139.92005740651254,143.24464787606462,33.43076165438332,40.07994259348745,6.649180939104127,1.226520736087696,0.9729873862997019,1.9061756884033152,1.959095991626936,0.0,1.2453676069531792,78.92981995193615,65.37638448796967,72.15310221995291,13.55343546396648,42.14181508689012,50.23910684558422,46.19046096623717,2.319520384088971,1.8911383361423466,0.49390297381861803,0.0,1.5274827312738242,0.0,-0.04665042380225997,-0.05997864633094275,0.9590377054338398,0.05331453506660136,-0.1199572926618855,-0.14661456019518618,-0.13328592642853584,0.6131150970760779,1.0063091763353116,0.3965367155208515,0.6508378891426702,1.5461748510998543,0.624741056073745,0.35188436203253887,56.68712637238017,1.226520736087696,-1.2262310166280908,-2.3191756955896783,0.239914585323771,0.3598718779856565,0.6264437308427282,0.6264445533186633,0.6264441420806958,41.099492624243425,40.399872774303105,296.8361924938538,296.8361924938538,CORONAL,BACK,0.0,0.6467573827686184,458.9606557302321,,,,,,,,,,,,,,,,,,,,,,,,,,,,,,,,,,,,,,,,,,BODY,0.8979,0.027,0.1839,0.8979,0.0923,MUZHUMANDI,INCORRECT,FEET_APART_HEEL_DOWN,Heel pressing on the floor,CANONICAL,mean_heel_lift_norm,-0.13328592642853584,>= 0.04,,False,2 of 6 parameter checks out of range,1,1,1,48
DJI_20260917132756_0063_D.JPG,Cam 8,14,MUZHUMANDI,INCORRECT,FEET_APART_HEEL_DOWN,,rtmpose_m_halpe26,halpe_26,0,0,OK,204.24,171.57,32.67,19,1,1,19.0,1.0,1.0,1.0,0.0,0.0,146.76213388453323,141.9544244381687,144.35827916135096,33.23786611546677,38.04557556183129,4.807709446364527,1.2407056241393521,0.9866762601682191,1.8930842372550247,1.9186478013895576,1.5481487006851986,2.4628398455342904,80.9605012270422,71.56505117707799,76.2627762020601,9.39545004996421,38.15566356099242,45.32190080141709,41.738782181204755,2.3064646946334753,1.8589943091725847,1.6989568256637335,0.0,1.527563611254294,0.0,0.0,-0.046650224111767766,0.9925025545947732,0.023325112055883883,-0.09330044822353553,-0.1066289666327061,-0.09996470742812082,0.586458497120542,0.9996450258828542,0.3727173534715123,0.6353135819284359,1.5734671102867401,0.5938341713003835,0.33719039910944604,56.00311676652974,1.2407056241393521,-1.2395595862869369,-2.3058484332546563,0.25324266913358234,0.34654311735711785,0.6531023182054071,0.6531014988460656,0.6531019085257364,41.26859222710204,38.51692720516172,297.96526702791584,297.96526702791584,CORONAL,BACK,0.0,0.6355391818884383,468.83854767623166,,,,,,,,,,,,,,,,,,,,,,,,,,,,,,,,,,,,,,,,,,BODY,0.8817,0.0248,0.1778,0.8817,0.1013,MUZHUMANDI,INCORRECT,FEET_APART_HEEL_DOWN,Heel pressing on the floor,CANONICAL,mean_heel_lift_norm,-0.09996470742812082,>= 0.04,,False,2 of 6 parameter checks out of range,1,1,1,48
DJI_20260917132812_0064_D.JPG,Cam 8,15,SWASTIKAPADAM,INCORRECT,OVERCROSSING_SHINS,RIGHT,rtmpose_m_halpe26,halpe_26,0,0,OK,225.9,189.23,36.67,19,1,1,19.0,1.0,1.0,1.0,0.0,0.0,17.10819295499499,6.895069347509178,12.001631151252084,162.891807045005,173.10493065249082,10.213123607485812,0.3889182621523775,0.4269918156419249,0.5785240333583065,1.3548831901814635,7.765194777211365,8.530667391913271,,,,,41.768748440296264,70.59101867284919,56.179883556572726,0.3082926254614379,0.7926925924107141,0.3626124760264477,0.0,0.0,0.0,-0.07692325995109614,-0.0673082490179174,0.9876698847881779,0.07211575448450677,0.019230814987774035,0.1153848899266442,0.06730785245720912,2.0673082490179175,1.0192312115484823,1.3607322124508008,0.6708727361524964,1.5192616373022505,0.06081392904422749,0.13867537901476132,37.615122113768344,0.0,0.3846155066340641,-0.30769224668296796,0.5384620265362564,0.40384552850042155,0.673076938329258,0.673076938329258,0.673076938329258,40.601322445115926,41.53176209328497,307.822509765625,307.822509765625,CORONAL,BACK,0.0,0.6582144743519607,467.6629301850114,,,,,,,,,,,,,,,,,,,,,,,,,,,,,,,,,,,,,,,,,,BODY,0.8287,0.8287,0.6932,0.1562,0.6936,SAMAPADHAM,INCORRECT,KNEES_NOT_STRAIGHT,Knees not fully extended,SECONDARY,mean_knee_flexion_deg,12.001631151252084,<= 5°,,True,2 of 6 parameter checks out of range,0,1,0,48
DJI_20260917132813_0065_D.JPG,Cam 8,15,SWASTIKAPADAM,INCORRECT,OVERCROSSING_SHINS,RIGHT,rtmpose_m_halpe26,halpe_26,0,0,OK,207.49,173.72,33.77,19,1,1,19.0,1.0,1.0,1.0,0.0,0.0,18.164707786406893,4.264083378603743,11.214395582505318,161.8352922135931,175.73591662139626,13.90062440780315,0.4138055035351135,0.4594636103851129,0.6692136464101449,1.4565106600046605,19.179039855939482,24.227789464892,78.69011289896409,,78.69011289896409,,35.93341126616147,77.15229514128234,56.542853203721904,0.2830190878216947,0.6839422999546432,0.7073342901134885,0.0,0.0,0.0,-0.08490572634650842,-0.06603739867340144,0.9359095980340485,0.07547156250995493,0.03773587837622596,0.13207557431679087,0.08490572634650842,1.9905675843459194,0.9905668073759315,1.3023705466374513,0.648099087189253,1.5284187664450044,0.19241674208475631,0.13207557431679087,37.47122902384323,0.0,0.37735800679227166,-0.2830190878216947,0.5283015202971755,0.3962267229503726,0.6792450338020793,0.6792450338020793,0.6792450338020793,39.80560332458922,40.73213910626141,314.221435546875,314.221435546875,CORONAL,BACK,0.0,0.6542709510993052,480.26193890913316,,,,,,,,,,,,,,,,,,,,,,,,,,,,,,,,,,,,,,,,,,BODY,0.8093,0.8093,0.6732,0.1861,0.7624,SAMAPADHAM,INCORRECT,FEET_NOT_ALIGNED,Feet not aligned / V-shaped,CANONICAL,turnout_deviation_deg,78.69011289896409,<= 8°,,True,3 of 7 parameter checks out of range,0,1,0,48
DJI_20260917132845_0066_D.JPG,Cam 8,16,SWASTIKAPADAM,INCORRECT,OVERCROSSING_SHINS,LEFT,rtmpose_m_halpe26,halpe_26,0,0,OK,208.46,184.63,23.83,19,1,1,19.0,1.0,1.0,1.0,0.0,0.0,21.370606938241764,11.978671467268185,16.674639202754975,158.62939306175824,168.02132853273181,9.391935470973579,0.514582570883284,0.6276352704618733,0.9395641453236924,1.4969906720383517,14.470285063078206,17.744658181063834,19.6537192744492,69.44404994696114,44.54888461070517,49.79033067251194,83.08869481728135,40.05840347157346,61.5735491444274,0.36148104639856676,0.7024743293930116,1.8240718126278332,3.814072272644385,1.1233449880358395,3.814072272644385,-0.11762372547937888,-0.06861407096147748,0.9318867154624224,0.09311889822042818,0.27445786852138276,0.05881206082412355,0.16663496467275316,2.038822466427167,0.9802029945797336,1.324169879160931,0.6366200599900029,1.5396985677691748,0.29143620548342913,0.16749756453955686,46.06747787570241,0.0,0.49010090303656445,-0.35287315728247776,0.6077250246848116,0.47049688276185664,0.6861422942902476,0.6077254208536798,0.6469338575719636,38.659784047906015,47.64250810239882,308.12696881073896,308.12696881073896,CORONAL,BACK,0.0,0.6494777750224652,474.42265256895195,,,,,,,,,,,,,,,,,,,,,,,,,,,,,,,,,,,,,,,,,,BODY,0.7599,0.7257,0.7599,0.1768,0.6956,ARAMANDI,INCORRECT,INSUFFICIENT_KNEE_BEND,Insufficient knee bend,CANONICAL,mean_knee_flexion_deg,16.674639202754975,30-45°,,True,2 of 8 parameter checks out of range,0,1,0,48
DJI_20260917132847_0067_D.JPG,Cam 8,16,SWASTIKAPADAM,INCORRECT,OVERCROSSING_SHINS,LEFT,rtmpose_m_halpe26,halpe_26,0,0,OK,205.72,171.41,34.31,19,1,1,19.0,1.0,1.0,1.0,0.0,0.0,19.71037835656901,10.053793844495232,14.88208610053212,160.289621643431,169.94620615550477,9.656584512073778,0.5448020774859349,0.6314209841944642,0.9364671609477243,1.4831106098610627,25.76924301722801,30.256490997542468,32.0052794384988,61.389569746569556,46.697424592534176,29.384290308070753,82.89948997528401,47.41034632204008,65.15491814866205,0.36630596481082206,0.6723652128883061,2.2025930460771943,3.691407520085332,0.0,3.691407520085332,-0.1274506472901048,-0.0686272108370523,0.8839020285029747,0.09803892906357856,0.15686355074021163,0.11764687290610501,0.1372552118231583,2.0588242266021064,1.0098045645330536,1.3451587321238003,0.659768527185991,1.5305437027134612,0.18498076286004295,0.24568541328287927,43.704685482392506,0.0,0.4705882817734737,-0.35294219901642243,0.6078427034475784,0.4705882817734737,0.7058828177347375,0.6274510423646317,0.6666669300496846,37.87498809125368,46.735679170028966,308.98046875,308.98046875,CORONAL,BACK,0.0,0.653362591494203,472.9081107067659,,,,,,,,,,,,,,,,,,,,,,,,,,,,,,,,,,,,,,,,,,BODY,0.7496,0.747,0.7496,0.1651,0.7486,ARAMANDI,INCORRECT,INSUFFICIENT_KNEE_BEND,Insufficient knee bend,CANONICAL,mean_knee_flexion_deg,14.88208610053212,30-45°,,True,3 of 8 parameter checks out of range,0,1,0,48
DJI_20260917132902_0068_D.JPG,Cam 8,17,SWASTIKAPADAM,INCORRECT,INSUFFICIENT_ARAMANDI,RIGHT,rtmpose_m_halpe26,halpe_26,0,0,OK,211.77,173.99,37.78,19,1,1,19.0,1.0,1.0,1.0,0.0,0.0,9.045864315951917,13.570445477224439,11.308154896588178,170.95413568404808,166.42955452277556,4.524581161272522,0.15547890397542574,0.19227869052887417,0.4806974581277661,2.500003805962994,11.309932474020213,14.03644357402724,68.19859051364818,,68.19859051364818,,4.6254654950045335,43.492377475578614,24.058921485291574,0.3963942017082721,2.549504733908623,1.0741678729843371,0.0,2.1610762633718243,0.0,-0.1602634261868857,-0.1319817109449204,0.962850508759122,0.14612256856590305,-0.0754179073119075,0.05656343048393063,-0.009427238413988438,2.073997302015526,1.0275712260192333,1.3747588601353045,0.6811304171018943,1.5086262486872801,0.20306893014190813,0.10994018733247561,29.70476504095313,0.0,0.1508365609219795,-0.3959455059838434,0.47136341329575093,0.20739999140591014,0.6599081815755197,0.6599081815755197,0.6599081815755197,39.64418812971082,41.53177904072392,327.13550242071796,327.13550242071796,CORONAL,BACK,0.0,0.6628547003408847,493.5252058293964,,,,,,,,,,,,,,,,,,,,,,,,,,,,,,,,,,,,,,,,,,BODY,0.8605,0.8605,0.6264,0.1491,0.8496,SAMAPADHAM,INCORRECT,FEET_NOT_ALIGNED,Feet not aligned / V-shaped,CANONICAL,turnout_deviation_deg,68.19859051364818,<= 8°,,True,2 of 7 parameter checks out of range,0,1,0,48
DJI_20260917132904_0069_D.JPG,Cam 8,17,SWASTIKAPADAM,INCORRECT,INSUFFICIENT_ARAMANDI,RIGHT,rtmpose_m_halpe26,halpe_26,0,0,OK,237.2,207.85,29.35,19,1,1,19.0,1.0,1.0,1.0,0.0,0.0,14.044612412956411,18.53686886556369,16.29074063926005,165.9553875870436,161.4631311344363,4.492256452607279,0.1398985862108765,0.2148482437095966,0.4615973710535431,2.148481007261429,10.304882863052224,15.94518131127428,,60.2552236869142,60.2552236869142,,28.52016646750699,45.26887861967096,36.89452254358898,0.5192022149897163,3.711275639391348,1.8240882651771226,1.9749475183076977,2.202611601345201,1.9749475183076977,-0.16334062074503508,-0.11529930657882528,0.9747188016343137,0.13931996366193017,0.01921667824640568,0.07686595008601392,0.0480413141662098,2.1426447479318615,1.0473013354330216,1.4196626049330499,0.6939155655391863,1.509263356297891,0.11688898535522527,0.15492877220234902,34.58182361124339,0.0,0.13451598482523097,-0.5188464981549094,0.46119722631530113,0.23059861315765057,0.672579161226546,0.672579161226546,0.672579161226546,40.60126253227722,41.531709348355406,320.01671278829065,320.01671278829065,CORONAL,BACK,0.0,0.662574888489259,482.98949801427375,,,,,,,,,,,,,,,,,,,,,,,,,,,,,,,,,,,,,,,,,,BODY,0.8588,0.8189,0.6882,0.1305,0.8588,SWASTIKAPADAM,INCORRECT,INSUFFICIENT_ARAMANDI,Insufficient Aramandi (left leg),CANONICAL,mean_knee_flexion_deg,16.29074063926005,30-45°,LEFT,False,1 of 5 parameter checks out of range,1,1,1,48
DJI_20260917132926_0070_D.JPG,Cam 8,18,SWASTIKAPADAM,INCORRECT,INSUFFICIENT_ARAMANDI,LEFT,rtmpose_m_halpe26,halpe_26,0,0,OK,210.72,189.36,21.36,19,1,1,19.0,1.0,1.0,1.0,0.0,0.0,8.602411209398099,9.694625462561191,9.148518335979645,171.3975887906019,170.3053745374388,1.0922142531630925,0.06199311571672342,0.1807414495010958,0.2940614857658039,1.6269731518559112,12.52896714066399,18.435400550568612,69.44358349978516,,69.44358349978516,,31.24134675802285,11.768742910970317,21.505044834496584,0.41215286674488344,6.6483650963473035,1.1233070542430226,0.0,1.1233218108127445,0.0,0.09802049525526796,0.06861426939861752,0.9821140457023869,0.08331738232694275,0.05881322451400142,0.01960440817133381,0.03920881634266762,2.1270415785564425,1.0390158586645795,1.4180277261987633,0.6926772426077861,1.4999999924248995,0.16749724246074893,0.04383609811715735,25.481690248000824,0.0,0.05881167891260034,-0.41168638919240563,0.23524826125180245,0.3724768000490375,0.6469346504442081,0.6469346504442081,0.6469346504442081,39.28942549799527,41.308587097309925,315.91667143801504,315.91667143801504,CORONAL,BACK,0.0,0.666666670033378,473.87500476392205,,,,,,,,,,,,,,,,,,,,,,,,,,,,,,,,,,,,,,,,,,BODY,0.8928,0.8791,0.5873,0.1284,0.8928,SWASTIKAPADAM,INCORRECT,INSUFFICIENT_ARAMANDI,Insufficient Aramandi (right leg),CANONICAL,mean_knee_flexion_deg,9.148518335979645,30-45°,RIGHT,False,1 of 5 parameter checks out of range,1,1,1,48
DJI_20260917132929_0071_D.JPG,Cam 8,18,SWASTIKAPADAM,INCORRECT,INSUFFICIENT_ARAMANDI,LEFT,rtmpose_m_halpe26,halpe_26,0,0,OK,215.87,183.71,32.16,19,1,1,19.0,1.0,1.0,1.0,0.0,0.0,8.796275011784417,14.351517949535662,11.57389648066004,171.20372498821558,165.64848205046434,5.555242937751245,0.019604475120103524,0.1372282439817944,0.25485355377295044,1.8571508778233798,0.0,0.0,66.03755745408517,,66.03755745408517,,33.781767845263865,35.71229909523285,34.747033470248354,0.4709064147713303,24.02035310236062,1.1160247231605953,2.0454486482746246,1.1233256474320354,2.0454486482746246,0.1176243467102403,0.08821782664626816,0.9980508380220067,0.10292108667825423,0.07841635955094897,0.07841635955094897,0.07841635955094897,2.107439085083204,1.0096100513699184,1.3958383215416028,0.6687037407110059,1.5098017102408317,0.19307824566780166,0.09802021829975091,27.23730870223922,0.0,0.019604475120103524,-0.4704981573056938,0.19604166934210498,0.3724773226346413,0.6469353515276952,0.6665398266477988,0.6567375890877469,39.28941057833009,40.462252299003,316.8744975352442,316.8744975352442,CORONAL,BACK,0.0,0.6623386324290809,478.4176583104159,,,,,,,,,,,,,,,,,,,,,,,,,,,,,,,,,,,,,,,,,,BODY,0.8466,0.8466,0.5957,0.1392,0.8318,SAMAPADHAM,INCORRECT,FEET_NOT_ALIGNED,Feet not aligned / V-shaped,CANONICAL,turnout_deviation_deg,66.03755745408517,<= 8°,,True,2 of 7 parameter checks out of range,0,1,0,48
DJI_20260917133328_0072_D.JPG,Cam 8,19,PATAKA,INCORRECT,ELBOWS_NOT_ALIGNED,,rtmpose_m_halpe26,halpe_26,0,0,OK,225.05,195.76,29.29,19,1,1,19.0,1.0,1.0,1.0,0.0,0.0,8.709630139426764,10.814240834161524,9.761935486794144,171.29036986057324,169.18575916583848,2.1046106947347596,0.281206124107609,0.21339717422962093,0.36878243142890743,1.7281504910280017,9.462263339938362,3.576308949504851,41.98746520537643,0.0,20.993732602688215,41.98746520537643,55.73437411197497,82.14667399023028,68.94052405110263,0.5613176769021773,1.9961075836576667,1.1088458407988855,0.0,1.0051168339822343,0.0,-0.043853245666504316,-0.017540698117262048,0.990602308314181,0.030696971891883182,-0.17541098216821832,-0.1578706174672561,-0.16664079981773722,2.0435455108097496,1.026158346704565,1.5029441597433668,0.754697502939594,1.3596949012122261,0.23599227756794264,0.1578706174672561,15.57516532712108,0.281206124107609,-0.28065850503478884,-0.5613176769021773,0.12278788756753273,0.08770649133300863,0.68410556446971,0.7191869607042342,0.7016462625869722,12.994571924357126,12.380831098542702,366.119810476216,366.119810476216,CORONAL,BACK,0.0,0.7354591085900648,497.81123953729747,,,,,,,,,,,,,,,,,,,,,,,,,,,,,,,,,,,,,,,,,,BODY,0.9118,0.9118,0.6706,0.0946,0.7613,SAMAPADHAM,INCORRECT,FEET_NOT_ALIGNED,Feet not aligned / V-shaped,CANONICAL,turnout_deviation_deg,20.993732602688215,<= 8°,,True,1 of 7 parameter checks out of range,0,1,0,48
DJI_20260917133331_0073_D.JPG,Cam 8,19,PATAKA,INCORRECT,ELBOWS_NOT_ALIGNED,,rtmpose_m_halpe26,halpe_26,0,0,OK,208.11,180.83,27.28,19,1,1,19.0,1.0,1.0,1.0,0.0,0.0,7.72182825051479,8.775752695499506,8.248790473007148,172.2781717494852,171.2242473045005,1.053924444984716,0.28284288730105617,0.2133976052555569,0.4034464881976951,1.8905858278706682,9.46249828782416,7.125149988983511,42.27363004706023,6.340350648227741,24.306990347643985,35.93327939883249,55.44819820345455,89.57419182085079,72.51119501215267,0.5449063735711986,1.9265337685200608,2.9356609861168423,1.974975277507431,1.005105383078007,1.974975277507431,-0.09647657984101288,-0.02631224781139709,0.9900616773806082,0.06139441382620498,-0.19295249482838184,-0.15786949774651907,-0.17541099628745044,2.0435446887998725,1.0349284683056348,1.491629543419794,0.7554177244626239,1.3700081885712232,0.26076748815573747,0.15884106046548446,14.4879870778919,0.28284288730105617,-0.280658657825751,-0.5437758171105705,0.1403293289128755,0.08770483329008132,0.719187478251665,0.7016459797107336,0.7104167289811993,8.325654124811713,16.699259176565977,367.2095764777223,367.2095764777223,CORONAL,BACK,0.0,0.7299226445083489,503.0801266962504,,,,,,,,,,,,,,,,,,,,,,,,,,,,,,,,,,,,,,,,,,BODY,0.9154,0.9154,0.6544,0.0982,0.756,SAMAPADHAM,INCORRECT,FEET_NOT_ALIGNED,Feet not aligned / V-shaped,CANONICAL,turnout_deviation_deg,24.306990347643985,<= 8°,,True,1 of 7 parameter checks out of range,0,1,0,48
DJI_20260917133338_0074_D.JPG,Cam 8,20,ALAPADMA,INCORRECT,ELBOWS_NOT_ALIGNED,,rtmpose_m_halpe26,halpe_26,0,0,OK,194.77,171.5,23.27,19,1,1,19.0,1.0,1.0,1.0,0.0,0.0,6.654462578826497,11.393165614705339,9.023814096765918,173.3455374211735,168.60683438529466,4.738703035878842,0.3082354470142432,0.23152713885487602,0.3482201805518399,1.504014528379364,4.763702628092217,3.576119492788805,21.80133331440122,10.304793453182029,16.053063383791624,11.49653986121919,74.85312926442529,88.22595775425268,81.53954350933898,0.6155716123594523,1.9970824845820132,1.8357759193490495,1.9748894113895208,1.1017240810923552,1.9748894113895208,-0.05768221256772859,-0.009614134512612284,0.9995503358630071,0.03364817354017044,-0.19227231222046523,-0.2114998399577055,-0.20188607608908538,2.3072666347136064,1.153633132034807,1.53767217379101,0.7688359633881164,1.5004931961701704,0.20708350770841003,0.21496724536935574,15.185213786261315,0.3082354470142432,-0.3076352547799538,-0.6152712508478919,0.13459121158471313,0.11536294255948855,0.8075435630683571,0.8075435630683571,0.8075435630683571,13.39250012390751,15.945461892615226,329.34652950649775,329.34652950649775,CORONAL,BACK,0.0,0.6664475404169645,494.1822267067582,,,,,,,,,,,,,,,,,,,,,,,,,,,,,,,,,,,,,,,,,,BODY,0.9234,0.9234,0.6738,0.0825,0.6969,SAMAPADHAM,INCORRECT,FEET_NOT_ALIGNED,Feet not aligned / V-shaped,CANONICAL,turnout_deviation_deg,16.053063383791624,<= 8°,,True,1 of 7 parameter checks out of range,0,1,0,48
DJI_20260917133340_0075_D.JPG,Cam 8,20,ALAPADMA,INCORRECT,ELBOWS_NOT_ALIGNED,,rtmpose_m_halpe26,halpe_26,0,0,OK,198.46,169.26,29.2,19,1,1,19.0,1.0,1.0,1.0,0.0,0.0,7.904769506414283,10.866057210558068,9.385413358486176,172.09523049358572,169.13394278944193,2.9612877041437855,0.3206977199015715,0.22715937112705062,0.35842661071360943,1.5778640737350025,4.763431724772071,0.0,33.69012328623344,7.124949436896955,20.407536361565196,26.56517384933648,63.191622963759556,89.27165770373514,76.23164033374735,0.6036665489911051,1.882353729163969,1.0877700230540817,2.04546943428787,1.0809172216008422,2.04546943428787,-0.03772960681178764,-0.009432580702884342,0.9917392158574176,0.023581093757335993,-0.16978072465392036,-0.15091699524765112,-0.16034885995078574,2.159994750983665,1.0941460675462216,1.4491063667186144,0.7340453174153827,1.4905701890433347,0.20405116849687815,0.15209144208355782,14.735037983154536,0.3206977199015715,-0.3206977199015715,-0.6036665489911051,0.11318810443561321,0.09432294302984452,0.7923124350507941,0.7923124350507941,0.7923124350507941,12.094771221042265,13.392477920615992,340.978645723805,340.978645723805,CORONAL,BACK,0.0,0.6708842075003605,508.2526044162723,,,,,,,,,,,,,,,,,,,,,,,,,,,,,,,,,,,,,,,,,,BODY,0.8913,0.8913,0.6691,0.1152,0.6822,SAMAPADHAM,INCORRECT,FEET_NOT_ALIGNED,Feet not aligned / V-shaped,CANONICAL,turnout_deviation_deg,20.407536361565196,<= 8°,,True,1 of 7 parameter checks out of range,0,1,0,48
DJI_20260917133428_0076_D.JPG,Cam 8,21,ALAPADMA,CORRECT,,,rtmpose_m_halpe26,halpe_26,0,0,OK,227.64,176.33,51.31,19,1,1,19.0,1.0,1.0,1.0,0.0,0.0,5.967968276323404,11.992604407478439,8.980286341900921,174.0320317236766,168.00739559252156,6.0246361311550345,0.34662312905483694,0.25069218302411145,0.3850245388581489,1.5358458098436896,4.3986545936256425,3.179796929701577,16.699125479782822,21.801632661882152,19.250379070832487,5.10250718209933,78.31401232646644,77.32856293285326,77.82128762965985,0.6152709608525002,1.7750430057284559,1.4057459339196154,0.0,1.1017348268107703,0.0,-0.019227353269575587,0.019226991288415703,0.9921987705252125,0.019227172278995647,-0.19227136080879656,-0.19227136080879656,-0.19227136080879656,2.2399687378381414,1.0863362292114436,1.4290162754466345,0.6930418830973225,1.5674900113632693,0.20073706915592285,0.20708291577847598,14.143333400984714,0.34662312905483694,-0.34608946300308147,-0.6152709608525002,0.07690941307830235,0.11536339565513375,0.461453582620535,0.5191345564857821,0.4902940695531586,50.38925086064352,48.01282723452103,337.2283588985945,337.2283588985945,CORONAL,BACK,0.0,0.6379625980074254,528.6020841219745,,,,,,,,,,,,,,,,,,,,,,,,,,,,,,,,,,,,,,,,,,BODY,0.8822,0.8822,0.6678,0.1235,0.6468,SAMAPADHAM,INCORRECT,FEET_NOT_ALIGNED,Feet not aligned / V-shaped,CANONICAL,turnout_deviation_deg,19.250379070832487,<= 8°,,True,1 of 7 parameter checks out of range,0,0,0,48
DJI_20260917133429_0077_D.JPG,Cam 8,21,ALAPADMA,CORRECT,,,rtmpose_m_halpe26,halpe_26,0,0,OK,216.08,183.98,32.1,19,1,1,19.0,1.0,1.0,1.0,0.0,0.0,5.013137180473507,10.729550466529446,7.871343823501476,174.9868628195265,169.27044953347055,5.716413286055939,0.32069653189998726,0.24523877544658937,0.35842683275741444,1.461542254501578,0.0,0.0,12.528731459010203,23.962756242481575,18.24574385074589,11.434024783471372,82.48440572146333,74.85765497895693,78.67103035021013,0.585105720216212,1.824484090145021,1.4321140639666103,1.9749571032372715,1.0809780049268065,1.9749571032372715,-0.018864794771031524,0.018864794771031524,0.9906886606299419,0.018864794771031524,-0.16978101899319145,-0.16978101899319145,-0.16978101899319145,2.216586711270051,1.084712540000077,1.4682918891706478,0.7185257479285531,1.5096362839149582,0.17392257663285554,0.18579473113739434,13.833548401912,0.32069653189998726,-0.32069653189998726,-0.5848015247483364,0.09432326253979353,0.13205285208185658,0.45275009529720794,0.4904782622085428,0.47161417875287537,49.39863545906368,49.08568395033625,343.2241693701159,343.2241693701159,CORONAL,BACK,0.0,0.6624112116639697,518.1436595977,,,,,,,,,,,,,,,,,,,,,,,,,,,,,,,,,,,,,,,,,,BODY,0.9041,0.9041,0.6574,0.107,0.649,SAMAPADHAM,INCORRECT,FEET_NOT_ALIGNED,Feet not aligned / V-shaped,CANONICAL,turnout_deviation_deg,18.24574385074589,<= 8°,,True,1 of 7 parameter checks out of range,0,0,0,48
DJI_20260917133438_0078_D.JPG,Cam 8,22,MUSHTI,CORRECT,,,rtmpose_m_halpe26,halpe_26,0,0,OK,220.71,188.47,32.24,19,1,1,19.0,1.0,1.0,1.0,0.0,0.0,5.783187640234502,10.53734032121352,8.160263980724011,174.2168123597655,169.46265967878648,4.754152680979018,0.37247714703587437,0.2744575882408562,0.412151802157418,1.501695780390394,0.0,0.0,24.443880407576955,9.46208743171411,16.952983919645533,14.981792975862845,70.40011687039629,88.2597334675612,79.32992516897875,0.6273299318498937,1.6842105263157894,1.8241165890584095,0.0,1.1233018794514844,0.0,-0.039208492268882206,0.00980240171341844,0.9996879801798687,0.02450544699115032,-0.21564540712992866,-0.23525021055676554,-0.2254478088433471,2.352488730550157,1.156640304904769,1.527887999086097,0.75121160759397,1.5396997240355923,0.23687743917752246,0.23849503146159134,12.565818177248383,0.37247714703587437,-0.37247714703587437,-0.6273299318498937,0.07841624148123671,0.09802104490807359,0.4704974488874203,0.49010150925772944,0.48029947907257486,49.398705354995535,49.23643183336118,328.5626542514782,328.5626542514782,CORONAL,BACK,0.0,0.6494772872849353,505.8878280794027,,,,,,,,,,,,,,,,,,,,,,,,,,,,,,,,,,,,,,,,,,BODY,0.9129,0.9129,0.6807,0.0855,0.5851,SAMAPADHAM,INCORRECT,FEET_NOT_ALIGNED,Feet not aligned / V-shaped,CANONICAL,turnout_deviation_deg,16.952983919645533,<= 8°,,True,1 of 7 parameter checks out of range,0,0,0,48
DJI_20260917133440_0079_D.JPG,Cam 8,22,MUSHTI,CORRECT,,,rtmpose_m_halpe26,halpe_26,0,0,OK,204.67,176.43,28.24,19,1,1,19.0,1.0,1.0,1.0,0.0,0.0,8.879131743281192,8.79086310141929,8.834997422350241,171.1208682567188,171.2091368985807,0.08826864186190164,0.3599281131057831,0.26071588933969647,0.3804498338370776,1.4592506609421696,4.398679891709801,0.0,18.435020968679154,18.434804531226035,18.434912749952595,0.00021643745311905604,78.56624494814034,78.44691814817457,78.50658154815746,0.6401843068377138,1.7786449113786318,2.1885837002424235,0.0,1.1457559149325116,0.0,-0.059988018850963845,0.0,1.0,0.029994009425481923,-0.17996443423271155,-0.17996443423271155,-0.17996443423271155,2.359527860218331,1.1497695430038637,1.5020884304625386,0.7319496232116948,1.570831525206383,0.18969924962169596,0.18969901075645562,13.88298859622005,0.3599281131057831,-0.3599281131057831,-0.639871949290401,0.09998015731154641,0.09998015731154641,0.4599082704173295,0.49990003119809207,0.47990415080771076,50.5993063680653,49.236371176906104,323.2111064291461,323.2111064291461,CORONAL,BACK,0.0,0.6366055073083764,507.71019527573816,,,,,,,,,,,,,,,,,,,,,,,,,,,,,,,,,,,,,,,,,,BODY,0.9046,0.9046,0.6815,0.0946,0.6293,SAMAPADHAM,INCORRECT,FEET_NOT_ALIGNED,Feet not aligned / V-shaped,CANONICAL,turnout_deviation_deg,18.434912749952595,<= 8°,,True,1 of 7 parameter checks out of range,0,0,0,48
DJI_20260917133513_0080_D.JPG,Cam 8,23,KATAKAMUKHA,CORRECT,,,rtmpose_m_halpe26,halpe_26,0,0,OK,198.11,169.44,28.67,19,1,1,19.0,1.0,1.0,1.0,0.0,0.0,9.69729120295301,9.816866460263526,9.757078831608268,170.302708797047,170.18313353973647,0.11957525731051533,0.36562083522127914,0.2888880187042808,0.3458981523806746,1.1973433648515275,3.8139506662626395,3.012680170146407,5.710849606911339,12.528629941040691,9.119739773976015,6.817780334129353,88.82912724121076,84.47263238028185,86.6508798107463,0.6341470953523249,1.7344391628243225,1.8357550692765396,0.0,2.202607727253041,0.0,-0.04804124916806432,-3.619908161012728e-07,0.9916064282985904,0.02402080557944021,-0.19216499667225728,-0.1729490761903373,-0.18255703643129728,2.277161871197265,1.104951626792008,1.5184506461937681,0.7368007223979358,1.4996614324642845,0.19312351797750218,0.1771678441573951,13.8829846870233,0.36562083522127914,-0.36511552082585896,-0.6341470953523249,0.07686585387257647,0.07686512989094427,0.44198065071680326,0.36511407286259456,0.4035473617896989,49.57394185079384,57.652564203782276,337.21936322784734,337.21936322784734,CORONAL,BACK,0.0,0.6668171750984973,505.7148733129674,,,,,,,,,,,,,,,,,,,,,,,,,,,,,,,,,,,,,,,,,,BODY,0.9038,0.9038,0.694,0.0891,0.6214,SAMAPADHAM,CORRECT,,,,foot_gap_norm,0.06562083522127915,<= 0.05,,True,7 parameter checks within range,0,1,0,48
DJI_20260917133515_0081_D.JPG,Cam 8,23,KATAKAMUKHA,CORRECT,,,rtmpose_m_halpe26,halpe_26,0,0,OK,176.92,144.51,32.41,19,1,1,19.0,1.0,1.0,1.0,0.0,0.0,5.866301473867367,9.744058017076838,7.805179745472103,174.13369852613263,170.25594198292316,3.877756543209472,0.39257158478225085,0.31427746147342056,0.3528736096304296,1.1228091507932496,3.576334374997351,2.8624052261117474,0.0,11.309974023321047,5.654987011660523,11.309974023321047,85.07289005235097,85.57171289115806,85.32230147175451,0.627636361829047,1.5987819448959366,1.8241044555823422,0.0,1.12330354442032,0.0,-0.04901059318324853,0.0,0.991606160079565,0.024505296591624266,-0.215644244416107,-0.19604015499219424,-0.20584219970415063,2.323083857486728,1.1370371865869398,1.5087894292989668,0.7384794493377486,1.5397005124605818,0.215644244416107,0.19992254414629337,11.80879686212813,0.39257158478225085,-0.3920817884782551,-0.6273301223182749,0.07841635769565101,0.07841635769565101,0.4116858779021678,0.3920817884782551,0.4018838331902115,53.13010235415598,57.171489958094504,330.2558509286166,330.2558509286166,CORONAL,BACK,0.0,0.6494769547110878,508.49510291789653,,,,,,,,,,,,,,,,,,,,,,,,,,,,,,,,,,,,,,,,,,BODY,0.9037,0.9037,0.68,0.0919,0.5806,SAMAPADHAM,CORRECT,,,,foot_gap_norm,0.09257158478225086,<= 0.05,,True,7 parameter checks within range,0,1,0,48
DJI_20260917133530_0082_D.JPG,Cam 8,24,PATAKA,INCORRECT,FINGERS_TOO_FAR_APART,,rtmpose_m_halpe26,halpe_26,0,0,OK,193.53,171.62,21.91,19,1,1,19.0,1.0,1.0,1.0,0.0,0.0,5.854357276726006,9.867125045444368,7.860741161085187,174.145642723274,170.13287495455563,4.012767768718362,0.39257184717847854,0.2966633805048293,0.43173491781007267,1.4553023601207313,7.594671424826638,2.8623571597785267,34.99204894520753,0.0,17.496024472603764,34.99204894520753,58.95314995616707,82.01072365519215,70.48193680567961,0.6273302813122087,1.5980011960129168,1.0877606673519429,2.045375750688256,1.123243453116933,2.045375750688256,0.009801886801765617,0.039207913591647436,0.998853219427993,0.024504900196706526,-0.1960406671119921,-0.17643616073929091,-0.1862384139256415,2.3132811909060127,1.1272345686631244,1.4934019275203103,0.7277170990828464,1.5490010748459757,0.23929821464794218,0.17643616073929091,11.934475246182457,0.39257184717847854,-0.3920820669931541,-0.6273302813122087,0.039208279976232406,0.11762410715952729,0.4508933878037478,0.4901024005491502,0.47049789417644905,53.426997768129546,47.20254359303188,333.1753504564285,333.1753504564285,CORONAL,BACK,0.0,0.6455773441599675,516.0889759691923,,,,,,,,,,,,,,,,,,,,,,,,,,,,,,,,,,,,,,,,,,BODY,0.8986,0.8986,0.6786,0.0975,0.6063,SAMAPADHAM,INCORRECT,FEET_NOT_ALIGNED,Feet not aligned / V-shaped,CANONICAL,turnout_deviation_deg,17.496024472603764,<= 8°,,True,1 of 7 parameter checks out of range,0,1,0,48
DJI_20260917133533_0083_D.JPG,Cam 8,24,PATAKA,INCORRECT,FINGERS_TOO_FAR_APART,,rtmpose_m_halpe26,halpe_26,0,0,OK,194.83,169.93,24.9,19,1,1,19.0,1.0,1.0,1.0,0.0,0.0,6.922299506806127,9.898478048072832,8.41038877743948,173.07770049319387,170.10152195192717,2.9761785412667052,0.3729932560141353,0.29666385809775425,0.35287386892287714,1.1894737403657747,7.5945496022085095,3.0127519143847326,15.255151737738387,0.0,7.627575868869194,15.255151737738387,79.75798103694356,82.01068749244925,80.8843342646964,0.6276370646978768,1.6827035196424338,1.7899034856544394,2.0454631959817355,1.123290335600032,2.0454631959817355,-0.019604226278166964,0.029405788396218397,0.9990156039176147,0.02450500733719268,-0.2156446523230631,-0.17643693446143857,-0.19604079339225083,2.2936775765672186,1.117432448866359,1.4617862618551514,0.7121521433490512,1.5690923060504858,0.22352070163185303,0.17643693446143857,13.002445282232713,0.3729932560141353,-0.37247772785368943,-0.6273308327330864,0.05881231148714619,0.11762388827958299,0.4704977572024601,0.4901023508279818,0.48030005401522097,51.34023538922311,50.1944605884629,332.30214111753367,332.30214111753367,CORONAL,BACK,0.0,0.637311135963103,521.4127329116249,,,,,,,,,,,,,,,,,,,,,,,,,,,,,,,,,,,,,,,,,,BODY,0.8906,0.8906,0.6747,0.1098,0.6324,SAMAPADHAM,CORRECT,,,,foot_gap_norm,0.07299325601413531,<= 0.05,,True,7 parameter checks within range,0,0,0,48
DJI_20260917133617_0084_D.JPG,Cam 8,25,KATAKAMUKHA,INCORRECT,FINGERS_BENT,,rtmpose_m_halpe26,halpe_26,0,0,OK,194.7,167.25,27.45,19,1,1,19.0,1.0,1.0,1.0,0.0,0.0,4.014152539063161,8.871332780490121,6.442742659776641,175.98584746093684,171.12866721950988,4.85718024142696,0.4116863556253465,0.35341657882612043,0.3577413900983638,1.0122371488247899,3.179850059821695,0.0,4.398565579842156,6.340481524196704,5.36952355201943,1.9419159443545482,81.58728188109464,89.66847116916233,85.62787652512849,0.6077256119794416,1.476185945138536,1.8125604655068508,2.045416744265219,1.1233068650295177,2.045416744265219,-0.058812442105015725,-0.009802073684169287,0.9917162781685216,0.034307257894592505,-0.2548524375688744,-0.17643584809552007,-0.21564414283219724,2.283874668649163,1.1174323348915993,1.473946532351223,0.7211584496117603,1.5494962798996186,0.25560527879945943,0.17752171717005416,10.023105232422466,0.4116863556253465,-0.4116863556253465,-0.6077256119794416,0.07841585036359075,0.05881170299525217,0.4901014668791737,0.4704973195108351,0.4802993931950044,47.20260773410514,47.290620394834775,330.3171423796942,330.3171423796942,CORONAL,BACK,0.0,0.6453710234559473,511.8251833044088,,,,,,,,,,,,,,,,,,,,,,,,,,,,,,,,,,,,,,,,,,BODY,0.8904,0.8904,0.6668,0.1044,0.5499,SAMAPADHAM,CORRECT,,,,foot_gap_norm,0.11168635562534651,<= 0.05,,True,7 parameter checks within range,0,0,0,48
DJI_20260917133619_0085_D.JPG,Cam 8,25,KATAKAMUKHA,INCORRECT,FINGERS_BENT,,rtmpose_m_halpe26,halpe_26,0,0,OK,180.17,157.9,22.27,19,1,1,19.0,1.0,1.0,1.0,0.0,0.0,4.900013895250282,8.824586221411835,6.8623000583310585,175.09998610474972,171.17541377858817,3.9245723261615524,0.43173453874378365,0.3729930328861018,0.3550444197535141,0.9518794949232509,3.012642636420908,2.60263879332947,4.763792387003491,0.0,2.3818961935017455,4.763792387003491,81.29102526281235,83.9909780783893,82.64100167060083,0.6273302829690249,1.4530463205338295,1.7678095877891846,2.0453890040119718,1.1232917970273812,2.0453890040119718,-0.04900971108157388,0.0,0.999999677014053,0.02450485554078694,-0.23524810847277444,-0.17643720281549571,-0.20584265564413506,2.3132819137294995,1.1272349433056528,1.4560971913460414,0.7095389564033941,1.5886864746927103,0.2360635807123694,0.17643720281549571,9.95420427179479,0.43173453874378365,-0.4312891957208997,-0.6273302829690249,0.05881240093849857,0.05881240093849857,0.4901015966593983,0.5097062287326377,0.49990391269601797,48.23974992195353,44.99995797904701,326.5481058167167,326.5481058167167,CORONAL,BACK,0.0,0.6294508173448281,518.7825590475418,,,,,,,,,,,,,,,,,,,,,,,,,,,,,,,,,,,,,,,,,,BODY,0.8789,0.8789,0.672,0.1116,0.5266,SAMAPADHAM,CORRECT,,,,foot_gap_norm,0.13173453874378366,<= 0.05,,True,7 parameter checks within range,0,0,0,48
DJI_20260917133654_0086_D.JPG,Cam 8,26,MUSHTI,INCORRECT,PINKY_DROPPED,,rtmpose_m_halpe26,halpe_26,0,0,OK,199.81,170.35,29.46,19,1,1,19.0,1.0,1.0,1.0,0.0,0.0,4.014169049026663,8.91990844693558,6.467038747981121,175.98583095097334,171.08009155306442,4.905739397908917,0.4403663772032233,0.36214319394022204,0.3405198312437622,0.9402905727394972,6.340178513936912,2.6026561631758365,10.30488118965107,7.125016348901795,8.714948769276432,3.179864840749275,75.68094976132232,88.8840213170244,82.28248553917336,0.6401849538172827,1.453755297766173,1.7788108539304786,0.0,1.1457177192902193,0.0,-0.059988292331655285,-0.009997985610518274,0.991205088747154,0.03499313897108678,-0.21995492609431075,-0.15996776976829238,-0.18996134793130157,2.329533676599123,1.1397718742732659,1.4465070720272561,0.7077330940503735,1.6104543984941047,0.2235610095107011,0.16121267391155672,10.023206714952828,0.4403663772032233,-0.43991212419989534,-0.6398725937473522,0.07998388488414619,0.05998791366310965,0.5798839227471512,0.559888708863206,0.5698863158051786,42.95455419184066,40.60126273260377,322.36718340009946,322.36718340009946,CORONAL,BACK,0.0,0.620942760586748,519.1576484368459,,,,,,,,,,,,,,,,,,,,,,,,,,,,,,,,,,,,,,,,,,BODY,0.8738,0.8738,0.6684,0.1154,0.5361,SAMAPADHAM,CORRECT,,,,foot_gap_norm,0.1403663772032233,<= 0.05,,True,7 parameter checks within range,0,0,0,48
DJI_20260917133656_0087_D.JPG,Cam 8,26,MUSHTI,INCORRECT,PINKY_DROPPED,,rtmpose_m_halpe26,halpe_26,0,0,OK,182.72,160.92,21.8,19,1,1,19.0,1.0,1.0,1.0,0.0,0.0,5.798890197348186,8.768561978497331,7.2837260879227586,174.2011098026518,171.23143802150267,2.9696717811491453,0.4201391647580156,0.3403159612496315,0.38179431130693453,1.1218818826627925,3.3665056041276435,2.726252021775124,5.194304277030085,7.12511660129428,6.159710439162183,1.9308123242641955,89.64973079276152,88.78103473429235,89.21538276352693,0.6394887588109351,1.5220879471668791,1.4502103779902031,0.0,2.2905562597149585,0.0,-0.04996001193131052,-0.009992153908802233,0.9913573536792609,0.029976082920056376,-0.21982435554284654,-0.15987218970273379,-0.18984827262279017,2.36810600500825,1.1690649610440969,1.4995200223942735,0.7402693599263506,1.5792426707494782,0.22073080792816333,0.1611163852601456,10.750186405378951,0.4201391647580156,-0.419663645655388,-0.6394887588109351,0.07993647365771722,0.05995216584011275,0.5795358353581218,0.5795373505835231,0.5795365929708225,41.87790103889348,38.418052173824535,322.24991053114996,322.24991053114996,CORONAL,BACK,0.0,0.6332149064370324,508.9108093559937,,,,,,,,,,,,,,,,,,,,,,,,,,,,,,,,,,,,,,,,,,BODY,0.8954,0.8954,0.68,0.0951,0.544,SAMAPADHAM,CORRECT,,,,foot_gap_norm,0.12013916475801562,<= 0.05,,True,7 parameter checks within range,0,0,0,48
