image_name,camera,variation_id,ground_truth_posture,ground_truth_status,ground_truth_error,ground_truth_side,model_name,model_layout,landmark_detection_status,detect_ms,pose_ms,hand_refined_left,hand_refined_right,00_nose_x,00_nose_y,00_nose_score,01_left_eye_inner_x,01_left_eye_inner_y,01_left_eye_inner_score,02_left_eye_x,02_left_eye_y,02_left_eye_score,03_left_eye_outer_x,03_left_eye_outer_y,03_left_eye_outer_score,04_right_eye_inner_x,04_right_eye_inner_y,04_right_eye_inner_score,05_right_eye_x,05_right_eye_y,05_right_eye_score,06_right_eye_outer_x,06_right_eye_outer_y,06_right_eye_outer_score,07_left_ear_x,07_left_ear_y,07_left_ear_score,08_right_ear_x,08_right_ear_y,08_right_ear_score,09_mouth_left_x,09_mouth_left_y,09_mouth_left_score,10_mouth_right_x,10_mouth_right_y,10_mouth_right_score,11_left_shoulder_x,11_left_shoulder_y,11_left_shoulder_score,12_right_shoulder_x,12_right_shoulder_y,12_right_shoulder_score,13_left_elbow_x,13_left_elbow_y,13_left_elbow_score,14_right_elbow_x,14_right_elbow_y,14_right_elbow_score,15_left_hip_x,15_left_hip_y,15_left_hip_score,16_right_hip_x,16_right_hip_y,16_right_hip_score,17_left_knee_x,17_left_knee_y,17_left_knee_score,18_right_knee_x,18_right_knee_y,18_right_knee_score,19_left_ankle_x,19_left_ankle_y,19_left_ankle_score,20_right_ankle_x,20_right_ankle_y,20_right_ankle_score,21_left_heel_x,21_left_heel_y,21_left_heel_score,22_right_heel_x,22_right_heel_y,22_right_heel_score,23_left_foot_index_x,23_left_foot_index_y,23_left_foot_index_score,24_right_foot_index_x,24_right_foot_index_y,24_right_foot_index_score,25_left_hand_wrist_x,25_left_hand_wrist_y,25_left_hand_wrist_score,26_left_hand_thumb_cmc_x,26_left_hand_thumb_cmc_y,26_left_hand_thumb_cmc_score,27_left_hand_thumb_mcp_x,27_left_hand_thumb_mcp_y,27_left_hand_thumb_mcp_score,28_left_hand_thumb_ip_x,28_left_hand_thumb_ip_y,28_left_hand_thumb_ip_score,29_left_hand_thumb_tip_x,29_left_hand_thumb_tip_y,29_left_hand_thumb_tip_score,30_left_hand_index_mcp_x,30_left_hand_index_mcp_y,30_left_hand_index_mcp_score,31_left_hand_index_pip_x,31_left_hand_index_pip_y,31_left_hand_index_pip_score,32_left_hand_index_dip_x,32_left_hand_index_dip_y,32_left_hand_index_dip_score,33_left_hand_index_tip_x,33_left_hand_index_tip_y,33_left_hand_index_tip_score,34_left_hand_middle_mcp_x,34_left_hand_middle_mcp_y,34_left_hand_middle_mcp_score,35_left_hand_middle_pip_x,35_left_hand_middle_pip_y,35_left_hand_middle_pip_score,36_left_hand_middle_dip_x,36_left_hand_middle_dip_y,36_left_hand_middle_dip_score,37_left_hand_middle_tip_x,37_left_hand_middle_tip_y,37_left_hand_middle_tip_score,38_left_hand_ring_mcp_x,38_left_hand_ring_mcp_y,38_left_hand_ring_mcp_score,39_left_hand_ring_pip_x,39_left_hand_ring_pip_y,39_left_hand_ring_pip_score,40_left_hand_ring_dip_x,40_left_hand_ring_dip_y,40_left_hand_ring_dip_score,41_left_hand_ring_tip_x,41_left_hand_ring_tip_y,41_left_hand_ring_tip_score,42_left_hand_pinky_mcp_x,42_left_hand_pinky_mcp_y,42_left_hand_pinky_mcp_score,43_left_hand_pinky_pip_x,43_left_hand_pinky_pip_y,43_left_hand_pinky_pip_score,44_left_hand_pinky_dip_x,44_left_hand_pinky_dip_y,44_left_hand_pinky_dip_score,45_left_hand_pinky_tip_x,45_left_hand_pinky_tip_y,45_left_hand_pinky_tip_score,46_right_hand_wrist_x,46_right_hand_wrist_y,46_right_hand_wrist_score,47_right_hand_thumb_cmc_x,47_right_hand_thumb_cmc_y,47_right_hand_thumb_cmc_score,48_right_hand_thumb_mcp_x,48_right_hand_thumb_mcp_y,48_right_hand_thumb_mcp_score,49_right_hand_thumb_ip_x,49_right_hand_thumb_ip_y,49_right_hand_thumb_ip_score,50_right_hand_thumb_tip_x,50_right_hand_thumb_tip_y,50_right_hand_thumb_tip_score,51_right_hand_index_mcp_x,51_right_hand_index_mcp_y,51_right_hand_index_mcp_score,52_right_hand_index_pip_x,52_right_hand_index_pip_y,52_right_hand_index_pip_score,53_right_hand_index_dip_x,53_right_hand_index_dip_y,53_right_hand_index_dip_score,54_right_hand_index_tip_x,54_right_hand_index_tip_y,54_right_hand_index_tip_score,55_right_hand_middle_mcp_x,55_right_hand_middle_mcp_y,55_right_hand_middle_mcp_score,56_right_hand_middle_pip_x,56_right_hand_middle_pip_y,56_right_hand_middle_pip_score,57_right_hand_middle_dip_x,57_right_hand_middle_dip_y,57_right_hand_middle_dip_score,58_right_hand_middle_tip_x,58_right_hand_middle_tip_y,58_right_hand_middle_tip_score,59_right_hand_ring_mcp_x,59_right_hand_ring_mcp_y,59_right_hand_ring_mcp_score,60_right_hand_ring_pip_x,60_right_hand_ring_pip_y,60_right_hand_ring_pip_score,61_right_hand_ring_dip_x,61_right_hand_ring_dip_y,61_right_hand_ring_dip_score,62_right_hand_ring_tip_x,62_right_hand_ring_tip_y,62_right_hand_ring_tip_score,63_right_hand_pinky_mcp_x,63_right_hand_pinky_mcp_y,63_right_hand_pinky_mcp_score,64_right_hand_pinky_pip_x,64_right_hand_pinky_pip_y,64_right_hand_pinky_pip_score,65_right_hand_pinky_dip_x,65_right_hand_pinky_dip_y,65_right_hand_pinky_dip_score,66_right_hand_pinky_tip_x,66_right_hand_pinky_tip_y,66_right_hand_pinky_tip_score
DJI_20260917131455_0056_D.JPG,Cam 5,1,ARAMANDI,CORRECT,,,rtmw_l_wholebody,coco_wholebody_133,OK,551.19,144.57,1,1,1599.0361328125,891.455322265625,1.0172526836395264,1616.66064453125,862.080810546875,1.0771058797836304,1634.285400390625,862.080810546875,1.022624135017395,1646.03515625,862.080810546875,1.046844720840454,1575.536376953125,867.95556640625,1.0766606330871582,1563.78662109375,862.080810546875,1.0346418619155884,1546.161865234375,867.95556640625,1.054579257965088,1675.40966796875,909.079833984375,0.9668574929237366,1516.787353515625,914.954833984375,0.9542049169540405,1628.41064453125,932.57958984375,1.0117895603179932,1569.66162109375,932.57958984375,1.0172361135482788,1751.78369140625,1108.82666015625,0.8363015651702881,1446.28857421875,1120.576416015625,0.8308768272399902,1939.7802734375,1290.948486328125,0.9177692532539368,1270.04150390625,1314.4482421875,0.9224945902824402,1716.5341796875,1537.694580078125,0.7503435611724854,1528.537109375,1543.569580078125,0.7514996528625488,1910.40576171875,1884.31396484375,0.8119808435440063,1475.6630859375,1884.31396484375,0.6992572546005249,1728.28369140625,2172.184326171875,0.887740969657898,1552.03662109375,2195.683837890625,0.8758500218391418,1693.034423828125,2201.558837890625,0.8493037223815918,1575.536376953125,2225.058349609375,0.8284191489219666,1904.531005859375,2230.933349609375,0.8686535358428955,1375.78955078125,2295.557373046875,0.9149523973464966,1582.424072265625,1265.6640625,0.3891531825065613,1582.424072265625,1265.6640625,0.37662696838378906,1582.424072265625,1265.6640625,0.37104785442352295,1582.424072265625,1265.6640625,0.35465437173843384,1582.424072265625,1265.6640625,0.33756840229034424,1582.424072265625,1265.6640625,0.3464646339416504,1582.424072265625,1265.6640625,0.36596331000328064,1582.424072265625,1265.6640625,0.34981483221054077,1582.424072265625,1265.6640625,0.31713080406188965,1582.424072265625,1265.6640625,0.34784239530563354,1582.424072265625,1265.6640625,0.3306836485862732,1582.424072265625,1295.077880859375,0.3026576340198517,1582.424072265625,1265.6640625,0.28243741393089294,1582.424072265625,1265.6640625,0.34562063217163086,1582.424072265625,1265.6640625,0.3071943521499634,1582.424072265625,1295.077880859375,0.311401903629303,1582.424072265625,1298.821533203125,0.31535691022872925,1582.424072265625,1265.6640625,0.3515514135360718,1582.424072265625,1265.6640625,0.3616182506084442,1582.424072265625,1265.6640625,0.3413912057876587,1582.424072265625,1265.6640625,0.33952391147613525,1345.6436767578125,1383.2657470703125,0.2098061591386795,1423.1416015625,1391.876708984375,0.14172890782356262,1459.020263671875,1404.79296875,0.12772661447525024,1486.2880859375,1408.6201171875,0.13063842058181763,1505.4234619140625,1408.6201171875,0.1251598298549652,1482.939453125,1414.8389892578125,0.11408135294914246,1516.4261474609375,1414.8389892578125,0.13778109848499298,1590.0970458984375,1413.4039306640625,0.1503685712814331,1590.0970458984375,1414.8389892578125,0.18038536608219147,1482.939453125,1416.274169921875,0.12274728715419769,1510.6856689453125,1421.0579833984375,0.14989738166332245,1522.6451416015625,1398.095703125,0.1411813497543335,1590.0970458984375,1391.876708984375,0.15210910141468048,1479.5906982421875,1416.274169921875,0.11139576137065887,1503.5098876953125,1398.095703125,0.11875693500041962,1520.731689453125,1389.963134765625,0.1245092824101448,1590.0970458984375,1417.23095703125,0.1503337174654007,1468.109619140625,1411.96875,0.09223565459251404,1488.6800537109375,1417.23095703125,0.09650544077157974,1498.2476806640625,1415.7957763671875,0.08738451451063156,1590.0970458984375,1369.87109375,0.09624070674180984
DJI_20260917131459_0057_D.JPG,Cam 5,1,ARAMANDI,CORRECT,,,rtmw_l_wholebody,coco_wholebody_133,OK,342.97,136.1,1,1,1598.224853515625,889.868408203125,1.0109214782714844,1615.86474609375,860.46875,1.0726468563079834,1633.504638671875,860.46875,1.0203487873077393,1645.2646484375,860.46875,1.0426334142684937,1580.585205078125,866.3486328125,1.0745439529418945,1562.945068359375,866.3486328125,1.034559965133667,1551.185302734375,866.3486328125,1.0512617826461792,1674.664306640625,907.508544921875,0.9659558534622192,1521.785400390625,919.268310546875,0.9516777992248535,1633.504638671875,931.0283203125,1.0042648315429688,1574.705078125,931.0283203125,1.0061217546463013,1756.983642578125,1107.427001953125,0.8357580900192261,1451.225830078125,1119.18701171875,0.8221030235290527,1939.262451171875,1289.705810546875,0.9234944581985474,1274.826904296875,1313.225830078125,0.9353773593902588,1715.823974609375,1536.664306640625,0.7463809847831726,1527.665283203125,1542.544189453125,0.7467551231384277,1909.86279296875,1883.581787109375,0.8375484943389893,1474.745849609375,1889.461669921875,0.7081069946289062,1739.343994140625,2171.69970703125,0.9182193279266357,1551.185302734375,2195.2197265625,0.8956844806671143,1698.184326171875,2201.099609375,0.8679797053337097,1574.705078125,2224.619384765625,0.8374553918838501,1898.102783203125,2236.37939453125,0.8769097328186035,1380.666259765625,2295.178955078125,0.9177546501159668,1594.7579345703125,1260.7589111328125,0.44733190536499023,1594.7579345703125,1260.7589111328125,0.41591161489486694,1594.7579345703125,1260.7589111328125,0.41620969772338867,1594.7579345703125,1260.7589111328125,0.41021496057510376,1594.7579345703125,1260.7589111328125,0.40631866455078125,1594.7579345703125,1260.7589111328125,0.3981286287307739,1594.7579345703125,1260.7589111328125,0.3977438807487488,1594.7579345703125,1260.7589111328125,0.39564475417137146,1594.7579345703125,1260.7589111328125,0.3928210735321045,1594.7579345703125,1260.7589111328125,0.39895308017730713,1594.7579345703125,1288.0262451171875,0.3846009373664856,1594.7579345703125,1288.0262451171875,0.39523863792419434,1594.7579345703125,1260.7589111328125,0.38249316811561584,1594.7579345703125,1260.7589111328125,0.3876168727874756,1594.7579345703125,1260.7589111328125,0.37272194027900696,1594.7579345703125,1288.0262451171875,0.3983437418937683,1594.7579345703125,1290.5986328125,0.40441545844078064,1594.7579345703125,1260.7589111328125,0.3981039524078369,1594.7579345703125,1260.7589111328125,0.38479524850845337,1594.7579345703125,1285.453857421875,0.3850020170211792,1594.7579345703125,1260.7589111328125,0.39960408210754395,1597.3985595703125,1480.9415283203125,0.28662413358688354,1597.3985595703125,1480.9415283203125,0.2528747022151947,1597.3985595703125,1483.8143310546875,0.22319497168064117,1597.3985595703125,1488.12353515625,0.25028494000434875,1597.3985595703125,1522.117919921875,0.2582336664199829,1597.3985595703125,1485.7294921875,0.23089876770973206,1597.3985595703125,1492.4326171875,0.2870369851589203,1597.3985595703125,1493.3902587890625,0.31025582551956177,1597.3985595703125,1522.117919921875,0.29143062233924866,1597.3985595703125,1488.12353515625,0.23212450742721558,1597.3985595703125,1492.4326171875,0.27279120683670044,1597.3985595703125,1522.117919921875,0.30145683884620667,1597.3985595703125,1522.117919921875,0.2740611433982849,1597.3985595703125,1488.12353515625,0.20158807933330536,1597.3985595703125,1493.3902587890625,0.23235557973384857,1597.3985595703125,1522.117919921875,0.28970015048980713,1597.3985595703125,1522.117919921875,0.3115827441215515,1597.3985595703125,1488.12353515625,0.17244377732276917,1597.3985595703125,1522.117919921875,0.22529438138008118,1597.3985595703125,1522.117919921875,0.2701806426048279,1597.3985595703125,1522.117919921875,0.24920496344566345
DJI_20260917131827_0058_D.JPG,Cam 5,2,SAMAPADHAM,CORRECT,,,rtmw_l_wholebody,coco_wholebody_133,OK,314.83,147.22,1,1,1606.328857421875,730.710205078125,1.0206174850463867,1625.61328125,704.997802734375,1.0658540725708008,1638.46923828125,704.997802734375,1.0098445415496826,1657.75390625,704.997802734375,1.0452206134796143,1580.6162109375,704.997802734375,1.089104413986206,1567.760009765625,704.997802734375,1.0378891229629517,1548.4755859375,704.997802734375,1.0617554187774658,1683.46630859375,762.850830078125,0.9683799743652344,1516.3349609375,762.850830078125,0.9590519666671753,1638.46923828125,782.13525390625,1.0102615356445312,1574.18798828125,782.13525390625,1.0199743509292603,1760.60400390625,981.4072265625,0.9065607190132141,1432.769287109375,987.835205078125,0.8876930475234985,1934.1630859375,1174.2509765625,0.9645220637321472,1259.2099609375,1187.107177734375,0.9815527200698853,1715.60693359375,1450.660400390625,0.818968653678894,1535.619384765625,1463.5166015625,0.7978143095970154,1734.89111328125,1849.204345703125,0.8672926425933838,1542.04736328125,1849.204345703125,0.8586380481719971,1702.750732421875,2189.89501953125,0.9587289094924927,1619.18505859375,2196.322998046875,0.9814741611480713,1696.322509765625,2234.891845703125,0.9057969450950623,1632.041259765625,2228.463623046875,0.8871864080429077,1689.89453125,2337.741943359375,0.8793385028839111,1638.46923828125,2344.169921875,0.8614754676818848,1611.521484375,1156.4859619140625,0.1690867692232132,1611.521484375,1156.4859619140625,0.10739772021770477,1611.521484375,1283.8046875,0.08443177491426468,1611.521484375,1229.239501953125,0.0793556347489357,1739.77294921875,1225.9749755859375,0.07537399232387543,1611.521484375,1275.87646484375,0.0889081060886383,1611.521484375,1394.800537109375,0.083271823823452,1611.521484375,1215.71484375,0.09291888773441315,1611.521484375,1156.4859619140625,0.09261973202228546,1611.521484375,1272.1455078125,0.09714916348457336,1719.2528076171875,1288.934814453125,0.07171502709388733,1717.8536376953125,1394.800537109375,0.07626509666442871,1701.0643310546875,1156.4859619140625,0.08166777342557907,1737.907470703125,1272.1455078125,0.08847968280315399,1722.983642578125,1272.1455078125,0.07350575178861618,1720.65185546875,1296.396728515625,0.0728965699672699,1720.65185546875,1394.800537109375,0.07764428108930588,1743.50390625,1275.87646484375,0.07924801111221313,1741.172119140625,1283.8046875,0.07361710071563721,1611.521484375,1290.80029296875,0.07646617293357849,1611.521484375,1394.800537109375,0.0522882379591465,1342.732666015625,1273.12158203125,0.11658687889575958,1450.9852294921875,1273.12158203125,0.10006242245435715,1471.031982421875,1245.05615234375,0.09781394153833389,1490.076416015625,1245.05615234375,0.10115747898817062,1510.1231689453125,1237.53857421875,0.11686751246452332,1481.055419921875,1246.5595703125,0.13086870312690735,1506.614990234375,1238.5408935546875,0.11581270396709442,1509.6220703125,1248.0631103515625,0.10635743290185928,1598.8302001953125,1250.06787109375,0.1188611164689064,1480.052978515625,1253.0748291015625,0.1552358865737915,1503.1068115234375,1255.0794677734375,0.15070751309394836,1510.1231689453125,1263.599365234375,0.13132092356681824,1598.8302001953125,1288.15673828125,0.10285767167806625,1478.04833984375,1257.084228515625,0.14742006361484528,1496.0904541015625,1252.072509765625,0.13242846727371216,1507.6173095703125,1262.0958251953125,0.13287407159805298,1509.6220703125,1293.1683349609375,0.10200085490942001,1471.031982421875,1289.66015625,0.12540535628795624,1486.067138671875,1245.05615234375,0.11927498131990433,1494.0858154296875,1300.6859130859375,0.10479427874088287,1507.6173095703125,1303.69287109375,0.07483868300914764
DJI_20260917131830_0059_D.JPG,Cam 5,2,SAMAPADHAM,CORRECT,,,rtmw_l_wholebody,coco_wholebody_133,OK,301.96,147.77,1,1,1602.450927734375,733.500244140625,1.020288348197937,1615.289306640625,707.823486328125,1.0673224925994873,1634.546630859375,707.823486328125,1.0102860927581787,1647.385009765625,707.823486328125,1.0471363067626953,1576.774169921875,707.823486328125,1.0856211185455322,1557.516845703125,707.823486328125,1.034790277481079,1544.678466796875,707.823486328125,1.0612866878509521,1679.481201171875,765.59619140625,0.9675004482269287,1512.582275390625,765.59619140625,0.9600268006324768,1628.127685546875,778.4345703125,1.0132198333740234,1563.935791015625,778.4345703125,1.0204215049743652,1756.51123046875,977.428955078125,0.9021782875061035,1429.133056640625,990.267333984375,0.8904410004615784,1929.8291015625,1170.00439453125,0.9635211229324341,1255.815185546875,1189.26171875,0.9771583080291748,1711.576904296875,1439.60986328125,0.8216822743415833,1525.420654296875,1452.4482421875,0.8036466836929321,1730.83447265625,1837.598876953125,0.8579902648925781,1544.678466796875,1850.437255859375,0.8621032238006592,1705.15771484375,2184.234375,0.9625373482704163,1615.289306640625,2197.07275390625,0.9854692220687866,1692.319580078125,2229.168701171875,0.9132832288742065,1628.127685546875,2235.587890625,0.8898647427558899,1692.319580078125,2338.294677734375,0.8821322917938232,1634.546630859375,2344.7138671875,0.879680871963501,1602.1297607421875,1148.8973388671875,0.2668174207210541,1602.1297607421875,1148.8973388671875,0.23727118968963623,1602.1297607421875,1148.8973388671875,0.2026059329509735,1602.1297607421875,1148.8973388671875,0.19721639156341553,1602.1297607421875,1148.8973388671875,0.1887631118297577,1602.1297607421875,1148.8973388671875,0.18103019893169403,1602.1297607421875,1148.8973388671875,0.20540499687194824,1602.1297607421875,1148.8973388671875,0.20603379607200623,1602.1297607421875,1148.8973388671875,0.19418549537658691,1602.1297607421875,1148.8973388671875,0.17108646035194397,1602.1297607421875,1148.8973388671875,0.17468366026878357,1602.1297607421875,1148.8973388671875,0.17963986098766327,1602.1297607421875,1148.8973388671875,0.16686943173408508,1602.1297607421875,1148.8973388671875,0.13574597239494324,1602.1297607421875,1148.8973388671875,0.14006534218788147,1602.1297607421875,1148.8973388671875,0.15512846410274506,1602.1297607421875,1148.8973388671875,0.16474482417106628,1602.1297607421875,1148.8973388671875,0.1107306182384491,1602.1297607421875,1148.8973388671875,0.1316448152065277,1602.1297607421875,1148.8973388671875,0.15646369755268097,1602.1297607421875,1148.8973388671875,0.13331392407417297,1442.146728515625,1282.798583984375,0.1658805012702942,1457.3944091796875,1273.1417236328125,0.15440326929092407,1473.150390625,1243.154541015625,0.16479837894439697,1491.4476318359375,1241.1214599609375,0.16761158406734467,1506.18701171875,1239.0885009765625,0.16387102007865906,1472.64208984375,1243.154541015625,0.18027228116989136,1497.5467529296875,1242.1380615234375,0.15606063604354858,1507.20361328125,1250.2701416015625,0.1438070833683014,1602.755859375,1266.5343017578125,0.1647147238254547,1473.65869140625,1261.4517822265625,0.1841781884431839,1500.0880126953125,1261.4517822265625,0.17610234022140503,1505.6788330078125,1270.600341796875,0.16334226727485657,1602.755859375,1273.64990234375,0.16122089326381683,1473.65869140625,1273.1417236328125,0.1712789237499237,1496.5301513671875,1268.05908203125,0.1528061330318451,1503.1375732421875,1271.616943359375,0.16069531440734863,1602.755859375,1274.158203125,0.13824769854545593,1473.65869140625,1282.798583984375,0.14687630534172058,1488.3980712890625,1267.0426025390625,0.13919302821159363,1497.5467529296875,1273.1417236328125,0.13262350857257843,1602.755859375,1276.1912841796875,0.09833158552646637
DJI_20260917131942_0060_D.JPG,Cam 5,3,MUZHUMANDI,CORRECT,,,rtmw_l_wholebody,coco_wholebody_133,OK,327.3,151.86,1,1,1631.5732421875,1362.5771484375,0.9916900396347046,1649.520751953125,1322.1953125,1.0809485912322998,1662.9814453125,1322.1953125,1.0342503786087036,1676.44189453125,1322.1953125,1.0600769519805908,1609.138916015625,1322.1953125,1.0623116493225098,1595.67822265625,1322.1953125,1.0385773181915283,1582.2177734375,1322.1953125,1.0732100009918213,1703.36328125,1353.603271484375,0.9299312233924866,1555.29638671875,1358.09033203125,0.9846011996269226,1658.49462890625,1393.9853515625,1.032801628112793,1600.165283203125,1398.47216796875,1.0313467979431152,1779.64013671875,1528.591552734375,0.8294296264648438,1474.53271484375,1551.02587890625,0.8492070436477661,1959.114990234375,1694.605712890625,0.8975918889045715,1295.057861328125,1748.4482421875,0.9163467884063721,1752.71875,1977.278564453125,0.8072588443756104,1541.8359375,1990.739501953125,0.8334542512893677,2062.31298828125,2143.29296875,0.8728693723678589,1214.294189453125,2228.543701171875,0.8358599543571472,1797.587646484375,2161.240478515625,0.7216331362724304,1505.94091796875,2125.345458984375,0.6492377519607544,1770.66650390625,2165.727294921875,0.6184422373771667,1510.427734375,2107.398193359375,0.5325230360031128,1837.969482421875,2295.8466796875,0.6517479419708252,1541.8359375,2282.385986328125,0.5176814794540405,1798.094970703125,1852.617431640625,0.16680999100208282,1775.037841796875,1818.327392578125,0.1377420425415039,1762.62255859375,1784.037353515625,0.16341350972652435,1754.3455810546875,1759.7978515625,0.1644096076488495,1750.2071533203125,1682.3497314453125,0.135417178273201,1724.194091796875,1833.69873046875,0.11666294932365417,1694.6336669921875,1800.0,0.11639939248561859,1682.2183837890625,1790.5406494140625,0.10800103843212128,1651.4755859375,1778.716552734375,0.1101975217461586,1718.8731689453125,1850.84375,0.14593824744224548,1694.04248046875,1828.3779296875,0.138839453458786,1677.4886474609375,1798.226318359375,0.116124726831913,1651.4755859375,1789.949462890625,0.1066279262304306,1721.238037109375,1860.894287109375,0.14783230423927307,1700.5457763671875,1846.705322265625,0.11206690967082977,1688.13037109375,1852.617431640625,0.09322717040777206,1677.4886474609375,1846.705322265625,0.0798880010843277,1747.2510986328125,1864.4415283203125,0.12447081506252289,1718.281982421875,1860.3031005859375,0.10687386989593506,1694.6336669921875,1857.938232421875,0.07610861212015152,1685.1744384765625,1850.84375,0.06234453245997429,1493.2855224609375,1851.5987548828125,0.1703881323337555,1501.3099365234375,1824.439208984375,0.16067281365394592,1504.396240234375,1792.9588623046875,0.17422164976596832,1506.8653564453125,1697.900634765625,0.14764517545700073,1503.779052734375,1697.900634765625,0.14145953953266144,1553.7772216796875,1697.900634765625,0.10352177917957306,1629.0831298828125,1697.900634765625,0.1636057198047638,1634.638427734375,1697.900634765625,0.1856006532907486,1637.7247314453125,1767.6512451171875,0.1703355610370636,1559.33251953125,1876.2891845703125,0.09477698802947998,1637.1075439453125,1697.900634765625,0.1307694911956787,1639.5765380859375,1697.900634765625,0.1632697582244873,1639.5765380859375,1768.2684326171875,0.1676895022392273,1553.159912109375,1887.39990234375,0.09923066198825836,1639.5765380859375,1697.900634765625,0.1117333471775055,1637.1075439453125,1893.5726318359375,0.1252194046974182,1639.5765380859375,1766.4166259765625,0.12631553411483765,1547.6046142578125,1893.5726318359375,0.08286331593990326,1584.0230712890625,1697.900634765625,0.07927772402763367,1635.8729248046875,1697.900634765625,0.11780330538749695,1641.4283447265625,1697.900634765625,0.10804672539234161
DJI_20260917131944_0061_D.JPG,Cam 5,3,MUZHUMANDI,CORRECT,,,rtmw_l_wholebody,coco_wholebody_133,OK,297.23,126.58,1,1,1625.196044921875,1362.0413818359375,0.9832041263580322,1643.36669921875,1321.1578369140625,1.0726969242095947,1656.994384765625,1321.1578369140625,1.040351152420044,1670.622314453125,1321.1578369140625,1.0701818466186523,1602.483154296875,1321.1578369140625,1.0500844717025757,1588.855224609375,1321.1578369140625,1.0283441543579102,1575.227294921875,1321.1578369140625,1.0605729818344116,1702.420654296875,1352.9559326171875,0.9337204694747925,1552.514404296875,1352.9559326171875,0.9769223928451538,1652.451904296875,1393.8397216796875,1.0183197259902954,1597.9404296875,1398.3822021484375,1.02427077293396,1775.1025390625,1525.5755615234375,0.8221492767333984,1479.832275390625,1548.2884521484375,0.8333520889282227,1956.80712890625,1693.6522216796875,0.8897880911827087,1293.585205078125,1743.6209716796875,0.9136496782302856,1747.8466796875,1970.7518310546875,0.7943875789642334,1543.428955078125,1979.8372802734375,0.8202270269393921,2056.744873046875,2143.37158203125,0.8454278707504272,1211.818115234375,2229.68115234375,0.795886754989624,1797.815673828125,2170.626953125,0.6989130973815918,1520.716064453125,2143.37158203125,0.6183486580848694,1766.017333984375,2170.626953125,0.6132927536964417,1557.056884765625,2161.5419921875,0.5063637495040894,1838.69921875,2311.4482421875,0.6538269519805908,1552.514404296875,2288.7353515625,0.49320268630981445,1776.161865234375,1981.2637939453125,0.16342395544052124,1777.95751953125,1981.2637939453125,0.10496051609516144,1758.8038330078125,1859.7576904296875,0.09320834279060364,1747.4312744140625,1753.8138427734375,0.11558061838150024,1750.424072265625,1675.403564453125,0.13495300710201263,1721.693603515625,1835.8155517578125,0.09367731213569641,1682.1890869140625,1792.7198486328125,0.09235402941703796,1643.8818359375,1675.403564453125,0.10519464313983917,1638.494873046875,1675.403564453125,0.14164280891418457,1712.71533203125,1853.173583984375,0.12529565393924713,1683.9847412109375,1817.2603759765625,0.1077040433883667,1649.8673095703125,1675.403564453125,0.12705200910568237,1644.4803466796875,1675.403564453125,0.15620145201683044,1712.71533203125,1856.764892578125,0.106162428855896,1689.371826171875,1786.1357421875,0.0820816159248352,1652.860107421875,1731.66748046875,0.07383573800325394,1636.1005859375,1675.403564453125,0.13775445520877838,1754.614013671875,1858.560546875,0.07526757568120956,1747.4312744140625,1981.2637939453125,0.08613184094429016,1743.241455078125,1738.2515869140625,0.10724803060293198,1744.4385986328125,1675.403564453125,0.11710520088672638,1388.487060546875,1697.485595703125,0.3124812841415405,1388.487060546875,1697.485595703125,0.2837435007095337,1388.487060546875,1697.485595703125,0.23884770274162292,1634.916259765625,1697.485595703125,0.25373560190200806,1628.156494140625,1697.485595703125,0.24140004813671112,1639.218017578125,1697.485595703125,0.2695958614349365,1636.1455078125,1697.485595703125,0.3201986849308014,1634.916259765625,1748.4921875,0.3592588007450104,1636.760009765625,1757.095703125,0.3204197883605957,1641.061767578125,1697.485595703125,0.26350292563438416,1641.061767578125,1697.485595703125,0.3133518397808075,1638.603515625,1749.106689453125,0.3597274422645569,1637.989013671875,1760.782958984375,0.34201106429100037,1642.290771484375,1697.485595703125,0.2480224370956421,1642.290771484375,1697.485595703125,0.2636030912399292,1639.218017578125,1751.564697265625,0.3733924627304077,1638.603515625,1758.32470703125,0.3574429154396057,1644.7490234375,1697.485595703125,0.21299457550048828,1639.218017578125,1697.485595703125,0.26861125230789185,1636.1455078125,1747.877685546875,0.32954490184783936,1637.989013671875,1750.9501953125,0.2679561972618103
DJI_20260917132031_0062_D.JPG,Cam 5,4,SWASTIKAPADAM,CORRECT,,RIGHT,rtmw_l_wholebody,coco_wholebody_133,OK,323.93,144.5,1,1,1717.7784423828125,893.2730712890625,1.0190033912658691,1735.3299560546875,864.0206298828125,1.0761163234710693,1747.0306396484375,864.0206298828125,1.0219244956970215,1758.7318115234375,864.0206298828125,1.054417610168457,1694.3765869140625,869.8712158203125,1.071948528289795,1682.6756591796875,869.8712158203125,1.0269248485565186,1665.1243896484375,869.8712158203125,1.0546876192092896,1787.9840087890625,904.9737548828125,0.9711626172065735,1635.8719482421875,916.6749267578125,0.9648029804229736,1747.0306396484375,934.2261962890625,1.0250533819198608,1688.5262451171875,940.0767822265625,1.0200600624084473,1864.0401611328125,1115.5906982421875,0.8797444105148315,1571.5167236328125,1121.4410400390625,0.8578791618347168,2045.4046630859375,1291.1046142578125,0.9546177387237549,1401.8533935546875,1320.3570556640625,0.9474043846130371,1828.9373779296875,1554.3756103515625,0.7848318219184875,1670.9747314453125,1560.2261962890625,0.7747238874435425,1846.4886474609375,1899.5533447265625,0.7321329712867737,1700.2269287109375,1893.7027587890625,0.6713494062423706,1717.7784423828125,2186.22607421875,0.8204918503761292,1717.7784423828125,2192.07666015625,0.687489926815033,1676.8250732421875,2227.17919921875,0.8157479763031006,1688.5262451171875,2221.3291015625,0.7124238014221191,1840.6380615234375,2256.431640625,0.7471625804901123,1858.1895751953125,2250.5810546875,0.6528017520904541,1738.158935546875,1275.168701171875,0.3560345768928528,1738.158935546875,1275.168701171875,0.32350122928619385,1715.7720947265625,1275.168701171875,0.3226081132888794,1715.7720947265625,1275.168701171875,0.3452966809272766,1715.7720947265625,1275.168701171875,0.34289950132369995,1740.1055908203125,1275.168701171875,0.345304012298584,1738.6456298828125,1275.168701171875,0.40478983521461487,1715.7720947265625,1275.168701171875,0.3820904791355133,1715.7720947265625,1275.168701171875,0.33977365493774414,1740.59228515625,1275.168701171875,0.3643653094768524,1738.158935546875,1275.168701171875,0.37641268968582153,1715.7720947265625,1275.168701171875,0.37334775924682617,1715.7720947265625,1275.168701171875,0.3080472946166992,1740.1055908203125,1275.168701171875,0.33653903007507324,1737.185546875,1275.168701171875,0.3148256540298462,1715.7720947265625,1275.168701171875,0.3620925545692444,1715.7720947265625,1275.168701171875,0.38270339369773865,1715.7720947265625,1275.168701171875,0.2982131242752075,1715.7720947265625,1275.168701171875,0.34833353757858276,1715.7720947265625,1275.168701171875,0.3523115813732147,1715.7720947265625,1275.168701171875,0.33028000593185425,1792.2860107421875,1269.8155517578125,0.21787601709365845,1792.2860107421875,1269.8155517578125,0.17572642862796783,1792.2860107421875,1269.8155517578125,0.1488434076309204,1598.6781005859375,1269.8155517578125,0.15208639204502106,1736.1837158203125,1269.8155517578125,0.17847326397895813,1792.2860107421875,1269.8155517578125,0.1589948832988739,1742.783935546875,1269.8155517578125,0.13835935294628143,1739.4837646484375,1269.8155517578125,0.15268583595752716,1736.1837158203125,1269.8155517578125,0.18368202447891235,1792.2860107421875,1269.8155517578125,0.14349442720413208,1647.6300048828125,1269.8155517578125,0.12408958375453949,1646.530029296875,1269.8155517578125,0.136662095785141,1740.0338134765625,1269.8155517578125,0.14847761392593384,1792.2860107421875,1269.8155517578125,0.13634392619132996,1792.2860107421875,1269.8155517578125,0.11803668737411499,1616.27880859375,1269.8155517578125,0.1268310844898224,1741.683837890625,1269.8155517578125,0.163469135761261,1792.2860107421875,1269.8155517578125,0.12701833248138428,1792.2860107421875,1269.8155517578125,0.13551442325115204,1792.2860107421875,1269.8155517578125,0.15458011627197266,1741.683837890625,1269.8155517578125,0.16246022284030914
DJI_20260917132033_0063_D.JPG,Cam 5,4,SWASTIKAPADAM,CORRECT,,RIGHT,rtmw_l_wholebody,coco_wholebody_133,OK,296.75,177.97,1,1,1715.267578125,899.81005859375,1.0158417224884033,1732.756591796875,870.661376953125,1.0792814493179321,1750.24560546875,870.661376953125,1.020769715309143,1761.9052734375,870.661376953125,1.0563697814941406,1697.778564453125,870.661376953125,1.077218770980835,1680.28955078125,870.661376953125,1.0297476053237915,1668.6298828125,876.4912109375,1.0593523979187012,1791.0537109375,917.299072265625,0.9753149747848511,1639.4814453125,923.128662109375,0.9632660150527954,1750.24560546875,940.617919921875,1.0216131210327148,1686.119140625,940.617919921875,1.021512508392334,1866.83984375,1121.338623046875,0.8885233402252197,1563.6953125,1127.168212890625,0.8618824481964111,2041.73095703125,1290.400146484375,0.945703387260437,1400.4638671875,1319.548583984375,0.9195083975791931,1826.03173828125,1552.736572265625,0.7818375825881958,1674.45947265625,1564.39599609375,0.7658604979515076,1849.350830078125,1914.177978515625,0.7277169227600098,1715.267578125,1908.348388671875,0.6533616781234741,1721.09716796875,2188.174072265625,0.8500569462776184,1697.778564453125,2188.174072265625,0.6993193626403809,1680.28955078125,2228.98193359375,0.8533799648284912,1674.45947265625,2217.322509765625,0.7283137440681458,1855.180419921875,2258.13037109375,0.7978005409240723,1849.350830078125,2252.30078125,0.6061159372329712,1720.763916015625,1276.1864013671875,0.4152769446372986,1720.763916015625,1276.1864013671875,0.3904092311859131,1720.763916015625,1276.1864013671875,0.3942757248878479,1720.763916015625,1276.1864013671875,0.4038580060005188,1720.763916015625,1276.1864013671875,0.38429588079452515,1720.763916015625,1276.1864013671875,0.37551671266555786,1720.763916015625,1276.1864013671875,0.4223514199256897,1720.763916015625,1276.1864013671875,0.4189913272857666,1720.763916015625,1276.1864013671875,0.3733796775341034,1720.763916015625,1276.1864013671875,0.37309300899505615,1720.763916015625,1276.1864013671875,0.4034910798072815,1720.763916015625,1276.1864013671875,0.3997356593608856,1737.7369384765625,1276.1864013671875,0.35214078426361084,1720.763916015625,1276.1864013671875,0.3618727922439575,1720.763916015625,1276.1864013671875,0.3522101640701294,1720.763916015625,1276.1864013671875,0.39765602350234985,1720.763916015625,1276.1864013671875,0.41168466210365295,1720.763916015625,1276.1864013671875,0.36717602610588074,1720.763916015625,1276.1864013671875,0.3994487524032593,1720.763916015625,1276.1864013671875,0.39548423886299133,1720.763916015625,1276.1864013671875,0.3815038800239563,1477.6961669921875,1395.074462890625,0.13623584806919098,1563.357421875,1398.443115234375,0.09400960057973862,1587.4195556640625,1375.343505859375,0.10294623672962189,1596.5631103515625,1361.387451171875,0.11356627941131592,1600.4130859375,1371.0123291015625,0.12014535069465637,1593.6756591796875,1408.0679931640625,0.13138987123966217,1623.5126953125,1410.9554443359375,0.107810840010643,1636.0250244140625,1408.0679931640625,0.09631885588169098,1638.9124755859375,1390.2620849609375,0.08200494199991226,1595.119384765625,1408.0679931640625,0.14836718142032623,1619.662841796875,1404.218017578125,0.13463787734508514,1624.4752197265625,1395.074462890625,0.11352642625570297,1637.9500732421875,1393.6307373046875,0.08149612694978714,1594.156982421875,1404.218017578125,0.1307474672794342,1616.2940673828125,1404.218017578125,0.11150064319372177,1621.5877685546875,1366.68115234375,0.10900314897298813,1648.05615234375,1390.2620849609375,0.07280460000038147,1592.7132568359375,1375.82470703125,0.11028529703617096,1600.894287109375,1362.8311767578125,0.12389817088842392,1600.4130859375,1353.206298828125,0.12019079178571701,1595.119384765625,1341.656494140625,0.09784571081399918
DJI_20260917132059_0064_D.JPG,Cam 5,5,SWASTIKAPADAM,CORRECT,,LEFT,rtmw_l_wholebody,coco_wholebody_133,OK,342.67,142.31,1,1,1501.0107421875,875.64599609375,1.0132414102554321,1518.90087890625,845.82958984375,1.0741462707519531,1536.79052734375,845.82958984375,1.015399694442749,1548.71728515625,845.82958984375,1.0465500354766846,1477.15771484375,845.82958984375,1.0854082107543945,1459.267822265625,845.82958984375,1.0354502201080322,1447.34130859375,845.82958984375,1.0539813041687012,1584.496826171875,899.499267578125,0.9712327718734741,1417.52490234375,899.499267578125,0.9612431526184082,1530.8271484375,917.38916015625,1.005199909210205,1465.23095703125,917.38916015625,1.0171918869018555,1656.056396484375,1096.287841796875,0.8618299961090088,1345.96533203125,1114.177734375,0.8585212230682373,1834.955078125,1299.039794921875,0.9037529230117798,1161.103271484375,1310.96630859375,0.9328309297561646,1608.35009765625,1555.461181640625,0.767545223236084,1423.48828125,1591.240966796875,0.7891817092895508,1614.3134765625,1949.038330078125,0.6442674994468689,1334.038818359375,1978.854736328125,0.7618280649185181,1602.38671875,2217.386474609375,0.6795966625213623,1620.276611328125,2199.496337890625,0.7338548898696899,1638.16650390625,2247.202880859375,0.7256364822387695,1679.90966796875,2217.386474609375,0.7977679967880249,1453.3046875,2330.688720703125,0.6784383058547974,1483.12109375,2336.652099609375,0.7025092840194702,1626.52392578125,1409.10107421875,0.1203567162156105,1647.3818359375,1401.6136474609375,0.14412587881088257,1645.7774658203125,1364.711181640625,0.16442148387432098,1648.4515380859375,1339.57470703125,0.18482786417007446,1651.660400390625,1313.9034423828125,0.2213500738143921,1613.6883544921875,1355.08447265625,0.16774114966392517,1602.991943359375,1334.7613525390625,0.19739989936351776,1600.8526611328125,1309.625,0.2234937846660614,1598.71337890625,1242.772705078125,0.2160613089799881,1602.4571533203125,1361.5023193359375,0.1776818335056305,1598.1785888671875,1334.2265625,0.18998612463474274,1598.1785888671875,1312.8338623046875,0.21294644474983215,1597.643798828125,1242.772705078125,0.20864489674568176,1600.8526611328125,1375.407470703125,0.16235129535198212,1596.57421875,1347.5970458984375,0.1653585135936737,1596.57421875,1321.92578125,0.15356437861919403,1593.9000244140625,1298.393798828125,0.16529503464698792,1604.596435546875,1388.2431640625,0.12382104247808456,1605.1312255859375,1373.268310546875,0.12352070957422256,1603.52685546875,1361.5023193359375,0.11421746015548706,1604.596435546875,1322.995361328125,0.10182009637355804,1514.7081298828125,1267.788330078125,0.5158975124359131,1513.6142578125,1267.788330078125,0.5405110120773315,1514.7081298828125,1267.788330078125,0.5389890670776367,1514.7081298828125,1267.788330078125,0.5688900947570801,1516.348876953125,1285.2896728515625,0.5351762175559998,1516.348876953125,1267.788330078125,0.4965134859085083,1516.348876953125,1267.788330078125,0.5301720499992371,1515.2550048828125,1281.461181640625,0.5912542343139648,1516.348876953125,1285.8365478515625,0.5677299499511719,1516.895751953125,1267.788330078125,0.5063821077346802,1516.348876953125,1267.788330078125,0.5246471166610718,1516.348876953125,1283.1019287109375,0.5400720238685608,1517.9896240234375,1285.2896728515625,0.5223760008811951,1517.9896240234375,1267.788330078125,0.47264474630355835,1537.6785888671875,1267.788330078125,0.4683478772640228,1517.9896240234375,1281.461181640625,0.5292314887046814,1516.895751953125,1285.2896728515625,0.5259979963302612,1537.6785888671875,1267.788330078125,0.4683275818824768,1537.6785888671875,1267.788330078125,0.4858049750328064,1537.6785888671875,1267.788330078125,0.5154411196708679,1537.6785888671875,1267.788330078125,0.4786471426486969
DJI_20260917132100_0065_D.JPG,Cam 5,5,SWASTIKAPADAM,CORRECT,,LEFT,rtmw_l_wholebody,coco_wholebody_133,OK,295.39,144.01,1,1,1500.84765625,876.876708984375,1.015899658203125,1518.725830078125,847.079833984375,1.0739078521728516,1536.603759765625,847.079833984375,1.0147020816802979,1548.522216796875,847.079833984375,1.0444843769073486,1477.01025390625,847.079833984375,1.084696650505066,1465.091552734375,847.079833984375,1.037708044052124,1447.213623046875,853.039306640625,1.0543500185012817,1584.278564453125,894.754638671875,0.9696911573410034,1423.376220703125,900.7138671875,0.9616565704345703,1530.644287109375,918.592041015625,1.0025558471679688,1465.091552734375,924.55126953125,1.0152482986450195,1667.709228515625,1109.291015625,0.8343231678009033,1345.904541015625,1115.250244140625,0.8453797101974487,1846.489501953125,1299.989990234375,0.8825587034225464,1167.124267578125,1305.949462890625,0.9296162128448486,1614.0751953125,1556.241943359375,0.7523976564407349,1423.376220703125,1574.119873046875,0.7809555530548096,1620.034423828125,1937.639892578125,0.6311944723129272,1333.986083984375,1979.355224609375,0.7515443563461304,1596.197265625,2217.72900390625,0.6685835123062134,1620.034423828125,2193.8916015625,0.7458027601242065,1631.953369140625,2253.485107421875,0.712148904800415,1673.668701171875,2217.72900390625,0.8019213676452637,1459.13232421875,2324.9970703125,0.6778740882873535,1488.928955078125,2324.9970703125,0.7061063051223755,1777.3709716796875,1402.4222412109375,0.13600635528564453,1777.3709716796875,1402.4222412109375,0.10655131191015244,1644.494140625,1367.3048095703125,0.07591113448143005,1777.3709716796875,1362.5592041015625,0.09631580114364624,1777.3709716796875,1357.3389892578125,0.10060295462608337,1640.22314453125,1373.9486083984375,0.07666780799627304,1777.3709716796875,1362.5592041015625,0.08507475256919861,1777.3709716796875,1362.5592041015625,0.08165356516838074,1777.3709716796875,1256.2576904296875,0.11215116828680038,1633.104736328125,1373.9486083984375,0.09085559844970703,1777.3709716796875,1350.6951904296875,0.08818063139915466,1777.3709716796875,1362.5592041015625,0.0831204429268837,1777.3709716796875,1256.2576904296875,0.09650793671607971,1629.3082275390625,1377.7451171875,0.08983618021011353,1622.1898193359375,1357.3389892578125,0.08083483576774597,1777.3709716796875,1362.5592041015625,0.08388868719339371,1777.3709716796875,1256.2576904296875,0.09267425537109375,1633.104736328125,1391.50732421875,0.07175885885953903,1620.76611328125,1391.0328369140625,0.07650896161794662,1777.3709716796875,1362.5592041015625,0.08394888788461685,1777.3709716796875,1256.2576904296875,0.08320717513561249,1508.4234619140625,1281.4217529296875,0.20491772890090942,1508.4234619140625,1281.4217529296875,0.16251608729362488,1508.4234619140625,1281.4217529296875,0.1412264108657837,1508.4234619140625,1281.4217529296875,0.18123163282871246,1508.4234619140625,1281.4217529296875,0.22591763734817505,1508.4234619140625,1281.4217529296875,0.15493863821029663,1508.4234619140625,1281.4217529296875,0.2002599537372589,1508.4234619140625,1281.4217529296875,0.2265341579914093,1508.4234619140625,1281.4217529296875,0.2422592043876648,1508.4234619140625,1281.4217529296875,0.14655204117298126,1508.4234619140625,1281.4217529296875,0.17689818143844604,1508.4234619140625,1281.4217529296875,0.20521844923496246,1508.4234619140625,1281.4217529296875,0.20232096314430237,1383.28857421875,1281.4217529296875,0.11213319003582001,1508.4234619140625,1281.4217529296875,0.14695411920547485,1508.4234619140625,1281.4217529296875,0.20079100131988525,1508.4234619140625,1281.4217529296875,0.23711366951465607,1382.30322265625,1281.4217529296875,0.0996488630771637,1391.1710205078125,1281.4217529296875,0.12195129692554474,1508.4234619140625,1281.4217529296875,0.18798410892486572,1508.4234619140625,1281.4217529296875,0.18102246522903442
DJI_20260917132133_0066_D.JPG,Cam 5,6,ARAMANDI,INCORRECT,INSUFFICIENT_KNEE_BEND,,rtmw_l_wholebody,coco_wholebody_133,OK,340.29,144.57,1,1,1604.31591796875,777.009765625,1.0228798389434814,1623.0947265625,751.9716796875,1.0817220211029053,1641.873291015625,751.9716796875,1.0247766971588135,1654.392333984375,751.9716796875,1.0572997331619263,1585.537109375,751.9716796875,1.081937551498413,1573.01806640625,751.9716796875,1.0310955047607422,1554.2392578125,758.231201171875,1.0552921295166016,1685.68994140625,802.048095703125,0.9629794359207153,1529.201171875,802.048095703125,0.9591089487075806,1641.873291015625,820.82666015625,1.0217039585113525,1573.01806640625,820.82666015625,1.0144851207733154,1773.323974609375,1002.35400390625,0.8788745403289795,1460.345947265625,1014.873046875,0.8549498319625854,1948.591552734375,1190.140625,0.9426981210708618,1291.337890625,1208.91943359375,0.9384580850601196,1729.507080078125,1446.78271484375,0.7739119529724121,1547.979736328125,1459.3017578125,0.7691954970359802,1817.140869140625,1816.0966796875,0.8102388381958008,1472.865234375,1828.61572265625,0.8254832029342651,1754.54541015625,2166.632080078125,0.9581136703491211,1604.31591796875,2172.8916015625,0.9144754409790039,1723.24755859375,2210.448974609375,0.9035739898681641,1641.873291015625,2210.448974609375,0.8666787147521973,1917.2939453125,2260.525390625,0.8918342590332031,1441.5673828125,2310.601806640625,0.8397857546806335,1649.3519287109375,1398.6180419921875,0.12133602052927017,1649.3519287109375,1294.73681640625,0.1120540201663971,1649.3519287109375,1292.507568359375,0.10112106800079346,1649.3519287109375,1291.1700439453125,0.10289373993873596,1649.3519287109375,1246.1400146484375,0.10674790292978287,1649.3519287109375,1291.1700439453125,0.12017719447612762,1649.3519287109375,1267.0946044921875,0.11995585262775421,1732.7244873046875,1242.5732421875,0.12898187339305878,1731.386962890625,1235.8856201171875,0.13929948210716248,1649.3519287109375,1291.1700439453125,0.11502246558666229,1736.291259765625,1265.757080078125,0.12293510138988495,1732.2786865234375,1243.01904296875,0.1325511783361435,1730.9410400390625,1235.8856201171875,0.13025236129760742,1748.7747802734375,1293.3992919921875,0.11236384510993958,1741.641357421875,1269.7696533203125,0.1085267961025238,1734.9537353515625,1255.502685546875,0.10825259983539581,1733.6160888671875,1242.5732421875,0.11462374776601791,1755.9083251953125,1296.966064453125,0.09269281476736069,1752.341552734375,1291.1700439453125,0.08730918914079666,1649.3519287109375,1269.32373046875,0.08974943310022354,1736.291259765625,1251.044189453125,0.08784355223178864,1368.8084716796875,1303.190673828125,0.09607623517513275,1477.336181640625,1296.40771484375,0.09586839377880096,1485.8148193359375,1267.580078125,0.11849134415388107,1491.75,1265.88427734375,0.13222423195838928,1492.597900390625,1256.5577392578125,0.1485680490732193,1490.4781494140625,1298.103515625,0.13332079350948334,1500.228759765625,1290.0487060546875,0.11235323548316956,1525.240966796875,1292.59228515625,0.11739451438188553,1585.43994140625,1277.33056640625,0.13143423199653625,1490.05419921875,1300.22314453125,0.13348709046840668,1509.979248046875,1275.6348876953125,0.12087485939264297,1525.240966796875,1289.624755859375,0.12021098285913467,1585.43994140625,1295.559814453125,0.12848487496376038,1490.902099609375,1304.4625244140625,0.127357617020607,1504.8919677734375,1300.6470947265625,0.10717681050300598,1523.9691162109375,1298.103515625,0.10854784399271011,1585.43994140625,1299.7991943359375,0.12882128357887268,1490.05419921875,1308.701904296875,0.11558730900287628,1494.717529296875,1308.701904296875,0.11202040314674377,1500.228759765625,1308.701904296875,0.09418320655822754,1585.43994140625,1306.1583251953125,0.10019148886203766
DJI_20260917132135_0067_D.JPG,Cam 5,6,ARAMANDI,INCORRECT,INSUFFICIENT_KNEE_BEND,,rtmw_l_wholebody,coco_wholebody_133,OK,316.05,153.69,1,1,1612.602294921875,763.269775390625,1.0083997249603271,1631.452392578125,738.13623046875,1.068085789680481,1650.302734375,738.13623046875,1.0079050064086914,1662.86962890625,738.13623046875,1.0427742004394531,1587.46875,744.419677734375,1.0748176574707031,1574.902099609375,738.13623046875,1.0220248699188232,1562.335205078125,744.419677734375,1.0492057800292969,1694.286376953125,794.686767578125,0.9624025225639343,1530.918212890625,800.97021484375,0.9510841369628906,1644.019287109375,807.253662109375,1.0033620595932007,1581.185302734375,813.537109375,1.0057523250579834,1775.970703125,995.75537109375,0.8801229000091553,1461.80078125,1008.322265625,0.8595463037490845,1951.90576171875,1184.25732421875,0.9450758695602417,1285.86572265625,1203.107666015625,0.9280728697776794,1731.987060546875,1441.876708984375,0.7703575491905212,1543.485107421875,1460.72705078125,0.770010769367218,1801.104248046875,1818.880615234375,0.79934161901474,1474.367431640625,1825.1640625,0.8162891864776611,1750.837158203125,2164.467529296875,0.9459211826324463,1600.035400390625,2164.467529296875,0.9097518920898438,1731.987060546875,2208.451171875,0.8914937973022461,1644.019287109375,2202.16796875,0.864154040813446,1920.48876953125,2258.718505859375,0.8511660099029541,1442.95068359375,2302.7021484375,0.8401382565498352,1618.08984375,1404.4747314453125,0.10564495623111725,1737.9886474609375,1300.49609375,0.04966488480567932,1733.013671875,1286.0684814453125,0.050348445773124695,1727.0435791015625,1246.2679443359375,0.08263380825519562,1735.501220703125,1224.875244140625,0.120167076587677,1731.023681640625,1248.258056640625,0.0983370840549469,1725.551025390625,1211.442626953125,0.1295260787010193,1716.0985107421875,1179.104736328125,0.16301317512989044,1724.5560302734375,1150.2493896484375,0.20097383856773376,1734.5062255859375,1256.2181396484375,0.10079840570688248,1725.551025390625,1217.41259765625,0.12272617220878601,1719.08349609375,1181.59228515625,0.15849655866622925,1723.56103515625,1150.2493896484375,0.18710726499557495,1737.9886474609375,1271.143310546875,0.08171522617340088,1732.0186767578125,1248.258056640625,0.10429231077432632,1729.5311279296875,1191.0447998046875,0.09522508084774017,1729.5311279296875,1150.2493896484375,0.1198607087135315,1758.8839111328125,1286.0684814453125,0.06195990741252899,1735.501220703125,1260.1981201171875,0.07775294780731201,1734.5062255859375,1250.248046875,0.07842311263084412,1735.501220703125,1236.31787109375,0.06358381360769272,1368.639892578125,1367.6751708984375,0.12186996638774872,1471.973876953125,1288.9637451171875,0.08533599972724915,1484.890625,1288.9637451171875,0.11578899621963501,1487.7161865234375,1264.3411865234375,0.11950063705444336,1489.734375,1249.0025634765625,0.15242904424667358,1486.5052490234375,1290.1746826171875,0.11172507703304291,1574.9041748046875,1286.945556640625,0.09872819483280182,1574.9041748046875,1280.8907470703125,0.12020981311798096,1574.9041748046875,1253.0390625,0.13419200479984283,1486.5052490234375,1288.56005859375,0.11128447949886322,1517.1824951171875,1286.5418701171875,0.0953780934214592,1574.9041748046875,1278.87255859375,0.12057626247406006,1574.9041748046875,1258.2864990234375,0.12203249335289001,1487.7161865234375,1289.367431640625,0.10266505181789398,1502.2474365234375,1258.690185546875,0.0766793042421341,1574.9041748046875,1280.8907470703125,0.1224193274974823,1574.9041748046875,1280.8907470703125,0.131137415766716,1485.6978759765625,1292.5965576171875,0.08639153838157654,1490.9453125,1290.98193359375,0.08205358684062958,1574.9041748046875,1289.367431640625,0.09767598658800125,1574.9041748046875,1161.410888671875,0.11866547167301178
DJI_20260917132212_0068_D.JPG,Cam 5,7,ARAMANDI,INCORRECT,FEET_TOO_FAR_APART,,rtmw_l_wholebody,coco_wholebody_133,OK,308.6,137.97,1,1,1645.515869140625,900.82275390625,1.0166804790496826,1663.107177734375,877.367919921875,1.0788366794586182,1680.698486328125,877.367919921875,1.0250102281570435,1692.426025390625,877.367919921875,1.045104742050171,1622.061279296875,877.367919921875,1.0720480680465698,1610.333740234375,877.367919921875,1.0297818183898926,1598.606201171875,877.367919921875,1.0526163578033447,1721.74462890625,924.277587890625,0.962417483329773,1569.287353515625,924.277587890625,0.9468042254447937,1674.834716796875,941.868896484375,1.0158120393753052,1616.197509765625,947.732666015625,1.0081467628479004,1797.973388671875,1135.372314453125,0.8214734792709351,1493.058837890625,1135.372314453125,0.8244534730911255,1985.61279296875,1317.148193359375,0.8961182236671448,1317.146728515625,1328.875732421875,0.918859601020813,1756.927001953125,1557.561279296875,0.7475762963294983,1557.559814453125,1581.016357421875,0.7611088752746582,1962.157958984375,1874.203369140625,0.784338116645813,1340.601806640625,1921.113037109375,0.9090689420700073,1839.019287109375,2196.708740234375,0.9548014402389526,1528.241455078125,2220.163818359375,0.9387854337692261,1786.245849609375,2231.891357421875,0.8772436380386353,1581.014892578125,2243.61865234375,0.8502392768859863,2003.203857421875,2272.9375,0.9107168316841125,1346.46533203125,2343.30224609375,0.9093607664108276,1900.9722900390625,1568.4158935546875,0.2374800592660904,1900.9722900390625,1568.4158935546875,0.230270117521286,1900.9722900390625,1568.4158935546875,0.21015653014183044,1900.9722900390625,1568.4158935546875,0.19871783256530762,1900.9722900390625,1568.4158935546875,0.18722423911094666,1900.9722900390625,1568.4158935546875,0.15822991728782654,1900.9722900390625,1568.4158935546875,0.17847217619419098,1900.9722900390625,1568.4158935546875,0.1829133778810501,1615.1148681640625,1568.4158935546875,0.1776759773492813,1749.93212890625,1568.4158935546875,0.14833328127861023,1747.1351318359375,1568.4158935546875,0.12178969383239746,1900.9722900390625,1568.4158935546875,0.15664401650428772,1615.1148681640625,1568.4158935546875,0.15135668218135834,1747.1351318359375,1568.4158935546875,0.12857836484909058,1745.4569091796875,1568.4158935546875,0.11115165054798126,1615.1148681640625,1568.4158935546875,0.1652221977710724,1615.1148681640625,1568.4158935546875,0.2038588523864746,1900.9722900390625,1568.4158935546875,0.17339429259300232,1615.1148681640625,1568.4158935546875,0.1692861020565033,1615.1148681640625,1568.4158935546875,0.21609187126159668,1615.1148681640625,1568.4158935546875,0.20667698979377747,1503.4739990234375,1429.7613525390625,0.2525659501552582,1520.1602783203125,1405.71337890625,0.252162903547287,1524.0865478515625,1390.4993896484375,0.3081514239311218,1526.5404052734375,1386.0823974609375,0.31366056203842163,1527.0311279296875,1378.22998046875,0.23774607479572296,1540.7728271484375,1410.13037109375,0.20902425050735474,1558.4407958984375,1400.8056640625,0.191563680768013,1570.2193603515625,1400.8056640625,0.19154956936836243,1568.2562255859375,1394.425537109375,0.1782509982585907,1543.717529296875,1431.233642578125,0.20375601947307587,1564.330078125,1410.13037109375,0.21059857308864594,1572.1824951171875,1412.093505859375,0.20510496199131012,1571.200927734375,1413.5657958984375,0.18196618556976318,1541.75439453125,1435.159912109375,0.20448094606399536,1555.9869384765625,1432.2152099609375,0.19337454438209534,1556.968505859375,1424.36279296875,0.19579938054084778,1555.9869384765625,1423.38134765625,0.17210420966148376,1540.7728271484375,1442.521484375,0.19369888305664062,1550.09765625,1441.0491943359375,0.18028360605239868,1552.551513671875,1439.576904296875,0.17466509342193604,1566.783935546875,1431.7244873046875,0.14712309837341309
DJI_20260917132213_0069_D.JPG,Cam 5,7,ARAMANDI,INCORRECT,FEET_TOO_FAR_APART,,rtmw_l_wholebody,coco_wholebody_133,OK,329.87,152.73,1,1,1638.6143798828125,892.8397216796875,1.0136300325393677,1656.2818603515625,869.2828369140625,1.0812028646469116,1673.9498291015625,869.2828369140625,1.0282471179962158,1685.7281494140625,869.2828369140625,1.0491564273834229,1620.9464111328125,869.2828369140625,1.0684959888458252,1603.2786865234375,869.2828369140625,1.0263478755950928,1591.5001220703125,869.2828369140625,1.0530579090118408,1721.0638427734375,916.3968505859375,0.9619498252868652,1562.0538330078125,916.3968505859375,0.9506711959838867,1668.0604248046875,934.0645751953125,1.0168559551239014,1609.1678466796875,934.0645751953125,1.0063430070877075,1797.6241455078125,1128.4102783203125,0.8309065103530884,1485.4935302734375,1128.4102783203125,0.8338724970817566,1980.1912841796875,1310.9771728515625,0.9068195819854736,1314.7049560546875,1322.7557373046875,0.9251775741577148,1756.3992919921875,1558.3260498046875,0.7526867389678955,1556.1646728515625,1581.8829345703125,0.7661503553390503,1968.4127197265625,1870.4566650390625,0.7974377870559692,1332.3726806640625,1923.4600830078125,0.9182208776473999,1832.9595947265625,2182.58740234375,0.9592108726501465,1532.6075439453125,2212.03369140625,0.9453862905502319,1785.8458251953125,2217.9228515625,0.8742028474807739,1579.7218017578125,2235.5908203125,0.8593823909759521,2003.7481689453125,2259.14794921875,0.9036577939987183,1355.9298095703125,2329.81884765625,0.9261869192123413,1889.0126953125,1561.9365234375,0.2411823570728302,1889.0126953125,1561.9365234375,0.25408995151519775,1889.0126953125,1561.9365234375,0.24564430117607117,1889.0126953125,1561.9365234375,0.2442382574081421,1889.0126953125,1561.9365234375,0.24076682329177856,1889.0126953125,1561.9365234375,0.20092123746871948,1889.0126953125,1561.9365234375,0.19962561130523682,1889.0126953125,1561.9365234375,0.19189836084842682,1601.910888671875,1561.9365234375,0.18596582114696503,1889.0126953125,1561.9365234375,0.18926291167736053,1889.0126953125,1561.9365234375,0.1389468014240265,1889.0126953125,1561.9365234375,0.16784699261188507,1889.0126953125,1561.9365234375,0.1604706048965454,1889.0126953125,1561.9365234375,0.17918351292610168,1889.0126953125,1561.9365234375,0.14017848670482635,1889.0126953125,1561.9365234375,0.1691727638244629,1889.0126953125,1561.9365234375,0.1938209980726242,1889.0126953125,1561.9365234375,0.21441400051116943,1889.0126953125,1561.9365234375,0.19330275058746338,1601.910888671875,1561.9365234375,0.22344470024108887,1601.910888671875,1561.9365234375,0.20883288979530334,1503.237060546875,1420.775390625,0.2054176926612854,1515.225830078125,1403.511474609375,0.22370880842208862,1521.4599609375,1381.931640625,0.24906983971595764,1526.735107421875,1376.65673828125,0.21499508619308472,1532.96923828125,1372.340576171875,0.16009770333766937,1544.9580078125,1411.184326171875,0.17017468810081482,1570.374267578125,1394.879638671875,0.1522018015384674,1578.047119140625,1388.165771484375,0.15888378024101257,1571.33349609375,1387.206787109375,0.13746219873428345,1547.83544921875,1423.173095703125,0.1713883876800537,1572.77197265625,1415.020751953125,0.16833075881004333,1575.169921875,1406.868408203125,0.15887030959129333,1580.924560546875,1409.26611328125,0.12644658982753754,1544.9580078125,1435.161865234375,0.16804425418376923,1556.94677734375,1438.518798828125,0.14953330159187317,1558.864990234375,1436.12109375,0.14437612891197205,1554.069580078125,1435.161865234375,0.1227494552731514,1541.601318359375,1441.39599609375,0.15211422741413116,1551.671875,1443.314208984375,0.14467984437942505,1554.069580078125,1443.7939453125,0.13843455910682678,1569.415283203125,1438.518798828125,0.11087183654308319
DJI_20260917132228_0070_D.JPG,Cam 5,8,ARAMANDI,INCORRECT,FEET_NOT_IN_LINE,,rtmw_l_wholebody,coco_wholebody_133,OK,321.69,180.16,1,1,1641.1903076171875,884.918701171875,1.0110795497894287,1659.0482177734375,855.155517578125,1.0716114044189453,1676.9061279296875,855.155517578125,1.0130550861358643,1688.8114013671875,861.108154296875,1.0440630912780762,1617.3797607421875,861.108154296875,1.0833888053894043,1599.5218505859375,861.108154296875,1.026872158050537,1587.6165771484375,861.108154296875,1.0536363124847412,1724.5272216796875,908.729248046875,0.9649054408073425,1557.8531494140625,908.729248046875,0.9512399435043335,1676.9061279296875,932.539794921875,1.004168152809143,1611.4271240234375,932.539794921875,1.0094830989837646,1807.8641357421875,1111.119140625,0.8704464435577393,1480.4688720703125,1128.97705078125,0.8408459424972534,1998.3487548828125,1307.55615234375,0.9398627281188965,1301.8895263671875,1337.319580078125,0.9536018371582031,1760.2430419921875,1575.42529296875,0.774726152420044,1557.8531494140625,1593.283203125,0.7862375974655151,1879.2957763671875,1920.678466796875,0.796331524848938,1456.6583251953125,1974.25244140625,0.8499654531478882,1754.2904052734375,2230.2158203125,0.9279531836509705,1629.2850341796875,2236.16845703125,0.9261841773986816,1724.5272216796875,2265.931640625,0.8729761242866516,1665.0008544921875,2259.97900390625,0.8558776378631592,1873.3431396484375,2355.22119140625,0.8550758957862854,1516.1846923828125,2390.93701171875,0.8526250720024109,1620.947021484375,1282.494384765625,0.20575159788131714,1620.947021484375,1282.494384765625,0.20496445894241333,1620.947021484375,1282.494384765625,0.17691417038440704,1620.947021484375,1282.494384765625,0.16955380141735077,1620.947021484375,1282.494384765625,0.18205559253692627,1620.947021484375,1282.494384765625,0.17845168709754944,1620.947021484375,1570.160888671875,0.16857123374938965,1620.947021484375,1570.160888671875,0.15845897793769836,1620.947021484375,1570.160888671875,0.1638275384902954,1620.947021484375,1282.494384765625,0.1565861999988556,1620.947021484375,1570.160888671875,0.14543497562408447,1620.947021484375,1570.160888671875,0.15037789940834045,1620.947021484375,1570.160888671875,0.1420559585094452,1620.947021484375,1570.160888671875,0.13088755309581757,1620.947021484375,1570.160888671875,0.12396161258220673,1620.947021484375,1570.160888671875,0.16377297043800354,1620.947021484375,1570.160888671875,0.19309672713279724,1620.947021484375,1570.160888671875,0.13726317882537842,1620.947021484375,1570.160888671875,0.189909428358078,1620.947021484375,1570.160888671875,0.2134706974029541,1620.947021484375,1570.160888671875,0.17907586693763733,1503.885009765625,1437.9462890625,0.25445300340652466,1513.76318359375,1412.960693359375,0.250762015581131,1517.24951171875,1390.29931640625,0.27346071600914,1527.12744140625,1376.353759765625,0.2541590929031372,1527.70849609375,1370.54296875,0.19216373562812805,1554.4375,1414.703857421875,0.207308828830719,1577.098876953125,1407.150146484375,0.17974534630775452,1586.97705078125,1409.474365234375,0.15612977743148804,1585.23388671875,1403.66357421875,0.1270669400691986,1561.9912109375,1431.5546875,0.207538902759552,1590.46337890625,1419.352294921875,0.2177864909172058,1595.69287109375,1418.190185546875,0.18625319004058838,1597.43603515625,1414.703857421875,0.13856017589569092,1563.1533203125,1438.52734375,0.1940326988697052,1592.78759765625,1435.6220703125,0.20123685896396637,1597.43603515625,1437.9462890625,0.19667893648147583,1598.01708984375,1442.594970703125,0.16258074343204498,1560.8291015625,1445.500244140625,0.16223838925361633,1589.88232421875,1446.662353515625,0.17131957411766052,1597.43603515625,1446.662353515625,0.16546630859375,1599.760498046875,1443.176025390625,0.13318690657615662
DJI_20260917132230_0071_D.JPG,Cam 5,8,ARAMANDI,INCORRECT,FEET_NOT_IN_LINE,,rtmw_l_wholebody,coco_wholebody_133,OK,339.16,158.46,1,1,1644.2138671875,896.92626953125,1.009251594543457,1662.01318359375,867.2607421875,1.070699691772461,1679.8125,867.2607421875,1.0103038549423218,1691.6787109375,867.2607421875,1.0425827503204346,1620.4814453125,867.2607421875,1.0786802768707275,1602.68212890625,867.2607421875,1.0256495475769043,1590.81591796875,873.19384765625,1.04771089553833,1727.27734375,914.7255859375,0.9681771993637085,1561.150390625,920.65869140625,0.9488838911056519,1679.8125,944.39111328125,1.0008662939071655,1614.54833984375,944.39111328125,1.0078439712524414,1804.407470703125,1116.450927734375,0.8586181402206421,1489.953369140625,1140.183349609375,0.8264421224594116,2000.19970703125,1318.17626953125,0.9384731650352478,1300.09423828125,1341.90869140625,0.9471807479858398,1762.875732421875,1579.232421875,0.7675114870071411,1561.150390625,1597.03173828125,0.7843590974807739,1893.40380859375,1929.285400390625,0.7972285747528076,1454.354736328125,1994.54931640625,0.8471237421035767,1745.07666015625,2237.806396484375,0.9112435579299927,1632.34765625,2255.605712890625,0.9206683039665222,1715.4111328125,2273.405029296875,0.8669053316116333,1662.01318359375,2273.405029296875,0.8608903884887695,1881.537841796875,2362.401611328125,0.8546525239944458,1513.685791015625,2403.93310546875,0.8482252359390259,1600.482666015625,1589.88623046875,0.16370204091072083,1600.482666015625,1589.88623046875,0.14304441213607788,1600.482666015625,1589.88623046875,0.1278434693813324,1600.482666015625,1589.88623046875,0.14759579300880432,1600.482666015625,1589.88623046875,0.1387777328491211,1600.482666015625,1589.88623046875,0.11983515322208405,1600.482666015625,1589.88623046875,0.1304127275943756,1600.482666015625,1589.88623046875,0.12920619547367096,1600.482666015625,1289.984375,0.12743598222732544,1600.482666015625,1589.88623046875,0.11431221663951874,1600.482666015625,1589.88623046875,0.10417782515287399,1600.482666015625,1589.88623046875,0.10755003988742828,1600.482666015625,1589.88623046875,0.11285825818777084,1600.482666015625,1589.88623046875,0.10202737152576447,1600.482666015625,1589.88623046875,0.09572023153305054,1600.482666015625,1589.88623046875,0.12270944565534592,1600.482666015625,1589.88623046875,0.15002545714378357,1600.482666015625,1589.88623046875,0.11740894615650177,1600.482666015625,1589.88623046875,0.14507156610488892,1600.482666015625,1589.88623046875,0.15935756266117096,1600.482666015625,1589.88623046875,0.13803192973136902,1510.4954833984375,1442.445556640625,0.32467660307884216,1516.8662109375,1412.3294677734375,0.3044583201408386,1520.341064453125,1392.63818359375,0.31897515058517456,1527.8701171875,1382.7926025390625,0.2855202555656433,1529.0284423828125,1374.6844482421875,0.25033918023109436,1559.7236328125,1417.5418701171875,0.20271137356758118,1587.523193359375,1404.8004150390625,0.1712002158164978,1594.4730224609375,1401.3255615234375,0.1557886004447937,1606.05615234375,1386.8466796875,0.14494208991527557,1566.0943603515625,1429.125,0.19464927911758423,1594.4730224609375,1424.4918212890625,0.19882598519325256,1602.5811767578125,1424.4918212890625,0.17346347868442535,1608.951904296875,1414.0670166015625,0.14740009605884552,1567.252685546875,1439.5498046875,0.18300014734268188,1594.4730224609375,1441.866455078125,0.17670314013957977,1602.5811767578125,1445.34130859375,0.1826547235250473,1605.4769287109375,1447.657958984375,0.16384196281433105,1567.252685546875,1450.5537109375,0.15881243348121643,1589.8397216796875,1452.291259765625,0.17917874455451965,1594.4730224609375,1452.291259765625,0.1715123951435089,1603.739501953125,1451.1329345703125,0.14314991235733032
DJI_20260917132310_0072_D.JPG,Cam 5,9,SAMAPADHAM,INCORRECT,FEET_TOO_FAR_APART,,rtmw_l_wholebody,coco_wholebody_133,OK,370.32,128.27,1,1,1629.6552734375,754.150146484375,1.0232267379760742,1648.714111328125,728.73828125,1.0742242336273193,1667.772705078125,728.73828125,1.0169655084609985,1680.478759765625,728.73828125,1.0500221252441406,1604.243408203125,728.73828125,1.0820930004119873,1591.53759765625,728.73828125,1.0324879884719849,1578.831787109375,735.09130859375,1.0568119287490845,1718.596435546875,773.208984375,0.9717432260513306,1553.419677734375,779.561767578125,0.9620816707611084,1661.420166015625,804.9736328125,1.0105586051940918,1597.890380859375,804.9736328125,1.0134460926055908,1794.83203125,995.562255859375,0.8981560468673706,1477.184326171875,995.562255859375,0.8908418416976929,1960.008544921875,1186.150634765625,0.9513190984725952,1305.65478515625,1198.856689453125,0.9534278512001038,1750.361328125,1452.974609375,0.8118618130683899,1559.772705078125,1459.327392578125,0.7921616435050964,1801.184814453125,1840.504638671875,0.8725439310073853,1540.714111328125,1853.21044921875,0.8640113472938538,1807.537841796875,2183.56396484375,0.9966210126876831,1566.125732421875,2196.269775390625,0.9767518043518066,1782.1259765625,2215.32861328125,0.9013492465019226,1597.890380859375,2228.034423828125,0.8539609909057617,1845.655517578125,2329.681640625,0.9097723364830017,1540.714111328125,2367.79931640625,0.8563201427459717,1820.4935302734375,1285.7410888671875,0.06624992191791534,1795.9686279296875,1277.566162109375,0.08707006275653839,1783.4910888671875,1255.192626953125,0.09202893823385239,1769.72265625,1239.27294921875,0.10419292747974396,1762.408203125,1230.2374267578125,0.112434521317482,1774.8858642578125,1270.251708984375,0.10859430581331253,1748.2095947265625,1244.43603515625,0.11917030066251755,1742.6162109375,1228.086181640625,0.1253342181444168,1734.4412841796875,1217.7598876953125,0.09509086608886719,1769.72265625,1275.4149169921875,0.11408267915248871,1750.7911376953125,1246.58740234375,0.1301284283399582,1741.325439453125,1229.80712890625,0.12671558558940887,1734.8714599609375,1225.5045166015625,0.09681150317192078,1776.1766357421875,1279.2872314453125,0.10925154387950897,1752.0819091796875,1249.5992431640625,0.11698237806558609,1741.325439453125,1231.097900390625,0.11113113909959793,1735.7320556640625,1216.8992919921875,0.08955761045217514,1779.61865234375,1291.7647705078125,0.0991118773818016,1769.72265625,1251.75048828125,0.07713145017623901,1758.9661865234375,1236.2611083984375,0.0823260247707367,1738.743896484375,1230.667724609375,0.08661848306655884,1657.8697509765625,1151.368408203125,0.25148192048072815,1657.8697509765625,1151.368408203125,0.2302972376346588,1657.8697509765625,1151.368408203125,0.2168135643005371,1657.8697509765625,1151.368408203125,0.296609491109848,1657.8697509765625,1151.368408203125,0.30647146701812744,1657.8697509765625,1151.368408203125,0.2689889669418335,1657.8697509765625,1151.368408203125,0.31862136721611023,1657.8697509765625,1151.368408203125,0.3253617286682129,1657.8697509765625,1151.368408203125,0.300531268119812,1657.8697509765625,1151.368408203125,0.28441622853279114,1657.8697509765625,1151.368408203125,0.32476767897605896,1657.8697509765625,1151.368408203125,0.31795719265937805,1657.8697509765625,1151.368408203125,0.2955847680568695,1657.8697509765625,1151.368408203125,0.24033647775650024,1657.8697509765625,1151.368408203125,0.2664114534854889,1657.8697509765625,1151.368408203125,0.31057822704315186,1657.8697509765625,1151.368408203125,0.3459104895591736,1657.8697509765625,1151.368408203125,0.18545156717300415,1657.8697509765625,1151.368408203125,0.2282535582780838,1657.8697509765625,1151.368408203125,0.3009442389011383,1657.8697509765625,1151.368408203125,0.2879454791545868
DJI_20260917132312_0073_D.JPG,Cam 5,9,SAMAPADHAM,INCORRECT,FEET_TOO_FAR_APART,,rtmw_l_wholebody,coco_wholebody_133,OK,326.43,136.14,1,1,1630.09326171875,749.2008056640625,1.018602728843689,1649.26123046875,717.2542724609375,1.0637935400009155,1668.42919921875,717.2542724609375,1.0087594985961914,1681.207763671875,717.2542724609375,1.0444324016571045,1610.92529296875,723.6436767578125,1.077366828918457,1591.75732421875,723.6436767578125,1.025102972984314,1578.978759765625,723.6436767578125,1.052243709564209,1719.543701171875,768.3687744140625,0.9700120687484741,1553.42138671875,774.7581787109375,0.9563877582550049,1662.039794921875,793.9261474609375,1.0085148811340332,1604.535888671875,793.9261474609375,1.0095489025115967,1802.604736328125,991.9949951171875,0.9107480049133301,1476.74951171875,991.9949951171875,0.8905900716781616,1968.72705078125,1177.2850341796875,0.9676576852798462,1310.62744140625,1190.0635986328125,0.9658715724945068,1751.490234375,1458.4149169921875,0.8236980438232422,1566.2001953125,1458.4149169921875,0.8005993366241455,1802.604736328125,1841.7738037109375,0.8858876824378967,1547.0322265625,1848.1629638671875,0.8695203065872192,1808.994140625,2174.01806640625,0.9956316947937012,1566.2001953125,2193.18603515625,0.9765946269035339,1783.436767578125,2205.96484375,0.8876581192016602,1591.75732421875,2231.52197265625,0.8486215472221375,1847.330078125,2320.97216796875,0.8944308161735535,1547.0322265625,2352.9189453125,0.8443413376808167,1887.80859375,1271.769775390625,0.07586033642292023,1798.40771484375,1269.342529296875,0.09183591604232788,1791.53076171875,1281.073974609375,0.0806373581290245,1771.304443359375,1279.05126953125,0.06591582298278809,1757.954833984375,1220.39453125,0.10661507397890091,1776.15869140625,1268.533447265625,0.09080079197883606,1753.90966796875,1258.82470703125,0.10083669424057007,1747.841796875,1241.43017578125,0.1021207720041275,1745.010009765625,1237.384765625,0.09999324381351471,1771.304443359375,1265.701904296875,0.10238701105117798,1757.954833984375,1241.43017578125,0.11633186042308807,1747.841796875,1224.844482421875,0.11024349927902222,1747.841796875,1217.158447265625,0.09922046959400177,1772.92236328125,1268.533447265625,0.09533344954252243,1759.16845703125,1236.57568359375,0.12078661471605301,1752.696044921875,1224.844482421875,0.1110701709985733,1751.482421875,1217.158447265625,0.1080300584435463,1776.15869140625,1280.264892578125,0.08163217455148697,1768.47265625,1241.43017578125,0.08262380957603455,1760.78662109375,1221.608154296875,0.08905602246522903,1757.954833984375,1217.158447265625,0.10142828524112701,1490.169677734375,1278.9310302734375,0.2853890061378479,1502.548583984375,1257.98193359375,0.3256688714027405,1506.8336181640625,1236.0806884765625,0.3974211812019348,1510.16650390625,1220.844970703125,0.4577854573726654,1509.6903076171875,1204.656982421875,0.3847390413284302,1532.5438232421875,1265.5997314453125,0.2686980068683624,1544.9228515625,1261.314697265625,0.2721974849700928,1556.349609375,1259.4102783203125,0.24668368697166443,1559.206298828125,1250.8402099609375,0.16817668080329895,1533.97216796875,1281.3115234375,0.2556001543998718,1552.0645751953125,1278.454833984375,0.25682786107063293,1565.395751953125,1278.454833984375,0.23037347197532654,1572.0614013671875,1274.64599609375,0.1589411199092865,1531.5916748046875,1293.2144775390625,0.2583046853542328,1549.2078857421875,1297.49951171875,0.24695536494255066,1549.2078857421875,1298.9278564453125,0.2376030683517456,1572.0614013671875,1291.7861328125,0.17911213636398315,1527.78271484375,1301.7845458984375,0.24556691944599152,1539.20947265625,1306.069580078125,0.24145323038101196,1541.590087890625,1311.3067626953125,0.2315589189529419,1560.1585693359375,1316.0679931640625,0.17826217412948608
DJI_20260917132527_0074_D.JPG,Cam 5,10,SAMAPADHAM,INCORRECT,FEET_NOT_ALIGNED,,rtmw_l_wholebody,coco_wholebody_133,OK,325.25,136.38,1,1,1629.653564453125,726.412841796875,1.0108753442764282,1649.04150390625,700.562255859375,1.0588390827178955,1668.429443359375,700.562255859375,1.0038111209869385,1681.3544921875,707.02490234375,1.0404343605041504,1610.265625,700.562255859375,1.0818419456481934,1597.34033203125,700.562255859375,1.0283021926879883,1577.952392578125,700.562255859375,1.053377628326416,1720.13037109375,765.1884765625,0.9805102944374084,1552.10205078125,758.725830078125,0.950751543045044,1661.966796875,778.11376953125,1.0013370513916016,1597.34033203125,778.11376953125,1.0035871267318726,1797.68212890625,984.918212890625,0.8879328966140747,1468.087646484375,978.45556640625,0.875473141670227,1978.635986328125,1185.260009765625,0.9289298057556152,1287.1337890625,1185.260009765625,0.9697820544242859,1745.98095703125,1469.615966796875,0.8227716684341431,1558.564453125,1469.615966796875,0.7987790107727051,1745.98095703125,1883.224609375,0.867072582244873,1565.02734375,1876.761962890625,0.8610532283782959,1733.0556640625,2219.28173828125,0.9710079431533813,1623.19091796875,2232.20703125,0.9876208305358887,1713.66796875,2258.057373046875,0.9082995653152466,1649.04150390625,2258.057373046875,0.893714427947998,1829.995361328125,2374.385009765625,0.9249948263168335,1539.1767578125,2400.2353515625,0.873137354850769,1629.3525390625,1379.86669921875,0.2703283429145813,1629.3525390625,1379.86669921875,0.26886266469955444,1629.3525390625,1379.86669921875,0.25696784257888794,1629.3525390625,1379.86669921875,0.2526482343673706,1629.3525390625,1379.86669921875,0.2636505663394928,1629.3525390625,1379.86669921875,0.2587945759296417,1629.3525390625,1379.86669921875,0.24780802428722382,1629.3525390625,1379.86669921875,0.2148122936487198,1629.3525390625,1379.86669921875,0.19962111115455627,1629.3525390625,1379.86669921875,0.24485081434249878,1629.3525390625,1379.86669921875,0.21925336122512817,1629.3525390625,1379.86669921875,0.1987931728363037,1629.3525390625,1379.86669921875,0.21138015389442444,1629.3525390625,1379.86669921875,0.23118695616722107,1629.3525390625,1379.86669921875,0.18158330023288727,1629.3525390625,1379.86669921875,0.2110402137041092,1629.3525390625,1379.86669921875,0.2468266487121582,1629.3525390625,1379.86669921875,0.24052244424819946,1629.3525390625,1379.86669921875,0.23313871026039124,1629.3525390625,1379.86669921875,0.23253726959228516,1629.3525390625,1379.86669921875,0.22510448098182678,1675.5677490234375,1137.8817138671875,0.3170488774776459,1675.5677490234375,1137.8817138671875,0.2651079595088959,1675.5677490234375,1137.8817138671875,0.22728750109672546,1675.5677490234375,1137.8817138671875,0.263113796710968,1675.5677490234375,1137.8817138671875,0.30862194299697876,1675.5677490234375,1137.8817138671875,0.25611254572868347,1675.5677490234375,1137.8817138671875,0.2712695598602295,1675.5677490234375,1137.8817138671875,0.29352784156799316,1675.5677490234375,1137.8817138671875,0.291769802570343,1675.5677490234375,1137.8817138671875,0.257476270198822,1675.5677490234375,1137.8817138671875,0.2602464258670807,1675.5677490234375,1137.8817138671875,0.2760081887245178,1675.5677490234375,1137.8817138671875,0.26087334752082825,1675.5677490234375,1137.8817138671875,0.21933475136756897,1675.5677490234375,1137.8817138671875,0.22254502773284912,1675.5677490234375,1137.8817138671875,0.2498215287923813,1675.5677490234375,1137.8817138671875,0.28875505924224854,1675.5677490234375,1137.8817138671875,0.18066221475601196,1675.5677490234375,1137.8817138671875,0.21090197563171387,1675.5677490234375,1137.8817138671875,0.27289292216300964,1675.5677490234375,1137.8817138671875,0.25771385431289673
DJI_20260917132528_0075_D.JPG,Cam 5,10,SAMAPADHAM,INCORRECT,FEET_NOT_ALIGNED,,rtmw_l_wholebody,coco_wholebody_133,OK,353.49,139.65,1,1,1621.3843994140625,709.7977294921875,1.0164605379104614,1640.9327392578125,683.7332763671875,1.0623788833618164,1660.4808349609375,683.7332763671875,1.0045121908187866,1673.5128173828125,690.2493896484375,1.0405943393707275,1595.3199462890625,690.2493896484375,1.0795722007751465,1582.2877197265625,683.7332763671875,1.0235322713851929,1562.7393798828125,690.2493896484375,1.0473504066467285,1712.6094970703125,742.3782958984375,0.9721488952636719,1536.6749267578125,748.8944091796875,0.9488593935966492,1653.9647216796875,761.9266357421875,1.0056214332580566,1588.8038330078125,761.9266357421875,1.0078845024108887,1784.2867431640625,970.4415283203125,0.8843905329704285,1458.4820556640625,970.4415283203125,0.868272066116333,1966.7374267578125,1172.4403076171875,0.9293813705444336,1276.0313720703125,1172.4403076171875,0.9690595269203186,1738.6739501953125,1459.1488037109375,0.8143829107284546,1549.7071533203125,1465.6646728515625,0.797103762626648,1745.1900634765625,1869.6624755859375,0.8608464002609253,1569.2554931640625,1876.1785888671875,0.8561517596244812,1732.1578369140625,2201.9833984375,0.9516615271568298,1627.9005126953125,2215.015625,0.9685903787612915,1712.6094970703125,2241.080078125,0.8997830152511597,1647.4488525390625,2241.080078125,0.8819631934165955,1823.3834228515625,2364.8857421875,0.9152535796165466,1543.1910400390625,2390.9501953125,0.8624027967453003,1619.955078125,1371.0389404296875,0.1022362932562828,1738.432373046875,1272.4697265625,0.06769207119941711,1737.4613037109375,1255.4749755859375,0.06443658471107483,1740.3746337890625,1227.7979736328125,0.07105683535337448,1737.4613037109375,1204.00537109375,0.08589097857475281,1736.9757080078125,1226.3411865234375,0.08192239701747894,1733.5767822265625,1193.8084716796875,0.09507759660482407,1732.1199951171875,1163.70361328125,0.10750836879014969,1728.7210693359375,1122.9163818359375,0.1303941309452057,1734.5478515625,1226.3411865234375,0.10113447904586792,1733.5767822265625,1193.8084716796875,0.1029304563999176,1732.1199951171875,1122.9163818359375,0.10331369936466217,1732.6055908203125,1122.9163818359375,0.12035685032606125,1744.2591552734375,1227.7979736328125,0.08475439250469208,1736.0045166015625,1203.0341796875,0.09187003970146179,1733.5767822265625,1187.9818115234375,0.07569117844104767,1733.5767822265625,1122.9163818359375,0.10317756235599518,1757.3692626953125,1255.4749755859375,0.07232359051704407,1756.398193359375,1226.3411865234375,0.0794692412018776,1744.2591552734375,1226.3411865234375,0.07126949727535248,1740.3746337890625,1202.0631103515625,0.06382196396589279,1454.8514404296875,1263.4290771484375,0.19404590129852295,1472.7373046875,1244.601806640625,0.19022679328918457,1485.4456787109375,1223.8917236328125,0.19723698496818542,1503.3316650390625,1220.1263427734375,0.18960677087306976,1523.1002197265625,1217.77294921875,0.19607645273208618,1495.330078125,1237.0709228515625,0.1769137680530548,1524.5123291015625,1237.0709228515625,0.18450625240802765,1525.92431640625,1233.305419921875,0.17627207934856415,1520.746826171875,1233.305419921875,0.15289992094039917,1497.6834716796875,1256.8394775390625,0.17753487825393677,1525.92431640625,1250.7205810546875,0.21741731464862823,1526.86572265625,1252.1326904296875,0.20588821172714233,1520.746826171875,1256.8394775390625,0.14752089977264404,1497.2127685546875,1264.3704833984375,0.1765928417444229,1521.217529296875,1265.311767578125,0.18288397789001465,1523.1002197265625,1273.7840576171875,0.1861410140991211,1510.391845703125,1276.608154296875,0.14649458229541779,1495.330078125,1280.84423828125,0.16607239842414856,1510.391845703125,1285.5511474609375,0.16845139861106873,1516.0400390625,1286.492431640625,0.16788512468338013,1511.333251953125,1285.5511474609375,0.12398049235343933
DJI_20260917132546_0076_D.JPG,Cam 5,11,SAMAPADHAM,INCORRECT,WEIGHT_ON_ONE_LEG,,rtmw_l_wholebody,coco_wholebody_133,OK,325.96,147.03,1,1,1585.3956298828125,777.8363037109375,1.0198699235916138,1604.2872314453125,752.6475830078125,1.0725302696228027,1616.8814697265625,752.6475830078125,1.0186405181884766,1629.4759521484375,752.6475830078125,1.0498124361038208,1560.2069091796875,752.6475830078125,1.0887761116027832,1547.6126708984375,752.6475830078125,1.0362515449523926,1535.0181884765625,758.9447021484375,1.0609560012817383,1667.2591552734375,796.7279052734375,0.9698190689086914,1503.5323486328125,803.0250244140625,0.9647622108459473,1616.8814697265625,828.2137451171875,1.006839394569397,1553.9095458984375,828.2137451171875,1.00881028175354,1749.1224365234375,1017.1292724609375,0.8773757219314575,1434.2633056640625,1010.8319091796875,0.8694251179695129,1919.1461181640625,1193.4500732421875,0.9497594833374023,1251.6448974609375,1206.0445556640625,0.9481898546218872,1717.6365966796875,1476.8233642578125,0.78739333152771,1535.0181884765625,1483.1204833984375,0.7661131620407104,1774.3109130859375,1867.2484130859375,0.8819435834884644,1547.6126708984375,1873.5457763671875,0.8268288373947144,1768.0137939453125,2207.29638671875,1.0114247798919678,1623.1785888671875,2219.890625,0.9706262350082397,1736.5279541015625,2245.0791015625,0.9347351789474487,1648.3675537109375,2245.0791015625,0.8801964521408081,1881.3631591796875,2339.537109375,0.8939564228057861,1604.2872314453125,2358.4287109375,0.8645969033241272,1749.71435546875,1294.8616943359375,0.1494705080986023,1735.838134765625,1303.64990234375,0.12987783551216125,1727.512451171875,1262.021484375,0.10409487783908844,1702.998046875,1250.4580078125,0.11004158854484558,1702.998046875,1239.357177734375,0.11942712962627411,1696.9849853515625,1288.3861083984375,0.11573133617639542,1687.271728515625,1271.73486328125,0.10616029053926468,1691.8970947265625,1228.71875,0.11282654106616974,1691.8970947265625,1237.969482421875,0.1049361526966095,1696.9849853515625,1287.4610595703125,0.15086734294891357,1691.4345703125,1251.3831787109375,0.1316746026277542,1692.8221435546875,1239.357177734375,0.1216488778591156,1694.209716796875,1163.5009765625,0.10629451274871826,1702.535400390625,1278.2103271484375,0.14298926293849945,1695.1348876953125,1254.620849609375,0.140284925699234,1694.209716796875,1249.532958984375,0.11699426919221878,1698.835205078125,1237.969482421875,0.1071004867553711,1714.098876953125,1271.73486328125,0.11882564425468445,1708.5484619140625,1256.4710693359375,0.1459341049194336,1706.6982421875,1249.0704345703125,0.135848730802536,1708.0859375,1239.357177734375,0.11142802238464355,1337.47900390625,1296.5350341796875,0.13730180263519287,1435.4178466796875,1290.89453125,0.12932021915912628,1451.313720703125,1267.30712890625,0.1350085735321045,1459.51806640625,1252.9495849609375,0.13692951202392578,1468.747802734375,1240.13037109375,0.11981119960546494,1476.4393310546875,1295.5093994140625,0.12858478724956512,1498.4884033203125,1296.5350341796875,0.12295664846897125,1508.2310791015625,1311.4052734375,0.11109545826911926,1509.256591796875,1291.4072265625,0.0955236628651619,1476.4393310546875,1307.3031005859375,0.14089834690093994,1497.9757080078125,1318.0712890625,0.1494089961051941,1508.2310791015625,1321.14794921875,0.12866750359535217,1511.8204345703125,1323.198974609375,0.09557750821113586,1472.8499755859375,1318.0712890625,0.1312353014945984,1492.335205078125,1328.32666015625,0.13146176934242249,1499.001220703125,1330.8905029296875,0.12113604694604874,1514.38427734375,1326.788330078125,0.09594748914241791,1464.1329345703125,1320.122314453125,0.11033229529857635,1479.003173828125,1330.8905029296875,0.10759498924016953,1488.2330322265625,1330.8905029296875,0.09319749474525452,1511.3076171875,1343.1968994140625,0.07053530961275101
DJI_20260917132548_0077_D.JPG,Cam 5,11,SAMAPADHAM,INCORRECT,WEIGHT_ON_ONE_LEG,,rtmw_l_wholebody,coco_wholebody_133,OK,317.87,142.35,1,1,1585.4241943359375,779.297607421875,1.0181607007980347,1604.3016357421875,754.127685546875,1.0718708038330078,1616.8865966796875,754.127685546875,1.0132670402526855,1635.7640380859375,754.127685546875,1.0483922958374023,1566.5467529296875,754.127685546875,1.0892308950424194,1547.6693115234375,754.127685546875,1.0377331972122192,1535.0843505859375,754.127685546875,1.066676139831543,1667.2264404296875,798.175048828125,0.9743360280990601,1509.9144287109375,804.467529296875,0.962333619594574,1616.8865966796875,823.344970703125,1.007702350616455,1553.9617919921875,823.344970703125,1.0091047286987305,1742.7362060546875,1018.411865234375,0.8687819838523865,1434.4046630859375,1012.119384765625,0.8752089738845825,1912.6331787109375,1194.601318359375,0.9444877505302429,1251.9227294921875,1200.893798828125,0.9460675716400146,1711.2738037109375,1465.177734375,0.7832585573196411,1528.7918701171875,1471.47021484375,0.7616231441497803,1767.9061279296875,1849.01904296875,0.8674993515014648,1547.6693115234375,1867.896484375,0.8333858251571655,1767.9061279296875,2201.39794921875,1.0066365003585815,1623.1790771484375,2207.6904296875,0.9647927284240723,1742.7362060546875,2239.15283203125,0.9269788265228271,1648.3489990234375,2239.15283203125,0.8716020584106445,1881.1707763671875,2327.24755859375,0.8947471380233765,1604.3016357421875,2352.41748046875,0.8571568131446838,1743.0908203125,1303.3349609375,0.09304720163345337,1730.8184814453125,1303.3349609375,0.1075335219502449,1722.636962890625,1303.3349609375,0.09031680226325989,1699.9105224609375,1297.880615234375,0.0801241546869278,1696.7288818359375,1245.1552734375,0.08730611950159073,1687.1837158203125,1291.9716796875,0.12662923336029053,1681.7293701171875,1269.2452392578125,0.11660467833280563,1683.5474853515625,1249.7005615234375,0.10113590955734253,1683.5474853515625,1163.340087890625,0.10902668535709381,1694.001708984375,1279.699462890625,0.15176357328891754,1689.910888671875,1254.7003173828125,0.14248786866664886,1688.54736328125,1241.51904296875,0.1260308474302292,1693.0926513671875,1163.340087890625,0.12348686158657074,1702.6376953125,1279.699462890625,0.14517468214035034,1697.637939453125,1260.1546630859375,0.16028277575969696,1696.7288818359375,1246.973388671875,0.13217899203300476,1699.9105224609375,1234.24658203125,0.12584801018238068,1723.5460205078125,1279.699462890625,0.12977027893066406,1711.2738037109375,1261.518310546875,0.150559663772583,1707.1829833984375,1249.7005615234375,0.1527385413646698,1707.6375732421875,1235.1556396484375,0.14992883801460266,1418.940185546875,1291.68505859375,0.1387440413236618,1435.6708984375,1281.1182861328125,0.14491307735443115,1450.2000732421875,1261.3056640625,0.15331622958183289,1461.6473388671875,1251.1793212890625,0.1723860651254654,1470.4530029296875,1234.4486083984375,0.1440812349319458,1461.2071533203125,1280.677978515625,0.16108021140098572,1477.05712890625,1284.2003173828125,0.13660551607608795,1487.6239013671875,1293.886474609375,0.1275595724582672,1485.4224853515625,1272.7530517578125,0.1025056317448616,1461.6473388671875,1296.528076171875,0.17448857426643372,1485.4224853515625,1295.207275390625,0.16446919739246368,1487.18359375,1312.378173828125,0.14918392896652222,1485.4224853515625,1311.49755859375,0.10518646240234375,1461.6473388671875,1306.2142333984375,0.16300666332244873,1475.736328125,1315.900390625,0.1576765477657318,1473.9752197265625,1318.5421142578125,0.15543296933174133,1472.214111328125,1325.5865478515625,0.11433706432580948,1458.1251220703125,1314.1392822265625,0.14752595126628876,1467.37109375,1320.30322265625,0.14824622869491577,1472.214111328125,1325.146240234375,0.14375227689743042,1473.534912109375,1331.3101806640625,0.11313654482364655
DJI_20260917132617_0078_D.JPG,Cam 5,12,MUZHUMANDI,INCORRECT,KNEES_FACING_FORWARD,,rtmw_l_wholebody,coco_wholebody_133,OK,323.7,127.5,1,1,1665.98583984375,1395.697021484375,1.0042039155960083,1683.1123046875,1357.162109375,1.071563959121704,1700.239013671875,1352.88037109375,1.000817060470581,1713.083984375,1352.88037109375,1.0257010459899902,1644.577392578125,1357.162109375,1.0499273538589478,1627.450927734375,1357.162109375,1.023442268371582,1614.60595703125,1357.162109375,1.05884850025177,1743.0556640625,1382.85205078125,0.956490159034729,1584.63427734375,1387.1337890625,0.9700229167938232,1695.95751953125,1429.950439453125,1.0153535604476929,1636.01416015625,1434.23193359375,1.0205953121185303,1820.12548828125,1558.400146484375,0.836065411567688,1511.84619140625,1575.526611328125,0.8513901233673096,1999.955078125,1733.947998046875,0.926409125328064,1332.016357421875,1789.609619140625,0.91912841796875,1798.71728515625,1995.129150390625,0.8420982360839844,1576.07080078125,2012.256103515625,0.8503591418266296,2047.05322265625,2226.3388671875,0.8966060876846313,1310.608154296875,2299.127197265625,0.8539891242980957,1828.688720703125,2187.803955078125,0.7841788530349731,1546.099365234375,2226.3388671875,0.729483962059021,1798.71728515625,2174.958984375,0.661857008934021,1567.507568359375,2200.64892578125,0.6502704620361328,1824.4072265625,2337.661865234375,0.7582278847694397,1558.9443359375,2359.0703125,0.6737375259399414,1822.43994140625,2050.7744140625,0.12400136888027191,1823.706298828125,1917.8046875,0.1338861733675003,1819.27392578125,1872.84814453125,0.17615094780921936,1807.87646484375,1827.891845703125,0.24653446674346924,1805.34375,1799.3984375,0.30251365900039673,1767.3525390625,1881.079833984375,0.1235080361366272,1759.754150390625,1824.725830078125,0.11247041076421738,1700.234375,1810.16259765625,0.11608700454235077,1586.260498046875,1812.062255859375,0.1313164234161377,1748.35693359375,1889.311279296875,0.11487409472465515,1704.666748046875,1853.219482421875,0.1167527437210083,1693.902587890625,1814.594970703125,0.13570138812065125,1681.8720703125,1811.428955078125,0.1557805836200714,1720.49658203125,1905.774169921875,0.10260846465826035,1694.535888671875,1882.979248046875,0.09996332228183746,1685.0380859375,1812.062255859375,0.1200714260339737,1586.260498046875,1812.062255859375,0.13554222881793976,1710.998779296875,1915.27197265625,0.06945173442363739,1586.260498046875,1909.5732421875,0.09584308415651321,1586.260498046875,1727.21484375,0.12034036219120026,1586.260498046875,1812.062255859375,0.12345445156097412,1774.155517578125,1738.516357421875,0.12330497056245804,1774.155517578125,1738.516357421875,0.11457563191652298,1774.155517578125,1738.516357421875,0.1103619784116745,1554.477294921875,1738.516357421875,0.11245083063840866,1553.229248046875,1738.516357421875,0.10362973064184189,1677.42236328125,1738.516357421875,0.13973671197891235,1678.04638671875,1738.516357421875,0.14238661527633667,1678.04638671875,1738.516357421875,0.1764589250087738,1678.67041015625,1806.541748046875,0.1997717022895813,1675.550048828125,1738.516357421875,0.13365581631660461,1680.542724609375,1738.516357421875,0.1364845633506775,1680.542724609375,1790.3154296875,0.1743098497390747,1682.4150390625,1807.789794921875,0.22390633821487427,1679.918701171875,1738.516357421875,0.11717533320188522,1684.287109375,1738.516357421875,0.13280361890792847,1683.6630859375,1797.180419921875,0.16875293850898743,1682.4150390625,1805.91748046875,0.2235158532857895,1774.155517578125,1738.516357421875,0.11163827776908875,1689.904052734375,1738.516357421875,0.11921106278896332,1684.911376953125,1738.516357421875,0.14896100759506226,1684.911376953125,1738.516357421875,0.14410895109176636
DJI_20260917132619_0079_D.JPG,Cam 5,12,MUZHUMANDI,INCORRECT,KNEES_FACING_FORWARD,,rtmw_l_wholebody,coco_wholebody_133,OK,341.08,145.94,1,1,1665.849365234375,1389.04541015625,1.005147099494934,1683.00634765625,1350.442626953125,1.0646398067474365,1700.1630859375,1350.442626953125,0.9977258443832397,1713.03076171875,1350.442626953125,1.0214934349060059,1644.4033203125,1350.442626953125,1.0461106300354004,1627.24658203125,1350.442626953125,1.0233795642852783,1614.37890625,1350.442626953125,1.055582046508789,1743.05517578125,1376.177978515625,0.9541926383972168,1584.3544921875,1376.177978515625,0.9675618410110474,1695.873779296875,1423.359375,1.0191031694412231,1635.824951171875,1427.6484375,1.0210416316986084,1815.9716796875,1552.03564453125,0.8517471551895142,1511.437744140625,1569.1923828125,0.8729840517044067,2000.407958984375,1727.893310546875,0.927916407585144,1335.580078125,1787.942138671875,0.9266831278800964,1798.81494140625,1989.53515625,0.8464691638946533,1580.065185546875,2010.981201171875,0.856966495513916,2047.589111328125,2221.152587890625,0.8963313102722168,1314.134033203125,2294.069091796875,0.8540809154510498,1828.83935546875,2156.814453125,0.7879132032394409,1558.619140625,2212.57421875,0.7229598760604858,1798.81494140625,2148.23583984375,0.6569825410842896,1580.065185546875,2195.417236328125,0.6445615291595459,1841.70703125,2302.6474609375,0.7657150030136108,1567.197509765625,2349.828857421875,0.6521084308624268,1908.1668701171875,2025.9705810546875,0.2484862208366394,1587.119140625,2025.9705810546875,0.20645593106746674,1587.119140625,2025.9705810546875,0.17349165678024292,1587.119140625,2025.9705810546875,0.1974107325077057,1587.119140625,1704.9227294921875,0.2547418177127838,1587.119140625,1704.9227294921875,0.18213407695293427,1587.119140625,1704.9227294921875,0.209153413772583,1587.119140625,1704.9227294921875,0.2354303002357483,1587.119140625,1704.9227294921875,0.2382035255432129,1587.119140625,1704.9227294921875,0.1669890582561493,1587.119140625,1704.9227294921875,0.1927940845489502,1587.119140625,1704.9227294921875,0.2152555286884308,1587.119140625,1704.9227294921875,0.2343011051416397,1587.119140625,2025.9705810546875,0.16682405769824982,1587.119140625,1704.9227294921875,0.17623281478881836,1587.119140625,1704.9227294921875,0.21193787455558777,1587.119140625,1704.9227294921875,0.26028987765312195,1587.119140625,2025.9705810546875,0.18023069202899933,1587.119140625,2025.9705810546875,0.2526431083679199,1587.119140625,1704.9227294921875,0.2538793981075287,1587.119140625,1704.9227294921875,0.2169935703277588,1781.0675048828125,2054.3037109375,0.2218422293663025,1781.0675048828125,2054.3037109375,0.20667186379432678,1781.0675048828125,1729.6868896484375,0.19089257717132568,1781.0675048828125,1729.6868896484375,0.15947039425373077,1781.0675048828125,1729.6868896484375,0.13115599751472473,1781.0675048828125,1729.6868896484375,0.17788566648960114,1781.0675048828125,1729.6868896484375,0.13906095921993256,1781.0675048828125,1729.6868896484375,0.147768035531044,1781.0675048828125,2054.3037109375,0.13065290451049805,1781.0675048828125,1729.6868896484375,0.16346216201782227,1781.0675048828125,2054.3037109375,0.11180838197469711,1781.0675048828125,2054.3037109375,0.12801717221736908,1676.2498779296875,2054.3037109375,0.11391493678092957,1781.0675048828125,2054.3037109375,0.16922330856323242,1781.0675048828125,2054.3037109375,0.12266969680786133,1683.23779296875,2054.3037109375,0.13553625345230103,1681.33203125,2054.3037109375,0.16278395056724548,1781.0675048828125,2054.3037109375,0.18206152319908142,1781.0675048828125,2054.3037109375,0.1824607253074646,1781.0675048828125,2054.3037109375,0.195792555809021,1781.0675048828125,2054.3037109375,0.17443403601646423
DJI_20260917132650_0080_D.JPG,Cam 5,13,MUZHUMANDI,INCORRECT,BACK_BENT_FORWARD,,rtmw_l_wholebody,coco_wholebody_133,OK,329.94,145.86,1,1,1641.56494140625,1471.9503173828125,1.0014642477035522,1662.39501953125,1430.2901611328125,1.0459203720092773,1683.22509765625,1430.2901611328125,0.9980640411376953,1698.847900390625,1425.0826416015625,1.0174822807312012,1620.73486328125,1430.2901611328125,1.018254041671753,1605.1123046875,1425.0826416015625,0.9950140714645386,1589.48974609375,1425.0826416015625,1.03574800491333,1730.093017578125,1440.7052001953125,0.9198681116104126,1553.037109375,1435.4976806640625,0.9446477890014648,1678.017578125,1508.4029541015625,1.0528075695037842,1610.31982421875,1503.1954345703125,1.0287377834320068,1792.583251953125,1581.3084716796875,0.8406685590744019,1474.92431640625,1612.5533447265625,0.8715654611587524,1995.676513671875,1747.9490966796875,0.9017028212547302,1308.28369140625,1805.2318115234375,0.9392557144165039,1761.338134765625,2003.1175537109375,0.8429347276687622,1542.6220703125,2029.1551513671875,0.8462895154953003,2105.034423828125,2086.43798828125,0.8869496583938599,1214.54833984375,2164.55078125,0.9276304244995117,1813.413330078125,2148.92822265625,0.7382444143295288,1532.20703125,2174.9658203125,0.7428883910179138,1766.545654296875,2154.1357421875,0.6155978441238403,1563.4521484375,2190.58837890625,0.6711233854293823,1813.413330078125,2305.15380859375,0.6258153319358826,1516.58447265625,2372.8515625,0.6545141935348511,1578.112060546875,1709.541748046875,0.43280649185180664,1609.5257568359375,1709.541748046875,0.39697372913360596,1608.2938232421875,1709.541748046875,0.35687220096588135,1609.5257568359375,1709.541748046875,0.3461945354938507,1578.112060546875,1709.541748046875,0.292946994304657,1578.112060546875,1709.541748046875,0.3410412073135376,1578.112060546875,1709.541748046875,0.38031938672065735,1578.112060546875,1709.541748046875,0.37041419744491577,1578.112060546875,1709.541748046875,0.29793184995651245,1578.112060546875,1709.541748046875,0.3508462905883789,1578.112060546875,1709.541748046875,0.3944358825683594,1578.112060546875,1709.541748046875,0.3814123868942261,1578.112060546875,1709.541748046875,0.2845897376537323,1578.112060546875,1709.541748046875,0.34141114354133606,1578.112060546875,1709.541748046875,0.3045376241207123,1578.112060546875,1709.541748046875,0.3698210120201111,1578.112060546875,1709.541748046875,0.35470137000083923,1578.112060546875,1709.541748046875,0.32679206132888794,1578.112060546875,1709.541748046875,0.4212467670440674,1578.112060546875,1709.541748046875,0.41611093282699585,1578.112060546875,1709.541748046875,0.2910860478878021,1736.289794921875,2065.853271484375,0.2936406135559082,1736.289794921875,2065.853271484375,0.2919788062572479,1736.289794921875,2065.853271484375,0.28981661796569824,1736.289794921875,2065.853271484375,0.28980064392089844,1736.289794921875,2065.853271484375,0.25639572739601135,1736.289794921875,2065.853271484375,0.29934632778167725,1736.289794921875,2065.853271484375,0.3127111494541168,1736.289794921875,2065.853271484375,0.2965908646583557,1736.289794921875,2065.853271484375,0.26138120889663696,1736.289794921875,2065.853271484375,0.28689682483673096,1736.289794921875,2065.853271484375,0.2718808948993683,1736.289794921875,2065.853271484375,0.267555832862854,1736.289794921875,2065.853271484375,0.23105488717556,1736.289794921875,2065.853271484375,0.2810687720775604,1736.289794921875,2065.853271484375,0.2564152479171753,1736.289794921875,2065.853271484375,0.2696657180786133,1736.289794921875,2065.853271484375,0.2737131714820862,1736.289794921875,2065.853271484375,0.2734512686729431,1736.289794921875,2065.853271484375,0.2816861867904663,1736.289794921875,2065.853271484375,0.28557875752449036,1736.289794921875,2065.853271484375,0.26712408661842346
DJI_20260917132653_0081_D.JPG,Cam 5,13,MUZHUMANDI,INCORRECT,BACK_BENT_FORWARD,,rtmw_l_wholebody,coco_wholebody_133,OK,324.26,140.79,1,1,1655.4658203125,1470.225830078125,1.0023248195648193,1671.056884765625,1428.649658203125,1.0483715534210205,1691.844970703125,1428.649658203125,0.9966748952865601,1707.436279296875,1423.45263671875,1.0205188989639282,1629.480712890625,1428.649658203125,1.020440697669983,1613.889404296875,1428.649658203125,0.9926984310150146,1598.29833984375,1428.649658203125,1.0391919612884521,1738.618408203125,1439.043701171875,0.9197852611541748,1561.9189453125,1439.043701171875,0.9504683017730713,1686.64794921875,1506.605224609375,1.0553357601165771,1619.08642578125,1506.605224609375,1.0309370756149292,1800.983154296875,1579.364013671875,0.8392336964607239,1483.96337890625,1615.7431640625,0.8673624992370605,1993.273681640625,1750.866455078125,0.8943604826927185,1312.4609375,1802.836669921875,0.925630509853363,1774.997802734375,2000.324462890625,0.8413809537887573,1556.721923828125,2021.112548828125,0.8481515645980835,2112.8056640625,2093.871337890625,0.8987216353416443,1224.111083984375,2171.826904296875,0.9215167760848999,1821.771240234375,2145.841552734375,0.7526782751083374,1541.130859375,2161.432861328125,0.7449175119400024,1764.603759765625,2140.64453125,0.6212570667266846,1572.31298828125,2182.220947265625,0.6531686782836914,1837.3623046875,2296.555908203125,0.6254107356071472,1530.73681640625,2364.117431640625,0.6219826936721802,1624.4278564453125,1713.2564697265625,0.408707857131958,1623.221435546875,1713.2564697265625,0.3586128354072571,1621.411865234375,1713.2564697265625,0.37207525968551636,1621.411865234375,1713.2564697265625,0.3572683334350586,1617.189453125,1713.2564697265625,0.3264243006706238,1618.3958740234375,1713.2564697265625,0.3389357626438141,1617.189453125,1713.2564697265625,0.35146471858024597,1612.967041015625,1713.2564697265625,0.34748566150665283,1618.3958740234375,1713.2564697265625,0.32174381613731384,1618.3958740234375,1713.2564697265625,0.34263890981674194,1586.4261474609375,1713.2564697265625,0.3482270836830139,1657.6038818359375,1713.2564697265625,0.3476344048976898,1655.191162109375,1713.2564697265625,0.3048210144042969,1619.6021728515625,1713.2564697265625,0.33647966384887695,1586.4261474609375,1713.2564697265625,0.31716498732566833,1617.189453125,1713.2564697265625,0.3571108877658844,1619.6021728515625,1713.2564697265625,0.36708611249923706,1618.3958740234375,1713.2564697265625,0.3368092179298401,1614.776611328125,1713.2564697265625,0.4018699824810028,1614.776611328125,1713.2564697265625,0.4183979034423828,1617.189453125,1713.2564697265625,0.35954099893569946,1440.54833984375,1741.35595703125,0.2754555940628052,1440.54833984375,1741.35595703125,0.2623409628868103,1440.54833984375,1741.35595703125,0.24813389778137207,1440.54833984375,1741.35595703125,0.23541830480098724,1440.54833984375,1741.35595703125,0.1925048679113388,1440.54833984375,1741.35595703125,0.21931393444538116,1440.54833984375,1741.35595703125,0.16945144534111023,1440.54833984375,1741.35595703125,0.16101185977458954,1440.54833984375,1741.35595703125,0.14679229259490967,1440.54833984375,1741.35595703125,0.20077334344387054,1580.5936279296875,1741.35595703125,0.12199178338050842,1625.26318359375,1741.35595703125,0.10179227590560913,1633.110595703125,1741.35595703125,0.09166279435157776,1440.54833984375,1741.35595703125,0.17080488801002502,1580.5936279296875,1741.35595703125,0.10478989034891129,1633.7142333984375,1939.95458984375,0.1170642077922821,1635.525146484375,1953.23486328125,0.11115936934947968,1440.54833984375,1741.35595703125,0.15289263427257538,1440.54833984375,1741.35595703125,0.15691345930099487,1440.54833984375,1741.35595703125,0.1803530752658844,1749.0101318359375,1741.35595703125,0.12251581251621246
DJI_20260917132733_0082_D.JPG,Cam 5,14,MUZHUMANDI,INCORRECT,FEET_APART_HEEL_DOWN,,rtmw_l_wholebody,coco_wholebody_133,OK,315.31,132.37,1,1,1584.826416015625,1419.5078125,0.9751008749008179,1603.683349609375,1372.364990234375,1.062201976776123,1622.54052734375,1372.364990234375,1.0321400165557861,1636.683349609375,1372.364990234375,1.072023868560791,1565.96923828125,1372.364990234375,1.0530283451080322,1547.112060546875,1372.364990234375,1.0352919101715088,1532.96923828125,1372.364990234375,1.0710110664367676,1669.683349609375,1395.9365234375,0.8990427255630493,1509.39794921875,1400.650634765625,0.9486375451087952,1622.54052734375,1452.5078125,1.021838665008545,1561.2548828125,1452.5078125,1.0129777193069458,1749.825927734375,1575.078857421875,0.7799127101898193,1438.683837890625,1598.650390625,0.8094290494918823,1952.539794921875,1782.5068359375,0.8873818516731262,1231.255615234375,1834.364013671875,0.8680791854858398,1707.3974609375,2022.93505859375,0.7874601483345032,1509.39794921875,2032.36376953125,0.7989890575408936,2051.53955078125,2046.50634765625,0.8673657178878784,1141.684326171875,2145.50634765625,0.8663150072097778,1773.397216796875,2216.22021484375,0.69898921251297,1768.682861328125,2211.506103515625,0.646923303604126,1485.826416015625,2253.9345703125,0.6108716130256653,1782.825927734375,2249.22021484375,0.641619086265564,1311.398193359375,2310.505859375,0.7082264423370361,1985.539794921875,2286.9345703125,0.7250438928604126,1505.8902587890625,1727.8157958984375,0.3225044012069702,1505.8902587890625,1727.8157958984375,0.29778602719306946,1505.8902587890625,1727.8157958984375,0.28559261560440063,1505.8902587890625,1727.8157958984375,0.2943577766418457,1505.8902587890625,1727.8157958984375,0.2903241813182831,1505.8902587890625,1727.8157958984375,0.29759907722473145,1505.8902587890625,1727.8157958984375,0.29379481077194214,1505.8902587890625,1727.8157958984375,0.2775753140449524,1505.8902587890625,1727.8157958984375,0.24097323417663574,1505.8902587890625,1727.8157958984375,0.30086758732795715,1505.8902587890625,1727.8157958984375,0.2939658463001251,1505.8902587890625,1727.8157958984375,0.2645762860774994,1505.8902587890625,1727.8157958984375,0.2201404869556427,1505.8902587890625,1727.8157958984375,0.2777063846588135,1505.8902587890625,1727.8157958984375,0.2611429989337921,1505.8902587890625,1727.8157958984375,0.27220264077186584,1505.8902587890625,1727.8157958984375,0.27095815539360046,1505.8902587890625,1727.8157958984375,0.285457968711853,1505.8902587890625,1727.8157958984375,0.31931811571121216,1505.8902587890625,1727.8157958984375,0.3173538148403168,1505.8902587890625,1727.8157958984375,0.272699773311615,1748.0531005859375,1713.077880859375,0.34319591522216797,1748.0531005859375,1713.077880859375,0.3583332896232605,1748.0531005859375,1713.077880859375,0.34531641006469727,1748.0531005859375,1713.077880859375,0.34062105417251587,1748.0531005859375,1713.077880859375,0.31703710556030273,1748.0531005859375,1713.077880859375,0.3433581590652466,1748.0531005859375,1713.077880859375,0.33457112312316895,1748.0531005859375,1713.077880859375,0.32479041814804077,1748.0531005859375,1713.077880859375,0.2961365580558777,1748.0531005859375,1713.077880859375,0.34942626953125,1748.0531005859375,1713.077880859375,0.3167637586593628,1748.0531005859375,1713.077880859375,0.2700832188129425,1748.0531005859375,1713.077880859375,0.27198532223701477,1748.0531005859375,1713.077880859375,0.328561007976532,1748.0531005859375,1713.077880859375,0.3019380569458008,1748.0531005859375,1713.077880859375,0.2891269624233246,1748.0531005859375,1713.077880859375,0.288091778755188,1748.0531005859375,1713.077880859375,0.2973564863204956,1748.0531005859375,1713.077880859375,0.31255847215652466,1748.0531005859375,1713.077880859375,0.312757670879364,1748.0531005859375,1713.077880859375,0.28276127576828003
DJI_20260917132735_0083_D.JPG,Cam 5,14,MUZHUMANDI,INCORRECT,FEET_APART_HEEL_DOWN,,rtmw_l_wholebody,coco_wholebody_133,OK,317.09,150.99,1,1,1571.156982421875,1507.5672607421875,0.9626657962799072,1590.1357421875,1455.3758544921875,1.0184543132781982,1604.36962890625,1455.3758544921875,0.9799408316612244,1618.603515625,1450.6312255859375,1.0268926620483398,1547.43359375,1460.1204833984375,1.034313440322876,1533.19970703125,1464.8653564453125,1.0014538764953613,1518.9658203125,1460.1204833984375,1.028800368309021,1647.07177734375,1436.3973388671875,0.9023901224136353,1490.497802734375,1455.3758544921875,0.923553466796875,1604.36962890625,1521.8011474609375,1.006896734237671,1542.68896484375,1521.8011474609375,0.9940545558929443,1732.4755859375,1573.9925537109375,0.8162758350372314,1419.327880859375,1607.2052001953125,0.8194351196289062,1955.474609375,1768.5238037109375,0.8705881237983704,1234.2861328125,1849.1829833984375,0.9041341543197632,1708.752197265625,2015.2459716796875,0.8060405850410461,1495.242431640625,2029.4798583984375,0.8015987277030945,2045.623291015625,2029.4798583984375,0.880386471748352,1148.882080078125,2143.35205078125,0.9227771759033203,1765.688232421875,2209.77734375,0.6857826709747314,1528.455078125,2205.03271484375,0.6786868572235107,1746.70947265625,2238.2451171875,0.5559918880462646,1779.92236328125,2224.01123046875,0.687583327293396,1314.9453125,2314.15966796875,0.6519203186035156,1993.43212890625,2290.4365234375,0.703789234161377,1507.857666015625,1719.232177734375,0.22860541939735413,1507.857666015625,1719.232177734375,0.2120385468006134,1507.857666015625,1719.232177734375,0.18622258305549622,1757.8045654296875,1719.232177734375,0.1953871250152588,1755.9110107421875,1719.232177734375,0.23247894644737244,1507.857666015625,1719.232177734375,0.22532299160957336,1507.857666015625,1719.232177734375,0.20417118072509766,1507.857666015625,1719.232177734375,0.1849157065153122,1747.7056884765625,1719.232177734375,0.19659395515918732,1507.857666015625,1719.232177734375,0.23704081773757935,1507.857666015625,1719.232177734375,0.21577776968479156,1507.857666015625,1719.232177734375,0.19502264261245728,1752.755126953125,1719.232177734375,0.17209549248218536,1507.857666015625,1719.232177734375,0.21054977178573608,1507.857666015625,1719.232177734375,0.22263771295547485,1507.857666015625,1719.232177734375,0.20044349133968353,1507.857666015625,1719.232177734375,0.1813414990901947,1507.857666015625,1719.232177734375,0.2151212990283966,1507.857666015625,1719.232177734375,0.21538105607032776,1507.857666015625,1719.232177734375,0.21765293180942535,1507.857666015625,1719.232177734375,0.21810635924339294,1739.0697021484375,1736.3797607421875,0.17666511237621307,1739.0697021484375,1736.3797607421875,0.1706176996231079,1739.0697021484375,1736.3797607421875,0.16401895880699158,1739.0697021484375,1736.3797607421875,0.18466772139072418,1739.0697021484375,1736.3797607421875,0.15768888592720032,1739.0697021484375,1736.3797607421875,0.1701253354549408,1739.0697021484375,1736.3797607421875,0.20378832519054413,1739.0697021484375,1736.3797607421875,0.2029191553592682,1739.0697021484375,1736.3797607421875,0.18539570271968842,1739.0697021484375,1736.3797607421875,0.164007306098938,1581.642578125,1736.3797607421875,0.17830252647399902,1739.0697021484375,1736.3797607421875,0.1690080612897873,1739.0697021484375,1736.3797607421875,0.15846925973892212,1739.0697021484375,1736.3797607421875,0.1403162181377411,1739.0697021484375,1736.3797607421875,0.14540205895900726,1583.0357666015625,1736.3797607421875,0.16187265515327454,1578.8563232421875,1736.3797607421875,0.1542634665966034,1739.0697021484375,1736.3797607421875,0.12682899832725525,1739.0697021484375,1736.3797607421875,0.15703879296779633,1739.0697021484375,1736.3797607421875,0.16683244705200195,1571.8905029296875,1736.3797607421875,0.1432911455631256
DJI_20260917132751_0084_D.JPG,Cam 5,15,SWASTIKAPADAM,INCORRECT,OVERCROSSING_SHINS,RIGHT,rtmw_l_wholebody,coco_wholebody_133,OK,340.48,140.17,1,1,1790.2720947265625,892.7811279296875,1.015476942062378,1807.8839111328125,863.4276123046875,1.0754973888397217,1825.4959716796875,863.4276123046875,1.0180269479751587,1837.2374267578125,863.4276123046875,1.0495765209197998,1766.7891845703125,869.2984619140625,1.0723340511322021,1755.0479736328125,863.4276123046875,1.0232717990875244,1737.4356689453125,869.2984619140625,1.0532945394515991,1866.5906982421875,904.5223388671875,0.9680399894714355,1708.0823974609375,916.2637939453125,0.9603219032287598,1825.4959716796875,933.8758544921875,1.0180845260620117,1760.9185791015625,933.8758544921875,1.0164146423339844,1937.0386962890625,1109.9962158203125,0.8854474425315857,1643.5050048828125,1109.9962158203125,0.8634055852890015,2124.900390625,1291.9871826171875,0.922044038772583,1479.1258544921875,1327.2113037109375,0.9000126123428345,1890.0733642578125,1550.2972412109375,0.7808225750923157,1737.4356689453125,1556.1678466796875,0.7696667909622192,1919.4268798828125,1879.0550537109375,0.6977882385253906,1778.5303955078125,1890.7962646484375,0.6984354853630066,1807.8839111328125,2166.71826171875,0.7041343450546265,1743.3065185546875,2207.81298828125,0.7519586086273193,1749.1771240234375,2201.9423828125,0.7000353336334229,1708.0823974609375,2243.037109375,0.7877465486526489,1901.8148193359375,2243.037109375,0.7052034139633179,1907.6856689453125,2284.1318359375,0.7413491010665894,1765.7647705078125,1557.75927734375,0.24976032972335815,1765.7647705078125,1557.75927734375,0.21648193895816803,1765.7647705078125,1557.75927734375,0.17703981697559357,1765.7647705078125,1557.75927734375,0.20406344532966614,1765.7647705078125,1276.1463623046875,0.21170639991760254,1765.7647705078125,1276.1463623046875,0.16820396482944489,1765.7647705078125,1557.75927734375,0.18422198295593262,1765.7647705078125,1276.1463623046875,0.1945318877696991,1765.7647705078125,1276.1463623046875,0.18712612986564636,1765.7647705078125,1557.75927734375,0.15510514378547668,1765.7647705078125,1557.75927734375,0.15075278282165527,1765.7647705078125,1557.75927734375,0.16504691541194916,1765.7647705078125,1276.1463623046875,0.17224451899528503,1765.7647705078125,1557.75927734375,0.13997027277946472,1765.7647705078125,1557.75927734375,0.14305554330348969,1765.7647705078125,1557.75927734375,0.1924249231815338,1765.7647705078125,1557.75927734375,0.20664015412330627,1765.7647705078125,1557.75927734375,0.15351502597332,1765.7647705078125,1557.75927734375,0.18149729073047638,1765.7647705078125,1557.75927734375,0.21628840267658234,1765.7647705078125,1557.75927734375,0.1937732696533203,1665.022216796875,1413.0433349609375,0.11525656282901764,1665.9783935546875,1395.8338623046875,0.11632075905799866,1665.022216796875,1359.98095703125,0.1293085515499115,1661.676025390625,1359.5029296875,0.1295882761478424,1654.50537109375,1362.8492431640625,0.1262810230255127,1621.0426025390625,1351.854248046875,0.15384569764137268,1666.9344482421875,1358.0687255859375,0.10900343209505081,1630.6033935546875,1362.8492431640625,0.1105666533112526,1654.50537109375,1371.931884765625,0.10729685425758362,1621.0426025390625,1355.2005615234375,0.17775118350982666,1619.6085205078125,1361.4150390625,0.14066076278686523,1634.427734375,1371.453857421875,0.16004443168640137,1650.2030029296875,1379.1025390625,0.1661054641008377,1621.998779296875,1358.0687255859375,0.15904656052589417,1619.6085205078125,1368.1075439453125,0.139570951461792,1632.99365234375,1375.2781982421875,0.1620517075061798,1648.2908935546875,1381.0146484375,0.15695452690124512,1621.0426025390625,1365.2393798828125,0.13112923502922058,1621.0426025390625,1371.453857421875,0.13596761226654053,1626.3011474609375,1376.2342529296875,0.14173024892807007,1639.6861572265625,1385.3170166015625,0.11159755289554596
DJI_20260917132753_0085_D.JPG,Cam 5,15,SWASTIKAPADAM,INCORRECT,OVERCROSSING_SHINS,RIGHT,rtmw_l_wholebody,coco_wholebody_133,OK,295.15,138.21,1,1,1788.42431640625,885.1783447265625,1.007131576538086,1806.109130859375,855.7037353515625,1.0691256523132324,1817.898681640625,855.7037353515625,1.0132715702056885,1829.688720703125,855.7037353515625,1.0448698997497559,1764.8447265625,861.5987548828125,1.0736727714538574,1747.159912109375,855.7037353515625,1.0271189212799072,1735.3701171875,861.5987548828125,1.0534611940383911,1859.163330078125,902.8629150390625,0.9685055613517761,1700.000732421875,908.7579345703125,0.9571117758750916,1817.898681640625,926.4427490234375,1.0110467672348022,1758.94970703125,926.4427490234375,1.0170825719833374,1935.797119140625,1109.1846923828125,0.887163519859314,1641.0517578125,1109.1846923828125,0.8591415286064148,2112.644287109375,1286.0318603515625,0.9220011234283447,1475.994384765625,1315.5064697265625,0.9049221277236938,1888.6376953125,1545.4078369140625,0.7766402959823608,1729.475341796875,1557.1976318359375,0.7692382335662842,1924.007080078125,1875.5225830078125,0.7085283994674683,1764.8447265625,1887.3126220703125,0.677064836025238,1764.8447265625,2187.95263671875,0.7166101932525635,1753.054931640625,2193.84765625,0.6908470392227173,1705.895751953125,2229.216796875,0.7217893004417419,1711.79052734375,2241.0068359375,0.7369405031204224,1882.742919921875,2282.27099609375,0.6889468431472778,1906.322509765625,2294.06103515625,0.694522500038147,1761.90185546875,1545.57275390625,0.2499300092458725,1761.90185546875,1273.544921875,0.2348206639289856,1761.90185546875,1273.544921875,0.1986156404018402,1761.90185546875,1273.544921875,0.23043280839920044,1761.90185546875,1273.544921875,0.26353031396865845,1761.90185546875,1273.544921875,0.23352661728858948,1761.90185546875,1273.544921875,0.24925550818443298,1761.90185546875,1273.544921875,0.24548673629760742,1761.90185546875,1273.544921875,0.24887925386428833,1761.90185546875,1273.544921875,0.22297844290733337,1761.90185546875,1273.544921875,0.2243034541606903,1761.90185546875,1545.57275390625,0.21146148443222046,1761.90185546875,1273.544921875,0.23448894917964935,1761.90185546875,1273.544921875,0.2012196183204651,1761.90185546875,1273.544921875,0.19727179408073425,1761.90185546875,1545.57275390625,0.26120251417160034,1761.90185546875,1545.57275390625,0.2740734815597534,1761.90185546875,1545.57275390625,0.20243100821971893,1761.90185546875,1545.57275390625,0.2575903832912445,1761.90185546875,1545.57275390625,0.28848743438720703,1761.90185546875,1545.57275390625,0.2618998885154724,1626.341552734375,1405.71435546875,0.1299424171447754,1651.0791015625,1394.979248046875,0.12562189996242523,1657.613525390625,1353.9056396484375,0.1282941997051239,1672.0826416015625,1349.2381591796875,0.11759957671165466,1694.0196533203125,1361.84033203125,0.11554166674613953,1663.2144775390625,1352.50537109375,0.14361649751663208,1673.48291015625,1349.2381591796875,0.126392662525177,1680.9508056640625,1359.9732666015625,0.1147332489490509,1692.6195068359375,1368.8414306640625,0.08471688628196716,1666.481689453125,1357.1728515625,0.1285887360572815,1680.484130859375,1354.372314453125,0.12538361549377441,1687.4852294921875,1371.6419677734375,0.11747550219297409,1652.4793701171875,1376.309326171875,0.10153956711292267,1664.14794921875,1368.8414306640625,0.12115141749382019,1679.550537109375,1359.039794921875,0.11005989462137222,1681.88427734375,1371.6419677734375,0.11828413605690002,1680.484130859375,1383.77734375,0.10518570989370346,1664.14794921875,1368.8414306640625,0.09836669266223907,1675.349853515625,1394.979248046875,0.10244955122470856,1680.484130859375,1400.1134033203125,0.10085517168045044,1680.484130859375,1400.5802001953125,0.08287845551967621
DJI_20260917132825_0086_D.JPG,Cam 5,16,SWASTIKAPADAM,INCORRECT,OVERCROSSING_SHINS,LEFT,rtmw_l_wholebody,coco_wholebody_133,OK,336.26,163.35,1,1,1491.431396484375,875.5179443359375,1.0125877857208252,1515.36279296875,845.6033935546875,1.0710954666137695,1533.3115234375,845.6033935546875,1.0019619464874268,1545.27734375,851.5863037109375,1.0455529689788818,1473.48291015625,851.5863037109375,1.0756280422210693,1455.5341796875,851.5863037109375,1.0182607173919678,1443.568359375,851.5863037109375,1.0501046180725098,1581.1748046875,899.4495849609375,0.9561195969581604,1419.63671875,899.4495849609375,0.954473078250885,1527.328857421875,923.3809814453125,1.0033072233200073,1461.51708984375,923.3809814453125,1.0067105293273926,1658.9521484375,1108.8504638671875,0.8498049974441528,1353.824951171875,1114.8333740234375,0.8416483402252197,1844.421875,1306.2860107421875,0.9008446335792542,1162.37255859375,1312.2689208984375,0.9073649048805237,1599.12353515625,1539.6185302734375,0.7605811357498169,1425.61962890625,1545.6014404296875,0.7852739691734314,1593.140625,1874.6605224609375,0.6727004051208496,1461.51708984375,1898.5921630859375,0.7163870334625244,1497.414306640625,2107.9931640625,0.7072514295578003,1652.969482421875,2227.65087890625,0.7584396600723267,1497.414306640625,2143.890625,0.7572046518325806,1694.849609375,2257.5654296875,0.7896403074264526,1437.58544921875,2215.685546875,0.7429556846618652,1479.4658203125,2359.27490234375,0.7086666822433472,1766.065185546875,1462.971435546875,0.30479633808135986,1766.065185546875,1462.971435546875,0.27497953176498413,1766.065185546875,1462.971435546875,0.2717052102088928,1766.065185546875,1462.971435546875,0.29390615224838257,1766.065185546875,1462.971435546875,0.28382623195648193,1766.065185546875,1462.971435546875,0.27584946155548096,1766.065185546875,1462.971435546875,0.2624872922897339,1766.065185546875,1462.971435546875,0.25771448016166687,1766.065185546875,1462.971435546875,0.25246602296829224,1766.065185546875,1462.971435546875,0.2688498795032501,1766.065185546875,1462.971435546875,0.24914655089378357,1766.065185546875,1462.971435546875,0.2482171654701233,1766.065185546875,1462.971435546875,0.2004350870847702,1766.065185546875,1462.971435546875,0.2577663064002991,1766.065185546875,1462.971435546875,0.23701967298984528,1766.065185546875,1462.971435546875,0.257848858833313,1766.065185546875,1462.971435546875,0.26583048701286316,1766.065185546875,1462.971435546875,0.24561893939971924,1766.065185546875,1462.971435546875,0.2547968327999115,1766.065185546875,1462.971435546875,0.2760304808616638,1766.065185546875,1462.971435546875,0.24908477067947388,1509.293212890625,1426.354736328125,0.11758396029472351,1370.804443359375,1402.119140625,0.11508737504482269,1370.804443359375,1373.9267578125,0.12714573740959167,1375.75048828125,1370.959228515625,0.10509926080703735,1398.996826171875,1381.345703125,0.1025153249502182,1374.76123046875,1400.63525390625,0.14079619944095612,1509.293212890625,1399.151611328125,0.10335997492074966,1509.293212890625,1532.6943359375,0.10261454433202744,1509.293212890625,1532.6943359375,0.11803190410137177,1376.2451171875,1406.570556640625,0.14587432146072388,1396.52392578125,1406.570556640625,0.09776421636343002,1509.293212890625,1532.6943359375,0.09812155365943909,1509.293212890625,1532.6943359375,0.11976823210716248,1382.675048828125,1406.570556640625,0.11893710494041443,1395.0400390625,1406.570556640625,0.0973147302865982,1509.293212890625,1434.762939453125,0.1017800122499466,1509.293212890625,1532.6943359375,0.1427423506975174,1374.76123046875,1406.570556640625,0.09030388295650482,1391.577880859375,1434.762939453125,0.09042634069919586,1509.293212890625,1437.73046875,0.09559489786624908,1509.293212890625,1532.6943359375,0.10532249510288239
DJI_20260917132826_0087_D.JPG,Cam 5,16,SWASTIKAPADAM,INCORRECT,OVERCROSSING_SHINS,LEFT,rtmw_l_wholebody,coco_wholebody_133,OK,297.01,142.87,1,1,1492.5357666015625,884.81005859375,1.0167933702468872,1516.4244384765625,854.948974609375,1.0720882415771484,1534.3411865234375,854.948974609375,1.0071725845336914,1546.2857666015625,854.948974609375,1.0488964319229126,1474.6192626953125,854.948974609375,1.0734257698059082,1456.7025146484375,854.948974609375,1.0229582786560059,1444.7581787109375,854.948974609375,1.0486478805541992,1582.1190185546875,902.7265625,0.9666330814361572,1420.8692626953125,902.7265625,0.9611388444900513,1528.3692626953125,926.615478515625,1.0078877210617065,1462.6749267578125,926.615478515625,1.011828064918518,1665.7298583984375,1105.78173828125,0.8614373207092285,1343.2305908203125,1117.72607421875,0.8594065308570862,1838.9239501953125,1302.86474609375,0.9195512533187866,1164.0643310546875,1308.8369140625,0.9266517162322998,1600.0357666015625,1535.78076171875,0.7862112522125244,1432.8135986328125,1541.7529296875,0.8168348073959351,1576.1466064453125,1870.224365234375,0.7097047567367554,1474.6192626953125,1888.14111328125,0.7632572054862976,1498.5079345703125,2097.168212890625,0.747674822807312,1641.8409423828125,2228.556884765625,0.8091714382171631,1510.4525146484375,2133.00146484375,0.7841354012489319,1695.5909423828125,2258.41796875,0.8398705720901489,1438.7857666015625,2222.584716796875,0.7935550212860107,1498.5079345703125,2365.91748046875,0.7453650236129761,1666.740966796875,1414.1817626953125,0.1233641654253006,1645.444091796875,1400.4908447265625,0.11015055328607559,1639.8663330078125,1389.3353271484375,0.08296424895524979,1634.795654296875,1389.3353271484375,0.07046309113502502,1616.0340576171875,1243.29931640625,0.06554720550775528,1623.64013671875,1366.5172119140625,0.11290764808654785,1613.498779296875,1322.402099609375,0.1115904450416565,1607.9210205078125,1316.3173828125,0.10991093516349792,1592.7088623046875,1243.29931640625,0.1211162731051445,1612.484619140625,1369.0526123046875,0.14378651976585388,1603.3572998046875,1324.9375,0.13624940812587738,1603.3572998046875,1312.2607421875,0.11721817404031754,1609.442138671875,1243.29931640625,0.11289215087890625,1613.498779296875,1373.109130859375,0.1333993673324585,1601.3291015625,1331.5294189453125,0.10907542705535889,1604.8785400390625,1313.27490234375,0.09727637469768524,1590.173583984375,1243.29931640625,0.09980577975511551,1623.133056640625,1381.729248046875,0.09535473585128784,1616.0340576171875,1364.4888916015625,0.07822716981172562,1616.0340576171875,1321.3880615234375,0.06119393929839134,1623.64013671875,1318.3455810546875,0.05455249547958374,1515.476318359375,1476.484375,0.3589954078197479,1515.476318359375,1476.991455078125,0.3319283723831177,1515.476318359375,1481.5550537109375,0.30190643668174744,1515.476318359375,1486.625732421875,0.31100237369537354,1515.476318359375,1491.696533203125,0.3084367513656616,1515.476318359375,1484.0904541015625,0.2930816411972046,1515.476318359375,1490.682373046875,0.3150273561477661,1515.476318359375,1491.696533203125,0.32008975744247437,1515.476318359375,1525.1630859375,0.3070525825023651,1515.476318359375,1484.5975341796875,0.2885241210460663,1515.476318359375,1491.189453125,0.2967299520969391,1515.476318359375,1525.1630859375,0.3119989037513733,1515.476318359375,1525.1630859375,0.28210049867630005,1515.476318359375,1484.5975341796875,0.26889854669570923,1515.476318359375,1490.682373046875,0.26343876123428345,1515.476318359375,1525.1630859375,0.3192956745624542,1515.476318359375,1525.1630859375,0.3392874002456665,1515.476318359375,1483.5833740234375,0.2338280975818634,1515.476318359375,1489.1611328125,0.2638205289840698,1515.476318359375,1490.682373046875,0.3028428554534912,1515.476318359375,1525.1630859375,0.27421969175338745
DJI_20260917132841_0088_D.JPG,Cam 5,17,SWASTIKAPADAM,INCORRECT,INSUFFICIENT_ARAMANDI,RIGHT,rtmw_l_wholebody,coco_wholebody_133,OK,315.3,137.61,1,1,1740.506103515625,829.898681640625,1.0118962526321411,1758.719482421875,805.614501953125,1.0701731443405151,1770.861572265625,805.614501953125,1.007499098777771,1789.074951171875,811.685302734375,1.050654649734497,1716.221923828125,811.685302734375,1.070892095565796,1704.079833984375,811.685302734375,1.0221238136291504,1691.937744140625,811.685302734375,1.0503655672073364,1819.429931640625,860.25390625,0.968602180480957,1661.582275390625,866.324951171875,0.9586948752403259,1770.861572265625,872.396240234375,1.012087345123291,1710.15087890625,878.46728515625,1.0146195888519287,1886.211669921875,1060.599365234375,0.8905436992645264,1594.800537109375,1072.741455078125,0.8689340353012085,2068.343994140625,1236.660400390625,0.9439957141876221,1424.810546875,1267.015625,0.9242711663246155,1849.785400390625,1503.787353515625,0.7879729270935059,1691.937744140625,1503.787353515625,0.7729712724685669,1837.643310546875,1849.838134765625,0.7497316598892212,1728.364013671875,1855.909423828125,0.7222254276275635,1752.6484375,2177.676025390625,0.760231614112854,1728.364013671875,2201.960205078125,0.741297721862793,1698.008544921875,2214.102294921875,0.7686452269554138,1698.008544921875,2250.528564453125,0.7622994184494019,1843.714599609375,2280.884033203125,0.7399579286575317,1861.927490234375,2299.097412109375,0.7440297603607178,1752.0556640625,1453.614990234375,0.13829585909843445,1752.0556640625,1359.841796875,0.09441278874874115,1752.0556640625,1355.222412109375,0.08497960865497589,1752.0556640625,1335.821044921875,0.08385742455720901,1752.0556640625,1217.565185546875,0.09851587563753128,1863.8443603515625,1335.821044921875,0.08269114792346954,1860.14892578125,1285.931884765625,0.11184483021497726,1752.0556640625,1268.3782958984375,0.13672640919685364,1752.0556640625,1217.565185546875,0.19389761984348297,1860.14892578125,1335.821044921875,0.0988769680261612,1855.529541015625,1289.6273193359375,0.11886361986398697,1752.0556640625,1274.3834228515625,0.1293644905090332,1752.0556640625,1217.565185546875,0.18786132335662842,1863.3824462890625,1342.2880859375,0.10743057727813721,1858.3011474609375,1309.4906005859375,0.10483686625957489,1752.0556640625,1279.4647216796875,0.10918013006448746,1752.0556640625,1217.565185546875,0.1489022821187973,1877.2406005859375,1348.7552490234375,0.0962148979306221,1866.154052734375,1329.8157958984375,0.097154401242733,1863.3824462890625,1325.658447265625,0.08307087421417236,1752.0556640625,1453.614990234375,0.09183938801288605,1509.263427734375,1357.029052734375,0.11388668417930603,1590.868408203125,1337.854248046875,0.08911384642124176,1596.2197265625,1334.28662109375,0.10611188411712646,1602.90869140625,1300.842041015625,0.1714092344045639,1610.935302734375,1322.24658203125,0.21549490094184875,1637.691162109375,1342.3134765625,0.08666636049747467,1645.27197265625,1354.353515625,0.10367581248283386,1645.27197265625,1367.28564453125,0.0922405868768692,1737.133544921875,1371.744873046875,0.10719432681798935,1637.691162109375,1347.21875,0.09347129613161087,1655.5283203125,1364.1640625,0.11994463205337524,1655.08251953125,1378.433837890625,0.11401452124118805,1737.133544921875,1376.2041015625,0.10717731714248657,1636.353271484375,1358.366943359375,0.09150916337966919,1645.7177734375,1368.177490234375,0.10379653424024582,1655.5283203125,1382.001220703125,0.115686796605587,1737.133544921875,1456.471435546875,0.12245702743530273,1628.7724609375,1365.055908203125,0.06475897133350372,1636.79931640625,1370.85302734375,0.07471247017383575,1641.258544921875,1382.447265625,0.08358820527791977,1737.133544921875,1402.9599609375,0.08033240586519241
DJI_20260917132842_0089_D.JPG,Cam 5,17,SWASTIKAPADAM,INCORRECT,INSUFFICIENT_ARAMANDI,RIGHT,rtmw_l_wholebody,coco_wholebody_133,OK,326.81,240.12,1,1,1730.6162109375,846.1856689453125,1.0189847946166992,1748.789306640625,815.8968505859375,1.0768967866897583,1766.962646484375,815.8968505859375,1.0195133686065674,1779.078125,815.8968505859375,1.0582389831542969,1712.44287109375,821.9547119140625,1.0764893293380737,1694.26953125,815.8968505859375,1.0300166606903076,1682.15380859375,821.9547119140625,1.0557700395584106,1809.3671875,864.3590087890625,0.9693701267242432,1651.864990234375,870.4168701171875,0.9642149209976196,1766.962646484375,882.5323486328125,1.0149610042572021,1700.3271484375,888.5902099609375,1.0153381824493408,1882.060546875,1070.3233642578125,0.8964030742645264,1579.171630859375,1088.4967041015625,0.8670439124107361,2063.793701171875,1252.0567626953125,0.9627665877342224,1415.61181640625,1282.3455810546875,0.9560301303863525,1839.656005859375,1518.5987548828125,0.8034390211105347,1688.21142578125,1524.6563720703125,0.7864817380905151,1821.482666015625,1882.0653076171875,0.7806916236877441,1736.673828125,1876.0074462890625,0.7287707328796387,1724.55810546875,2209.18505859375,0.800288200378418,1754.84716796875,2197.0693359375,0.7294647097587585,1670.038330078125,2257.6474609375,0.8075424432754517,1742.731689453125,2245.53173828125,0.7463181018829346,1845.7138671875,2312.16748046875,0.7475107908248901,1869.94482421875,2312.16748046875,0.7280361652374268,1713.9622802734375,1503.0042724609375,0.1310947686433792,1713.9622802734375,1503.0042724609375,0.10526818782091141,1713.9622802734375,1503.0042724609375,0.07512950152158737,1713.9622802734375,1503.0042724609375,0.07527393102645874,1713.9622802734375,1503.0042724609375,0.1001114472746849,1713.9622802734375,1503.0042724609375,0.08432129770517349,1713.9622802734375,1503.0042724609375,0.096102774143219,1713.9622802734375,1503.0042724609375,0.10532736778259277,1713.9622802734375,1503.0042724609375,0.13304011523723602,1854.044189453125,1503.0042724609375,0.08061282336711884,1835.9525146484375,1503.0042724609375,0.07764576375484467,1813.20849609375,1503.0042724609375,0.0879172533750534,1713.9622802734375,1503.0042724609375,0.12989859282970428,1861.281005859375,1503.0042724609375,0.07220093905925751,1837.503173828125,1503.0042724609375,0.0682537853717804,1713.9622802734375,1503.0042724609375,0.1023254320025444,1713.9622802734375,1503.0042724609375,0.16998904943466187,1713.9622802734375,1503.0042724609375,0.07328718155622482,1713.9622802734375,1503.0042724609375,0.11163963377475739,1713.9622802734375,1503.0042724609375,0.14951449632644653,1713.9622802734375,1503.0042724609375,0.14783257246017456,1755.4404296875,1471.018310546875,0.3097352683544159,1755.4404296875,1471.018310546875,0.25418004393577576,1755.4404296875,1415.0103759765625,0.2449890524148941,1755.4404296875,1416.5106201171875,0.2687108814716339,1755.4404296875,1420.51123046875,0.27388614416122437,1755.4404296875,1414.5103759765625,0.24259939789772034,1755.4404296875,1418.5108642578125,0.28390052914619446,1755.4404296875,1420.51123046875,0.320820152759552,1755.4404296875,1421.5113525390625,0.30082225799560547,1755.4404296875,1416.5106201171875,0.26817086338996887,1755.4404296875,1471.018310546875,0.301796555519104,1755.4404296875,1420.51123046875,0.3109537363052368,1755.4404296875,1424.01171875,0.29201582074165344,1755.4404296875,1471.018310546875,0.27752888202667236,1755.4404296875,1471.018310546875,0.280416339635849,1755.4404296875,1421.01123046875,0.3234925866127014,1755.4404296875,1424.01171875,0.32399484515190125,1755.4404296875,1471.018310546875,0.2829013168811798,1755.4404296875,1471.018310546875,0.3145796060562134,1755.4404296875,1471.018310546875,0.32854604721069336,1755.4404296875,1471.018310546875,0.2945443093776703
DJI_20260917132906_0090_D.JPG,Cam 5,18,SWASTIKAPADAM,INCORRECT,INSUFFICIENT_ARAMANDI,LEFT,rtmw_l_wholebody,coco_wholebody_133,OK,375.03,144.23,1,1,1503.2862548828125,790.0260009765625,1.0233426094055176,1522.1207275390625,758.6353759765625,1.0852184295654297,1540.9552001953125,758.6353759765625,1.0335631370544434,1553.5113525390625,758.6353759765625,1.062518835067749,1484.4517822265625,764.9134521484375,1.0672259330749512,1471.8953857421875,764.9134521484375,1.0259051322937012,1453.0609130859375,764.9134521484375,1.044071912765503,1597.4586181640625,808.8607177734375,0.9646819233894348,1427.9483642578125,815.1387939453125,0.9725900888442993,1540.9552001953125,833.9732666015625,1.0157880783081055,1478.1734619140625,833.9732666015625,1.0093955993652344,1679.0745849609375,1028.5963134765625,0.8697329759597778,1358.8885498046875,1034.8743896484375,0.8693351745605469,1867.4195556640625,1216.9410400390625,0.8994514346122742,1183.0999755859375,1242.0535888671875,0.9439949989318848,1628.8492431640625,1468.0675048828125,0.7701823115348816,1459.3389892578125,1474.3455810546875,0.7855974435806274,1610.0147705078125,1832.2008056640625,0.7109742164611816,1497.0079345703125,1832.2008056640625,0.7478012442588806,1603.7366943359375,2171.22119140625,0.7388496398925781,1635.1275634765625,2190.0556640625,0.7859766483306885,1635.1275634765625,2215.16845703125,0.7648732662200928,1691.6309814453125,2234.0029296875,0.8203575611114502,1497.0079345703125,2334.45361328125,0.7252877950668335,1522.1207275390625,2353.2880859375,0.7159171104431152,1783.3994140625,1282.4259033203125,0.0794200450181961,1726.69677734375,1264.1767578125,0.05516694486141205,1726.69677734375,1250.1640625,0.05940764397382736,1679.7705078125,1226.0491943359375,0.08010028302669525,1674.8824462890625,1180.7523193359375,0.12264340370893478,1695.41259765625,1235.825439453125,0.08763104677200317,1676.1859130859375,1225.7232666015625,0.1431654989719391,1674.230712890625,1227.6785888671875,0.13398762047290802,1671.6236572265625,1180.7523193359375,0.11024913191795349,1688.8951416015625,1245.601806640625,0.11086020618677139,1677.4893798828125,1245.601806640625,0.14812184870243073,1674.8824462890625,1247.8829345703125,0.12288812547922134,1671.949462890625,1251.1417236328125,0.08994477987289429,1680.7481689453125,1258.9627685546875,0.09285593032836914,1676.837646484375,1259.28857421875,0.12793338298797607,1675.5341796875,1263.8509521484375,0.11186246573925018,1675.8599853515625,1268.739013671875,0.08916941285133362,1678.1412353515625,1277.5377197265625,0.09594063460826874,1678.1412353515625,1274.6048583984375,0.12531942129135132,1675.5341796875,1276.885986328125,0.1169358417391777,1674.8824462890625,1277.5377197265625,0.09406991302967072,1522.52880859375,1397.8648681640625,0.33856889605522156,1522.52880859375,1397.8648681640625,0.30321004986763,1522.52880859375,1441.2701416015625,0.2989943325519562,1522.52880859375,1441.2701416015625,0.31806209683418274,1522.52880859375,1441.2701416015625,0.3353484570980072,1522.52880859375,1441.2701416015625,0.29084569215774536,1522.52880859375,1441.2701416015625,0.3307167887687683,1522.52880859375,1441.2701416015625,0.3488767445087433,1522.52880859375,1441.2701416015625,0.3247316777706146,1522.52880859375,1441.2701416015625,0.29755133390426636,1522.52880859375,1441.2701416015625,0.3190709948539734,1522.52880859375,1441.2701416015625,0.334766685962677,1522.52880859375,1441.2701416015625,0.29362788796424866,1522.52880859375,1441.2701416015625,0.27940911054611206,1522.52880859375,1441.2701416015625,0.28089794516563416,1522.52880859375,1441.2701416015625,0.346964567899704,1522.52880859375,1441.2701416015625,0.34984564781188965,1522.52880859375,1441.2701416015625,0.2751137614250183,1522.52880859375,1441.2701416015625,0.3037101924419403,1522.52880859375,1441.2701416015625,0.34578001499176025,1522.52880859375,1441.2701416015625,0.313488245010376
DJI_20260917132909_0091_D.JPG,Cam 5,18,SWASTIKAPADAM,INCORRECT,INSUFFICIENT_ARAMANDI,LEFT,rtmw_l_wholebody,coco_wholebody_133,OK,342.34,154.92,1,1,1524.951171875,793.02197265625,1.0204793214797974,1550.025146484375,761.679443359375,1.0720441341400146,1562.562255859375,761.679443359375,1.017723798751831,1575.09912109375,767.94775390625,1.046288251876831,1506.145751953125,767.94775390625,1.076277256011963,1493.608642578125,767.94775390625,1.0307362079620361,1474.803466796875,767.94775390625,1.046140193939209,1618.978515625,811.8271484375,0.9692391157150269,1455.997802734375,818.095703125,0.9600158929824829,1562.562255859375,843.169677734375,1.003411054611206,1499.877197265625,843.169677734375,1.0082669258117676,1700.468994140625,1031.224609375,0.871445894241333,1387.04443359375,1037.492919921875,0.8755186200141907,1882.255126953125,1225.547607421875,0.8830890655517578,1205.258056640625,1231.816162109375,0.9398616552352905,1637.783935546875,1476.287109375,0.780285120010376,1468.534912109375,1488.82421875,0.7934571504592896,1618.978515625,1852.396484375,0.711112380027771,1506.145751953125,1858.6650390625,0.7501803636550903,1612.710205078125,2172.08935546875,0.7287384271621704,1644.052490234375,2197.16357421875,0.7812258005142212,1644.052490234375,2215.96923828125,0.7583143711090088,1700.468994140625,2241.04296875,0.8171508312225342,1499.877197265625,2335.0703125,0.7167201042175293,1524.951171875,2353.8759765625,0.7188060283660889,1716.1634521484375,1214.9560546875,0.16718703508377075,1702.296142578125,1231.82177734375,0.17197759449481964,1680.932861328125,1259.9312744140625,0.11914302408695221,1664.4420166015625,1274.923095703125,0.09031373262405396,1680.932861328125,1284.667724609375,0.09117262810468674,1726.65771484375,1279.4205322265625,0.1896008849143982,1730.4056396484375,1300.4090576171875,0.19158616662025452,1727.032470703125,1317.6495361328125,0.1860131323337555,1717.66259765625,1328.1436767578125,0.16770148277282715,1710.54150390625,1283.9180908203125,0.24079233407974243,1711.2911376953125,1308.6544189453125,0.23319286108016968,1715.7886962890625,1323.2713623046875,0.2351999282836914,1710.9163818359375,1334.140380859375,0.19934552907943726,1710.54150390625,1286.9163818359375,0.2085534930229187,1715.0390625,1304.156982421875,0.20998495817184448,1715.7886962890625,1322.5218505859375,0.21910059452056885,1710.9163818359375,1333.390869140625,0.173617422580719,1731.530029296875,1285.417236328125,0.17084038257598877,1734.5283203125,1298.1602783203125,0.19459952414035797,1737.5267333984375,1315.4007568359375,0.18664275109767914,1742.024169921875,1327.019287109375,0.15085989236831665,1293.939208984375,1338.3297119140625,0.0774708092212677,1415.3814697265625,1330.2930908203125,0.054699353873729706,1414.0421142578125,1345.02685546875,0.06112197786569595,1425.2041015625,1206.171875,0.07648082822561264,1432.34765625,1206.171875,0.11764902621507645,1422.0787353515625,1314.666259765625,0.08462841808795929,1429.222412109375,1311.9874267578125,0.05926807224750519,1522.0899658203125,1434.3226318359375,0.09242864698171616,1522.0899658203125,1206.171875,0.12917831540107727,1422.525146484375,1320.470458984375,0.08991768211126328,1429.222412109375,1344.580322265625,0.06914476305246353,1522.0899658203125,1434.3226318359375,0.0907556340098381,1522.0899658203125,1434.3226318359375,0.10068652033805847,1422.9716796875,1343.240966796875,0.08374181389808655,1429.222412109375,1347.7056884765625,0.07009799778461456,1522.0899658203125,1434.3226318359375,0.09896183013916016,1522.0899658203125,1434.3226318359375,0.13030090928077698,1422.525146484375,1346.812744140625,0.07412560284137726,1425.2041015625,1349.49169921875,0.07192127406597137,1430.1153564453125,1434.3226318359375,0.08759981393814087,1522.0899658203125,1434.3226318359375,0.09736764430999756
DJI_20260917133308_0092_D.JPG,Cam 5,19,PATAKA,INCORRECT,ELBOWS_NOT_ALIGNED,,rtmw_l_wholebody,coco_wholebody_133,OK,337.67,147.69,1,1,1653.934326171875,760.9013671875,1.030428409576416,1672.867919921875,735.656982421875,1.071707010269165,1685.489990234375,735.656982421875,1.0255155563354492,1704.423095703125,735.656982421875,1.0422512292861938,1635.001220703125,735.656982421875,1.072052240371704,1616.068115234375,735.656982421875,1.0218968391418457,1603.446044921875,741.968017578125,1.0348405838012695,1729.667236328125,779.83447265625,0.9544028043746948,1571.890869140625,786.1455078125,0.9602768421173096,1685.489990234375,805.078857421875,1.0277173519134521,1622.379150390625,805.078857421875,1.004451036453247,1811.7109375,988.099365234375,0.8628103733062744,1502.468994140625,1013.343505859375,0.8531678915023804,1881.132568359375,1240.541748046875,0.932317852973938,1439.358642578125,1259.474853515625,0.9289625883102417,1767.533447265625,1461.4287109375,0.7893402576446533,1578.201904296875,1474.05078125,0.7729816436767578,1780.155517578125,1833.781005859375,0.8183915615081787,1590.823974609375,1840.092041015625,0.8152167797088623,1748.600341796875,2174.577880859375,0.9291481971740723,1641.312255859375,2180.889404296875,0.9603601694107056,1742.289306640625,2212.444580078125,0.858259916305542,1660.24560546875,2212.444580078125,0.851070761680603,1723.356201171875,2319.732177734375,0.8609905242919922,1666.556640625,2332.354736328125,0.8605197072029114,1964.801025390625,1025.212646484375,0.49831855297088623,1929.21875,1012.9630126953125,0.4403647780418396,1907.635986328125,1000.71337890625,0.5156366229057312,1902.969482421875,978.54736328125,0.6282624006271362,1909.385986328125,963.381103515625,0.6490646600723267,1926.885498046875,940.048583984375,0.6694021224975586,1923.968994140625,912.6326904296875,0.7308107614517212,1923.968994140625,890.4666748046875,0.7894067764282227,1923.968994140625,867.134033203125,0.8008782863616943,1946.71826171875,934.21533203125,0.6461654305458069,1943.21826171875,903.2996826171875,0.6871432065963745,1940.885009765625,878.8004150390625,0.7491881847381592,1939.135009765625,854.3011474609375,0.7283313274383545,1965.967529296875,936.548583984375,0.6119656562805176,1960.7177734375,908.5494384765625,0.7216860055923462,1957.218017578125,885.8001708984375,0.7201410531997681,1954.884765625,863.0508422851562,0.7832207679748535,1985.80029296875,944.715087890625,0.5988643765449524,1981.71728515625,923.7156982421875,0.7115138173103333,1976.46728515625,905.6329345703125,0.7710853815078735,1971.80078125,886.383544921875,0.7790407538414001,1372.6417236328125,1054.2049560546875,0.4614180326461792,1405.0531005859375,1036.0765380859375,0.4336261749267578,1428.1256103515625,1017.9481201171875,0.5102272629737854,1430.3231201171875,993.77685546875,0.6136351823806763,1413.2933349609375,986.6353759765625,0.6616611480712891,1399.0103759765625,956.9705810546875,0.6248117089271545,1397.91162109375,928.9539794921875,0.7048623561859131,1395.7142333984375,905.8814697265625,0.7423206567764282,1393.516845703125,883.3582763671875,0.7587147951126099,1375.937744140625,952.5758056640625,0.5741351842880249,1375.937744140625,922.36181640625,0.6803848743438721,1375.937744140625,898.1905517578125,0.7423131465911865,1375.937744140625,874.0194091796875,0.7824668884277344,1356.710693359375,956.9705810546875,0.5748827457427979,1357.809326171875,928.9539794921875,0.7022656202316284,1357.809326171875,904.78271484375,0.7155110836029053,1360.0067138671875,881.160888671875,0.8048276901245117,1335.2861328125,969.6055908203125,0.6289476156234741,1338.0328369140625,946.5330810546875,0.6981276273727417,1340.230224609375,928.4046630859375,0.7253477573394775,1343.5263671875,908.078857421875,0.7848944067955017
DJI_20260917133309_0093_D.JPG,Cam 5,19,PATAKA,INCORRECT,ELBOWS_NOT_ALIGNED,,rtmw_l_wholebody,coco_wholebody_133,OK,337.04,133.76,1,1,1650.7083740234375,759.1375732421875,1.0314871072769165,1669.6585693359375,733.8707275390625,1.0711848735809326,1682.2918701171875,733.8707275390625,1.0246031284332275,1701.2418212890625,733.8707275390625,1.0412806272506714,1631.7584228515625,733.8707275390625,1.0712395906448364,1612.8082275390625,733.8707275390625,1.0227599143981934,1600.1749267578125,733.8707275390625,1.0353212356567383,1726.5089111328125,784.4044189453125,0.9614915251731873,1568.5914306640625,784.4044189453125,0.9623111486434937,1682.2918701171875,803.3543701171875,1.0291235446929932,1619.1251220703125,803.3543701171875,1.004152536392212,1808.6256103515625,986.5386962890625,0.8669091463088989,1492.7911376953125,1005.4886474609375,0.8679780960083008,1878.1094970703125,1232.8897705078125,0.933022141456604,1435.9407958984375,1251.8399658203125,0.9233707189559937,1758.0924072265625,1460.2906494140625,0.7918157577514648,1568.5914306640625,1466.6075439453125,0.7769203186035156,1777.0423583984375,1826.6593017578125,0.8203706741333008,1593.8580322265625,1832.9757080078125,0.8257898688316345,1745.4588623046875,2161.44384765625,0.9319542646408081,1644.3917236328125,2167.7607421875,0.9611486792564392,1739.1422119140625,2199.34423828125,0.8524407744407654,1663.3419189453125,2205.66064453125,0.8407791256904602,1739.1422119140625,2306.72802734375,0.8629262447357178,1663.3419189453125,2313.04443359375,0.872429609298706,1958.075927734375,1024.7353515625,0.5009679198265076,1924.910888671875,1010.1203002929688,0.4409100115299225,1900.739990234375,996.0673217773438,0.5098792314529419,1896.80517578125,973.0204467773438,0.6107513904571533,1906.92333984375,961.2160034179688,0.6530486345291138,1920.97607421875,937.0448608398438,0.6546304821968079,1918.16552734375,910.6253051757812,0.7439925670623779,1917.603515625,888.7026977539062,0.802439272403717,1917.603515625,863.969482421875,0.8009806871414185,1941.21240234375,931.9857788085938,0.6096041202545166,1937.277587890625,901.0692749023438,0.6730904579162598,1934.467041015625,876.898193359375,0.726145327091217,1933.3427734375,852.1649780273438,0.7286674976348877,1959.762451171875,933.1100463867188,0.5868265628814697,1954.703369140625,906.6904907226562,0.7073780298233032,1951.33056640625,884.2057495117188,0.7191113233566284,1948.52001953125,860.5968017578125,0.7831264734268188,1979.4365234375,941.5418090820312,0.5945473909378052,1975.501708984375,920.7434692382812,0.6880846619606018,1970.442626953125,903.8799438476562,0.7495498657226562,1965.945556640625,884.2057495117188,0.764588475227356,1368.9482421875,1045.34326171875,0.36250048875808716,1401.186767578125,1028.94140625,0.3504941165447235,1425.5068359375,1012.5392456054688,0.4078141450881958,1427.769287109375,988.7846069335938,0.5366917848587036,1418.154296875,979.7352905273438,0.5796309113502502,1397.2275390625,948.6278686523438,0.5646756887435913,1397.2275390625,920.9141235351562,0.6789039969444275,1394.96533203125,898.2907104492188,0.7146402597427368,1393.2685546875,874.5360107421875,0.7367169857025146,1372.9072265625,944.1032104492188,0.5257213115692139,1374.60400390625,913.5614624023438,0.6324028372764587,1375.169677734375,890.3724975585938,0.714849591255188,1375.169677734375,866.6177368164062,0.7330451011657715,1354.242919921875,948.6278686523438,0.5172905921936035,1355.3740234375,920.9141235351562,0.6588162779808044,1357.07080078125,896.0282592773438,0.6739621758460999,1358.767578125,872.2736206054688,0.7650067806243896,1333.316162109375,960.5053100585938,0.5508794784545898,1337.275390625,937.3162231445312,0.6525155305862427,1338.97216796875,919.2173461914062,0.7128926515579224,1342.93115234375,898.8562622070312,0.7358402609825134
DJI_20260917133318_0094_D.JPG,Cam 5,20,ALAPADMA,INCORRECT,ELBOWS_NOT_ALIGNED,,rtmw_l_wholebody,coco_wholebody_133,OK,361.92,164.79,1,1,1639.50732421875,755.8671875,1.028839111328125,1658.549560546875,730.4775390625,1.0590624809265137,1677.591796875,724.130126953125,1.017364740371704,1690.286865234375,730.4775390625,1.0263659954071045,1620.46484375,730.4775390625,1.0692439079284668,1607.77001953125,724.130126953125,1.0370457172393799,1588.727783203125,730.4775390625,1.036367416381836,1728.37158203125,768.562255859375,0.9784095883369446,1563.337890625,774.90966796875,0.9727444052696228,1671.24462890625,800.29931640625,1.0141377449035645,1607.77001953125,800.29931640625,0.9989272952079773,1804.541015625,984.375244140625,0.885213315486908,1493.51611328125,997.0703125,0.8800541162490845,1861.66796875,1231.925537109375,0.927453875541687,1442.736572265625,1250.9677734375,0.9706313610076904,1753.76123046875,1454.0859375,0.824272632598877,1569.685546875,1466.78076171875,0.7980524301528931,1772.8037109375,1822.23779296875,0.8538697957992554,1595.0751953125,1828.585205078125,0.8465991020202637,1747.413818359375,2158.652099609375,0.9737977385520935,1652.2021484375,2171.346923828125,0.9614531993865967,1728.37158203125,2196.73681640625,0.9134606122970581,1664.89697265625,2203.084228515625,0.882887601852417,1734.71875,2310.99072265625,0.8888057470321655,1658.549560546875,2310.99072265625,0.8590521812438965,1908.15966796875,1026.5946044921875,0.3014870584011078,1942.260009765625,1012.9544067382812,0.2973130941390991,1972.950439453125,1000.4508666992188,0.30942589044570923,1999.093994140625,987.3790893554688,0.3718472123146057,2027.510986328125,977.1489868164062,0.5025981664657593,1957.036865234375,989.0841674804688,0.26941606402397156,1966.69873046875,978.2857055664062,0.24645397067070007,1967.26708984375,976.0123901367188,0.28965628147125244,1970.677001953125,972.0339965820312,0.422531396150589,1936.00830078125,978.2857055664062,0.26406797766685486,1944.533447265625,944.1853637695312,0.30000293254852295,1950.78515625,926.5668334960938,0.37671130895614624,1955.33203125,900.4231567382812,0.42726215720176697,1916.116455078125,965.7821655273438,0.2286413609981537,1925.2099609375,928.8401489257812,0.3633454144001007,1927.4833984375,903.8331909179688,0.4604288935661316,1930.893310546875,878.8262329101562,0.5031734108924866,1903.613037109375,958.9620971679688,0.2465999722480774,1911.56982421875,939.0702514648438,0.3049364984035492,1916.684814453125,929.4085083007812,0.2349826544523239,1920.094970703125,907.8115844726562,0.15840286016464233,1391.6396484375,1036.760009765625,0.23298950493335724,1357.256591796875,1023.6617431640625,0.2616845965385437,1326.69384765625,1013.292236328125,0.28085899353027344,1300.4971923828125,997.465087890625,0.2876517176628113,1268.297119140625,989.278564453125,0.3336493968963623,1327.2396240234375,1004.5599365234375,0.19082391262054443,1311.958251953125,989.8243408203125,0.1777847558259964,1302.6802978515625,983.8209228515625,0.18102771043777466,1293.4022216796875,983.8209228515625,0.23253795504570007,1346.34130859375,995.8277587890625,0.20622214674949646,1345.249755859375,971.814208984375,0.1725940704345703,1342.52099609375,959.807373046875,0.2761797308921814,1335.9718017578125,941.7972412109375,0.2881013751029968,1363.260009765625,983.8209228515625,0.1571580469608307,1356.7108154296875,943.4344482421875,0.1820894330739975,1347.432861328125,914.509033203125,0.26561686396598816,1337.609130859375,892.678466796875,0.2833407521247864,1381.2701416015625,965.2650146484375,0.17989131808280945,1366.5345458984375,945.6175537109375,0.23295645415782928,1355.6192626953125,925.9700927734375,0.20474660396575928,1337.0633544921875,900.864990234375,0.14038395881652832
DJI_20260917133319_0095_D.JPG,Cam 5,20,ALAPADMA,INCORRECT,ELBOWS_NOT_ALIGNED,,rtmw_l_wholebody,coco_wholebody_133,OK,313.14,186.73,1,1,1647.746337890625,751.51171875,1.0241436958312988,1660.428466796875,732.488525390625,1.0543501377105713,1679.45166015625,726.1474609375,1.0114493370056152,1698.474853515625,732.488525390625,1.0221145153045654,1622.382080078125,732.488525390625,1.0684401988983154,1609.699951171875,732.488525390625,1.0329807996749878,1597.017578125,732.488525390625,1.0329381227493286,1730.18017578125,776.876220703125,0.9785768985748291,1565.3125,783.217041015625,0.9667655825614929,1679.45166015625,802.240478515625,1.0077953338623047,1616.041015625,802.240478515625,0.9936473369598389,1812.6142578125,986.131591796875,0.8799139261245728,1495.560546875,1005.15478515625,0.8667813539505005,1863.3427734375,1227.092529296875,0.9064023494720459,1444.83203125,1252.456787109375,0.9659344553947449,1755.54443359375,1449.030029296875,0.8245297074317932,1571.6533203125,1461.712158203125,0.7956715822219849,1774.56787109375,1816.812255859375,0.8519809246063232,1597.017578125,1823.153564453125,0.8451437950134277,1749.20361328125,2159.23046875,0.9736573100090027,1647.746337890625,2171.91259765625,0.9686132669448853,1730.18017578125,2203.617919921875,0.9125238656997681,1660.428466796875,2209.958984375,0.8921852111816406,1749.20361328125,2298.734130859375,0.8903395533561707,1666.76953125,2311.416259765625,0.8713894486427307,1909.469482421875,1030.537841796875,0.32485032081604004,1945.393310546875,1017.1334228515625,0.3011093735694885,1975.419189453125,1003.19287109375,0.3310214877128601,2002.227783203125,989.2523193359375,0.3613992929458618,2030.645263671875,979.06494140625,0.482536643743515,1959.333740234375,993.0054931640625,0.2796887457370758,1969.521240234375,982.818115234375,0.2366311401128769,1969.521240234375,977.4564208984375,0.3050481081008911,1974.8828125,972.630859375,0.4108434319496155,1938.959228515625,979.60107421875,0.2673497200012207,1945.393310546875,946.3582763671875,0.33213937282562256,1951.291259765625,925.9835205078125,0.41006308794021606,1955.04443359375,904.0003662109375,0.43965858221054077,1917.51220703125,966.19677734375,0.22639432549476624,1925.5546875,932.953857421875,0.37045371532440186,1929.307861328125,906.6812744140625,0.4523654580116272,1933.061279296875,879.8724365234375,0.4496093988418579,1905.1800537109375,962.4434814453125,0.23440313339233398,1913.7587890625,942.60498046875,0.2699607312679291,1919.12060546875,925.4473876953125,0.2016795426607132,1922.337646484375,918.47705078125,0.1354513168334961,1396.177978515625,1037.203125,0.23253819346427917,1362.121337890625,1024.504150390625,0.2554561495780945,1331.528076171875,1014.1139526367188,0.287783145904541,1305.552734375,998.5287475585938,0.30064910650253296,1272.650390625,989.2930297851562,0.38911738991737366,1334.414306640625,1005.4555053710938,0.1858483850955963,1321.137939453125,988.7157592773438,0.17273467779159546,1309.59326171875,981.2117309570312,0.1782238781452179,1302.66650390625,984.0978393554688,0.18241173028945923,1353.462890625,995.6425170898438,0.19978606700897217,1352.308349609375,974.8622436523438,0.14825965464115143,1349.99951171875,959.8541870117188,0.24030834436416626,1344.804443359375,943.1144409179688,0.22873729467391968,1370.77978515625,982.3661499023438,0.16024067997932434,1361.544189453125,947.1550903320312,0.17929920554161072,1353.462890625,915.9845581054688,0.2440175712108612,1344.804443359375,892.8953247070312,0.27009785175323486,1386.9423828125,965.0492553710938,0.17268653213977814,1371.934326171875,944.2688598632812,0.23071503639221191,1360.3896484375,924.0658569335938,0.2019817978143692,1342.49560546875,899.2448120117188,0.1498582661151886
DJI_20260917133408_0096_D.JPG,Cam 5,21,ALAPADMA,CORRECT,,,rtmw_l_wholebody,coco_wholebody_133,OK,367.69,165.35,1,1,1646.1741943359375,773.0828857421875,1.005246877670288,1665.0506591796875,747.9139404296875,1.0618562698364258,1677.6351318359375,747.9139404296875,1.0053844451904297,1690.2196044921875,747.9139404296875,1.0310025215148926,1627.2972412109375,754.2061767578125,1.0621349811553955,1608.4207763671875,754.2061767578125,1.0191718339920044,1595.8363037109375,754.2061767578125,1.0317957401275635,1727.9730224609375,791.9595947265625,0.9713211059570312,1570.6673583984375,804.5440673828125,0.9570977687835693,1677.6351318359375,817.1285400390625,1.0024147033691406,1621.0052490234375,823.4207763671875,1.0006663799285889,1809.7720947265625,980.7264404296875,0.8572057485580444,1501.4527587890625,987.0186767578125,0.8578553199768066,2036.2923583984375,1068.8177490234375,0.9239477515220642,1274.9324951171875,1119.1556396484375,0.9297230243682861,1759.4342041015625,1465.2281494140625,0.7921146154403687,1570.6673583984375,1471.5203857421875,0.7883753776550293,1778.3109130859375,1830.1773681640625,0.8313449025154114,1589.5440673828125,1842.7618408203125,0.8443206548690796,1759.4342041015625,2163.66552734375,0.9632444977760315,1658.7586669921875,2176.25,0.9539854526519775,1746.8497314453125,2201.4189453125,0.8819023370742798,1677.6351318359375,2214.00341796875,0.861952543258667,1740.5574951171875,2320.97119140625,0.8901875615119934,1658.7586669921875,2314.67919921875,0.8701280355453491,1855.2166748046875,1065.94775390625,0.37074726819992065,1851.395263671875,1031.5550537109375,0.3150814175605774,1856.1719970703125,1002.8945922851562,0.40113601088523865,1853.7835693359375,972.3233032226562,0.45269864797592163,1863.8148193359375,947.4840698242188,0.7888327836990356,1806.9713134765625,1021.5239868164062,0.2831183075904846,1781.654541015625,1019.6132202148438,0.3033026158809662,1761.1143798828125,1020.5685424804688,0.3419950306415558,1738.66357421875,1030.1220703125,0.4346867799758911,1778.7884521484375,1039.675537109375,0.230992391705513,1745.8287353515625,1011.9703979492188,0.30397510528564453,1722.422607421875,995.7294311523438,0.3828396201133728,1699.494140625,983.3098754882812,0.3534698486328125,1770.1903076171875,1047.7960205078125,0.2808491289615631,1745.8287353515625,1013.8811645507812,0.2374134659767151,1725.2886962890625,992.3856811523438,0.2808733582496643,1709.525390625,974.7116088867188,0.2891124486923218,1771.1456298828125,1055.91650390625,0.2579273581504822,1768.279541015625,1023.9122924804688,0.21476489305496216,1773.533935546875,995.7294311523438,0.24150796234607697,1771.1456298828125,979.0108032226562,0.33561915159225464,1467.4019775390625,1081.280517578125,0.3593209385871887,1465.3172607421875,1047.4041748046875,0.3246729373931885,1460.1055908203125,1023.951171875,0.31835371255874634,1463.7537841796875,996.328857421875,0.36809709668159485,1453.330322265625,976.0030517578125,0.4418520927429199,1515.871337890625,1037.5018310546875,0.240044504404068,1536.7183837890625,1019.2606201171875,0.24497869610786438,1540.8878173828125,996.85009765625,0.2683941423892975,1547.6630859375,978.0877685546875,0.31898388266563416,1537.2396240234375,1046.3616943359375,0.2591487169265747,1559.12890625,1018.21826171875,0.2853717803955078,1579.9759521484375,1005.7100830078125,0.2962608337402344,1599.259521484375,988.51123046875,0.22791296243667603,1544.014892578125,1045.3194580078125,0.264244943857193,1563.819580078125,1024.472412109375,0.2731330394744873,1581.53955078125,1024.472412109375,0.2996032238006592,1601.34423828125,1033.3323974609375,0.2844694256782532,1544.5360107421875,1051.0523681640625,0.24337205290794373,1548.1842041015625,1041.671142578125,0.2220383584499359,1545.578369140625,1042.7135009765625,0.19213929772377014,1548.1842041015625,1047.4041748046875,0.15640029311180115
DJI_20260917133409_0097_D.JPG,Cam 5,21,ALAPADMA,CORRECT,,,rtmw_l_wholebody,coco_wholebody_133,OK,308.79,140.41,1,1,1646.2459716796875,786.8446044921875,0.9999131560325623,1658.7823486328125,761.7716064453125,1.0650346279144287,1677.5870361328125,761.7716064453125,1.008388638496399,1690.1234130859375,761.7716064453125,1.0380654335021973,1621.1732177734375,761.7716064453125,1.0586826801300049,1608.6368408203125,761.7716064453125,1.021960735321045,1596.1004638671875,768.0399169921875,1.0330150127410889,1727.7325439453125,805.6490478515625,0.969780445098877,1571.0277099609375,811.9173583984375,0.9559630155563354,1677.5870361328125,830.7218017578125,1.0016552209854126,1614.9051513671875,830.7218017578125,0.997355043888092,1809.2191162109375,981.1585693359375,0.8631380796432495,1495.8094482421875,993.6949462890625,0.8575646877288818,2034.8743896484375,1075.1815185546875,0.9087609052658081,1276.4222412109375,1125.3270263671875,0.9516122341156006,1752.8052978515625,1470.0780029296875,0.7965723276138306,1571.0277099609375,1476.3460693359375,0.7911279201507568,1771.6099853515625,1839.9014892578125,0.8298710584640503,1589.8323974609375,1852.4378662109375,0.848158597946167,1759.0736083984375,2172.1162109375,0.9578266143798828,1652.5140380859375,2178.38427734375,0.9593150019645691,1746.5369873046875,2215.99365234375,0.878936767578125,1671.3187255859375,2215.99365234375,0.8613948822021484,1746.5369873046875,2322.552734375,0.8988955616950989,1665.0506591796875,2322.552734375,0.8529676198959351,1849.8331298828125,1073.593505859375,0.43767809867858887,1846.281494140625,1040.107421875,0.37513917684555054,1850.8477783203125,1011.6949462890625,0.45826345682144165,1847.8035888671875,982.775146484375,0.5336132049560547,1856.9361572265625,956.3922119140625,0.8327900767326355,1796.0523681640625,1029.9600830078125,0.33715373277664185,1769.162109375,1027.42333984375,0.3551585078239441,1748.360107421875,1028.43798828125,0.3985506296157837,1728.5728759765625,1039.0926513671875,0.470918744802475,1771.1915283203125,1047.2105712890625,0.2940792441368103,1737.1981201171875,1015.75390625,0.35866910219192505,1714.8740234375,1002.5623779296875,0.42314791679382324,1694.072021484375,991.400390625,0.3887293338775635,1762.5662841796875,1054.3135986328125,0.3051601052284241,1737.1981201171875,1016.26123046875,0.28812485933303833,1716.3961181640625,1002.5623779296875,0.31082412600517273,1697.6236572265625,986.8341064453125,0.29201412200927734,1764.08837890625,1063.4461669921875,0.2707860767841339,1754.448486328125,1022.349609375,0.2318960726261139,1759.0147705078125,1003.06982421875,0.20104022324085236,1764.5958251953125,987.3414306640625,0.23746834695339203,1469.93505859375,1085.1185302734375,0.4316818118095398,1464.7431640625,1053.4482421875,0.3746320605278015,1457.9937744140625,1029.0465087890625,0.3584787845611572,1462.6663818359375,1002.568115234375,0.418044775724411,1451.7635498046875,983.3582763671875,0.46500688791275024,1504.720458984375,1043.064453125,0.284323513507843,1528.083740234375,1045.1412353515625,0.2650812268257141,1535.87158203125,1050.3331298828125,0.279762327671051,1546.2552490234375,1058.6400146484375,0.28347572684288025,1529.641357421875,1050.852294921875,0.30469632148742676,1551.96630859375,1028.52734375,0.2983035445213318,1576.367919921875,1012.9517822265625,0.30954036116600037,1597.1353759765625,994.7802734375,0.26290178298950195,1541.0633544921875,1049.294677734375,0.29631364345550537,1560.273193359375,1031.123291015625,0.325848788022995,1578.9638671875,1030.0848388671875,0.33189302682876587,1599.7313232421875,1037.8726806640625,0.3254271149635315,1545.216796875,1055.52490234375,0.26815977692604065,1550.9278564453125,1053.4482421875,0.2484130859375,1544.6976318359375,1052.928955078125,0.21391919255256653,1548.3319091796875,1056.5633544921875,0.17899739742279053
DJI_20260917133417_0098_D.JPG,Cam 5,22,MUSHTI,CORRECT,,,rtmw_l_wholebody,coco_wholebody_133,OK,333.68,153.97,1,1,1649.551513671875,792.041015625,0.991466760635376,1662.054443359375,767.03515625,1.0534181594848633,1680.808837890625,767.03515625,0.9979830980300903,1693.31201171875,767.03515625,1.0294294357299805,1624.545654296875,767.03515625,1.0640053749084473,1612.042724609375,767.03515625,1.0159653425216675,1599.539794921875,773.28662109375,1.0300794839859009,1730.821044921875,810.795654296875,0.9651590585708618,1568.282470703125,817.047119140625,0.9484511613845825,1680.808837890625,842.052978515625,0.9976232647895813,1618.294189453125,842.052978515625,0.9980580806732178,1799.587158203125,992.08837890625,0.8455266356468201,1505.767822265625,1004.59130859375,0.8391170501708984,2030.891845703125,1079.60888671875,0.8917117118835449,1280.714599609375,1117.117919921875,0.9157777428627014,1755.82666015625,1473.4521484375,0.7762833833694458,1568.282470703125,1473.4521484375,0.7689562439918518,1780.832763671875,1842.2890625,0.8219175338745117,1599.539794921875,1854.7919921875,0.8288490772247314,1762.078369140625,2173.6171875,0.9513683319091797,1655.802978515625,2186.1201171875,0.9488615989685059,1749.575439453125,2217.3779296875,0.875283420085907,1674.5576171875,2229.880859375,0.8592744469642639,1749.575439453125,2329.904296875,0.9020174741744995,1674.5576171875,2329.904296875,0.8426023721694946,1831.3394775390625,1050.7607421875,0.21998587250709534,1810.111328125,1023.11474609375,0.23837189376354218,1785.42724609375,996.94970703125,0.1805233657360077,1758.27490234375,991.5191650390625,0.19118118286132812,1740.50244140625,990.5318603515625,0.16092774271965027,1763.705322265625,998.9244384765625,0.20768697559833527,1729.147705078125,993.000244140625,0.363042950630188,1736.552978515625,996.94970703125,0.24200934171676636,1743.9581298828125,999.9117431640625,0.18987277150154114,1754.325439453125,1022.62109375,0.2286146879196167,1722.72998046875,1013.73486328125,0.45444682240486145,1736.552978515625,1016.6968994140625,0.21303561329841614,1751.3634033203125,1021.1400146484375,0.15422894060611725,1751.3634033203125,1044.343017578125,0.2428973913192749,1728.160400390625,1034.9630126953125,0.37153491377830505,1740.50244140625,1037.431396484375,0.1760910153388977,1756.7938232421875,1038.4188232421875,0.14523513615131378,1750.86962890625,1065.5711669921875,0.2084815800189972,1733.5908203125,1052.2418212890625,0.2760164737701416,1743.9581298828125,1054.710205078125,0.13676106929779053,1760.2496337890625,1056.6849365234375,0.13410384953022003,1481.9124755859375,1052.3363037109375,0.1618340015411377,1500.484130859375,1020.7144775390625,0.1894819140434265,1521.5653076171875,992.606201171875,0.19666142761707306,1545.6580810546875,986.5830078125,0.15398184955120087,1560.2142333984375,981.563720703125,0.13974326848983765,1537.125244140625,1000.63720703125,0.16616928577423096,1570.7547607421875,994.614013671875,0.2630254626274109,1565.7354736328125,998.1275634765625,0.19798824191093445,1551.1793212890625,1000.13525390625,0.1426146775484085,1545.1561279296875,1024.72998046875,0.1653231829404831,1579.2877197265625,1018.706787109375,0.3584657311439514,1565.2335205078125,1020.7144775390625,0.20206260681152344,1549.673583984375,1023.72607421875,0.1409795880317688,1551.1793212890625,1046.3131103515625,0.19080251455307007,1577.7818603515625,1039.2860107421875,0.37849101424217224,1566.7393798828125,1039.2860107421875,0.2018037736415863,1556.19873046875,1039.2860107421875,0.1628110408782959,1553.6890869140625,1067.896240234375,0.17741098999977112,1577.2799072265625,1056.853759765625,0.31941133737564087,1567.7431640625,1056.853759765625,0.18247388303279877,1554.69287109375,1058.8614501953125,0.13749003410339355
DJI_20260917133418_0099_D.JPG,Cam 5,22,MUSHTI,CORRECT,,,rtmw_l_wholebody,coco_wholebody_133,OK,348.34,183.11,1,1,1649.531005859375,785.0673828125,0.998030424118042,1668.352783203125,759.9716796875,1.0579261779785156,1687.174560546875,759.9716796875,1.00114107131958,1699.722412109375,759.9716796875,1.0303666591644287,1630.709228515625,759.9716796875,1.068219542503357,1618.161376953125,759.9716796875,1.0213088989257812,1605.613525390625,759.9716796875,1.0356597900390625,1731.092041015625,803.88916015625,0.9705251455307007,1574.243896484375,803.88916015625,0.9616457223892212,1687.174560546875,828.98486328125,1.003572702407837,1624.435302734375,828.98486328125,1.0038580894470215,1806.37890625,985.83251953125,0.8353959321975708,1505.23095703125,992.1064453125,0.8226500749588013,2038.513916015625,1067.3935546875,0.8900938034057617,1285.64404296875,1111.31103515625,0.9089534878730774,1762.46142578125,1456.376220703125,0.7630987167358398,1567.969970703125,1462.650146484375,0.7581412196159363,1781.283203125,1839.0849609375,0.8024692535400391,1593.065673828125,1845.35888671875,0.8195040225982666,1756.187744140625,2165.32861328125,0.950964093208313,1655.804931640625,2171.6025390625,0.9546095132827759,1749.913818359375,2202.971923828125,0.8668478727340698,1674.626708984375,2209.245849609375,0.8548402786254883,1743.6396484375,2334.72412109375,0.8805736303329468,1662.078857421875,2322.17626953125,0.844476580619812,1831.9752197265625,1043.9091796875,0.16288650035858154,1813.185546875,1015.9786376953125,0.1892489641904831,1788.809814453125,990.0794677734375,0.13796791434288025,1761.89501953125,982.9698486328125,0.1439635157585144,1745.64453125,981.4464111328125,0.12084586173295975,1766.9732666015625,991.0950927734375,0.13103744387626648,1732.9488525390625,985.0010986328125,0.27134212851524353,1739.550537109375,987.540283203125,0.17004801332950592,1749.7071533203125,990.5872802734375,0.1401561051607132,1758.8480224609375,1014.4552001953125,0.140115424990654,1726.8548583984375,1004.298583984375,0.34357500076293945,1739.550537109375,1007.3455810546875,0.15532344579696655,1753.769775390625,1012.423828125,0.12267205119132996,1754.277587890625,1037.307373046875,0.1557629108428955,1731.93310546875,1027.15087890625,0.2533237338066101,1741.5819091796875,1030.19775390625,0.1270742267370224,1754.785400390625,1030.7056884765625,0.11116678267717361,1753.769775390625,1058.63623046875,0.13390913605690002,1739.550537109375,1045.9404296875,0.1936667561531067,1750.7227783203125,1047.4639892578125,0.09315439313650131,1761.89501953125,1049.4952392578125,0.09345586597919464,1487.7291259765625,1041.57470703125,0.12304426729679108,1505.371826171875,1011.6357421875,0.1545201539993286,1529.429931640625,984.9044189453125,0.1481793373823166,1547.607177734375,978.4888916015625,0.127376526594162,1568.9921875,975.8157958984375,0.10124723613262177,1544.3994140625,989.716064453125,0.14197704195976257,1574.873046875,983.835205078125,0.2191011905670166,1570.5960693359375,988.6468505859375,0.1505105197429657,1549.2110595703125,991.8546142578125,0.10808411240577698,1554.022705078125,1013.2396240234375,0.13978886604309082,1582.8924560546875,1007.358642578125,0.2838597893714905,1573.8038330078125,1010.0318603515625,0.161944180727005,1554.557373046875,1014.308837890625,0.10707754641771317,1558.8343505859375,1036.228515625,0.17340585589408875,1582.8924560546875,1028.2091064453125,0.30359452962875366,1571.665283203125,1031.4168701171875,0.15326978266239166,1557.23046875,1031.951416015625,0.12761758267879486,1560.9727783203125,1057.6134033203125,0.15184549987316132,1581.28857421875,1049.0594482421875,0.25896257162094116,1571.1307373046875,1048.5247802734375,0.1418023556470871,1557.7650146484375,1049.5941162109375,0.11195851862430573
DJI_20260917133452_0100_D.JPG,Cam 5,23,KATAKAMUKHA,CORRECT,,,rtmw_l_wholebody,coco_wholebody_133,OK,331.08,307.01,1,1,1643.65966796875,773.23583984375,0.9885674118995667,1662.595458984375,747.988037109375,1.0428271293640137,1675.219482421875,747.988037109375,0.9854823350906372,1694.155517578125,747.988037109375,1.015243649482727,1624.723876953125,747.988037109375,1.057422399520874,1612.099853515625,747.988037109375,1.0112000703811646,1599.475830078125,747.988037109375,1.0245764255523682,1725.715576171875,798.48388671875,0.9783443808555603,1574.227783203125,798.48388671875,0.9491629600524902,1675.219482421875,817.419677734375,0.9934013485908508,1612.099853515625,817.419677734375,0.9846274852752686,1801.459228515625,975.219482421875,0.8307101726531982,1498.484130859375,975.219482421875,0.8211041688919067,2041.314697265625,1050.963134765625,0.8805063962936401,1252.316650390625,1057.275146484375,0.8747622966766357,1763.58740234375,1435.993896484375,0.7722481489181519,1574.227783203125,1435.993896484375,0.7634807229042053,1788.835205078125,1808.401123046875,0.8128447532653809,1580.539794921875,1821.02490234375,0.8169806599617004,1769.899169921875,2161.871826171875,0.9576989412307739,1643.65966796875,2168.183837890625,0.9408597946166992,1757.275390625,2206.055908203125,0.8722090721130371,1675.219482421875,2199.743896484375,0.8499525785446167,1744.651611328125,2319.671630859375,0.8793997764587402,1631.03564453125,2325.983642578125,0.850784420967102,1825.500732421875,1058.41748046875,0.37499046325683594,1786.2945556640625,1046.35400390625,0.3288015127182007,1753.622802734375,1026.7509765625,0.39138907194137573,1727.4854736328125,1019.2113037109375,0.5445597171783447,1696.321533203125,1014.184814453125,0.5897718667984009,1757.141357421875,990.0579833984375,0.31265002489089966,1734.5224609375,990.0579833984375,0.3558768033981323,1715.4219970703125,996.0897216796875,0.3627623915672302,1696.82421875,997.59765625,0.3337036371231079,1766.1888427734375,976.4866943359375,0.3892786502838135,1743.5699462890625,962.4127197265625,0.40692228078842163,1724.97216796875,939.7938232421875,0.4288409948348999,1707.88232421875,924.7144775390625,0.4493202567100525,1779.76025390625,971.962890625,0.4065762758255005,1758.6492919921875,966.433837890625,0.4001011252403259,1733.51708984375,943.312255859375,0.3503195345401764,1707.3797607421875,1000.11083984375,0.29683277010917664,1800.8712158203125,970.9576416015625,0.39846569299697876,1796.347412109375,946.830810546875,0.5646923780441284,1792.8289794921875,922.2012939453125,0.518821120262146,1792.8289794921875,895.05859375,0.47884565591812134,1473.6273193359375,1051.4091796875,0.4803415536880493,1510.18701171875,1049.1934814453125,0.4388858377933502,1543.4232177734375,1034.7911376953125,0.45826780796051025,1570.0120849609375,1022.6044921875,0.5440934300422668,1598.2628173828125,1015.4033203125,0.5864620804786682,1534.5601806640625,995.461669921875,0.35187146067619324,1561.7030029296875,995.461669921875,0.37382155656814575,1582.7525634765625,999.8931884765625,0.420956552028656,1599.924560546875,1003.770751953125,0.42202723026275635,1526.8050537109375,974.966064453125,0.42489713430404663,1552.2861328125,970.5345458984375,0.3015206754207611,1568.9041748046875,931.7591552734375,0.2625340223312378,1580.536865234375,914.587158203125,0.37235066294670105,1514.0645751953125,967.2109375,0.45875340700149536,1540.6534423828125,955.578369140625,0.46641385555267334,1557.825439453125,940.6220703125,0.46190741658210754,1577.2132568359375,916.8028564453125,0.4114448130130768,1493.5689697265625,967.764892578125,0.4548448920249939,1494.6768798828125,935.6365966796875,0.516887366771698,1491.9071044921875,916.2489013671875,0.5679636001586914,1486.9217529296875,894.6453857421875,0.6139544248580933
DJI_20260917133454_0101_D.JPG,Cam 5,23,KATAKAMUKHA,CORRECT,,,rtmw_l_wholebody,coco_wholebody_133,OK,453.61,198.8,1,1,1646.646484375,782.8056640625,0.9867832660675049,1665.489990234375,757.680908203125,1.041999340057373,1678.05224609375,757.680908203125,0.9829803109169006,1690.61474609375,757.680908203125,1.0137853622436523,1627.802734375,757.680908203125,1.055284023284912,1608.959228515625,757.680908203125,1.008297324180603,1596.39697265625,757.680908203125,1.0212539434432983,1728.3017578125,807.930419921875,0.9762760996818542,1571.27197265625,807.930419921875,0.9445384740829468,1678.05224609375,826.77392578125,0.9949270486831665,1615.240234375,826.77392578125,0.9860005974769592,1797.39501953125,977.522705078125,0.8254362344741821,1502.178955078125,983.8037109375,0.8237929940223694,2042.361328125,1052.896728515625,0.8689274191856384,1257.21240234375,1065.459228515625,0.8722915649414062,1765.989013671875,1442.330810546875,0.7803326845169067,1577.55322265625,1442.330810546875,0.7683160305023193,1784.83251953125,1831.7646484375,0.8198546171188354,1590.11572265625,1838.045654296875,0.826715350151062,1765.989013671875,2170.948974609375,0.9444392919540405,1640.365234375,2183.511474609375,0.9535871744155884,1753.426513671875,2214.917236328125,0.8597795963287354,1659.208740234375,2214.917236328125,0.8496113419532776,1747.1455078125,2327.978759765625,0.9013283848762512,1652.927734375,2340.541259765625,0.8818196058273315,1825.34130859375,1061.8314208984375,0.33193910121917725,1786.697265625,1051.5262451171875,0.3084646761417389,1753.7210693359375,1031.9466552734375,0.38743746280670166,1728.4736328125,1024.733154296875,0.5193785429000854,1697.043212890625,1020.0958862304688,0.5672955513000488,1758.8736572265625,998.4552612304688,0.2985053062438965,1736.7176513671875,998.4552612304688,0.3950969874858856,1716.622802734375,1003.6077270507812,0.38229793310165405,1699.1041259765625,1006.1840209960938,0.3706803619861603,1764.5413818359375,981.9671020507812,0.3517575263977051,1743.416015625,973.2078247070312,0.38705921173095703,1723.8363037109375,947.4451293945312,0.33229613304138184,1707.3482666015625,931.9874877929688,0.3789745271205902,1778.968505859375,976.2992553710938,0.371438205242157,1756.29736328125,968.5704956054688,0.3787800669670105,1733.1109619140625,947.9603881835938,0.4242593050003052,1710.9549560546875,934.5637817382812,0.3927858769893646,1798.032958984375,977.3297729492188,0.3819064497947693,1794.4261474609375,950.0213012695312,0.5826480388641357,1789.788818359375,927.8654174804688,0.5730628371238708,1789.2735595703125,900.5569458007812,0.646117091178894,1470.8609619140625,1059.7813720703125,0.5534689426422119,1510.56689453125,1057.512451171875,0.4827643036842346,1543.4661865234375,1043.331787109375,0.4959542453289032,1569.5587158203125,1030.2855224609375,0.5700746774673462,1598.4873046875,1022.9114990234375,0.6062524318695068,1540.062744140625,1004.76025390625,0.38022100925445557,1566.1552734375,1002.4913330078125,0.4297657608985901,1584.873779296875,1007.0291748046875,0.484763503074646,1603.025146484375,1010.999755859375,0.4720122516155243,1530.419921875,983.7728271484375,0.44286012649536133,1555.9451904296875,984.340087890625,0.3409693241119385,1571.2603759765625,1005.3275146484375,0.29128843545913696,1582.0377197265625,920.810546875,0.4036378860473633,1516.806396484375,975.264404296875,0.4861297607421875,1540.6300048828125,965.0543212890625,0.511434018611908,1557.6468505859375,950.306396484375,0.4841129779815674,1577.4998779296875,925.348388671875,0.44611579179763794,1495.2518310546875,975.264404296875,0.49749261140823364,1495.8189697265625,944.634033203125,0.5863090753555298,1494.1173095703125,924.7811279296875,0.6433706283569336,1487.8778076171875,903.2264404296875,0.6992393732070923
DJI_20260917133505_0102_D.JPG,Cam 5,24,PATAKA,INCORRECT,FINGERS_TOO_FAR_APART,,rtmw_l_wholebody,coco_wholebody_133,OK,372.1,161.51,1,1,1649.402099609375,805.7196044921875,0.9976016879081726,1668.08447265625,780.8094482421875,1.0479881763458252,1686.76708984375,774.5819091796875,0.9892525672912598,1699.22216796875,780.8094482421875,1.0251210927963257,1630.7197265625,774.5819091796875,1.059953212738037,1618.2646484375,774.5819091796875,1.0170964002609253,1599.58203125,774.5819091796875,1.0284905433654785,1724.132080078125,818.1744384765625,0.9538987874984741,1568.444580078125,811.9468994140625,0.9448245763778687,1680.53955078125,849.3118896484375,0.989427924156189,1618.2646484375,849.3118896484375,0.9850465655326843,1811.317138671875,986.3170166015625,0.848002016544342,1499.94189453125,986.3170166015625,0.8218640089035034,2035.50732421875,1085.9571533203125,0.8972622156143188,1269.5244140625,1110.8670654296875,0.914735734462738,1761.4970703125,1453.3797607421875,0.8053065538406372,1574.672119140625,1465.8348388671875,0.7923641204833984,1786.4072265625,1839.4849853515625,0.8242819905281067,1587.126953125,1845.7125244140625,0.8423330187797546,1767.724609375,2175.7705078125,0.95575350522995,1649.402099609375,2181.998046875,0.9613999128341675,1755.26953125,2219.36279296875,0.8736695647239685,1674.31201171875,2213.13525390625,0.8546395301818848,1755.26953125,2337.685546875,0.9071527123451233,1649.402099609375,2337.685546875,0.8646748661994934,1850.621826171875,1085.63623046875,0.39497247338294983,1814.771240234375,1084.739990234375,0.35415542125701904,1786.538818359375,1073.0885009765625,0.3315418064594269,1772.1986083984375,1067.7109375,0.4477888345718384,1756.962158203125,1073.9847412109375,0.49881711602211,1783.4019775390625,1009.0054931640625,0.5562595129013062,1767.71728515625,982.1175537109375,0.7460030913352966,1758.754638671875,958.3665771484375,0.8964715600013733,1751.58447265625,934.16748046875,0.8371767997741699,1803.1197509765625,999.1466064453125,0.604387104511261,1795.50146484375,966.4329833984375,0.6525251269340515,1791.46826171875,938.2005615234375,0.6825077533721924,1791.46826171875,914.00146484375,0.531964898109436,1826.870849609375,1000.939208984375,0.6084626317024231,1824.630126953125,969.1217041015625,0.7330969572067261,1825.5263671875,940.4412841796875,0.7262971997261047,1826.870849609375,914.00146484375,0.5501881241798401,1849.7255859375,1014.3831787109375,0.613245964050293,1857.7919921875,990.632080078125,0.7726218104362488,1863.1695556640625,968.2254638671875,0.8338426351547241,1869.8914794921875,942.681884765625,0.92088782787323,1485.609619140625,1104.7530517578125,0.5125139951705933,1519.537841796875,1098.2054443359375,0.4375983476638794,1540.370849609375,1079.7532958984375,0.4681968092918396,1550.4898681640625,1066.06298828125,0.5891034603118896,1559.4183349609375,1055.348876953125,0.6414780020713806,1535.6090087890625,1016.6588745117188,0.6373741626739502,1543.3470458984375,985.7068481445312,0.7579306364059448,1546.91845703125,961.3023071289062,0.813618004322052,1547.513671875,935.7074584960938,0.8766337633132935,1514.7760009765625,1008.9208374023438,0.6301555633544922,1517.1568603515625,973.8021850585938,0.7182704210281372,1514.7760009765625,945.8263549804688,0.8021864295005798,1508.8236083984375,918.4457397460938,0.8319381475448608,1493.94287109375,1012.4922485351562,0.6054393649101257,1489.1810302734375,980.9450073242188,0.7310817241668701,1483.228759765625,951.7786254882812,0.8524714708328247,1476.0859375,923.8027954101562,0.8900818228721619,1471.3240966796875,1027.373046875,0.664380669593811,1460.6099853515625,1004.1589965820312,0.7473157644271851,1448.110107421875,984.5164184570312,0.8025524020195007,1436.20556640625,961.3023071289062,0.8427137732505798
DJI_20260917133510_0103_D.JPG,Cam 5,24,PATAKA,INCORRECT,FINGERS_TOO_FAR_APART,,rtmw_l_wholebody,coco_wholebody_133,OK,349.33,155.38,1,1,1644.707763671875,807.71826171875,0.9920241832733154,1663.37109375,776.613037109375,1.0435066223144531,1675.81298828125,776.613037109375,0.9856756925582886,1694.47607421875,782.834228515625,1.0203944444656372,1626.04443359375,776.613037109375,1.0534930229187012,1607.38134765625,776.613037109375,1.004849910736084,1594.939453125,776.613037109375,1.0241210460662842,1725.58154296875,820.160400390625,0.9583792686462402,1563.833984375,820.160400390625,0.942642331123352,1675.81298828125,851.265625,0.9858541488647461,1613.6025390625,851.265625,0.9795323610305786,1806.455078125,988.128662109375,0.829110860824585,1495.402587890625,988.128662109375,0.8102233409881592,2030.4130859375,1087.665771484375,0.8637827038764954,1271.44482421875,1100.107666015625,0.9064224362373352,1756.6865234375,1460.9287109375,0.7959656119346619,1570.05517578125,1467.149658203125,0.7786945700645447,1787.7919921875,1834.191650390625,0.8045536279678345,1576.276123046875,1846.634033203125,0.817229151725769,1769.12890625,2176.349609375,0.9465442895889282,1644.707763671875,2176.349609375,0.9329910278320312,1750.465576171875,2213.676025390625,0.8568854331970215,1669.592041015625,2207.454833984375,0.8280996680259705,1750.465576171875,2325.65478515625,0.8902401924133301,1644.707763671875,2331.8759765625,0.8443187475204468,1838.2330322265625,1084.337646484375,0.5348811745643616,1802.8636474609375,1084.8502197265625,0.41017138957977295,1778.2589111328125,1071.010009765625,0.48841679096221924,1762.880859375,1065.3714599609375,0.5580419301986694,1753.1414794921875,1071.010009765625,0.5994521379470825,1776.20849609375,1012.0611572265625,0.5898420214653015,1761.3431396484375,983.3555908203125,0.6799194812774658,1751.091064453125,959.263427734375,0.7716200351715088,1744.93994140625,933.6334228515625,0.8952857255935669,1795.687255859375,999.7587890625,0.5254287123680115,1787.485595703125,966.4398193359375,0.6233943700790405,1784.922607421875,938.246826171875,0.7623080015182495,1786.46044921875,910.0538330078125,0.8310752511024475,1817.72900390625,1001.8092041015625,0.5646467804908752,1815.166015625,969.515380859375,0.6738466620445251,1816.191162109375,943.372802734375,0.795973539352417,1817.2164306640625,915.1798095703125,0.7879989743232727,1841.30859375,1016.1619873046875,0.6258296966552734,1848.4849853515625,993.094970703125,0.6547641158103943,1855.1488037109375,972.5909423828125,0.7495052814483643,1861.8125,947.9862060546875,0.823214590549469,1480.49658203125,1097.8470458984375,0.5457882881164551,1516.1734619140625,1089.5223388671875,0.464279443025589,1539.363525390625,1071.08935546875,0.5049607157707214,1548.8773193359375,1055.6292724609375,0.6277226209640503,1548.8773193359375,1047.3046875,0.712578535079956,1533.4173583984375,1006.2762451171875,0.6511046886444092,1541.741943359375,977.14013671875,0.7593746185302734,1545.3096923828125,953.35546875,0.8265721797943115,1547.093505859375,927.7869873046875,0.911569356918335,1512.0111083984375,997.95166015625,0.6186806559562683,1513.7950439453125,963.4639892578125,0.7038127779960632,1513.200439453125,935.5169677734375,0.7967222929000854,1507.2542724609375,909.3538818359375,0.8394124507904053,1491.1995849609375,1002.1138916015625,0.6133124828338623,1486.4427490234375,970.0047607421875,0.7428540587425232,1480.49658203125,940.8685302734375,0.8140177130699158,1472.7666015625,913.5162353515625,0.897663950920105,1469.1988525390625,1016.9793701171875,0.6645140051841736,1457.901123046875,995.5731201171875,0.7391785383224487,1445.414306640625,975.356201171875,0.7761490941047668,1431.7381591796875,953.35546875,0.8165228366851807
DJI_20260917133555_0104_D.JPG,Cam 5,25,KATAKAMUKHA,INCORRECT,FINGERS_BENT,,rtmw_l_wholebody,coco_wholebody_133,OK,326.16,161.94,1,1,1841.843994140625,782.550537109375,1.0074639320373535,1860.6298828125,757.503173828125,1.0631165504455566,1873.153564453125,757.503173828125,1.0107605457305908,1885.67724609375,763.764892578125,1.0315334796905518,1823.05859375,757.503173828125,1.0494614839553833,1804.27294921875,757.503173828125,1.0122008323669434,1791.749267578125,757.503173828125,1.0249619483947754,1916.986572265625,801.336181640625,0.9647195339202881,1760.43994140625,807.597900390625,0.9623706936836243,1873.153564453125,826.383544921875,1.0040037631988525,1810.534912109375,826.383544921875,0.9928905367851257,1992.129150390625,976.668212890625,0.8444896936416626,1691.559326171875,989.192138671875,0.8521111011505127,2230.079833984375,1064.33447265625,0.8823407888412476,1484.917724609375,1101.905517578125,0.9042834043502808,1954.557861328125,1458.831787109375,0.7950273752212524,1766.701904296875,1465.09375,0.7865560054779053,1985.866943359375,1834.543701171875,0.8335800170898438,1785.487548828125,1840.8056640625,0.8399733304977417,1967.08154296875,2160.160888671875,0.9714106321334839,1841.843994140625,2160.160888671875,0.9723783135414124,1948.2958984375,2197.73193359375,0.8865888118743896,1860.6298828125,2197.73193359375,0.8666685223579407,1973.343505859375,2329.231201171875,0.9120932221412659,1841.843994140625,2316.707275390625,0.8722434043884277,2005.35302734375,1067.2786865234375,0.3994033932685852,1965.38330078125,1059.5736083984375,0.340398371219635,1935.044677734375,1049.9423828125,0.419089674949646,1912.4111328125,1040.7926025390625,0.5020335912704468,1888.3330078125,1029.7166748046875,0.4365895986557007,1939.378662109375,996.4886474609375,0.38177287578582764,1923.005615234375,993.11767578125,0.40081948041915894,1906.6324462890625,1002.2674560546875,0.40695494413375854,1895.556396484375,1019.1221923828125,0.4028051495552063,1952.862548828125,983.0048828125,0.38094279170036316,1932.636962890625,975.2998046875,0.40419134497642517,1914.8189697265625,987.3389892578125,0.38058027625083923,1901.8167724609375,969.03955078125,0.35313236713409424,1972.606689453125,975.7813720703125,0.4043818712234497,1956.233642578125,955.0740966796875,0.47406548261642456,1932.1552734375,955.5556640625,0.5066789984703064,1912.4111328125,965.18701171875,0.5311250686645508,1993.31396484375,980.5970458984375,0.3930768370628357,1994.7587890625,957.48193359375,0.5537485480308533,1983.201171875,938.2193603515625,0.6201967597007751,1968.754150390625,919.4383544921875,0.599626898765564,1703.8115234375,1082.34521484375,0.48535579442977905,1744.29931640625,1070.77734375,0.4524795413017273,1772.1676025390625,1056.580322265625,0.5067856311798096,1794.7777099609375,1044.486572265625,0.550104558467865,1816.3360595703125,1029.763671875,0.6045124530792236,1761.12548828125,1011.360107421875,0.42608124017715454,1780.0548095703125,1002.4212646484375,0.4077548384666443,1797.40673828125,1009.78271484375,0.3996320366859436,1809.50048828125,1026.6087646484375,0.3429213762283325,1751.135009765625,994.5340576171875,0.469369113445282,1769.0126953125,981.9144287109375,0.4465694725513458,1791.622802734375,986.6468505859375,0.5263067483901978,1811.077880859375,989.27587890625,0.5931848287582397,1739.0411376953125,992.9566650390625,0.4821817874908447,1756.39306640625,972.9755859375,0.48627471923828125,1774.2708740234375,975.604736328125,0.4288957715034485,1792.6744384765625,997.1630859375,0.30299824476242065,1719.5860595703125,997.1630859375,0.4389205574989319,1720.11181640625,968.2432861328125,0.5330292582511902,1721.1634521484375,946.1590576171875,0.5315762758255005,1716.9569091796875,922.497314453125,0.6222494840621948
DJI_20260917133558_0105_D.JPG,Cam 5,25,KATAKAMUKHA,INCORRECT,FINGERS_BENT,,rtmw_l_wholebody,coco_wholebody_133,OK,342.41,154.95,1,1,1841.1824951171875,792.8890380859375,1.0033221244812012,1859.9288330078125,761.6451416015625,1.0596625804901123,1878.6749267578125,761.6451416015625,1.0045220851898193,1891.1724853515625,767.8941650390625,1.0302908420562744,1822.4361572265625,761.6451416015625,1.0535547733306885,1809.9388427734375,761.6451416015625,1.012195348739624,1797.4412841796875,767.8941650390625,1.0238616466522217,1916.1676025390625,805.3865966796875,0.9642351865768433,1766.1973876953125,811.6353759765625,0.9547350406646729,1872.4263916015625,830.3814697265625,1.0030710697174072,1809.9388427734375,830.3814697265625,0.9899105429649353,1997.4012451171875,980.3514404296875,0.8437814712524414,1697.4615478515625,986.6002197265625,0.8342259526252747,2228.60498046875,1067.8341064453125,0.8887666463851929,1485.0040283203125,1105.3262939453125,0.8917357325553894,1959.9088134765625,1461.5050048828125,0.793853759765625,1772.4464111328125,1467.7537841796875,0.7780811786651611,1984.9039306640625,1836.4300537109375,0.8278272151947021,1784.9439697265625,1842.6788330078125,0.8312903046607971,1966.1573486328125,2161.36474609375,0.9652725458145142,1834.9337158203125,2161.36474609375,0.9619020223617554,1947.4112548828125,2198.857421875,0.8740477561950684,1859.9288330078125,2192.60888671875,0.8541035652160645,1978.6549072265625,2330.0810546875,0.9113780856132507,1841.1824951171875,2323.83251953125,0.8626508712768555,2008.403076171875,1075.08349609375,0.27780693769454956,1968.49462890625,1065.467041015625,0.2450835108757019,1937.721923828125,1054.8890380859375,0.2653771936893463,1914.1617431640625,1046.7149658203125,0.38644939661026,1890.12060546875,1036.136962890625,0.39716359972953796,1941.087890625,1003.44091796875,0.2904375493526459,1923.29736328125,997.1903076171875,0.329637348651886,1907.9110107421875,1008.72998046875,0.3470112085342407,1898.775390625,1026.0396728515625,0.373530775308609,1954.55078125,987.5738525390625,0.29677045345306396,1935.31787109375,982.2847900390625,0.35290732979774475,1920.4124755859375,989.4970703125,0.3395533859729767,1905.026123046875,975.0723876953125,0.37680524587631226,1973.78369140625,980.84228515625,0.311941921710968,1958.3974609375,961.609375,0.417244017124176,1938.202880859375,959.205322265625,0.40222829580307007,1919.4508056640625,967.860107421875,0.33329325914382935,1994.459228515625,987.093017578125,0.30945461988449097,1995.420654296875,962.571044921875,0.4610269367694855,1984.8427734375,945.7423095703125,0.5248807668685913,1969.937255859375,924.105224609375,0.4597223699092865,1709.6064453125,1077.5400390625,0.47914814949035645,1747.41796875,1067.53125,0.4206593632698059,1777.44482421875,1053.6298828125,0.4688527584075928,1799.68701171875,1041.396728515625,0.5188430547714233,1820.817138671875,1028.051513671875,0.5055004954338074,1764.65576171875,1007.4774780273438,0.3760102689266205,1781.33740234375,1000.2488403320312,0.3738254904747009,1798.574951171875,1005.2532348632812,0.34638142585754395,1810.80810546875,1025.8271484375,0.2561269998550415,1752.978515625,994.1322631835938,0.4273110628128052,1770.21630859375,977.4506225585938,0.4508402347564697,1791.90234375,981.3429565429688,0.45871609449386597,1814.700439453125,989.1277465820312,0.5150194764137268,1737.965087890625,989.6837768554688,0.4706249237060547,1756.31494140625,970.2219848632812,0.4695836901664734,1780.78125,979.1188354492188,0.3855324685573578,1800.2431640625,989.6837768554688,0.3032397925853729,1721.839599609375,995.8003540039062,0.44280532002449036,1721.839599609375,966.8856811523438,0.5135946869850159,1722.395751953125,944.6434936523438,0.5517092347145081,1720.17138671875,920.7332153320312,0.6018071174621582
DJI_20260917133633_0106_D.JPG,Cam 5,26,MUSHTI,INCORRECT,PINKY_DROPPED,,rtmw_l_wholebody,coco_wholebody_133,OK,329.76,134.13,1,1,1840.790771484375,783.3187255859375,0.9952929615974426,1859.569091796875,758.2811279296875,1.0641165971755981,1878.347412109375,752.0218505859375,1.0074200630187988,1890.865966796875,758.2811279296875,1.0376908779144287,1822.0126953125,758.2811279296875,1.0472936630249023,1809.493896484375,752.0218505859375,1.0063244104385376,1790.715576171875,758.2811279296875,1.0239266157150269,1922.1630859375,802.0970458984375,0.9588638544082642,1765.677978515625,802.0970458984375,0.9505702257156372,1872.087890625,827.1346435546875,1.0039538145065308,1815.753173828125,827.1346435546875,0.9877187609672546,1997.276123046875,983.6197509765625,0.8422590494155884,1703.084228515625,989.8790283203125,0.8515746593475342,2210.095458984375,1108.8077392578125,0.9174332618713379,1515.302001953125,1140.1046142578125,0.9196720123291016,1965.978759765625,1471.8529052734375,0.7815715670585632,1771.9375,1478.1124267578125,0.7676358222961426,1984.757080078125,1841.1575927734375,0.8345644474029541,1778.197021484375,1847.4171142578125,0.849113941192627,1959.719482421875,2160.38720703125,0.9647243022918701,1828.272216796875,2160.38720703125,0.9655519723892212,1940.94140625,2185.4248046875,0.8756451606750488,1847.05029296875,2191.68408203125,0.851127028465271,1965.978759765625,2329.390625,0.9161735773086548,1834.531494140625,2316.8720703125,0.8568850159645081,2012.4615478515625,1045.1702880859375,0.20189285278320312,1984.2796630859375,1018.3743286132812,0.21950095891952515,1948.2440185546875,991.1165161132812,0.1522963047027588,1905.7401123046875,989.7305297851562,0.1750190556049347,1891.418212890625,991.5784301757812,0.18648779392242432,1948.7059326171875,990.6544799804688,0.2090631127357483,1900.658203125,993.8884887695312,0.3559219539165497,1897.4241943359375,1002.2044067382812,0.21640262007713318,1902.506103515625,1006.8244018554688,0.1428126096725464,1945.9339599609375,1014.2163696289062,0.22262445092201233,1898.34814453125,1018.3743286132812,0.3837661147117615,1899.734130859375,1024.8424072265625,0.15713587403297424,1910.8221435546875,1027.15234375,0.09467092901468277,1945.9339599609375,1039.164306640625,0.24206529557704926,1902.9681396484375,1041.0123291015625,0.4120482802391052,1899.272216796875,1044.2462158203125,0.1740388572216034,1903.89208984375,1043.7843017578125,0.144483283162117,1948.7059326171875,1063.650146484375,0.22050413489341736,1914.0560302734375,1070.1181640625,0.3432871401309967,1899.272216796875,1069.6561279296875,0.23801493644714355,1893.7281494140625,1065.0361328125,0.22815483808517456,1712.0657958984375,1049.1240234375,0.19772186875343323,1736.822265625,1018.6942138671875,0.23053881525993347,1767.251953125,994.9693603515625,0.19854335486888885,1802.323486328125,995.485107421875,0.1826164275407791,1821.4066162109375,997.5482177734375,0.27154648303985596,1772.4095458984375,999.6112060546875,0.22770990431308746,1815.7332763671875,1000.6427001953125,0.3238465487957001,1813.6702880859375,1005.80029296875,0.18560338020324707,1795.61865234375,1006.3160400390625,0.14491161704063416,1777.0513916015625,1025.9149169921875,0.19971269369125366,1819.3436279296875,1024.88330078125,0.36825209856033325,1813.6702880859375,1027.9779052734375,0.18597957491874695,1794.0714111328125,1026.4306640625,0.15226681530475616,1779.630126953125,1051.18701171875,0.2374129295349121,1816.7647705078125,1047.5767822265625,0.3742067813873291,1815.7332763671875,1047.5767822265625,0.22354227304458618,1805.4180908203125,1044.482177734375,0.1889420449733734,1777.567138671875,1074.3961181640625,0.20708930492401123,1802.83935546875,1087.2901611328125,0.37143367528915405,1820.3751220703125,1081.6168212890625,0.3415966033935547,1829.1429443359375,1069.75439453125,0.36033257842063904
DJI_20260917133635_0107_D.JPG,Cam 5,26,MUSHTI,INCORRECT,PINKY_DROPPED,,rtmw_l_wholebody,coco_wholebody_133,OK,333.98,145.44,1,1,1832.448486328125,771.9617919921875,0.9976513385772705,1851.3359375,746.7786865234375,1.0656254291534424,1863.927490234375,746.7786865234375,1.006361484527588,1876.519287109375,753.0743408203125,1.0436651706695557,1807.26513671875,753.0743408203125,1.0460660457611084,1794.67333984375,753.0743408203125,1.0055131912231445,1782.081787109375,753.0743408203125,1.0293493270874023,1907.99853515625,797.1451416015625,0.9616575241088867,1750.602783203125,803.4410400390625,0.9615725874900818,1863.927490234375,822.3284912109375,1.0124499797821045,1800.96923828125,822.3284912109375,0.9930688142776489,1989.84423828125,973.4281005859375,0.8415387272834778,1687.64453125,979.7239990234375,0.8486589193344116,2203.902099609375,1099.3446044921875,0.9194462299346924,1505.065673828125,1130.8238525390625,0.933814287185669,1952.0693359375,1451.9110107421875,0.777756929397583,1763.1943359375,1458.2069091796875,0.769340991973877,1977.25244140625,1835.9561767578125,0.835762619972229,1782.081787109375,1829.6605224609375,0.8485037684440613,1952.0693359375,2157.04345703125,0.9610229730606079,1832.448486328125,2157.04345703125,0.9634090662002563,1939.4775390625,2188.5224609375,0.8689519166946411,1845.0400390625,2188.5224609375,0.8469977378845215,1958.36474609375,2320.73486328125,0.9239610433578491,1845.0400390625,2308.14306640625,0.8722587823867798,2010.574462890625,1037.7803955078125,0.18568508327007294,1983.157958984375,1010.364013671875,0.18963280320167542,1948.771240234375,985.27099609375,0.1558237373828888,1916.7078857421875,983.4122314453125,0.1489839255809784,1884.6446533203125,980.159423828125,0.14780399203300476,1939.942138671875,984.341552734375,0.21385183930397034,1889.7562255859375,985.735595703125,0.3372366428375244,1890.2208251953125,993.170654296875,0.19731099903583527,1900.90869140625,995.4940185546875,0.14202594757080078,1934.365966796875,1008.04052734375,0.217940092086792,1887.8974609375,1010.82861328125,0.3930777311325073,1891.1502685546875,1015.4754638671875,0.13018329441547394,1906.48486328125,1017.7989501953125,0.09373532235622406,1932.50732421875,1033.133544921875,0.23702943325042725,1891.1502685546875,1034.527587890625,0.42579370737075806,1893.4736328125,1036.3863525390625,0.14630523324012756,1898.585205078125,1035.921630859375,0.10978011041879654,1935.760009765625,1056.83251953125,0.20163512229919434,1901.8380126953125,1062.8734130859375,0.32635632157325745,1888.8267822265625,1061.0146484375,0.2104230523109436,1886.50341796875,1055.903076171875,0.1709446907043457,1704.268798828125,1041.3604736328125,0.2533443570137024,1729.6258544921875,1008.98974609375,0.25834155082702637,1758.7593994140625,986.330322265625,0.22950977087020874,1794.3671875,988.4884033203125,0.2365211546421051,1810.552490234375,989.02783203125,0.33378103375434875,1761.4569091796875,990.6463623046875,0.2958507537841797,1804.078369140625,992.804443359375,0.35388898849487305,1802.4598388671875,997.6600341796875,0.22606539726257324,1780.87939453125,998.739013671875,0.17150303721427917,1766.85205078125,1018.1614990234375,0.26070788502693176,1809.4735107421875,1016.54296875,0.43718641996383667,1804.6177978515625,1021.3985595703125,0.2575697600841522,1783.576904296875,1019.780029296875,0.17993751168251038,1768.4705810546875,1042.97900390625,0.3063705265522003,1806.77587890625,1040.2813720703125,0.43721437454223633,1805.6968994140625,1040.2813720703125,0.2936815023422241,1797.064697265625,1037.0443115234375,0.2511565685272217,1766.85205078125,1066.7174072265625,0.269174724817276,1793.2880859375,1078.0472412109375,0.41783982515335083,1809.4735107421875,1073.191650390625,0.4109896123409271,1818.1055908203125,1061.3223876953125,0.4222850203514099
DJI_20260917131549_0049_D.JPG,Cam 6,1,ARAMANDI,CORRECT,,,rtmw_l_wholebody,coco_wholebody_133,OK,352.68,139.25,1,1,396.5789794921875,834.3282470703125,0.9337577223777771,407.437744140625,807.1812744140625,1.0154740810394287,418.296630859375,807.1812744140625,0.962899923324585,423.7259521484375,807.1812744140625,1.006459355354309,380.290771484375,796.3223876953125,1.0083513259887695,369.431884765625,790.8929443359375,0.9326885938644409,353.1436767578125,785.4635009765625,0.986111044883728,396.5789794921875,812.6104736328125,0.7799063920974731,277.1318359375,780.0340576171875,0.919949471950531,391.1495361328125,866.9046630859375,0.9662477970123291,353.1436767578125,845.1871337890625,0.9658799767494202,374.861328125,948.3458251953125,0.7993552088737488,184.83203125,904.9105224609375,0.8117132186889648,342.284912109375,1160.0928955078125,0.6184943914413452,271.7025146484375,1100.3692626953125,0.8046578168869019,277.1318359375,1306.6868896484375,0.7616198062896729,125.1083984375,1284.9693603515625,0.7632209062576294,222.837890625,1599.8751220703125,0.7029246091842651,239.1260986328125,1583.5867919921875,0.7757488489151001,163.1142578125,1914.7808837890625,0.7958934307098389,336.85546875,1931.0689697265625,0.7873556613922119,146.8260498046875,1958.2161865234375,0.7883056402206421,364.00244140625,1974.5045166015625,0.7842835783958435,266.273193359375,1963.6456298828125,0.6821084022521973,298.849609375,2050.51611328125,0.7717040777206421,321.94805908203125,1048.490966796875,0.38106223940849304,321.94805908203125,1048.490966796875,0.3679352104663849,321.94805908203125,1048.490966796875,0.35791876912117004,321.94805908203125,1048.490966796875,0.3401055335998535,321.94805908203125,1048.490966796875,0.3142838478088379,321.94805908203125,1048.490966796875,0.36797523498535156,321.94805908203125,1048.490966796875,0.32871198654174805,321.94805908203125,1048.490966796875,0.32487767934799194,321.94805908203125,1048.490966796875,0.2700116038322449,321.94805908203125,1048.490966796875,0.34397000074386597,321.94805908203125,1048.490966796875,0.2940511107444763,321.94805908203125,1048.490966796875,0.2567221522331238,321.94805908203125,1048.490966796875,0.23440462350845337,321.94805908203125,1048.490966796875,0.3148973882198334,321.94805908203125,1048.490966796875,0.2610222101211548,321.94805908203125,1048.490966796875,0.2459724247455597,321.94805908203125,1048.490966796875,0.2295522391796112,321.94805908203125,1048.490966796875,0.3152342736721039,321.94805908203125,1048.490966796875,0.29525232315063477,321.94805908203125,1048.490966796875,0.3054584264755249,321.94805908203125,1048.490966796875,0.27056026458740234,514.5291748046875,1207.189453125,0.46298980712890625,545.5868530273438,1213.68994140625,0.40775221586227417,582.4226684570312,1220.1903076171875,0.2988048195838928,596.1458129882812,1255.5816650390625,0.3012324571609497,616.3694458007812,1267.137939453125,0.28876060247421265,594.7012939453125,1227.4130859375,0.44178712368011475,624.3143920898438,1251.9703369140625,0.4411773681640625,640.2044067382812,1268.58251953125,0.4241678714752197,656.0943603515625,1282.3056640625,0.4219571650028229,587.4785766601562,1240.4139404296875,0.40547052025794983,616.3694458007812,1261.35986328125,0.43052399158477783,634.4262084960938,1276.5274658203125,0.4341409206390381,651.7607421875,1290.972900390625,0.43107226490974426,570.8663330078125,1256.303955078125,0.35215964913368225,593.2567749023438,1280.138916015625,0.358573853969574,602.6463012695312,1288.0838623046875,0.2907307744026184,602.6463012695312,1279.4166259765625,0.20562291145324707,555.6986694335938,1267.8602294921875,0.3665713667869568,576.64453125,1279.4166259765625,0.35102230310440063,580.255859375,1280.8612060546875,0.29340624809265137,589.6453857421875,1273.638427734375,0.24168004095554352
DJI_20260917131553_0050_D.JPG,Cam 6,1,ARAMANDI,CORRECT,,,rtmw_l_wholebody,coco_wholebody_133,OK,377.87,170.69,1,1,401.3702392578125,821.8935546875,0.9536392688751221,411.9132080078125,795.5361328125,1.0345680713653564,422.4559326171875,795.5361328125,0.9700482487678528,427.7275390625,800.8076171875,1.0170929431915283,380.2843017578125,784.9931640625,1.019683599472046,369.741455078125,784.9931640625,0.9487313628196716,353.9271240234375,779.7216796875,1.0034114122390747,406.6417236328125,795.5361328125,0.7545304298400879,280.1265869140625,769.1787109375,0.9133362770080566,396.0987548828125,858.793701171875,0.9951395988464355,353.9271240234375,842.979248046875,0.9838282465934753,380.2843017578125,937.865478515625,0.8175621032714844,185.2403564453125,879.87939453125,0.7964159250259399,375.0128173828125,1148.723876953125,0.6109680533409119,285.3980712890625,1101.28076171875,0.7797032594680786,280.1265869140625,1291.05322265625,0.7541224360466003,121.9827880859375,1259.424560546875,0.7478020191192627,222.140625,1575.712158203125,0.6966376304626465,243.2264404296875,1570.440673828125,0.780968189239502,174.6973876953125,1902.54248046875,0.7620536088943481,359.198486328125,1923.62841796875,0.7792705297470093,158.883056640625,1949.98583984375,0.7551445960998535,390.8272705078125,1965.80029296875,0.7728568315505981,248.4979248046875,1949.98583984375,0.6713764071464539,317.02685546875,2039.6005859375,0.722701907157898,325.647216796875,1170.1463623046875,0.1565854549407959,325.647216796875,1099.1727294921875,0.08498352766036987,325.647216796875,1071.773681640625,0.07713544368743896,325.647216796875,1170.1463623046875,0.09799681603908539,325.647216796875,1001.4603271484375,0.14447039365768433,325.647216796875,1001.4603271484375,0.09616760909557343,325.647216796875,1001.4603271484375,0.11597591638565063,325.647216796875,1001.4603271484375,0.11789119243621826,325.647216796875,1001.4603271484375,0.10934188961982727,325.647216796875,1055.928466796875,0.10166433453559875,325.647216796875,1001.4603271484375,0.058776646852493286,325.647216796875,1170.1463623046875,0.06679549813270569,325.647216796875,1001.4603271484375,0.08714580535888672,325.647216796875,1066.491943359375,0.11243495345115662,325.647216796875,1001.4603271484375,0.08469691872596741,325.647216796875,1170.1463623046875,0.0959882065653801,325.647216796875,1170.1463623046875,0.10345372557640076,325.647216796875,1072.7640380859375,0.1214471161365509,325.647216796875,1170.1463623046875,0.1217808723449707,325.647216796875,1170.1463623046875,0.14029501378536224,325.647216796875,1170.1463623046875,0.12062588334083557,518.293701171875,1195.04443359375,0.46850383281707764,545.9031982421875,1208.8492431640625,0.4076453149318695,565.919921875,1248.192626953125,0.29724180698394775,591.458740234375,1257.8558349609375,0.31610846519470215,612.85595703125,1265.448486328125,0.30585870146751404,599.05126953125,1219.8929443359375,0.3877638876438141,630.8021240234375,1246.8121337890625,0.4060324728488922,648.0579833984375,1264.0679931640625,0.40937167406082153,663.2431640625,1276.4923095703125,0.4409197270870209,595.60009765625,1225.414794921875,0.38800156116485596,625.2802734375,1248.192626953125,0.37867653369903564,644.6068115234375,1262.6875,0.3549518287181854,661.8626708984375,1275.11181640625,0.34818392992019653,581.79541015625,1239.9097900390625,0.2817686200141907,603.1927490234375,1264.0679931640625,0.24332131445407867,611.4754638671875,1263.3778076171875,0.23299643397331238,628.0411376953125,1262.6875,0.20974203944206238,567.3004150390625,1255.094970703125,0.2864917516708374,588.007568359375,1264.75830078125,0.2576102018356323,595.60009765625,1257.1656494140625,0.2242000699043274,626.66064453125,1252.333984375,0.24820274114608765
DJI_20260917131859_0051_D.JPG,Cam 6,2,SAMAPADHAM,CORRECT,,,rtmw_l_wholebody,coco_wholebody_133,OK,338.46,162.36,1,1,2125.79345703125,694.385986328125,0.9895464181900024,2106.40869140625,655.61572265625,1.0179287195205688,2099.94677734375,655.61572265625,0.9842545986175537,2106.40869140625,655.61572265625,1.0267828702926636,2093.48486328125,655.61572265625,1.0150604248046875,2093.48486328125,655.61572265625,0.9872844219207764,2080.5615234375,655.61572265625,0.9853376746177673,2028.8675537109375,687.92431640625,0.8899542689323425,2003.0206298828125,687.92431640625,0.9673211574554443,2119.33203125,733.15625,0.9971603155136108,2099.94677734375,726.694580078125,0.9971386194229126,2003.0206298828125,875.314453125,0.7646522521972656,1964.2503662109375,862.39111328125,0.8231382369995117,1964.2503662109375,1120.860107421875,0.666039764881134,1931.9417724609375,1069.166259765625,0.7145110368728638,1964.2503662109375,1347.0205078125,0.7271227836608887,1938.4034423828125,1353.482421875,0.7711428999900818,1919.0181884765625,1734.724365234375,0.7636134624481201,1899.6331787109375,1747.64794921875,0.7931184768676758,1886.7095947265625,2109.504638671875,0.8674179315567017,1880.2479248046875,2122.42822265625,0.9173932075500488,1835.0157470703125,2154.73681640625,0.8078163862228394,1841.4774169921875,2174.1220703125,0.8782515525817871,2061.17626953125,2167.66015625,0.8193656206130981,2061.17626953125,2187.04541015625,0.856208324432373,1991.06689453125,1191.6611328125,0.24780353903770447,1975.73291015625,1192.93896484375,0.1680900603532791,1952.093017578125,1176.3271484375,0.154811292886734,1931.0087890625,1173.771484375,0.14469820261001587,1931.647705078125,1134.15869140625,0.08481048792600632,1929.73095703125,1169.618408203125,0.3626737594604492,1908.646728515625,1165.465576171875,0.4015212655067444,1893.312744140625,1171.2158203125,0.4752008020877838,1882.451171875,1179.841064453125,0.4653829336166382,1923.341796875,1185.59130859375,0.39041295647621155,1897.146240234375,1187.82763671875,0.43514636158943176,1877.978759765625,1198.05029296875,0.4307951331138611,1857.852783203125,1208.911865234375,0.48958808183670044,1920.7861328125,1198.689208984375,0.34550929069519043,1896.82666015625,1202.842041015625,0.4098277688026428,1880.534423828125,1212.1064453125,0.3478464186191559,1865.83935546875,1223.28759765625,0.4181674122810364,1923.980712890625,1214.3427734375,0.3350788950920105,1903.2158203125,1218.49560546875,0.4617252051830292,1886.923583984375,1223.60693359375,0.4553494453430176,1872.867431640625,1229.6767578125,0.5395288467407227,1976.2386474609375,1194.8394775390625,0.24527397751808167,1973.7630615234375,1180.2952880859375,0.20874564349651337,1951.173095703125,1176.891357421875,0.19337612390518188,1945.912353515625,1146.8746337890625,0.1296161711215973,1923.6319580078125,1146.8746337890625,0.1050611063838005,1929.8209228515625,1169.155029296875,0.3153154253959656,1907.54052734375,1166.060546875,0.33854392170906067,1892.996337890625,1171.940185546875,0.4256362318992615,1880.927734375,1181.5330810546875,0.5010387301445007,1923.6319580078125,1184.6275634765625,0.2688993811607361,1894.85302734375,1187.72216796875,0.3471947908401489,1876.595458984375,1197.62451171875,0.3913910388946533,1861.7418212890625,1210.0025634765625,0.5157030820846558,1919.9185791015625,1197.62451171875,0.27716678380966187,1895.471923828125,1203.504150390625,0.37113839387893677,1879.3804931640625,1212.78759765625,0.3246041536331177,1866.0740966796875,1224.856201171875,0.4044347107410431,1923.94140625,1213.0970458984375,0.27856388688087463,1903.5177001953125,1218.9766845703125,0.37741708755493164,1887.7357177734375,1224.5467529296875,0.36795753240585327,1874.119873046875,1230.42626953125,0.33481305837631226
DJI_20260917131902_0052_D.JPG,Cam 6,2,SAMAPADHAM,CORRECT,,,rtmw_l_wholebody,coco_wholebody_133,OK,335.66,162.15,1,1,2130.87744140625,693.11328125,0.9938111901283264,2111.47998046875,660.784423828125,1.023439884185791,2111.47998046875,660.784423828125,0.9893859028816223,2117.94580078125,654.318603515625,1.0338431596755981,2105.01416015625,660.784423828125,1.0171358585357666,2098.548583984375,654.318603515625,0.990086555480957,2085.6171875,654.318603515625,0.9893338084220886,2040.35693359375,686.6474609375,0.8918596506118774,2008.02783203125,686.6474609375,0.9689170122146606,2124.41162109375,731.90771484375,0.9982044100761414,2105.01416015625,725.44189453125,0.9969272613525391,2014.49365234375,874.154541015625,0.7872601747512817,1975.69921875,867.688720703125,0.8369182348251343,2008.02783203125,1119.853271484375,0.6823475360870361,1949.836181640625,1100.4560546875,0.7052128911018372,1969.2333984375,1346.15478515625,0.742006778717041,1949.836181640625,1352.62060546875,0.7837278842926025,1930.43896484375,1727.634765625,0.7718665599822998,1904.57568359375,1734.1005859375,0.7995090484619141,1878.712890625,2102.648681640625,0.8441592454910278,1885.178466796875,2115.580322265625,0.9073171615600586,1814.05517578125,2154.374755859375,0.807752251625061,1846.3837890625,2167.306396484375,0.8826565742492676,2053.288330078125,2180.23779296875,0.7736602425575256,2066.2197265625,2193.16943359375,0.857252299785614,2021.4537353515625,1228.1368408203125,0.29256704449653625,2013.0147705078125,1178.2703857421875,0.21315917372703552,2001.8907470703125,1164.0775146484375,0.1328146904706955,1909.8294677734375,1130.7054443359375,0.12574268877506256,1909.8294677734375,1115.36181640625,0.1568433940410614,1940.1329345703125,1167.146240234375,0.2476682960987091,1909.8294677734375,1164.0775146484375,0.29011884331703186,1909.8294677734375,1032.1231689453125,0.2295902669429779,1995.7532958984375,1032.1231689453125,0.2755023241043091,1933.2283935546875,1181.3389892578125,0.3135784864425659,1909.8294677734375,1184.40771484375,0.2934097647666931,1909.8294677734375,1068.5640869140625,0.23030224442481995,1973.8887939453125,1032.1231689453125,0.2632219195365906,1933.6119384765625,1193.2303466796875,0.35839974880218506,1909.8294677734375,1196.6826171875,0.32448437809944153,1909.8294677734375,1077.0030517578125,0.24248191714286804,1909.8294677734375,1066.2625732421875,0.17596468329429626,1936.6806640625,1212.40966796875,0.3822219967842102,1909.8294677734375,1215.8619384765625,0.4151903986930847,1909.8294677734375,1228.1368408203125,0.34043294191360474,1909.8294677734375,1228.1368408203125,0.25000664591789246,1991.384765625,1193.85302734375,0.39196205139160156,1963.34033203125,1179.5322265625,0.49776434898376465,1947.2294921875,1162.228271484375,0.4482099413871765,1905.4609375,1159.841552734375,0.4020134508609772,1905.4609375,1233.83154296875,0.3631109297275543,1935.892333984375,1169.985107421875,0.6167793273925781,1905.4609375,1167.598388671875,0.5435285568237305,1905.4609375,1171.1787109375,0.4819124937057495,1905.4609375,1177.7421875,0.446320503950119,1937.085693359375,1179.5322265625,0.6817181706428528,1905.4609375,1186.095947265625,0.6207777857780457,1905.4609375,1190.272705078125,0.5057447552680969,1905.4609375,1233.83154296875,0.37342098355293274,1938.279052734375,1193.85302734375,0.7031944990158081,1905.4609375,1199.22314453125,0.6730912923812866,1905.4609375,1208.173583984375,0.5430760383605957,1905.4609375,1233.83154296875,0.44040971994400024,1941.859375,1211.753662109375,0.6691796779632568,1921.57177734375,1215.333984375,0.6354297995567322,1905.4609375,1220.7041015625,0.564242422580719,1905.4609375,1221.8974609375,0.5565606355667114
DJI_20260917132012_0053_D.JPG,Cam 6,3,MUZHUMANDI,CORRECT,,,rtmw_l_wholebody,coco_wholebody_133,OK,331.49,147.28,1,1,2042.30712890625,1292.510009765625,0.9591583013534546,2028.696533203125,1256.21533203125,1.0058350563049316,2024.159912109375,1256.21533203125,0.9475900530815125,2033.233642578125,1251.678466796875,0.9882923364639282,2010.54931640625,1256.21533203125,1.0006710290908813,2006.012451171875,1260.752197265625,0.970559298992157,1996.938720703125,1260.752197265625,0.9814954996109009,1960.64404296875,1283.436279296875,0.7588222026824951,1915.275634765625,1292.510009765625,0.945454478263855,2033.233642578125,1324.26806640625,0.9699276685714722,2015.086181640625,1324.26806640625,0.9766534566879272,1951.5703125,1464.91015625,0.721019983291626,1869.9072265625,1492.131103515625,0.7599245309829712,2001.4755859375,1718.97314453125,0.5017023086547852,1869.9072265625,1796.099365234375,0.674309253692627,1942.49658203125,1968.49951171875,0.692756712436676,1860.83349609375,2000.25732421875,0.7321358919143677,2092.21240234375,1877.762451171875,0.6804141998291016,2142.11767578125,2281.54150390625,0.8000515699386597,1910.73876953125,2159.046630859375,0.6471055150032043,1801.854736328125,2195.341552734375,0.6846886873245239,1806.391357421875,2159.046630859375,0.5584670305252075,1788.244140625,2154.510009765625,0.6473841667175293,1733.802001953125,2222.562744140625,0.515190839767456,1715.654541015625,2286.078369140625,0.6117026209831238,1771.1622314453125,1518.3641357421875,0.41964811086654663,1771.1622314453125,1518.3641357421875,0.3770964741706848,1771.1622314453125,1518.3641357421875,0.3638676702976227,1771.1622314453125,1518.3641357421875,0.3777569532394409,1771.1622314453125,1518.3641357421875,0.3461587727069855,1771.1622314453125,1518.3641357421875,0.395904541015625,1771.1622314453125,1518.3641357421875,0.4032456576824188,1771.1622314453125,1518.3641357421875,0.3838791251182556,1771.1622314453125,1518.3641357421875,0.3402131199836731,1771.1622314453125,1518.3641357421875,0.4062979221343994,1771.1622314453125,1518.3641357421875,0.40871167182922363,1771.1622314453125,1518.3641357421875,0.37457209825515747,1771.1622314453125,1518.3641357421875,0.31518298387527466,1771.1622314453125,1518.3641357421875,0.4085575044155121,1771.1622314453125,1518.3641357421875,0.3894653022289276,1771.1622314453125,1518.3641357421875,0.3702295422554016,1771.1622314453125,1518.3641357421875,0.3498964011669159,1771.1622314453125,1518.3641357421875,0.42529720067977905,1771.1622314453125,1518.3641357421875,0.4306942820549011,1771.1622314453125,1518.3641357421875,0.3863815665245056,1771.1622314453125,1518.3641357421875,0.3575849235057831,1860.5396728515625,1819.09765625,0.19740207493305206,1823.4862060546875,1803.0831298828125,0.1114024892449379,1796.167236328125,1796.8028564453125,0.08114676177501678,1773.244384765625,1763.8316650390625,0.09615157544612885,1780.1527099609375,1738.396728515625,0.1258414089679718,1815.949951171875,1846.730712890625,0.19055861234664917,1794.9112548828125,1781.7303466796875,0.1846691519021988,1776.698486328125,1784.8704833984375,0.18486449122428894,1760.055908203125,1793.6627197265625,0.3256170451641083,1808.0997314453125,1812.189453125,0.25832822918891907,1777.95458984375,1810.619384765625,0.17803330719470978,1758.48583984375,1820.667724609375,0.1740664541721344,1745.611328125,1839.822509765625,0.24762502312660217,1808.0997314453125,1818.78369140625,0.21126142144203186,1778.5826416015625,1831.0301513671875,0.21183118224143982,1759.4278564453125,1832.6002197265625,0.1921570897102356,1745.611328125,1846.1026611328125,0.26701098680496216,1814.6939697265625,1847.3587646484375,0.1959659904241562,1793.6551513671875,1854.2669677734375,0.1913941353559494,1774.1864013671875,1861.80322265625,0.16936475038528442,1759.741943359375,1794.9188232421875,0.26393166184425354
DJI_20260917132014_0054_D.JPG,Cam 6,3,MUZHUMANDI,CORRECT,,,rtmw_l_wholebody,coco_wholebody_133,OK,341.21,150.47,1,1,2053.12646484375,1297.2852783203125,0.9646338224411011,2044.0435791015625,1256.4124755859375,1.0226026773452759,2039.5020751953125,1256.4124755859375,0.9651262760162354,2048.5849609375,1256.4124755859375,1.0081833600997925,2025.8780517578125,1260.9539794921875,1.0126721858978271,2021.3365478515625,1260.9539794921875,0.9831289649009705,2012.2535400390625,1260.9539794921875,0.9963197112083435,1971.3809814453125,1283.6610107421875,0.775869607925415,1925.9666748046875,1288.2025146484375,0.950400173664093,2044.0435791015625,1333.6165771484375,0.9860028028488159,2021.3365478515625,1329.0750732421875,0.9788024425506592,1953.2152099609375,1474.4005126953125,0.7320829629898071,1871.4698486328125,1492.5662841796875,0.7739713191986084,1994.0880126953125,1683.3055419921875,0.5724565982818604,1885.0938720703125,1801.3826904296875,0.7028437852859497,1948.6739501953125,1964.8734130859375,0.709726870059967,1866.9283447265625,2001.2049560546875,0.7512346506118774,2093.9990234375,1883.1280517578125,0.6968940496444702,2148.49609375,2273.68994140625,0.8231529593467712,1853.3040771484375,2160.154296875,0.6704717874526978,1803.3485107421875,2196.48583984375,0.7176236510276794,1803.3485107421875,2155.61328125,0.5708147287368774,1762.4757080078125,2151.07177734375,0.6608960628509521,1735.2271728515625,2219.19287109375,0.5291623473167419,1726.1444091796875,2282.77294921875,0.6353085041046143,1870.3681640625,1513.35302734375,0.39962685108184814,1870.3681640625,1513.35302734375,0.4067940413951874,1870.3681640625,1513.35302734375,0.40096840262413025,1870.3681640625,1513.35302734375,0.4296432137489319,1870.3681640625,1513.35302734375,0.39595550298690796,1870.3681640625,1513.35302734375,0.4200100004673004,1870.3681640625,1513.35302734375,0.4158751666545868,1870.3681640625,1513.35302734375,0.40968090295791626,1870.3681640625,1513.35302734375,0.3696264922618866,1870.3681640625,1513.35302734375,0.4403153955936432,1870.3681640625,1513.35302734375,0.4214431643486023,1870.3681640625,1513.35302734375,0.39461755752563477,1870.3681640625,1513.35302734375,0.3605741858482361,1870.3681640625,1513.35302734375,0.43634796142578125,1870.3681640625,1513.35302734375,0.4136020541191101,1870.3681640625,1513.35302734375,0.4065042734146118,1870.3681640625,1513.35302734375,0.3930659592151642,1870.3681640625,1513.35302734375,0.4276507496833801,1870.3681640625,1513.35302734375,0.4229525923728943,1870.3681640625,1513.35302734375,0.40973231196403503,1870.3681640625,1513.35302734375,0.38215172290802,1857.6171875,1815.6500244140625,0.1486552357673645,1821.6190185546875,1793.497314453125,0.18199777603149414,1790.6051025390625,1766.3602294921875,0.17155878245830536,1774.54443359375,1753.622314453125,0.2631515860557556,1771.2215576171875,1752.5147705078125,0.24784688651561737,1812.2041015625,1780.2056884765625,0.2622911334037781,1793.9281005859375,1776.328857421875,0.26856058835983276,1780.0826416015625,1780.7593994140625,0.2691406309604645,1763.4681396484375,1790.17431640625,0.2848771810531616,1812.2041015625,1802.3583984375,0.3022940158843994,1786.7283935546875,1809.5579833984375,0.30497002601623535,1766.2371826171875,1815.6500244140625,0.3289939761161804,1751.2840576171875,1824.5111083984375,0.2944624423980713,1815.5269775390625,1823.4034423828125,0.2999773323535919,1791.7127685546875,1830.0491943359375,0.3251999318599701,1771.2215576171875,1839.464111328125,0.33360618352890015,1754.05322265625,1849.432861328125,0.3846242427825928,1824.94189453125,1845.55615234375,0.31991302967071533,1807.2197265625,1851.648193359375,0.33532267808914185,1787.2822265625,1856.632568359375,0.3365522027015686,1769.0062255859375,1864.9398193359375,0.3353492319583893
DJI_20260917132102_0055_D.JPG,Cam 6,4,SWASTIKAPADAM,CORRECT,,RIGHT,rtmw_l_wholebody,coco_wholebody_133,OK,363.36,165.44,1,1,2054.02197265625,856.2666015625,1.0032079219818115,2042.49267578125,827.44384765625,1.055335283279419,2042.49267578125,827.44384765625,0.999029815196991,2042.49267578125,827.44384765625,1.054931879043579,2030.9638671875,827.44384765625,1.0520856380462646,2025.19921875,827.44384765625,1.010811448097229,2019.4345703125,827.44384765625,1.0319995880126953,1973.318359375,850.501953125,0.8623449802398682,1944.49560546875,844.7373046875,0.9706059694290161,2048.25732421875,896.6181640625,1.040634036064148,2030.9638671875,890.853515625,1.033135175704956,1990.61181640625,1029.202392578125,0.8530020713806152,1886.8505859375,1023.43798828125,0.8666565418243408,1979.0830078125,1288.6064453125,0.7069188356399536,1852.26318359375,1254.019287109375,0.7974561452865601,1961.789306640625,1490.365234375,0.7746832370758057,1886.8505859375,1496.1298828125,0.7810953855514526,1967.553955078125,1807.41455078125,0.7738689184188843,2030.9638671875,1830.47265625,0.8635791540145874,1904.14404296875,2118.69921875,0.8585926294326782,1811.911376953125,2009.17333984375,0.7812508344650269,1858.02783203125,2164.81591796875,0.7787508368492126,1771.559814453125,2055.28955078125,0.7830690145492554,2048.25732421875,2176.3447265625,0.8036035299301147,1823.4404296875,2130.228515625,0.7397485971450806,2156.678466796875,1675.921142578125,0.4047011137008667,2156.678466796875,1675.921142578125,0.40464821457862854,2156.678466796875,1675.921142578125,0.40335747599601746,2156.678466796875,1675.921142578125,0.39343661069869995,2156.678466796875,1675.921142578125,0.3200593590736389,2156.678466796875,1675.921142578125,0.3834954798221588,2156.678466796875,1675.921142578125,0.39314621686935425,2156.678466796875,1675.921142578125,0.3679489493370056,2156.678466796875,1675.921142578125,0.3073636293411255,2156.678466796875,1675.921142578125,0.3817251920700073,2156.678466796875,1675.921142578125,0.3759472370147705,2156.678466796875,1675.921142578125,0.3469635248184204,2156.678466796875,1675.921142578125,0.26902544498443604,2156.678466796875,1675.921142578125,0.39052438735961914,2156.678466796875,1675.921142578125,0.3518800735473633,2156.678466796875,1675.921142578125,0.3669012188911438,2156.678466796875,1675.921142578125,0.35876795649528503,2156.678466796875,1675.921142578125,0.3829990327358246,2156.678466796875,1675.921142578125,0.4051959216594696,2156.678466796875,1675.921142578125,0.38919883966445923,2156.678466796875,1675.921142578125,0.33474016189575195,2017.0421142578125,1230.512451171875,0.11037099361419678,2025.0128173828125,1091.908203125,0.18173953890800476,2022.3558349609375,1096.779296875,0.17296430468559265,2020.5845947265625,1127.334228515625,0.16994254291057587,2018.3704833984375,1134.8621826171875,0.13622859120368958,2043.6114501953125,1114.0494384765625,0.18545708060264587,2040.9544677734375,1140.1761474609375,0.19374224543571472,2041.8402099609375,1230.512451171875,0.20291489362716675,2032.9837646484375,1230.512451171875,0.19398194551467896,2049.81103515625,1117.592041015625,0.23437994718551636,2044.9400634765625,1144.6043701171875,0.22942890226840973,2040.9544677734375,1230.512451171875,0.24498990178108215,2032.9837646484375,1230.512451171875,0.23536823689937592,2052.468017578125,1125.5628662109375,0.23926720023155212,2047.5970458984375,1146.375732421875,0.22543540596961975,2042.7259521484375,1230.512451171875,0.25819575786590576,2036.9691162109375,1230.512451171875,0.28746092319488525,2055.124755859375,1131.762451171875,0.20505069196224213,2052.468017578125,1144.6043701171875,0.2248459756374359,2046.7113037109375,1230.512451171875,0.24925413727760315,2041.3973388671875,1230.512451171875,0.2501387596130371
DJI_20260917132104_0056_D.JPG,Cam 6,4,SWASTIKAPADAM,CORRECT,,RIGHT,rtmw_l_wholebody,coco_wholebody_133,OK,501.57,175.61,1,1,2053.394775390625,884.204833984375,1.0036323070526123,2041.896728515625,849.711181640625,1.0377197265625,2036.148193359375,849.711181640625,0.9925855994224548,2041.896728515625,843.96240234375,1.0383366346359253,2024.650146484375,849.711181640625,1.0333209037780762,2024.650146484375,843.96240234375,1.0006086826324463,2013.15234375,843.96240234375,1.014450192451477,1967.1611328125,872.706787109375,0.8534766435623169,1932.667724609375,866.9580078125,0.9677628874778748,2047.645751953125,918.6982421875,1.0207972526550293,2030.399169921875,912.94921875,1.0185273885726929,1972.909912109375,1050.923095703125,0.8228554725646973,1880.927490234375,1039.42529296875,0.8472992181777954,1938.41650390625,1292.377197265625,0.6673647165298462,1846.433837890625,1275.130615234375,0.7949068546295166,1938.41650390625,1516.584716796875,0.7831205129623413,1892.42529296875,1522.333740234375,0.7863868474960327,1955.663330078125,1827.026123046875,0.7552250027656555,2030.399169921875,1850.021728515625,0.8859097361564636,1903.923095703125,2131.71826171875,0.8603114485740662,1811.9404296875,2028.23779296875,0.7988033890724182,1880.927490234375,2177.70947265625,0.7885957956314087,1765.94921875,2074.229248046875,0.8046205639839172,2053.394775390625,2183.458251953125,0.789392352104187,1823.438232421875,2154.7138671875,0.7574435472488403,1981.229736328125,1084.094970703125,0.11935591697692871,2005.9873046875,1103.823486328125,0.13272114098072052,2033.83935546875,1119.6837158203125,0.11459461599588394,2029.970947265625,1144.827880859375,0.1029217392206192,2024.942138671875,1168.4248046875,0.10373709350824356,1992.8349609375,1144.827880859375,0.0954742431640625,2029.970947265625,1165.330078125,0.1091361865401268,2012.176513671875,1172.2930908203125,0.11302027106285095,2012.5634765625,1202.4661865234375,0.09682664275169373,1993.2216796875,1148.3094482421875,0.10324932634830475,2002.892578125,1164.1695556640625,0.1277584731578827,2002.505615234375,1182.350830078125,0.11491550505161285,1976.200927734375,1204.400390625,0.09761713445186615,1995.15576171875,1148.3094482421875,0.0901508778333664,2002.505615234375,1161.074951171875,0.10530872642993927,2002.505615234375,1180.4166259765625,0.10051751136779785,2002.505615234375,1236.8944091796875,0.10706306993961334,1992.061279296875,1146.375244140625,0.06354434788227081,1994.76904296875,1161.4617919921875,0.08709689229726791,1997.090087890625,1170.7457275390625,0.0804954394698143,2003.666259765625,1236.8944091796875,0.07297616451978683,2017.1033935546875,1236.3153076171875,0.16872501373291016,2002.0203857421875,1137.54541015625,0.1745389997959137,1992.7757568359375,1119.0565185546875,0.16235686838626862,1985.4776611328125,1130.2471923828125,0.1569027602672577,1966.5020751953125,1123.9219970703125,0.13427197933197021,2012.2379150390625,1088.890380859375,0.20494528114795685,2010.2916259765625,1067.9686279296875,0.20333056151866913,1996.6683349609375,1064.0762939453125,0.1533825695514679,1992.7757568359375,1236.3153076171875,0.10726720094680786,2023.4285888671875,1096.6751708984375,0.20684728026390076,2013.6976318359375,1075.2669677734375,0.15398769080638885,2000.0740966796875,1236.3153076171875,0.15157192945480347,1996.6683349609375,1236.3153076171875,0.12773224711418152,2034.6192626953125,1116.13720703125,0.22844037413597107,2022.4554443359375,1236.3153076171875,0.14453411102294922,2018.5631103515625,1136.0858154296875,0.16300474107265472,2013.6976318359375,1139.9781494140625,0.161552295088768,2040.4578857421875,1123.9219970703125,0.22932371497154236,2033.6461181640625,1132.679931640625,0.19938966631889343,2028.2940673828125,1136.0858154296875,0.179438978433609,2017.1033935546875,1141.4378662109375,0.16619808971881866
DJI_20260917132129_0057_D.JPG,Cam 6,5,SWASTIKAPADAM,CORRECT,,LEFT,rtmw_l_wholebody,coco_wholebody_133,OK,377.28,165.91,1,1,2128.59375,822.45849609375,0.9662214517593384,2116.28662109375,785.536865234375,1.0029315948486328,2110.1328125,785.536865234375,0.9600374698638916,2116.28662109375,779.38330078125,1.0114965438842773,2103.9794921875,785.536865234375,1.0020864009857178,2097.82568359375,779.38330078125,0.9763606786727905,2091.67236328125,779.38330078125,0.9869624972343445,2030.1361083984375,803.99755859375,0.8584691286087036,2005.5218505859375,803.99755859375,0.9634329080581665,2122.4404296875,853.2265625,0.9920310974121094,2103.9794921875,853.2265625,0.991875946521759,1993.2144775390625,1000.9130859375,0.7494251728057861,1968.5999755859375,1013.22021484375,0.8037655353546143,1943.9857177734375,1247.0576171875,0.6292606592178345,1925.5247802734375,1234.750244140625,0.6781034469604492,1974.7537841796875,1548.584228515625,0.7341979742050171,1962.4464111328125,1554.73779296875,0.7576860189437866,2011.6751708984375,1880.879150390625,0.6908662915229797,2128.59375,1936.26171875,0.8262338638305664,1888.6031494140625,2151.637939453125,0.7733389735221863,1919.3712158203125,2133.177001953125,0.7689005732536316,1814.7596435546875,2188.5595703125,0.7616095542907715,1839.3741455078125,2176.252197265625,0.7734252214431763,2011.6751708984375,2262.40283203125,0.705876350402832,2023.9825439453125,2274.7099609375,0.800255537033081,1953.6829833984375,1353.8837890625,0.1920231580734253,1931.8193359375,1339.970458984375,0.15573754906654358,1915.91845703125,1318.9586181640625,0.14447830617427826,1904.560791015625,1299.3665771484375,0.129002645611763,1896.326416015625,1285.7371826171875,0.1057499572634697,1902.8570556640625,1314.131591796875,0.153350830078125,1871.055419921875,1304.193603515625,0.1644914746284485,1857.4261474609375,1310.1563720703125,0.1343735158443451,1851.7471923828125,1328.61279296875,0.14343059062957764,1896.6103515625,1332.5880126953125,0.14179882407188416,1873.326904296875,1309.0206298828125,0.14275580644607544,1854.018798828125,1340.8223876953125,0.12723271548748016,1840.6734619140625,1365.809326171875,0.17270083725452423,1892.3511962890625,1349.6246337890625,0.18654349446296692,1867.0802001953125,1352.7479248046875,0.1694575548171997,1856.290283203125,1360.4144287109375,0.16197086870670319,1843.2288818359375,1372.05615234375,0.14018861949443817,1892.9190673828125,1371.48828125,0.19275560975074768,1877.3021240234375,1377.1671142578125,0.2366720736026764,1861.96923828125,1383.9818115234375,0.185705304145813,1851.4632568359375,1394.7716064453125,0.21128422021865845,1934.8983154296875,1345.980224609375,0.19745755195617676,1934.8983154296875,1333.1910400390625,0.15302656590938568,1906.66552734375,1314.610595703125,0.12158525735139847,1893.1524658203125,1299.4083251953125,0.11711439490318298,1882.052490234375,1278.1734619140625,0.08195523172616959,1898.94384765625,1318.7127685546875,0.2241242229938507,1871.9176025390625,1311.9561767578125,0.2504798471927643,1856.2327880859375,1320.1605224609375,0.26216575503349304,1850.6827392578125,1329.3302001953125,0.25827890634536743,1890.2568359375,1337.293212890625,0.18921804428100586,1857.921875,1340.6715087890625,0.21869918704032898,1845.856689453125,1351.047607421875,0.22136780619621277,1836.44580078125,1363.8367919921875,0.3411076068878174,1890.980712890625,1352.97802734375,0.22723722457885742,1861.7828369140625,1358.7694091796875,0.2504940629005432,1847.063232421875,1368.1802978515625,0.2308451533317566,1836.44580078125,1379.0390625,0.3314231038093567,1894.11767578125,1370.834716796875,0.2345448136329651,1876.019775390625,1377.83251953125,0.23027634620666504,1856.2327880859375,1385.795654296875,0.24354401230812073,1842.9609375,1393.0347900390625,0.3388946056365967
DJI_20260917132132_0058_D.JPG,Cam 6,5,SWASTIKAPADAM,CORRECT,,LEFT,rtmw_l_wholebody,coco_wholebody_133,OK,426.62,162.94,1,1,2123.565673828125,830.5548095703125,0.9770340919494629,2111.310546875,793.7894287109375,1.0165048837661743,2111.310546875,793.7894287109375,0.9677408933639526,2117.43798828125,787.6619873046875,1.020458459854126,2099.055419921875,793.7894287109375,1.0153164863586426,2092.927978515625,787.6619873046875,0.985049307346344,2086.80029296875,787.6619873046875,1.002779245376587,2031.65234375,812.1722412109375,0.8473221063613892,2001.0146484375,806.0445556640625,0.9549195766448975,2111.310546875,867.3201904296875,0.997593104839325,2092.927978515625,861.1927490234375,1.0026603937149048,2001.0146484375,1008.2540283203125,0.7473181486129761,1945.866455078125,1014.3817138671875,0.7950102686882019,1970.376708984375,1253.3563232421875,0.6304810047149658,1927.48388671875,1228.8460693359375,0.6870049238204956,1970.376708984375,1547.4793701171875,0.7333554029464722,1964.2490234375,1559.7342529296875,0.7530031800270081,1964.2490234375,1872.2396240234375,0.6848383545875549,2123.565673828125,1945.7703857421875,0.7957099080085754,1909.10107421875,2147.97998046875,0.778560996055603,1896.84619140625,2129.59716796875,0.7689093351364136,1835.5703125,2178.61767578125,0.7542734742164612,1829.44287109375,2172.490234375,0.794479489326477,2013.26953125,2270.53125,0.7154684066772461,2019.397216796875,2282.7861328125,0.7472628355026245,1956.966796875,1357.95458984375,0.3082531690597534,1937.740478515625,1343.534912109375,0.26993119716644287,1918.513916015625,1323.965087890625,0.2583997845649719,1904.4375,1307.82861328125,0.2026912271976471,1898.257568359375,1316.068603515625,0.11795668303966522,1887.614501953125,1324.308349609375,0.3538116216659546,1862.551513671875,1315.725341796875,0.4141155481338501,1848.818359375,1321.9052734375,0.42748939990997314,1840.235107421875,1329.45849609375,0.4820249676704407,1878.001220703125,1343.534912109375,0.3497266173362732,1849.16162109375,1347.998046875,0.3184208571910858,1836.114990234375,1358.641357421875,0.3533736765384674,1826.158447265625,1372.03125,0.4837883412837982,1878.344482421875,1360.0146484375,0.3247753083705902,1853.281494140625,1367.9111328125,0.40684694051742554,1838.175048828125,1377.86767578125,0.3564363718032837,1827.1884765625,1388.167724609375,0.5060259103775024,1885.211181640625,1380.6142578125,0.35109010338783264,1865.984619140625,1387.1376953125,0.35948866605758667,1849.16162109375,1395.0341796875,0.3905150294303894,1833.711669921875,1402.244140625,0.4929950535297394,1955.3182373046875,1357.58984375,0.29895323514938354,1932.3758544921875,1341.4332275390625,0.2627522647380829,1919.4505615234375,1323.660888671875,0.24361315369606018,1902.647705078125,1305.242431640625,0.18102237582206726,1885.198486328125,1299.1029052734375,0.10999304801225662,1887.7835693359375,1323.660888671875,0.335404634475708,1863.2254638671875,1316.8751220703125,0.3993226885795593,1848.6844482421875,1322.6915283203125,0.4013131260871887,1841.5755615234375,1330.12353515625,0.43333250284194946,1879.382080078125,1343.3720703125,0.3079885244369507,1849.0076904296875,1348.218994140625,0.34511908888816833,1834.4666748046875,1358.236083984375,0.34775763750076294,1826.065185546875,1371.161376953125,0.4559330344200134,1879.7052001953125,1361.144287109375,0.29440152645111084,1853.531494140625,1367.9300537109375,0.41431453824043274,1838.34423828125,1377.3009033203125,0.35166841745376587,1827.03466796875,1386.6717529296875,0.49455100297927856,1885.5216064453125,1380.85546875,0.3244800567626953,1865.810546875,1386.6717529296875,0.35778123140335083,1848.6844482421875,1393.78076171875,0.3867189884185791,1833.497314453125,1400.8896484375,0.4799039959907532
DJI_20260917132204_0059_D.JPG,Cam 6,6,ARAMANDI,INCORRECT,INSUFFICIENT_KNEE_BEND,,rtmw_l_wholebody,coco_wholebody_133,OK,395.63,142.46,1,1,2094.77783203125,734.01171875,0.9696788787841797,2081.859619140625,701.716796875,1.0056142807006836,2075.40087890625,701.716796875,0.9658631086349487,2081.859619140625,695.2578125,1.015812635421753,2068.94189453125,701.716796875,1.003316044807434,2068.94189453125,695.2578125,0.9729728698730469,2062.48291015625,695.2578125,0.9854097366333008,2004.352294921875,721.09375,0.8874902725219727,1978.516357421875,721.09375,0.9614580869674683,2088.31884765625,772.765380859375,0.9961270093917847,2075.40087890625,766.306640625,0.9995167851448059,1972.057373046875,908.40380859375,0.783394992351532,1939.762451171875,914.86279296875,0.858815610408783,1946.221435546875,1173.221435546875,0.6836619973182678,1920.385498046875,1160.303466796875,0.7093313932418823,1959.139404296875,1425.121337890625,0.7629234194755554,1939.762451171875,1425.121337890625,0.8087445497512817,1984.975341796875,1780.364501953125,0.7886569499969482,2010.811279296875,1799.741455078125,0.8904355764389038,1901.008544921875,2096.85400390625,0.8482059836387634,1888.0908203125,2148.525634765625,0.9128428101539612,1810.583251953125,2129.14892578125,0.8285126686096191,1829.960205078125,2174.361572265625,0.9046963453292847,2056.024169921875,2187.279541015625,0.8177163600921631,1991.434326171875,2284.1640625,0.9160809516906738,1976.36328125,1210.915771484375,0.10608326643705368,1993.734375,1210.915771484375,0.17031842470169067,2002.930908203125,1204.103515625,0.1909761130809784,2005.315185546875,1206.48779296875,0.16742214560508728,2005.65576171875,1201.378662109375,0.09789926558732986,2011.105712890625,1231.352294921875,0.23078393936157227,2004.29345703125,1231.352294921875,0.1843375563621521,1996.45947265625,1219.430908203125,0.15431761741638184,1991.009521484375,1210.915771484375,0.11959771811962128,2000.2060546875,1243.6142578125,0.19143548607826233,1993.393798828125,1242.251953125,0.19390109181404114,1989.306640625,1236.802001953125,0.15277275443077087,1979.76953125,1231.352294921875,0.10998602211475372,1987.262939453125,1251.7890625,0.16028474271297455,1984.197265625,1249.40478515625,0.15439483523368835,1971.254150390625,1248.723388671875,0.1376952826976776,1968.869873046875,1242.251953125,0.1146731823682785,1965.4638671875,1255.195068359375,0.1621612012386322,1962.739013671875,1256.216796875,0.1614616960287094,1956.267333984375,1256.216796875,0.14792980253696442,1954.564208984375,1252.129638671875,0.13195154070854187,2015.669189453125,1243.0267333984375,0.23848682641983032,1984.247802734375,1202.1534423828125,0.09598198533058167,1983.4814453125,1142.88720703125,0.1393674612045288,1885.130126953125,1142.88720703125,0.1696029007434845,1885.130126953125,1142.88720703125,0.2663537561893463,1903.778564453125,1194.7452392578125,0.21370182931423187,1885.130126953125,1187.3369140625,0.30684882402420044,1885.130126953125,1142.88720703125,0.3004434406757355,1885.130126953125,1142.88720703125,0.31513315439224243,1899.9466552734375,1208.029052734375,0.2554185688495636,1885.130126953125,1208.284423828125,0.26030176877975464,1885.130126953125,1197.2998046875,0.2449827790260315,1885.130126953125,1200.10986328125,0.2442079484462738,1897.6475830078125,1223.3564453125,0.2875412106513977,1885.130126953125,1221.82373046875,0.2951800227165222,1885.130126953125,1223.10107421875,0.24216845631599426,1885.130126953125,1221.82373046875,0.21956413984298706,1901.4794921875,1240.7276611328125,0.3707374036312103,1885.130126953125,1245.581298828125,0.3775004744529724,1885.130126953125,1247.625,0.2965618371963501,1885.130126953125,1142.88720703125,0.24466633796691895
DJI_20260917132206_0060_D.JPG,Cam 6,6,ARAMANDI,INCORRECT,INSUFFICIENT_KNEE_BEND,,rtmw_l_wholebody,coco_wholebody_133,OK,408.35,158.75,1,1,2081.79150390625,729.5618896484375,0.9648825526237488,2068.8447265625,690.7218017578125,0.9993096590042114,2062.37158203125,690.7218017578125,0.9633921384811401,2068.8447265625,690.7218017578125,1.0139662027359009,2055.89794921875,690.7218017578125,0.9958338737487793,2055.89794921875,690.7218017578125,0.9704593420028687,2042.9515380859375,690.7218017578125,0.9762587547302246,1991.1646728515625,716.6151123046875,0.8826754093170166,1965.2716064453125,716.6151123046875,0.9526740312576294,2075.318359375,761.9283447265625,0.9918167591094971,2062.37158203125,761.9283447265625,0.9913924932479858,1965.2716064453125,904.3416748046875,0.7790217399597168,1926.4315185546875,904.3416748046875,0.8451894521713257,1932.9049072265625,1163.2750244140625,0.6621870994567871,1900.5382080078125,1130.9083251953125,0.6900302171707153,1958.7982177734375,1422.2083740234375,0.7572555541992188,1926.4315185546875,1422.2083740234375,0.795465350151062,1984.6915283203125,1778.2415771484375,0.7769098877906799,2010.5848388671875,1797.6614990234375,0.8985083103179932,1907.0115966796875,2088.96142578125,0.8412210941314697,1881.1182861328125,2140.748046875,0.9268217086791992,1848.7515869140625,2121.328125,0.8003617525100708,1829.3316650390625,2173.11474609375,0.8984732627868652,2049.4248046875,2179.58837890625,0.8269622325897217,1984.6915283203125,2276.68798828125,0.9061577916145325,1888.93994140625,1268.94287109375,0.1908200979232788,1888.93994140625,1268.94287109375,0.15995466709136963,1888.93994140625,1268.94287109375,0.2054004669189453,1888.93994140625,1268.94287109375,0.23023667931556702,1888.93994140625,1268.94287109375,0.22234292328357697,1888.93994140625,1268.94287109375,0.19921641051769257,1888.93994140625,1268.94287109375,0.21989236772060394,1888.93994140625,1268.94287109375,0.22894559800624847,1888.93994140625,1268.94287109375,0.2423233985900879,1888.93994140625,1268.94287109375,0.1920461356639862,1888.93994140625,1268.94287109375,0.22294782102108002,1888.93994140625,1268.94287109375,0.22565920650959015,1888.93994140625,1268.94287109375,0.20986494421958923,1888.93994140625,1268.94287109375,0.18131418526172638,1888.93994140625,1268.94287109375,0.1931290626525879,1888.93994140625,1268.94287109375,0.23308438062667847,1888.93994140625,1268.94287109375,0.23085127770900726,1888.93994140625,1268.94287109375,0.2156199961900711,1888.93994140625,1268.94287109375,0.2548421621322632,1888.93994140625,1268.94287109375,0.2565423548221588,1888.93994140625,1268.94287109375,0.22058647871017456,1942.880615234375,1219.725830078125,0.21113404631614685,1940.533935546875,1200.95068359375,0.11348771303892136,1908.957275390625,1172.787841796875,0.05550537258386612,1969.123291015625,1156.359375,0.1259300857782364,1860.09912109375,1136.0908203125,0.21884235739707947,1892.102294921875,1199.45703125,0.1826324760913849,1874.180419921875,1191.98974609375,0.2969287037849426,1860.09912109375,1199.030517578125,0.3254372477531433,1860.09912109375,1136.0908203125,0.23975899815559387,1887.621826171875,1210.978271484375,0.25772666931152344,1860.09912109375,1210.978271484375,0.3427339792251587,1860.09912109375,1215.672119140625,0.30417823791503906,1860.09912109375,1136.0908203125,0.22429409623146057,1887.835205078125,1222.49951171875,0.2662329077720642,1860.09912109375,1227.193359375,0.3780936598777771,1860.09912109375,1231.46044921875,0.32359910011291504,1860.09912109375,1245.114990234375,0.19383510947227478,1890.822265625,1237.861083984375,0.28503546118736267,1872.900390625,1245.114990234375,0.35848236083984375,1860.09912109375,1245.114990234375,0.35887831449508667,1860.09912109375,1245.114990234375,0.28726765513420105
DJI_20260917132245_0061_D.JPG,Cam 6,7,ARAMANDI,INCORRECT,FEET_TOO_FAR_APART,,rtmw_l_wholebody,coco_wholebody_133,OK,461.32,179.83,1,1,2098.62255859375,840.866943359375,0.9693360328674316,2080.280517578125,810.296875,0.9960587024688721,2074.166259765625,810.296875,0.9587510824203491,2080.280517578125,804.182861328125,1.0015093088150024,2068.05224609375,810.296875,0.9929581880569458,2061.938232421875,810.296875,0.9691545963287354,2055.82421875,810.296875,0.9725884199142456,2006.911865234375,840.866943359375,0.8677732348442078,1982.45556640625,846.981201171875,0.9476213455200195,2098.62255859375,871.437255859375,0.9964519739151001,2080.280517578125,871.437255859375,0.9974066019058228,2000.797607421875,1030.402587890625,0.7734153270721436,1933.543212890625,1036.516845703125,0.8023363351821899,1957.999267578125,1262.736572265625,0.6216593980789185,1915.200927734375,1256.62255859375,0.7049158811569214,1970.227294921875,1507.298583984375,0.7368284463882446,1939.6572265625,1513.412841796875,0.7760105133056641,2037.482177734375,1868.027587890625,0.6860817670822144,2061.938232421875,1880.255615234375,0.8413125276565552,1896.85888671875,2137.045654296875,0.7151446342468262,1896.85888671875,2222.642333984375,0.8521564602851868,1811.26220703125,2161.502197265625,0.7296409010887146,1847.946533203125,2253.212646484375,0.8484398126602173,2037.482177734375,2185.958251953125,0.6228147745132446,2000.797607421875,2381.607666015625,0.8457158803939819,1932.8905029296875,1345.6651611328125,0.18408165872097015,1916.447021484375,1335.3477783203125,0.18668600916862488,1909.0313720703125,1323.4180908203125,0.17807915806770325,1894.8448486328125,1321.483642578125,0.10926814377307892,1877.7564697265625,1325.675048828125,0.07395133376121521,1890.3309326171875,1317.2921142578125,0.18326154351234436,1870.6632080078125,1313.7454833984375,0.16148458421230316,1853.25244140625,1321.483642578125,0.1327992081642151,1842.93505859375,1343.408203125,0.1317998319864273,1884.8497314453125,1333.4132080078125,0.19287514686584473,1859.700927734375,1336.637451171875,0.23098212480545044,1843.579833984375,1348.5670166015625,0.18271727859973907,1834.87451171875,1360.49658203125,0.19914034008979797,1885.49462890625,1347.5997314453125,0.17720171809196472,1861.31298828125,1353.7257080078125,0.2386631965637207,1844.8695068359375,1364.043212890625,0.20432132482528687,1831.97265625,1375.0054931640625,0.25479453802108765,1890.008544921875,1363.7208251953125,0.1939420998096466,1872.5977783203125,1369.8468017578125,0.2766352891921997,1855.18701171875,1375.3280029296875,0.2832150459289551,1840.6781005859375,1382.4212646484375,0.36249715089797974,1936.5618896484375,1344.001953125,0.32008200883865356,1936.5618896484375,1324.4454345703125,0.23762299120426178,1908.2874755859375,1311.01513671875,0.22404369711875916,1908.0518798828125,1311.01513671875,0.20527034997940063,1882.840576171875,1311.01513671875,0.16460171341896057,1889.6734619140625,1311.01513671875,0.3057476878166199,1868.4676513671875,1311.01513671875,0.23146788775920868,1847.733154296875,1323.9742431640625,0.2206176519393921,1841.6070556640625,1333.8702392578125,0.2962050437927246,1885.66796875,1331.2784423828125,0.3107708692550659,1859.278564453125,1336.69775390625,0.3186514377593994,1843.25634765625,1346.59375,0.26210832595825195,1833.83154296875,1359.3172607421875,0.26158347725868225,1886.13916015625,1346.12255859375,0.3101078271865845,1861.3990478515625,1354.1336669921875,0.35850709676742554,1844.1988525390625,1364.97216796875,0.317777156829834,1831.946533203125,1376.0462646484375,0.38242024183273315,1892.736572265625,1363.32275390625,0.2789141535758972,1872.7088623046875,1369.2132568359375,0.3371603488922119,1856.92236328125,1375.5750732421875,0.335649698972702,1840.428955078125,1382.6436767578125,0.3991459906101227
DJI_20260917132246_0062_D.JPG,Cam 6,7,ARAMANDI,INCORRECT,FEET_TOO_FAR_APART,,rtmw_l_wholebody,coco_wholebody_133,OK,403.46,198.67,1,1,2087.7880859375,838.3575439453125,0.9579116106033325,2069.42138671875,807.7469482421875,0.9873010516166687,2063.29931640625,807.7469482421875,0.9542444944381714,2069.42138671875,807.7469482421875,0.9952871203422546,2057.17724609375,807.7469482421875,0.9802594780921936,2057.17724609375,807.7469482421875,0.958625316619873,2044.9329833984375,807.7469482421875,0.9588199853897095,1995.9556884765625,838.3575439453125,0.8621126413345337,1971.4669189453125,844.4798583984375,0.9491416215896606,2087.7880859375,875.0904541015625,0.9854638576507568,2069.42138671875,875.0904541015625,0.9798756837844849,1989.8336181640625,1022.0220947265625,0.7808204889297485,1934.7342529296875,1034.2664794921875,0.8231603503227234,1971.4669189453125,1254.6639404296875,0.6142427325248718,1910.2457275390625,1248.5418701171875,0.6854861974716187,1971.4669189453125,1517.9163818359375,0.7494217157363892,1940.8565673828125,1524.0384521484375,0.7866271734237671,2038.8106689453125,1866.8790283203125,0.7015392780303955,2063.29931640625,1879.1234130859375,0.8581538200378418,1898.0013427734375,2130.13134765625,0.7245074510574341,1904.1236572265625,2221.9638671875,0.8641754388809204,1812.2911376953125,2148.498046875,0.744174063205719,1849.0240478515625,2252.57470703125,0.8652971982955933,2063.29931640625,2191.35302734375,0.6550684571266174,2002.0777587890625,2368.8955078125,0.8579278588294983,1975.19384765625,1342.4130859375,0.12849318981170654,1953.92626953125,1342.070068359375,0.13709872961044312,1928.19921875,1326.290771484375,0.12434481829404831,1914.478271484375,1299.534912109375,0.16669318079948425,1895.954833984375,1266.26123046875,0.09726212918758392,1895.61181640625,1315.656982421875,0.4219897985458374,1876.745361328125,1312.56982421875,0.4832620918750763,1865.08251953125,1320.802490234375,0.4600238800048828,1848.960205078125,1327.31982421875,0.3617081344127655,1889.437255859375,1330.4072265625,0.44209030270576477,1863.0244140625,1334.866455078125,0.5065672397613525,1848.960205078125,1345.500244140625,0.33974167704582214,1848.960205078125,1354.075927734375,0.29410165548324585,1888.408203125,1345.1572265625,0.4239889681339264,1864.739501953125,1353.389892578125,0.5230805277824402,1848.960205078125,1364.36669921875,0.37911975383758545,1848.960205078125,1373.971435546875,0.2654251456260681,1896.640869140625,1363.6806640625,0.39011096954345703,1875.373291015625,1370.541259765625,0.5053409337997437,1858.907958984375,1378.087646484375,0.47570645809173584,1848.960205078125,1385.291259765625,0.4462846517562866,1950.2281494140625,1343.318359375,0.19610729813575745,1920.9144287109375,1335.1524658203125,0.1466144472360611,1912.1202392578125,1328.8709716796875,0.1201927587389946,1891.181884765625,1327.1959228515625,0.09146925806999207,1843.2330322265625,1292.0194091796875,0.11557051539421082,1896.6258544921875,1320.49560546875,0.2479967176914215,1880.5032958984375,1310.4451904296875,0.23634076118469238,1865.0089111328125,1316.517333984375,0.19896934926509857,1843.2330322265625,1324.2645263671875,0.25487685203552246,1889.5068359375,1331.383544921875,0.2598665952682495,1862.9150390625,1335.5711669921875,0.2631992697715759,1843.2330322265625,1346.0404052734375,0.20650926232337952,1843.2330322265625,1357.1376953125,0.2699775993824005,1888.4599609375,1345.4122314453125,0.2281607687473297,1865.6370849609375,1352.74072265625,0.2757335305213928,1849.933349609375,1363.2098388671875,0.2676794230937958,1843.2330322265625,1372.21337890625,0.26535317301750183,1893.2757568359375,1361.9534912109375,0.20508071780204773,1875.2686767578125,1370.328857421875,0.32959920167922974,1856.633544921875,1377.238525390625,0.31830406188964844,1843.2330322265625,1385.1951904296875,0.3886854946613312
DJI_20260917132319_0063_D.JPG,Cam 6,8,ARAMANDI,INCORRECT,FEET_NOT_IN_LINE,,rtmw_l_wholebody,coco_wholebody_133,OK,500.21,174.5,1,1,2163.177734375,848.9970703125,0.9770486950874329,2151.11865234375,812.820556640625,1.0191266536712646,2145.08935546875,812.820556640625,0.9734121561050415,2151.11865234375,812.820556640625,1.025416612625122,2139.06005859375,812.820556640625,1.0130945444107056,2133.03076171875,812.820556640625,0.9800319671630859,2127.0009765625,812.820556640625,0.9943193197250366,2072.736328125,836.938232421875,0.8789194822311401,2048.61865234375,836.938232421875,0.9499551653862,2157.1484375,885.173583984375,1.0039961338043213,2139.06005859375,885.173583984375,1.004711389541626,2030.5303955078125,1023.850341796875,0.7499822378158569,2012.4422607421875,1041.9384765625,0.7736618518829346,2018.4718017578125,1271.056640625,0.6232492923736572,2024.5010986328125,1289.144775390625,0.6467722654342651,2006.4127197265625,1518.2626953125,0.7322999238967896,1970.2364501953125,1524.292236328125,0.7724947333335876,2114.9423828125,1855.910400390625,0.6920166015625,2163.177734375,1861.93994140625,0.8400864601135254,1976.2657470703125,2127.234375,0.7537747621536255,1958.1773681640625,2145.322509765625,0.8555963039398193,1940.0892333984375,2139.293212890625,0.7219258546829224,1897.8831787109375,2169.440185546875,0.8425781726837158,2102.8837890625,2253.85205078125,0.7017430067062378,2096.85400390625,2271.9404296875,0.8164347410202026,1961.7933349609375,1227.29833984375,0.2679559588432312,1961.7933349609375,1227.29833984375,0.2680327296257019,1961.7933349609375,1227.29833984375,0.23954391479492188,1961.7933349609375,1227.29833984375,0.2804473340511322,1961.7933349609375,1227.29833984375,0.3063650131225586,1961.7933349609375,1227.29833984375,0.2868233919143677,1961.7933349609375,1227.29833984375,0.25581470131874084,1961.7933349609375,1227.29833984375,0.25383415818214417,1961.7933349609375,1227.29833984375,0.25794729590415955,1961.7933349609375,1227.29833984375,0.2713892161846161,1961.7933349609375,1227.29833984375,0.22236502170562744,1961.7933349609375,1227.29833984375,0.20429468154907227,1961.7933349609375,1227.29833984375,0.2170020043849945,1961.7933349609375,1227.29833984375,0.24559126794338226,1961.7933349609375,1227.29833984375,0.2092549204826355,1961.7933349609375,1227.29833984375,0.2107069343328476,1961.7933349609375,1227.29833984375,0.23257365822792053,1961.7933349609375,1227.29833984375,0.23803600668907166,1961.7933349609375,1227.29833984375,0.2410915493965149,1961.7933349609375,1227.29833984375,0.2307945191860199,1961.7933349609375,1227.29833984375,0.22420604526996613,1970.5771484375,1453.744873046875,0.17232246696949005,1970.5771484375,1453.744873046875,0.13245205581188202,1970.5771484375,1453.744873046875,0.12954211235046387,1970.5771484375,1453.744873046875,0.16321206092834473,1970.5771484375,1230.340087890625,0.16581466794013977,2082.498291015625,1453.744873046875,0.12380863726139069,2091.67919921875,1453.744873046875,0.1412169635295868,2092.5537109375,1453.744873046875,0.13871419429779053,1970.5771484375,1230.340087890625,0.1413440853357315,2087.307373046875,1453.744873046875,0.11194021999835968,2103.920654296875,1453.744873046875,0.14494794607162476,2102.609130859375,1453.744873046875,0.1582859307527542,2099.548583984375,1453.744873046875,0.12775234878063202,2082.498291015625,1453.744873046875,0.09709115326404572,2101.734619140625,1453.744873046875,0.12637488543987274,2102.609130859375,1453.744873046875,0.16236445307731628,2097.800048828125,1453.744873046875,0.15199491381645203,2070.2568359375,1453.744873046875,0.09464945644140244,2068.508056640625,1453.744873046875,0.12170561403036118,1970.5771484375,1453.744873046875,0.14329800009727478,1970.5771484375,1453.744873046875,0.1319003701210022
DJI_20260917132321_0064_D.JPG,Cam 6,8,ARAMANDI,INCORRECT,FEET_NOT_IN_LINE,,rtmw_l_wholebody,coco_wholebody_133,OK,454.21,199.28,1,1,2172.3154296875,849.48193359375,0.9929308891296387,2160.259765625,807.286865234375,1.0236220359802246,2154.231689453125,813.314697265625,0.9863060116767883,2160.259765625,807.286865234375,1.027256965637207,2148.203857421875,813.314697265625,1.0198566913604736,2142.176025390625,807.286865234375,0.996190071105957,2136.148193359375,807.286865234375,0.9990732073783875,2087.92529296875,837.426025390625,0.8911168575286865,2057.785888671875,837.426025390625,0.9801770448684692,2166.287353515625,879.621337890625,1.0055725574493408,2148.203857421875,879.621337890625,1.004277229309082,2045.730224609375,1030.318115234375,0.7640063762664795,2009.562744140625,1042.373779296875,0.7807816863059998,2015.590576171875,1271.432861328125,0.6377080082893372,2015.590576171875,1289.516357421875,0.6561657190322876,2015.590576171875,1512.547607421875,0.7410446405410767,1979.423583984375,1518.575439453125,0.7748068571090698,2099.98095703125,1862.164306640625,0.690322995185852,2166.287353515625,1868.192138671875,0.8643908500671387,1967.367919921875,2127.390625,0.764257550239563,1961.33984375,2139.4462890625,0.8618861436843872,1907.089111328125,2139.4462890625,0.7317624688148499,1901.061279296875,2163.557861328125,0.8408929705619812,2099.98095703125,2260.003662109375,0.6926021575927734,2093.952880859375,2266.031494140625,0.8250954747200012,1960.6490478515625,1444.3863525390625,0.3243546187877655,1960.6490478515625,1444.3863525390625,0.2798886001110077,1960.6490478515625,1444.3863525390625,0.23756450414657593,1960.6490478515625,1444.3863525390625,0.2839363217353821,1960.6490478515625,1170.2774658203125,0.2807218134403229,1960.6490478515625,1170.2774658203125,0.26533156633377075,1960.6490478515625,1444.3863525390625,0.2893880605697632,1960.6490478515625,1444.3863525390625,0.29207247495651245,1960.6490478515625,1170.2774658203125,0.27859729528427124,1960.6490478515625,1170.2774658203125,0.2618700861930847,1960.6490478515625,1444.3863525390625,0.2714838981628418,1960.6490478515625,1444.3863525390625,0.2830010950565338,1960.6490478515625,1170.2774658203125,0.26338040828704834,1960.6490478515625,1444.3863525390625,0.26396772265434265,1960.6490478515625,1170.2774658203125,0.26024964451789856,1960.6490478515625,1444.3863525390625,0.2966741621494293,1960.6490478515625,1444.3863525390625,0.315754771232605,1960.6490478515625,1444.3863525390625,0.2989409267902374,1960.6490478515625,1444.3863525390625,0.3293847143650055,1960.6490478515625,1444.3863525390625,0.3462275564670563,1960.6490478515625,1444.3863525390625,0.2868437170982361,2019.0784912109375,1355.0286865234375,0.39768385887145996,2006.9991455078125,1323.3204345703125,0.39330488443374634,1980.5755615234375,1300.6717529296875,0.3993668556213379,1968.4964599609375,1281.7978515625,0.42868298292160034,1958.6820068359375,1263.6788330078125,0.40560096502304077,1959.4368896484375,1307.4664306640625,0.6286468505859375,1926.2188720703125,1306.71142578125,0.6286154985427856,1906.5899658203125,1313.5059814453125,0.6739070415496826,1894.5106201171875,1321.0555419921875,0.6271994113922119,1955.6619873046875,1326.34033203125,0.6371232271194458,1921.6890869140625,1331.625,0.6081529855728149,1900.5501708984375,1339.174560546875,0.6365354061126709,1877.1466064453125,1349.743896484375,0.6042926907539368,1958.6820068359375,1345.9691162109375,0.6663756370544434,1927.7286376953125,1350.4989013671875,0.7020090818405151,1906.5899658203125,1361.0682373046875,0.6279852390289307,1889.2259521484375,1370.1278076171875,0.7055341005325317,1967.7413330078125,1363.3331298828125,0.6526407599449158,1941.3179931640625,1370.1278076171875,0.6537438631057739,1925.4637451171875,1373.902587890625,0.6230289936065674,1905.8348388671875,1379.187255859375,0.7750239968299866
DJI_20260917132342_0065_D.JPG,Cam 6,9,SAMAPADHAM,INCORRECT,FEET_TOO_FAR_APART,,rtmw_l_wholebody,coco_wholebody_133,OK,602.48,145.24,1,1,2113.648681640625,699.8359375,0.986951470375061,2100.63623046875,660.79833984375,1.0144975185394287,2094.1298828125,660.79833984375,0.9769404530525208,2100.63623046875,660.79833984375,1.0222220420837402,2087.62353515625,660.79833984375,1.0083816051483154,2087.62353515625,660.79833984375,0.9855372905731201,2074.611083984375,660.79833984375,0.9808328151702881,2022.560791015625,693.32958984375,0.8914963006973267,2003.0419921875,686.8232421875,0.9637167453765869,2113.648681640625,738.87353515625,0.9985357522964478,2094.1298828125,732.3671875,1.0032758712768555,2009.54833984375,882.01171875,0.7775532603263855,1964.00439453125,875.50537109375,0.827330470085144,2003.0419921875,1122.744140625,0.6772640943527222,1950.99169921875,1096.71875,0.69951331615448,1977.016845703125,1356.97021484375,0.7580533027648926,1950.99169921875,1363.476318359375,0.7961432933807373,1918.46044921875,1734.334228515625,0.8305519819259644,1898.94140625,1760.359375,0.880768895149231,1885.928955078125,2066.154296875,0.91074538230896,1866.41015625,2144.22998046875,0.9610790014266968,1872.91650390625,2118.20458984375,0.8797177672386169,1827.37255859375,2202.7861328125,0.92344069480896,2048.5859375,2118.20458984375,0.992859959602356,2061.5986328125,2235.31787109375,0.9451504945755005,1988.18017578125,1190.5340576171875,0.19884485006332397,1973.426513671875,1186.4168701171875,0.197363018989563,1963.133544921875,1173.721923828125,0.19251234829425812,1940.4886474609375,1168.2322998046875,0.149421826004982,1927.1075439453125,1175.4375,0.08326122164726257,1936.371337890625,1167.2030029296875,0.27691277861595154,1914.7557373046875,1158.2822265625,0.34936296939849854,1901.0316162109375,1165.1444091796875,0.402556449174881,1890.3953857421875,1173.37890625,0.4305585026741028,1930.1954345703125,1180.9271240234375,0.29314929246902466,1899.6591796875,1184.7012939453125,0.3823586702346802,1882.160888671875,1196.3668212890625,0.38294434547424316,1870.1522216796875,1208.7186279296875,0.5593780875205994,1927.793701171875,1195.3375244140625,0.26315009593963623,1902.0609130859375,1203.22900390625,0.3851930499076843,1885.5919189453125,1215.237548828125,0.37752580642700195,1872.8970947265625,1228.2755126953125,0.5325810313224792,1932.9403076171875,1210.7772216796875,0.2808229923248291,1912.010986328125,1216.2669677734375,0.46296727657318115,1896.914306640625,1223.1290283203125,0.4358530044555664,1884.219482421875,1232.392822265625,0.4751374125480652,1968.085693359375,1188.4779052734375,0.15631940960884094,1968.81494140625,1201.237060546875,0.16247043013572693,1961.52392578125,1175.71875,0.2134353220462799,1947.671142578125,1173.1668701171875,0.1992984116077423,1930.1728515625,1119.578369140625,0.144456684589386,1935.64111328125,1166.240478515625,0.5505257844924927,1916.320068359375,1157.8558349609375,0.5793236494064331,1901.7381591796875,1163.3240966796875,0.6342126727104187,1891.8953857421875,1173.1668701171875,0.7148661613464355,1930.537353515625,1179.728759765625,0.5727255344390869,1902.831787109375,1183.374267578125,0.5826754570007324,1880.5943603515625,1192.4879150390625,0.44514358043670654,1880.5943603515625,1202.3306884765625,0.4266427159309387,1929.4437255859375,1193.946044921875,0.5122876167297363,1903.5609130859375,1201.237060546875,0.5723258256912231,1880.5943603515625,1212.5380859375,0.45576393604278564,1880.5943603515625,1222.0162353515625,0.35276103019714355,1931.6309814453125,1210.3507080078125,0.47714951634407043,1910.851806640625,1215.454345703125,0.5709646940231323,1896.2698974609375,1223.10986328125,0.5607129335403442,1880.5943603515625,1231.4945068359375,0.5933787822723389
DJI_20260917132344_0066_D.JPG,Cam 6,9,SAMAPADHAM,INCORRECT,FEET_TOO_FAR_APART,,rtmw_l_wholebody,coco_wholebody_133,OK,420.3,171.32,1,1,2116.641845703125,701.1202392578125,0.9905513525009155,2103.595703125,661.9820556640625,1.020747423171997,2097.07275390625,668.5050048828125,0.9786950349807739,2103.595703125,661.9820556640625,1.0247435569763184,2090.549560546875,661.9820556640625,1.01325523853302,2084.026611328125,661.9820556640625,0.9934959411621094,2077.503662109375,661.9820556640625,0.9882115125656128,2031.842529296875,688.0740966796875,0.8987110257148743,1999.227294921875,681.5511474609375,0.9708647727966309,2110.118896484375,740.2584228515625,1.0032198429107666,2090.549560546875,733.7354736328125,1.006699562072754,1992.704345703125,877.2418212890625,0.7815319299697876,1953.566162109375,877.2418212890625,0.8189195394515991,1979.658447265625,1118.5938720703125,0.6852551102638245,1947.043212890625,1125.1168212890625,0.7120078802108765,1947.043212890625,1346.9000244140625,0.7408992648124695,1920.950927734375,1346.9000244140625,0.7897384762763977,1914.427978515625,1731.7584228515625,0.8043878078460693,1894.85888671875,1764.3736572265625,0.8701808452606201,1894.85888671875,2064.4326171875,0.8936700820922852,1868.766845703125,2155.7548828125,0.9621679186820984,1875.289794921875,2116.6171875,0.8689073324203491,1829.628662109375,2214.46240234375,0.9196802377700806,2051.41162109375,2103.57080078125,0.9669017791748047,2057.934814453125,2234.03125,0.9618470668792725,2001.2354736328125,1150.00048828125,0.175921231508255,2020.9073486328125,1166.7698974609375,0.1952645480632782,2030.9046630859375,1170.3172607421875,0.20816947519779205,2030.5821533203125,1188.05419921875,0.14715588092803955,2026.7122802734375,1198.0513916015625,0.0946982204914093,2037.9993896484375,1199.018798828125,0.27764779329299927,2026.7122802734375,1210.950927734375,0.22910219430923462,2019.6175537109375,1215.788330078125,0.18017363548278809,2013.4901123046875,1196.116455078125,0.10978683084249496,2025.7447509765625,1210.950927734375,0.26116305589675903,2015.1026611328125,1215.4658203125,0.2621646821498871,2005.7503662109375,1214.1759033203125,0.21698406338691711,1999.6231689453125,1200.63134765625,0.15587452054023743,2013.8126220703125,1217.0782470703125,0.22405585646629333,2002.8480224609375,1220.3031005859375,0.2479860484600067,1993.4957275390625,1218.3681640625,0.2281397432088852,1984.7886962890625,1204.1787109375,0.16692280769348145,1993.1732177734375,1220.3031005859375,0.21254034340381622,1988.3360595703125,1223.8505859375,0.2577780485153198,1982.5311279296875,1222.560546875,0.24422687292099,1978.6612548828125,1220.3031005859375,0.19737982749938965,1981.415771484375,1279.886474609375,0.26701459288597107,1981.415771484375,1279.886474609375,0.22130566835403442,1981.415771484375,1279.886474609375,0.19636721909046173,1981.415771484375,1279.886474609375,0.21874579787254333,1981.415771484375,1279.886474609375,0.19353944063186646,1981.415771484375,1279.886474609375,0.17272835969924927,1981.415771484375,1279.886474609375,0.1943790316581726,1981.415771484375,1279.886474609375,0.1909831464290619,1981.415771484375,1279.886474609375,0.19757860898971558,1981.415771484375,1279.886474609375,0.16349461674690247,2086.408935546875,1279.886474609375,0.1554933786392212,1981.415771484375,1279.886474609375,0.16986669600009918,1981.415771484375,1279.886474609375,0.19042620062828064,1981.415771484375,1279.886474609375,0.1556628942489624,2089.4375,1279.886474609375,0.14989537000656128,1981.415771484375,1279.886474609375,0.17512162029743195,1981.415771484375,1279.886474609375,0.22491391003131866,1981.415771484375,1279.886474609375,0.1652439534664154,1981.415771484375,1279.886474609375,0.18023021519184113,1981.415771484375,1279.886474609375,0.2019655406475067,1981.415771484375,1279.886474609375,0.1930660605430603
DJI_20260917132559_0067_D.JPG,Cam 6,10,SAMAPADHAM,INCORRECT,FEET_NOT_ALIGNED,,rtmw_l_wholebody,coco_wholebody_133,OK,394.62,148.98,1,1,2196.94140625,694.3597412109375,0.9822812080383301,2183.893798828125,661.7408447265625,1.0214958190917969,2177.3701171875,661.7408447265625,0.9590506553649902,2183.893798828125,661.7408447265625,1.0219089984893799,2170.84619140625,661.7408447265625,1.0211069583892822,2164.322509765625,661.7408447265625,0.9885811805725098,2157.798583984375,661.7408447265625,0.9893342852592468,2112.132080078125,687.8360595703125,0.8890032768249512,2079.51318359375,687.8360595703125,0.9500635862350464,2190.41748046875,733.5023193359375,1.002928614616394,2177.3701171875,726.9786376953125,1.01120924949646,2066.4658203125,890.0733642578125,0.7632279396057129,2033.8466796875,903.1207275390625,0.8058339357376099,2066.4658203125,1151.0245361328125,0.6708617210388184,2072.9892578125,1170.5960693359375,0.7025496959686279,2040.37060546875,1366.3096923828125,0.7339112758636475,1994.7041015625,1372.8336181640625,0.771517276763916,2007.75146484375,1751.2130126953125,0.7596086859703064,1962.0849609375,1777.3082275390625,0.8125933408737183,1949.03759765625,2090.44970703125,0.8736066818237305,1949.03759765625,2155.6875,0.9183496236801147,1929.466064453125,2136.1162109375,0.8362197279930115,1916.41845703125,2201.35400390625,0.8846821784973145,2099.08447265625,2142.64013671875,0.8625832796096802,2118.65576171875,2253.54443359375,0.9194196462631226,1907.8521728515625,1178.6060791015625,0.20336711406707764,1906.7069091796875,1197.6922607421875,0.22679530084133148,1904.79833984375,1213.724609375,0.17961126565933228,1915.486572265625,1235.4827880859375,0.1881975531578064,1929.6103515625,1264.4937744140625,0.21427416801452637,1895.636962890625,1218.3052978515625,0.21048885583877563,1909.3790283203125,1238.53662109375,0.19310447573661804,1920.448974609375,1248.46142578125,0.24425864219665527,1932.282470703125,1262.9669189453125,0.26824042201042175,1900.599365234375,1221.74072265625,0.16255372762680054,1915.8682861328125,1240.826904296875,0.19011130928993225,1921.5941162109375,1251.8968505859375,0.21195627748966217,1933.809326171875,1261.8216552734375,0.21911746263504028,1919.685546875,1221.74072265625,0.13715016841888428,1915.486572265625,1238.53662109375,0.1548280119895935,1934.1910400390625,1249.98828125,0.17338520288467407,1946.4061279296875,1256.8592529296875,0.1822071075439453,1928.4652099609375,1213.724609375,0.10545423626899719,1915.486572265625,1228.9935302734375,0.1264898031949997,1949.8416748046875,1245.4075927734375,0.1456911265850067,1949.8416748046875,1252.2786865234375,0.15605932474136353,2054.97509765625,1199.0543212890625,0.23553243279457092,2037.7735595703125,1190.0235595703125,0.2562556862831116,2020.5723876953125,1179.7027587890625,0.21391601860523224,2006.8111572265625,1165.0816650390625,0.16270580887794495,1986.5994873046875,1158.631103515625,0.12453593313694,2003.8009033203125,1169.81201171875,0.35883766412734985,1976.7088623046875,1169.3819580078125,0.38814306259155273,1960.3675537109375,1175.83251953125,0.40507951378822327,1948.3265380859375,1186.1533203125,0.44116178154945374,1997.7803955078125,1185.7232666015625,0.34757861495018005,1965.5279541015625,1190.8836669921875,0.4121672511100769,1943.1661376953125,1200.3443603515625,0.4001750349998474,1928.114990234375,1211.5252685546875,0.527798056602478,1997.7803955078125,1198.624267578125,0.33675312995910645,1968.5382080078125,1205.934814453125,0.3779070973396301,1949.6165771484375,1214.965576171875,0.3515525460243225,1933.275390625,1224.42626953125,0.386736124753952,2002.0809326171875,1214.5355224609375,0.372755765914917,1980.1490478515625,1219.265869140625,0.41790688037872314,1960.7974853515625,1224.42626953125,0.46582090854644775,1943.1661376953125,1228.296630859375,0.5038319230079651
DJI_20260917132601_0068_D.JPG,Cam 6,10,SAMAPADHAM,INCORRECT,FEET_NOT_ALIGNED,,rtmw_l_wholebody,coco_wholebody_133,OK,363.34,166.09,1,1,2208.9697265625,693.5926513671875,0.964847981929779,2195.87548828125,660.8568115234375,1.0082356929779053,2189.328125,660.8568115234375,0.9392839670181274,2195.87548828125,660.8568115234375,1.0125904083251953,2189.328125,660.8568115234375,1.0105295181274414,2182.78125,660.8568115234375,0.9752201437950134,2176.23388671875,660.8568115234375,0.9834083914756775,2117.3095703125,680.4984130859375,0.8896600008010864,2104.21533203125,680.4984130859375,0.9491304159164429,2202.4228515625,732.8756103515625,0.9970266819000244,2189.328125,732.8756103515625,1.0043171644210815,2071.4794921875,876.9134521484375,0.7499061822891235,2045.2906494140625,870.3660888671875,0.7990039587020874,2019.1021728515625,1132.2530517578125,0.6589818000793457,2025.6490478515625,1125.7059326171875,0.6576999425888062,2032.1964111328125,1361.4039306640625,0.7219129204750061,1999.4605712890625,1367.9510498046875,0.7651489973068237,1992.9132080078125,1747.6868896484375,0.751636266708374,1966.7247314453125,1773.8753662109375,0.8114340305328369,1960.1773681640625,2088.1396484375,0.879740297794342,1947.0831298828125,2147.064453125,0.9327996969223022,1940.5360107421875,2133.97021484375,0.8465785384178162,1914.3472900390625,2199.44189453125,0.8931191563606262,2104.21533203125,2127.4228515625,0.8926439881324768,2117.3095703125,2245.27197265625,0.922626256942749,1885.4696044921875,1212.9599609375,0.08823424577713013,2017.7911376953125,1205.70947265625,0.06276723742485046,1941.4019775390625,1184.4759521484375,0.06876789033412933,2017.7911376953125,1175.412841796875,0.08980779349803925,2017.7911376953125,1178.26123046875,0.08872401714324951,2017.7911376953125,1181.109619140625,0.12352119386196136,1979.7259521484375,1166.3497314453125,0.18796737492084503,1980.5028076171875,1171.2696533203125,0.16711679100990295,2017.7911376953125,1177.7432861328125,0.12278378009796143,2017.7911376953125,1189.3958740234375,0.1198943555355072,1975.06494140625,1188.8779296875,0.19288024306297302,1961.3408203125,1200.530517578125,0.09177704155445099,1947.3577880859375,1213.2188720703125,0.09802453219890594,2017.7911376953125,1206.7452392578125,0.12446919083595276,1982.5743408203125,1205.9683837890625,0.1563841998577118,1966.0018310546875,1213.4779052734375,0.12098141014575958,1947.61669921875,1216.0673828125,0.11731034517288208,2017.7911376953125,1218.138916015625,0.15863601863384247,1990.6016845703125,1218.3978271484375,0.18703347444534302,1985.1639404296875,1220.4693603515625,0.16691449284553528,1962.635498046875,1227.2020263671875,0.12099151313304901,2070.515869140625,1190.6453857421875,0.1529797613620758,2050.339599609375,1184.4090576171875,0.16841262578964233,2038.2337646484375,1170.8359375,0.13518472015857697,2015.1226806640625,1167.1676025390625,0.08980020880699158,2001.5496826171875,1151.026611328125,0.07377645373344421,2010.3538818359375,1166.4339599609375,0.2271016240119934,1985.7755126953125,1167.1676025390625,0.33103471994400024,1969.6346435546875,1172.3033447265625,0.36185312271118164,1958.9962158203125,1180.3739013671875,0.4560028314590454,2003.7506103515625,1181.8411865234375,0.20214924216270447,1974.0364990234375,1189.177978515625,0.30613040924072266,1954.9608154296875,1196.8817138671875,0.32563453912734985,1938.8199462890625,1208.2537841796875,0.45077407360076904,2003.3839111328125,1195.414306640625,0.2103002369403839,1978.0718994140625,1202.38427734375,0.3126639127731323,1961.1971435546875,1211.922119140625,0.24736568331718445,1946.5235595703125,1222.560546875,0.31123965978622437,2009.6202392578125,1211.5552978515625,0.2252979725599289,1989.0770263671875,1215.9573974609375,0.3312547504901886,1970.3682861328125,1220.726318359375,0.3390178084373474,1953.8603515625,1224.7615966796875,0.4009837508201599
DJI_20260917132635_0069_D.JPG,Cam 6,11,SAMAPADHAM,INCORRECT,WEIGHT_ON_ONE_LEG,,rtmw_l_wholebody,coco_wholebody_133,OK,405.73,176.17,1,1,2108.2392578125,690.154541015625,0.9937835931777954,2095.247802734375,651.180419921875,1.018898606300354,2088.751953125,651.180419921875,0.9880156517028809,2095.247802734375,651.180419921875,1.028085708618164,2082.25634765625,651.180419921875,1.0173990726470947,2075.7607421875,651.180419921875,0.9949382543563843,2069.264892578125,651.180419921875,0.9876067042350769,2017.29931640625,677.1630859375,0.8769035339355469,1984.82080078125,677.1630859375,0.9673523902893066,2101.74365234375,729.12890625,1.001006841659546,2082.25634765625,722.633056640625,1.0013270378112793,1997.812255859375,872.0341796875,0.7751619219779968,1945.8466796875,872.0341796875,0.8025062680244446,1978.3251953125,1118.87060546875,0.6677640676498413,1919.86376953125,1060.4091796875,0.7195656299591064,1978.3251953125,1372.20263671875,0.7488174438476562,1939.35107421875,1378.698486328125,0.7818471193313599,1952.34228515625,1748.953125,0.8096983432769775,1919.86376953125,1768.4404296875,0.8482335805892944,1906.87255859375,2067.2421875,0.9080039262771606,1874.39404296875,2125.70361328125,0.9571264982223511,1893.881103515625,2119.2080078125,0.8686686754226685,1828.92431640625,2177.66943359375,0.9218021631240845,2043.2822265625,2106.21630859375,0.9283868074417114,2056.2734375,2223.13916015625,0.940984845161438,1977.1168212890625,1202.9404296875,0.3061119616031647,1951.3402099609375,1197.5452880859375,0.2179604470729828,1937.5526123046875,1185.55615234375,0.19745749235153198,1912.974853515625,1185.2564697265625,0.1436278223991394,1892.89306640625,1153.1854248046875,0.12065418064594269,1917.4708251953125,1176.5643310546875,0.34931403398513794,1894.69140625,1168.7713623046875,0.3391537070274353,1877.9066162109375,1176.864013671875,0.35675033926963806,1865.6177978515625,1188.253662109375,0.45794153213500977,1910.27734375,1190.0521240234375,0.3190919756889343,1877.0074462890625,1194.248291015625,0.3360956311225891,1857.8248291015625,1205.937744140625,0.3566325306892395,1844.0372314453125,1217.9268798828125,0.42147260904312134,1909.9776611328125,1202.3409423828125,0.302165687084198,1880.304443359375,1210.7333984375,0.3786998391151428,1859.323486328125,1220.6243896484375,0.3654947876930237,1843.1380615234375,1232.0140380859375,0.43149635195732117,1912.974853515625,1218.8260498046875,0.30568259954452515,1891.993896484375,1224.22119140625,0.36984795331954956,1873.71044921875,1229.3165283203125,0.4009537100791931,1856.0264892578125,1233.5126953125,0.46870484948158264,1977.5828857421875,1203.9822998046875,0.25974205136299133,1958.2176513671875,1198.9473876953125,0.2275087684392929,1945.4365234375,1184.229736328125,0.21106640994548798,1922.1981201171875,1185.0042724609375,0.1514928638935089,1904.7694091796875,1185.3916015625,0.11149735003709793,1916.77587890625,1174.934326171875,0.32992449402809143,1896.2486572265625,1169.5120849609375,0.35605388879776,1878.8199462890625,1177.2581787109375,0.3883630037307739,1866.8134765625,1188.4901123046875,0.49948209524154663,1910.96630859375,1189.2646484375,0.3160727024078369,1880.7564697265625,1196.62353515625,0.3821825683116913,1860.229248046875,1205.1441650390625,0.36959218978881836,1845.89892578125,1217.1507568359375,0.41789373755455017,1910.1917724609375,1203.2076416015625,0.2900797128677368,1881.9183349609375,1210.5665283203125,0.36664679646492004,1861.778564453125,1221.0238037109375,0.34514153003692627,1845.1243896484375,1232.255615234375,0.4562941789627075,1914.83935546875,1219.4744873046875,0.32430899143218994,1894.699462890625,1223.73486328125,0.41312679648399353,1876.49609375,1229.1571044921875,0.4112262725830078,1859.4547119140625,1234.966796875,0.4714350700378418
DJI_20260917132637_0070_D.JPG,Cam 6,11,SAMAPADHAM,INCORRECT,WEIGHT_ON_ONE_LEG,,rtmw_l_wholebody,coco_wholebody_133,OK,366.17,147.62,1,1,2112.75439453125,689.0201416015625,0.9871506690979004,2099.755859375,656.5238037109375,1.0211126804351807,2099.755859375,656.5238037109375,0.9824048280715942,2099.755859375,650.0242919921875,1.0284631252288818,2086.75732421875,656.5238037109375,1.015730857849121,2080.258056640625,650.0242919921875,0.9882069230079651,2073.7587890625,650.0242919921875,0.9885819554328918,2021.764404296875,682.5208740234375,0.8791734576225281,1989.26806640625,676.0216064453125,0.9649413228034973,2106.25537109375,728.0159912109375,1.0009355545043945,2086.75732421875,721.5167236328125,1.0038173198699951,2002.2666015625,877.4998779296875,0.7833696603775024,1943.772705078125,864.5013427734375,0.82522052526474,1995.76708984375,1124.4732666015625,0.6948639154434204,1937.2734375,1111.4747314453125,0.7121204137802124,1982.7685546875,1364.9473876953125,0.7561784982681274,1930.774169921875,1371.4466552734375,0.787078857421875,1956.771484375,1741.9068603515625,0.8152197599411011,1917.775390625,1767.9041748046875,0.8571403622627258,1911.2763671875,2066.8720703125,0.906294047832489,1872.2802734375,2131.865234375,0.9674736261367798,1885.279052734375,2118.8662109375,0.8703770637512207,1826.785400390625,2183.859375,0.9252514839172363,2047.76171875,2105.86767578125,0.9451739192008972,2054.2607421875,2216.35595703125,0.9478620290756226,1988.51611328125,1197.9234619140625,0.2122511863708496,1961.846923828125,1198.887451171875,0.14591625332832336,1941.2828369140625,1185.7135009765625,0.13045553863048553,1917.1842041015625,1183.78564453125,0.15002217888832092,1910.1153564453125,1190.2119140625,0.08854566514492035,1921.361328125,1172.21826171875,0.3446809649467468,1896.298828125,1168.362548828125,0.3776518404483795,1880.5543212890625,1175.752685546875,0.4223729074001312,1870.2723388671875,1186.0347900390625,0.4132169485092163,1915.89892578125,1189.2479248046875,0.37396007776260376,1885.6954345703125,1193.425048828125,0.4013903737068176,1864.4886474609375,1203.064453125,0.34859591722488403,1850.993408203125,1215.595703125,0.33681434392929077,1914.2923583984375,1203.064453125,0.3255195617675781,1887.302001953125,1208.52685546875,0.37830761075019836,1866.09521484375,1217.523681640625,0.351186603307724,1850.993408203125,1227.484375,0.3361753225326538,1917.5054931640625,1217.844970703125,0.3324483335018158,1898.2266845703125,1222.3433837890625,0.42428773641586304,1880.5543212890625,1227.1630859375,0.4420852065086365,1861.5968017578125,1233.26806640625,0.5585945844650269,2041.6094970703125,1211.7200927734375,0.19664019346237183,1975.2518310546875,1224.315673828125,0.1629049926996231,1953.1328125,1185.914306640625,0.10496735572814941,1933.4713134765625,1183.763916015625,0.15911342203617096,1884.6248779296875,1129.0804443359375,0.1251336634159088,1923.026123046875,1170.5538330078125,0.5190904140472412,1900.906982421875,1166.56005859375,0.580869197845459,1884.6248779296875,1171.168212890625,0.5286797285079956,1884.6248779296875,1178.8485107421875,0.41109150648117065,1916.267578125,1187.450439453125,0.5119763016700745,1884.6248779296875,1190.5225830078125,0.48902827501296997,1884.6248779296875,1199.431640625,0.34097886085510254,1884.6248779296875,1203.1181640625,0.30041584372520447,1915.653076171875,1201.8892822265625,0.47846314311027527,1884.6248779296875,1207.726318359375,0.4729567766189575,1884.6248779296875,1215.4066162109375,0.3303207755088806,1884.6248779296875,1223.39404296875,0.2444421947002411,1919.339599609375,1218.785888671875,0.4627366065979004,1900.599853515625,1223.0867919921875,0.4898613691329956,1884.6248779296875,1229.5382080078125,0.44204211235046387,1884.6248779296875,1236.9112548828125,0.36178267002105713
DJI_20260917132649_0071_D.JPG,Cam 6,12,MUZHUMANDI,INCORRECT,KNEES_FACING_FORWARD,,rtmw_l_wholebody,coco_wholebody_133,OK,405.98,159.5,1,1,2115.794921875,1318.162353515625,0.9921212792396545,2107.09228515625,1279.000244140625,1.0154602527618408,2102.74072265625,1279.000244140625,0.9286665916442871,2107.09228515625,1279.000244140625,1.0049582719802856,2094.0380859375,1279.000244140625,1.0265119075775146,2089.686767578125,1279.000244140625,0.9928041696548462,2085.33544921875,1279.000244140625,1.0019874572753906,2024.416259765625,1300.757080078125,0.7487089037895203,1998.30810546875,1300.757080078125,0.926451563835144,2102.74072265625,1348.6220703125,1.004861831665039,2089.686767578125,1344.270751953125,1.0062992572784424,2002.659423828125,1470.460205078125,0.6942489147186279,1954.79443359375,1509.62255859375,0.7340909242630005,1972.199951171875,1766.352783203125,0.5704478621482849,1941.740478515625,1814.218017578125,0.7246519327163696,1998.30810546875,1931.704833984375,0.681563138961792,1946.091796875,1983.921142578125,0.7189360857009888,2211.52490234375,1896.893798828125,0.7385082244873047,2294.200927734375,2184.083740234375,0.8360221982002258,1867.767333984375,2105.75927734375,0.657286524772644,1898.226806640625,2157.9755859375,0.7235225439071655,1850.36181640625,2110.110595703125,0.6261614561080933,1867.767333984375,2157.9755859375,0.7041129469871521,1758.983154296875,2210.192138671875,0.5664929151535034,2020.06494140625,2266.759521484375,0.7053924798965454,1906.7822265625,1803.21728515625,0.33769920468330383,1906.7822265625,1790.5965576171875,0.31602171063423157,1906.7822265625,1784.2862548828125,0.2701665759086609,1878.7012939453125,1765.355224609375,0.21083390712738037,1837.6842041015625,1737.58984375,0.15876910090446472,1855.984130859375,1773.2431640625,0.48052388429641724,1834.529052734375,1761.2535400390625,0.3852299451828003,1818.1221923828125,1757.15185546875,0.4512808620929718,1802.661865234375,1759.991455078125,0.5978654026985168,1848.4117431640625,1793.1207275390625,0.47394508123397827,1818.437744140625,1795.329345703125,0.43110203742980957,1799.1912841796875,1799.4310302734375,0.5020346641540527,1783.73095703125,1807.634521484375,0.5894383192062378,1849.3582763671875,1813.313720703125,0.39275062084198,1820.6463623046875,1819.30859375,0.4437892735004425,1801.71533203125,1824.67236328125,0.45780742168426514,1784.3619384765625,1833.1912841796875,0.5286715030670166,1853.14453125,1832.875732421875,0.43184012174606323,1833.58251953125,1839.18603515625,0.45633935928344727,1816.544677734375,1843.603271484375,0.4523179233074188,1799.5067138671875,1848.3360595703125,0.5384476184844971,1901.4676513671875,1809.22314453125,0.34114423394203186,1901.4676513671875,1792.9595947265625,0.2968696057796478,1901.4676513671875,1781.2137451171875,0.27868008613586426,1901.4676513671875,1777.90087890625,0.2594301402568817,1901.4676513671875,1776.6961669921875,0.19416283071041107,1857.19482421875,1770.672607421875,0.5604138970375061,1838.8231201171875,1760.4327392578125,0.43212100863456726,1820.451416015625,1757.7220458984375,0.4964025020599365,1803.8868408203125,1759.5291748046875,0.6180288195610046,1850.8702392578125,1791.7548828125,0.5224112868309021,1818.945556640625,1794.7667236328125,0.39829742908477783,1799.0679931640625,1798.983154296875,0.4963212013244629,1784.611572265625,1807.416015625,0.596304178237915,1850.5689697265625,1811.0301513671875,0.4520004689693451,1821.35498046875,1818.8607177734375,0.46954765915870667,1802.0797119140625,1824.2818603515625,0.47638967633247375,1784.3104248046875,1832.41357421875,0.579922616481781,1853.279541015625,1832.41357421875,0.48662132024765015,1833.100830078125,1839.3406982421875,0.46953287720680237,1815.933837890625,1844.159423828125,0.461176335811615,1798.766845703125,1849.2794189453125,0.5917389392852783
DJI_20260917132651_0072_D.JPG,Cam 6,12,MUZHUMANDI,INCORRECT,KNEES_FACING_FORWARD,,rtmw_l_wholebody,coco_wholebody_133,OK,364.74,168.96,1,1,2105.87060546875,1317.0322265625,0.978872537612915,2092.8984375,1278.11572265625,1.019238829612732,2088.57421875,1278.11572265625,0.9307366609573364,2097.22265625,1278.11572265625,1.0143219232559204,2084.25048828125,1278.11572265625,1.0247371196746826,2079.92626953125,1278.11572265625,0.986568808555603,2075.60205078125,1278.11572265625,1.0040216445922852,2010.7418212890625,1299.736083984375,0.7437770366668701,1989.1214599609375,1299.736083984375,0.9314775466918945,2092.8984375,1347.300537109375,1.0045491456985474,2079.92626953125,1342.9765625,1.0023525953292847,2002.0936279296875,1477.021484375,0.6905167102813721,1950.2052001953125,1502.9658203125,0.735411524772644,1976.1495361328125,1766.73193359375,0.577747106552124,1937.2330322265625,1809.97265625,0.7366819977760315,2002.0936279296875,1935.36962890625,0.6786413192749023,1945.8812255859375,1987.258056640625,0.7139726877212524,2209.6474609375,1892.129150390625,0.7340359687805176,2291.80419921875,2181.83984375,0.8436484336853027,1868.0484619140625,2104.007080078125,0.6489757299423218,1898.3167724609375,2151.5712890625,0.7149046659469604,1850.7523193359375,2108.3310546875,0.6228514909744263,1868.0484619140625,2151.5712890625,0.6972429752349854,1759.9473876953125,2212.10791015625,0.5650836825370789,2019.3897705078125,2259.67236328125,0.7053840160369873,1909.835205078125,1799.3485107421875,0.34253084659576416,1897.70703125,1786.237060546875,0.3341754674911499,1895.7403564453125,1779.0257568359375,0.3144887685775757,1883.6121826171875,1762.30859375,0.2747769355773926,1881.317626953125,1731.8243408203125,0.16720882058143616,1854.4390869140625,1770.1754150390625,0.49868035316467285,1831.82177734375,1759.0306396484375,0.45863470435142517,1814.77685546875,1755.7528076171875,0.5025944709777832,1799.6986083984375,1758.702880859375,0.6028108596801758,1845.5888671875,1791.8094482421875,0.49671506881713867,1817.0712890625,1794.759521484375,0.43684661388397217,1798.387451171875,1799.67626953125,0.49547916650772095,1782.9814453125,1808.1988525390625,0.5716000199317932,1846.9000244140625,1811.14892578125,0.42623722553253174,1819.693603515625,1818.3602294921875,0.4877517819404602,1800.6820068359375,1824.588134765625,0.5047225952148438,1783.3092041015625,1833.110595703125,0.6039385795593262,1852.472412109375,1830.816162109375,0.45442527532577515,1832.80517578125,1838.355224609375,0.48385143280029297,1815.432373046875,1843.599853515625,0.5009056925773621,1798.0596923828125,1848.5166015625,0.6334272623062134,1909.0113525390625,1803.2615966796875,0.36009591817855835,1909.0113525390625,1787.2000732421875,0.3503347635269165,1895.5721435546875,1772.7774658203125,0.34892401099205017,1909.0113525390625,1768.5162353515625,0.3002493977546692,1909.0113525390625,1770.1551513671875,0.21241304278373718,1854.9266357421875,1767.860595703125,0.5441632270812988,1833.292724609375,1758.3548583984375,0.46944332122802734,1815.9200439453125,1756.3880615234375,0.5388883352279663,1800.186279296875,1758.6826171875,0.6030210256576538,1848.370849609375,1789.4945068359375,0.5308225750923157,1817.5589599609375,1794.0836181640625,0.4201052784919739,1798.219482421875,1799.328125,0.5115877389907837,1783.141357421875,1807.8505859375,0.6163497567176819,1848.0430908203125,1809.1617431640625,0.4490550756454468,1819.525634765625,1818.011962890625,0.4876052141189575,1799.8583984375,1824.2398681640625,0.5030918121337891,1782.8135986328125,1832.7623291015625,0.6252849102020264,1852.632080078125,1831.451171875,0.5016160011291504,1831.9815673828125,1838.334716796875,0.4867761731147766,1815.264404296875,1843.579345703125,0.4899293780326843,1797.8917236328125,1848.823974609375,0.595369815826416
DJI_20260917132740_0073_D.JPG,Cam 6,13,MUZHUMANDI,INCORRECT,BACK_BENT_FORWARD,,rtmw_l_wholebody,coco_wholebody_133,OK,393.84,180.07,1,1,2233.356689453125,1381.966064453125,0.9640347957611084,2233.356689453125,1343.860595703125,1.0292255878448486,2224.888916015625,1343.860595703125,0.9420320987701416,2233.356689453125,1343.860595703125,1.013423204421997,2220.65478515625,1343.860595703125,1.0227577686309814,2216.4208984375,1343.860595703125,0.9824293255805969,2212.18701171875,1339.626708984375,1.0065032243728638,2135.9765625,1348.0947265625,0.780561625957489,2127.508544921875,1343.860595703125,0.9422481060028076,2212.18701171875,1407.369384765625,0.9980192184448242,2199.485107421875,1403.135498046875,0.9942741394042969,2013.19287109375,1496.28173828125,0.7183574438095093,2034.362548828125,1542.854736328125,0.7434581518173218,1962.385986328125,1792.656005859375,0.5621870756149292,1949.68408203125,1830.760986328125,0.6989954710006714,1877.70751953125,1940.843017578125,0.6548584699630737,1839.602294921875,1962.012451171875,0.7122524380683899,2072.4677734375,2220.281494140625,0.5839741230010986,2127.508544921875,2199.11181640625,0.7818472385406494,1687.181396484375,2105.965576171875,0.5899156332015991,1793.029296875,2131.369140625,0.66549152135849,1746.456298828125,2080.562255859375,0.5427015423774719,1759.157958984375,2080.562255859375,0.63676917552948,1509.35693359375,2224.515380859375,0.6156502366065979,1534.760498046875,2249.918701171875,0.6676672697067261,2039.605712890625,1787.703369140625,0.21309132874011993,2036.591552734375,1763.08740234375,0.16648921370506287,2035.837890625,1737.718017578125,0.14133258163928986,2059.197998046875,1726.414794921875,0.139733225107193,2072.76171875,1689.23974609375,0.1960413008928299,2035.837890625,1689.23974609375,0.1534702181816101,2079.794921875,1689.23974609375,0.20144952833652496,2091.09814453125,1689.23974609375,0.2366860806941986,2103.406005859375,1689.23974609375,0.24875035881996155,2064.47265625,1733.19677734375,0.10325275361537933,2089.591064453125,1689.23974609375,0.17913487553596497,2103.406005859375,1689.23974609375,0.24389967322349548,2107.92724609375,1689.23974609375,0.2491258978843689,2076.2783203125,1742.490478515625,0.13165083527565002,2091.349365234375,1728.42431640625,0.18784470856189728,2104.9130859375,1719.381591796875,0.2360067367553711,2113.95556640625,1689.23974609375,0.24884186685085297,2082.306640625,1750.779541015625,0.13162235915660858,2095.116943359375,1742.490478515625,0.1985529065132141,2104.15966796875,1733.19677734375,0.2130860686302185,2109.936767578125,1725.6611328125,0.20621171593666077,1898.1748046875,2202.8134765625,0.22176586091518402,1934.824462890625,2228.991943359375,0.22206206619739532,1962.748291015625,2254.297607421875,0.2514001429080963,1979.327880859375,2276.113037109375,0.2913476526737213,1990.671875,2287.45703125,0.2689799666404724,1958.38525390625,2275.240478515625,0.2941497266292572,1971.474365234375,2292.69287109375,0.32748541235923767,1969.729248046875,2289.202392578125,0.32548701763153076,1967.98388671875,2285.7119140625,0.2632654905319214,1935.697265625,2281.348876953125,0.27486419677734375,1942.677978515625,2301.4189453125,0.35421863198280334,1940.060302734375,2293.5654296875,0.33551838994026184,1938.31494140625,2289.202392578125,0.28013038635253906,1907.7734375,2280.47607421875,0.29695236682891846,1912.136474609375,2297.055908203125,0.32336440682411194,1913.8818359375,2290.947509765625,0.3349376320838928,1916.499755859375,2283.093994140625,0.2857341766357422,1878.977294921875,2277.8583984375,0.2999676465988159,1882.4677734375,2290.947509765625,0.3182213306427002,1885.08544921875,2284.83935546875,0.31903424859046936,1887.703369140625,2275.240478515625,0.30798426270484924
DJI_20260917132742_0074_D.JPG,Cam 6,13,MUZHUMANDI,INCORRECT,BACK_BENT_FORWARD,,rtmw_l_wholebody,coco_wholebody_133,OK,348.31,151.04,1,1,2234.1826171875,1388.96337890625,0.9710854887962341,2234.1826171875,1350.7724609375,1.0331650972366333,2229.93896484375,1350.7724609375,0.9503903388977051,2234.1826171875,1355.015869140625,1.0188709497451782,2225.6953125,1350.7724609375,1.0281015634536743,2221.4521484375,1350.7724609375,0.9932844638824463,2212.96533203125,1346.52880859375,1.0094945430755615,2140.826171875,1350.7724609375,0.7854331135749817,2132.33935546875,1346.52880859375,0.9568750858306885,2212.96533203125,1418.667724609375,0.9957000613212585,2200.23486328125,1410.1806640625,0.988459587097168,2022.0096435546875,1499.29345703125,0.7156436443328857,2034.7401123046875,1537.484375,0.7374664545059204,1966.8448486328125,1796.335205078125,0.578903079032898,1962.6011962890625,1830.282958984375,0.6577742099761963,1877.7320556640625,1944.856201171875,0.6404852271080017,1839.5411376953125,1961.830078125,0.6935499310493469,2072.93115234375,2216.4375,0.5600020885467529,2128.09619140625,2207.950439453125,0.7673843502998352,1674.0462646484375,2131.568359375,0.5834939479827881,1809.8370361328125,2157.029052734375,0.6441421508789062,1640.0987548828125,2140.05517578125,0.5367354154586792,1771.6458740234375,2135.811767578125,0.6148604154586792,1508.5513916015625,2229.167724609375,0.6121131777763367,1517.0384521484375,2254.62841796875,0.6558215618133545,2079.2275390625,1872.3719482421875,0.07861153781414032,2080.150390625,1778.21826171875,0.05590428411960602,2097.073486328125,1765.6029052734375,0.07640437036752701,2098.919677734375,1757.6029052734375,0.10069316625595093,2102.612060546875,1715.1414794921875,0.11002863943576813,2097.38134765625,1802.21826171875,0.07134842127561569,2101.68896484375,1715.1414794921875,0.10866884887218475,2101.38134765625,1715.1414794921875,0.14268411695957184,2103.53515625,1715.1414794921875,0.1393154263496399,2092.458251953125,1807.141357421875,0.09474941343069077,2092.458251953125,1821.9105224609375,0.10785318911075592,2090.612060546875,1838.52587890625,0.14266914129257202,2089.38134765625,1844.9874267578125,0.11394912004470825,2092.458251953125,1808.9874267578125,0.08252464234828949,2090.612060546875,1821.9105224609375,0.07941829413175583,2090.612060546875,1841.2950439453125,0.12701299786567688,2101.38134765625,1846.52587890625,0.1353950798511505,2101.38134765625,1872.3719482421875,0.07025551795959473,2101.99658203125,1872.3719482421875,0.10952509194612503,2101.38134765625,1872.3719482421875,0.11540763825178146,2101.38134765625,1872.3719482421875,0.10607448220252991,1887.39892578125,2212.826416015625,0.22126686573028564,1931.498291015625,2235.326171875,0.24390055239200592,1959.397705078125,2257.82568359375,0.27101930975914,1976.49755859375,2278.525390625,0.29937487840652466,1991.79736328125,2289.3251953125,0.28822511434555054,1953.997802734375,2273.12548828125,0.3102702498435974,1971.99755859375,2294.72509765625,0.3183038532733917,1973.797607421875,2297.425048828125,0.2924847900867462,1975.597412109375,2293.8251953125,0.24001385271549225,1932.398193359375,2279.425537109375,0.307911217212677,1942.298095703125,2303.72509765625,0.356789767742157,1941.39794921875,2299.22509765625,0.31901413202285767,1939.59814453125,2294.72509765625,0.2386263906955719,1905.398681640625,2279.425537109375,0.3038068413734436,1912.598388671875,2300.125,0.33137503266334534,1913.49853515625,2294.72509765625,0.321485310792923,1913.49853515625,2284.825439453125,0.27854254841804504,1879.299072265625,2277.62548828125,0.296163946390152,1883.798828125,2293.8251953125,0.3271702527999878,1886.498779296875,2288.42529296875,0.3166545033454895,1888.298828125,2280.325439453125,0.3002431392669678
DJI_20260917132806_0075_D.JPG,Cam 6,14,MUZHUMANDI,INCORRECT,FEET_APART_HEEL_DOWN,,rtmw_l_wholebody,coco_wholebody_133,OK,376.93,209.08,1,1,2205.72314453125,1366.9732666015625,0.9342836141586304,2205.72314453125,1335.4520263671875,1.0024685859680176,2201.219970703125,1330.9488525390625,0.908707857131958,2205.72314453125,1330.9488525390625,1.0062706470489502,2196.717041015625,1330.9488525390625,0.9989428520202637,2192.214111328125,1326.4459228515625,0.9366825222969055,2183.207763671875,1326.4459228515625,0.9814330339431763,2111.158935546875,1326.4459228515625,0.7530101537704468,2097.64990234375,1321.9427490234375,0.8888598680496216,2183.207763671875,1398.4945068359375,0.9690552949905396,2169.69873046875,1389.4886474609375,0.9714237451553345,2025.60107421875,1497.5618896484375,0.6789723634719849,2021.097900390625,1511.0709228515625,0.7412160634994507,2097.64990234375,1812.7752685546875,0.6134849786758423,2079.6376953125,1835.2904052734375,0.6663074493408203,1931.037109375,1943.3636474609375,0.6557191014289856,1877.00048828125,1979.3880615234375,0.6968791484832764,2169.69873046875,2159.51025390625,0.5608680248260498,2183.207763671875,2150.50390625,0.8047385215759277,1917.52783203125,2191.03173828125,0.6419970989227295,1913.024658203125,2227.05615234375,0.7758420705795288,1845.47900390625,2164.01318359375,0.5842379331588745,1877.00048828125,2222.552734375,0.7195873260498047,1971.564453125,2222.552734375,0.5144138336181641,2003.085693359375,2398.171875,0.6764060854911804,1965.3111572265625,1837.521240234375,0.32403701543807983,1936.04345703125,1804.810302734375,0.3418172597885132,1911.940673828125,1781.568359375,0.4589478671550751,1893.43310546875,1761.3392333984375,0.5286869406700134,1888.268310546875,1736.3756103515625,0.5181835889816284,1872.7735595703125,1788.454833984375,0.5783472061157227,1854.696533203125,1773.390625,0.59843909740448,1840.9234619140625,1766.0736083984375,0.6068390607833862,1826.7200927734375,1758.7567138671875,0.6722539663314819,1864.5958251953125,1810.8359375,0.5160300135612488,1837.91064453125,1808.6839599609375,0.5322268009185791,1818.5423583984375,1807.3927001953125,0.6276822686195374,1799.174072265625,1807.3927001953125,0.7078701257705688,1865.0262451171875,1831.0650634765625,0.5186367630958557,1840.062744140625,1831.9259033203125,0.6200389862060547,1821.124755859375,1831.9259033203125,0.5931800603866577,1803.0477294921875,1831.9259033203125,0.6510387659072876,1870.191162109375,1851.724609375,0.5327571630477905,1852.1141357421875,1852.155029296875,0.5970782041549683,1834.8978271484375,1852.58544921875,0.6334271430969238,1818.1119384765625,1852.155029296875,0.727664589881897,1948.4278564453125,1835.1607666015625,0.4096372425556183,1939.4039306640625,1803.8153076171875,0.3981841802597046,1915.1824951171875,1780.543701171875,0.48396366834640503,1895.2354736328125,1761.54638671875,0.5405008792877197,1889.0614013671875,1737.324951171875,0.5750995874404907,1874.8133544921875,1789.5673828125,0.5414512753486633,1856.2911376953125,1774.3695068359375,0.5531820058822632,1841.5682373046875,1766.295654296875,0.6226962804794312,1827.795166015625,1759.1717529296875,0.7147478461265564,1865.7896728515625,1810.939208984375,0.5471795201301575,1839.66845703125,1809.03955078125,0.5859254598617554,1819.7213134765625,1807.1397705078125,0.6900433301925659,1800.72412109375,1806.6649169921875,0.7771545052528381,1866.2646484375,1831.361328125,0.5632930994033813,1842.0430908203125,1831.361328125,0.6582831144332886,1822.0960693359375,1831.836181640625,0.6358429193496704,1803.57373046875,1832.3111572265625,0.7337082624435425,1871.4888916015625,1851.3084716796875,0.5605455636978149,1852.4915771484375,1852.25830078125,0.5828248262405396,1835.8690185546875,1852.733154296875,0.6281962990760803,1818.771484375,1852.25830078125,0.7188305854797363
DJI_20260917132807_0076_D.JPG,Cam 6,14,MUZHUMANDI,INCORRECT,FEET_APART_HEEL_DOWN,,rtmw_l_wholebody,coco_wholebody_133,OK,361.91,160.85,1,1,2203.81884765625,1384.65234375,0.9347794651985168,2208.2783203125,1348.97607421875,0.9977694749832153,2203.81884765625,1344.516357421875,0.9118692874908447,2208.2783203125,1344.516357421875,0.9963860511779785,2199.359375,1344.516357421875,0.9951143860816956,2194.89990234375,1344.516357421875,0.9457876682281494,2185.980712890625,1340.056884765625,0.9765451550483704,2119.087646484375,1335.597412109375,0.7480337619781494,2101.24951171875,1326.678466796875,0.9028556942939758,2177.0615234375,1406.949951171875,0.9417674541473389,2168.142578125,1398.031005859375,0.9510952830314636,2016.518310546875,1491.68115234375,0.6742758750915527,2020.97802734375,1509.519287109375,0.7437466979026794,2074.4921875,1812.767822265625,0.6085191965103149,2070.03271484375,1843.984619140625,0.6699398159980774,1918.408447265625,1959.932373046875,0.6595953702926636,1887.19189453125,1991.149169921875,0.6907938718795776,2145.8447265625,2165.071044921875,0.537833034992218,2194.89990234375,2142.773681640625,0.8179234266281128,1936.24658203125,2187.368896484375,0.6509284377098083,1927.32763671875,2223.045166015625,0.7914868593215942,1864.89404296875,2169.53076171875,0.5811387300491333,1878.272705078125,2214.126220703125,0.7382564544677734,1971.9228515625,2218.585693359375,0.532141923904419,2012.058837890625,2388.048095703125,0.6877211332321167,1946.7447509765625,1833.7542724609375,0.4746871590614319,1935.3536376953125,1804.137451171875,0.4730280339717865,1911.6602783203125,1782.7222900390625,0.570392370223999,1892.067626953125,1760.8514404296875,0.6077848672866821,1886.5999755859375,1735.3353271484375,0.6048613786697388,1872.9306640625,1788.6456298828125,0.6443272233009338,1853.3380126953125,1772.242431640625,0.6121897101402283,1837.3905029296875,1763.585205078125,0.5927846431732178,1821.8985595703125,1754.472412109375,0.6459903120994568,1865.640380859375,1809.605224609375,0.5735005140304565,1836.934814453125,1806.871337890625,0.5985309481620789,1815.9752197265625,1805.9600830078125,0.6771042346954346,1797.2938232421875,1807.3270263671875,0.7402521371841431,1867.0072021484375,1828.7421875,0.5559808015823364,1840.5799560546875,1830.5648193359375,0.6228866577148438,1820.0760498046875,1831.47607421875,0.6787973642349243,1801.8502197265625,1831.9317626953125,0.7518726587295532,1873.38623046875,1849.2462158203125,0.6157560348510742,1854.7049560546875,1851.0687255859375,0.6441539525985718,1837.8460693359375,1851.9801025390625,0.7118851542472839,1819.620361328125,1851.9801025390625,0.7983877658843994,1949.064208984375,1830.67431640625,0.4910276532173157,1936.7177734375,1802.894775390625,0.4920665919780731,1913.0537109375,1781.288330078125,0.5594913959503174,1891.961669921875,1761.73974609375,0.6152600646018982,1884.2451171875,1737.046875,0.6252740025520325,1871.898681640625,1788.490478515625,0.5996206402778625,1853.893310546875,1772.54296875,0.6109473705291748,1837.94580078125,1763.282958984375,0.6363110542297363,1823.027099609375,1756.0810546875,0.6538546681404114,1863.1533203125,1810.096923828125,0.6040277481079102,1837.94580078125,1807.524658203125,0.652519941329956,1816.339599609375,1807.01025390625,0.7329082489013672,1796.2763671875,1807.524658203125,0.8084839582443237,1864.696533203125,1829.6455078125,0.5966005325317383,1840.003662109375,1830.67431640625,0.6926169395446777,1821.48388671875,1832.217529296875,0.7130613327026367,1803.478515625,1832.732177734375,0.7504782676696777,1871.898681640625,1850.222900390625,0.6433420181274414,1853.37890625,1851.251708984375,0.6844876408576965,1837.431396484375,1852.28076171875,0.7337778806686401,1819.426025390625,1852.28076171875,0.8299542665481567
DJI_20260917132840_0077_D.JPG,Cam 6,15,SWASTIKAPADAM,INCORRECT,OVERCROSSING_SHINS,RIGHT,rtmw_l_wholebody,coco_wholebody_133,OK,406.92,152.06,1,1,2125.388916015625,867.03759765625,1.0032850503921509,2119.628173828125,832.474365234375,1.0259442329406738,2113.86767578125,832.474365234375,0.9643896818161011,2119.628173828125,832.474365234375,1.0214307308197021,2108.107177734375,832.474365234375,1.033873438835144,2102.3466796875,832.474365234375,1.0009410381317139,2096.586181640625,838.235107421875,1.0134994983673096,2050.501953125,855.5166015625,0.8843824863433838,2027.459716796875,855.5166015625,0.9549034237861633,2125.388916015625,901.600830078125,1.036487340927124,2108.107177734375,895.84033203125,1.0436209440231323,2027.459716796875,1039.853515625,0.8098998665809631,1975.614990234375,1039.853515625,0.837273895740509,1987.135986328125,1293.316650390625,0.6927347183227539,1918.010009765625,1276.03515625,0.6894153952598572,1992.896728515625,1500.695556640625,0.7626329064369202,1941.052001953125,1506.456298828125,0.7796835899353027,2010.17822265625,1811.76416015625,0.7713896632194519,2062.02294921875,1834.806396484375,0.8778373003005981,1946.812255859375,2128.59326171875,0.876325786113739,1814.3203125,1990.340576171875,0.8435897827148438,1906.48876953125,2180.43798828125,0.8091182708740234,1779.757080078125,2019.143310546875,0.8121352791786194,2079.304443359375,2174.677490234375,0.8138829469680786,1837.362548828125,2105.551025390625,0.7921711206436157,1934.470458984375,1330.136474609375,0.4073324501514435,1922.3193359375,1315.55517578125,0.3439667522907257,1900.447265625,1311.909912109375,0.31729888916015625,1882.220703125,1298.5435791015625,0.3348482847213745,1874.929931640625,1308.2645263671875,0.28562015295028687,1898.01708984375,1305.834228515625,0.43251270055770874,1874.929931640625,1305.834228515625,0.4752841591835022,1867.639404296875,1310.6947021484375,0.5085104703903198,1861.563720703125,1316.770263671875,0.4705335199832916,1910.168212890625,1308.2645263671875,0.5084549784660339,1879.79052734375,1311.909912109375,0.5595442652702332,1867.639404296875,1320.4156494140625,0.5669158101081848,1860.3486328125,1327.706298828125,0.5747204422950745,1918.674072265625,1316.770263671875,0.5280801057815552,1889.511474609375,1321.6307373046875,0.5704257488250732,1878.575439453125,1330.136474609375,0.5627189874649048,1863.993896484375,1337.42724609375,0.5677380561828613,1922.3193359375,1332.5667724609375,0.533253014087677,1900.447265625,1337.42724609375,0.5532147884368896,1888.296142578125,1338.642333984375,0.5597593188285828,1878.575439453125,1341.072509765625,0.5597923994064331,1985.3704833984375,1301.2098388671875,0.293996125459671,1985.3704833984375,1301.2098388671875,0.3159724473953247,1985.3704833984375,1301.2098388671875,0.33220553398132324,1985.3704833984375,1301.2098388671875,0.36874842643737793,1985.3704833984375,1301.2098388671875,0.3348850607872009,1985.3704833984375,1301.2098388671875,0.30400311946868896,1985.3704833984375,1301.2098388671875,0.30666378140449524,1985.3704833984375,1301.2098388671875,0.31530213356018066,1985.3704833984375,1301.2098388671875,0.2826079726219177,1985.3704833984375,1301.2098388671875,0.2804218828678131,1985.3704833984375,1301.2098388671875,0.27136361598968506,1985.3704833984375,1301.2098388671875,0.28731951117515564,1985.3704833984375,1301.2098388671875,0.26122045516967773,1985.3704833984375,1301.2098388671875,0.2596960961818695,1985.3704833984375,1301.2098388671875,0.23941484093666077,1985.3704833984375,1301.2098388671875,0.28294530510902405,2051.01513671875,1301.2098388671875,0.29822707176208496,1985.3704833984375,1301.2098388671875,0.24734044075012207,1985.3704833984375,1301.2098388671875,0.27775347232818604,1985.3704833984375,1301.2098388671875,0.285063236951828,1985.3704833984375,1301.2098388671875,0.26890674233436584
DJI_20260917132841_0078_D.JPG,Cam 6,15,SWASTIKAPADAM,INCORRECT,OVERCROSSING_SHINS,RIGHT,rtmw_l_wholebody,coco_wholebody_133,OK,471.49,158.89,1,1,2115.14599609375,857.329833984375,1.007350206375122,2103.701171875,822.994873046875,1.0310108661651611,2097.978515625,822.994873046875,0.9638844132423401,2103.701171875,822.994873046875,1.0269036293029785,2092.25634765625,822.994873046875,1.040276288986206,2086.53369140625,822.994873046875,1.0066794157028198,2080.81103515625,822.994873046875,1.0197041034698486,2035.0311279296875,845.885009765625,0.8909905552864075,2012.1409912109375,845.885009765625,0.9744031429290771,2109.423828125,891.6650390625,1.0500097274780273,2097.978515625,885.9423828125,1.0578206777572632,2012.1409912109375,1029.0048828125,0.8187201023101807,1954.9163818359375,1029.0048828125,0.8473897576332092,1977.8060302734375,1269.349609375,0.7093309164047241,1897.6912841796875,1235.0146484375,0.7433509230613708,1983.5286865234375,1498.249267578125,0.7766191959381104,1937.7486572265625,1498.249267578125,0.7887222766876221,2000.6961669921875,1801.54150390625,0.7959029674530029,2063.6435546875,1818.708984375,0.8982827663421631,1943.4713134765625,2110.55615234375,0.91996169090271,1823.2989501953125,1978.938720703125,0.8529256582260132,1903.4136962890625,2162.05859375,0.8469031453132629,1783.2413330078125,2001.82861328125,0.8330427408218384,2069.3662109375,2167.781005859375,0.8753274083137512,1846.1888427734375,2099.111083984375,0.7897008657455444,1944.72216796875,1307.0966796875,0.505307137966156,1930.293701171875,1307.0966796875,0.4483434557914734,1915.865234375,1321.525146484375,0.3936372995376587,1909.1318359375,1330.182373046875,0.35548466444015503,1864.884521484375,1333.068115234375,0.320105642080307,1902.398681640625,1288.82080078125,0.5308616161346436,1873.541748046875,1290.74462890625,0.5384238362312317,1853.341796875,1296.515869140625,0.5315881371498108,1845.646728515625,1310.9443359375,0.49339020252227783,1903.360595703125,1291.706298828125,0.5796681642532349,1872.579833984375,1300.363525390625,0.5970649719238281,1853.341796875,1309.0205078125,0.649638295173645,1841.799072265625,1315.75390625,0.6797025203704834,1905.284423828125,1308.05859375,0.6068435907363892,1878.35107421875,1311.90625,0.6200751066207886,1860.0751953125,1321.525146484375,0.6354615688323975,1845.646728515625,1333.068115234375,0.7523783445358276,1912.017578125,1328.258544921875,0.5553497076034546,1889.89404296875,1331.144287109375,0.5769039392471313,1872.579833984375,1334.030029296875,0.5741623640060425,1856.2275390625,1335.953857421875,0.5656327605247498,2074.9189453125,1311.3697509765625,0.11545009166002274,2050.02392578125,1240.7303466796875,0.049696169793605804,2040.688232421875,1203.387939453125,0.09832216799259186,2033.219970703125,1179.7376708984375,0.08191270381212234,2015.482177734375,1152.353271484375,0.12062515318393707,2043.489013671875,1213.96826171875,0.12384830415248871,2039.13232421875,1197.1641845703125,0.08083362877368927,2032.286376953125,1152.353271484375,0.08279386162757874,2010.503173828125,1152.353271484375,0.14488765597343445,2056.558837890625,1213.96826171875,0.10791758447885513,2053.75830078125,1311.3697509765625,0.07362642139196396,2052.82470703125,1152.353271484375,0.09550874680280685,2056.247802734375,1152.353271484375,0.18401488661766052,2076.7861328125,1210.545166015625,0.12602314352989197,2077.408447265625,1188.7620849609375,0.10903932899236679,2074.9189453125,1152.353271484375,0.10095583647489548,2068.384033203125,1152.353271484375,0.11863462626934052,2089.544677734375,1216.7689208984375,0.15199901163578033,2091.722900390625,1206.81103515625,0.1541811227798462,2094.8349609375,1311.3697509765625,0.14617222547531128,2096.07958984375,1152.353271484375,0.15315398573875427
DJI_20260917132856_0079_D.JPG,Cam 6,16,SWASTIKAPADAM,INCORRECT,OVERCROSSING_SHINS,LEFT,rtmw_l_wholebody,coco_wholebody_133,OK,387.44,207.28,1,1,2123.167236328125,797.390380859375,0.9779446721076965,2110.69873046875,759.984619140625,1.0449504852294922,2098.230224609375,759.984619140625,0.9651773571968079,2110.69873046875,759.984619140625,1.0424232482910156,2091.99609375,759.984619140625,1.0528029203414917,2085.76171875,759.984619140625,0.9972491264343262,2079.52734375,759.984619140625,1.0271347761154175,2023.4189453125,784.921630859375,0.852841854095459,1998.48193359375,791.156005859375,0.9299376010894775,2116.93310546875,834.7958984375,1.0028328895568848,2104.46435546875,834.7958984375,1.0117757320404053,1992.24755859375,984.418212890625,0.772114634513855,1954.84228515625,978.183837890625,0.8546876907348633,2004.71630859375,1208.851806640625,0.6070191264152527,1929.905029296875,1177.680419921875,0.7339923977851868,1979.779296875,1526.79931640625,0.7269313335418701,1973.544921875,1526.79931640625,0.7633762359619141,1973.544921875,1857.21533203125,0.6922092437744141,2116.93310546875,1913.32373046875,0.822170615196228,1742.877197265625,2143.99169921875,0.7173378467559814,1961.076416015625,2131.52294921875,0.7091810703277588,1923.6708984375,2168.9287109375,0.6985166072845459,1923.6708984375,2150.225830078125,0.7328058481216431,2035.8876953125,2293.614013671875,0.7263839244842529,1742.877197265625,2306.08251953125,0.7569065093994141,1945.777099609375,1330.244384765625,0.16010361909866333,1937.3563232421875,1317.9642333984375,0.1650499403476715,1926.1287841796875,1307.08740234375,0.1548088937997818,1912.445068359375,1301.1226806640625,0.107947438955307,1897.708740234375,1300.4210205078125,0.08532378077507019,1911.0416259765625,1296.2105712890625,0.1639031171798706,1888.9371337890625,1288.842529296875,0.2124568521976471,1873.8499755859375,1297.6141357421875,0.2063886821269989,1867.534423828125,1306.3856201171875,0.27223682403564453,1899.4630126953125,1312.350341796875,0.18645340204238892,1871.7447509765625,1315.1572265625,0.25832808017730713,1857.710205078125,1325.6832275390625,0.2137148380279541,1849.9912109375,1336.910888671875,0.3128550052642822,1897.708740234375,1328.8409423828125,0.19120600819587708,1873.8499755859375,1333.7530517578125,0.2741151452064514,1857.710205078125,1343.9281005859375,0.22410687804222107,1847.184326171875,1352.348876953125,0.2821013927459717,1901.5682373046875,1346.7349853515625,0.18955029547214508,1881.9197998046875,1352.69970703125,0.2647148370742798,1864.376708984375,1357.61181640625,0.2829364538192749,1848.2369384765625,1363.2255859375,0.3479958176612854,1952.123046875,1329.8863525390625,0.18836820125579834,1943.2969970703125,1315.7647705078125,0.17805945873260498,1931.2935791015625,1302.3492431640625,0.1745396852493286,1916.1129150390625,1295.2884521484375,0.12457498908042908,1906.227783203125,1292.817138671875,0.07689322531223297,1909.7581787109375,1295.2884521484375,0.2091023176908493,1887.86962890625,1288.2276611328125,0.27054762840270996,1874.4541015625,1296.3475341796875,0.2644433379173279,1868.099365234375,1305.173583984375,0.2721697688102722,1901.28515625,1311.5283203125,0.24504198133945465,1871.9827880859375,1314.3526611328125,0.2627829313278198,1859.62646484375,1325.296875,0.25847500562667847,1850.4473876953125,1336.9471435546875,0.3605295419692993,1899.52001953125,1327.4151611328125,0.2610788941383362,1875.8663330078125,1333.7698974609375,0.27664148807525635,1859.2734375,1342.2427978515625,0.24985386431217194,1845.85791015625,1352.48095703125,0.30496037006378174,1901.9913330078125,1346.126220703125,0.2452051341533661,1882.5740966796875,1351.421875,0.2958879768848419,1864.9219970703125,1356.7174072265625,0.3383530378341675,1848.3291015625,1362.7191162109375,0.4210735857486725
DJI_20260917132858_0080_D.JPG,Cam 6,16,SWASTIKAPADAM,INCORRECT,OVERCROSSING_SHINS,LEFT,rtmw_l_wholebody,coco_wholebody_133,OK,339.75,153.15,1,1,2126.18115234375,794.6611328125,0.9816792011260986,2113.69482421875,757.202880859375,1.052276849746704,2107.4521484375,763.44580078125,0.9750027656555176,2113.69482421875,757.202880859375,1.0438158512115479,2094.9658203125,757.202880859375,1.0600382089614868,2088.722900390625,757.202880859375,1.008592128753662,2082.479736328125,757.202880859375,1.03664231300354,2026.29248046875,788.418212890625,0.8593716621398926,1995.0771484375,788.418212890625,0.9402062892913818,2119.93798828125,838.362548828125,0.9986043572425842,2101.208984375,832.119384765625,1.0143097639083862,2020.04931640625,988.195556640625,0.7802203893661499,1945.1328125,988.195556640625,0.8594250679016113,2032.535400390625,1244.160400390625,0.6160233020782471,1945.1328125,1212.945068359375,0.6527634859085083,1988.833984375,1512.611572265625,0.7619466185569763,1970.10498046875,1518.8544921875,0.7825771570205688,1963.86181640625,1862.22216796875,0.7482919692993164,2113.69482421875,1912.16650390625,0.8613818883895874,1745.355224609375,2143.1591796875,0.7582262754440308,1945.1328125,2155.645263671875,0.7989276051521301,1714.139892578125,2186.860595703125,0.7299841642379761,1920.16064453125,2168.13134765625,0.7715305685997009,1714.139892578125,2305.478515625,0.726509153842926,2051.2646484375,2299.2353515625,0.7815163135528564,1956.8193359375,1323.19482421875,0.2385016530752182,1942.00439453125,1311.672119140625,0.21533897519111633,1931.46923828125,1301.466064453125,0.2012028694152832,1922.580078125,1296.198486328125,0.15535663068294525,1898.217529296875,1297.186279296875,0.10953812301158905,1915.008056640625,1293.235595703125,0.24246235191822052,1891.303955078125,1285.334228515625,0.25599318742752075,1876.81787109375,1291.918701171875,0.2491658329963684,1869.574951171875,1302.12451171875,0.3252723217010498,1903.156005859375,1309.038330078125,0.26057183742523193,1873.196533203125,1312.65966796875,0.2626737356185913,1859.369140625,1322.536376953125,0.2563081979751587,1851.138427734375,1334.059326171875,0.34690290689468384,1901.509765625,1325.17041015625,0.22883731126785278,1874.513427734375,1331.096435546875,0.3012131452560425,1859.039794921875,1340.643798828125,0.26391783356666565,1848.504638671875,1350.19140625,0.3230602741241455,1906.118896484375,1343.277587890625,0.26338356733322144,1885.048583984375,1348.87451171875,0.2959020733833313,1867.2705078125,1354.800537109375,0.3227233290672302,1851.138427734375,1361.0556640625,0.3440290093421936,1969.642333984375,1324.6341552734375,0.26496821641921997,1948.2427978515625,1311.2593994140625,0.22549791634082794,1937.008056640625,1298.687255859375,0.17937716841697693,1923.3658447265625,1291.732421875,0.11560484766960144,1897.6864013671875,1287.719970703125,0.07725662738084793,1914.8060302734375,1291.732421875,0.24373936653137207,1888.5916748046875,1285.5799560546875,0.2920783460140228,1876.0194091796875,1294.1397705078125,0.3007146716117859,1870.134521484375,1303.5020751953125,0.3082391023635864,1905.4437255859375,1307.2470703125,0.22297966480255127,1873.6119384765625,1312.3294677734375,0.31859421730041504,1860.2373046875,1321.4241943359375,0.2798404395580292,1850.3399658203125,1332.926513671875,0.3933946490287781,1904.6412353515625,1323.564208984375,0.24060028791427612,1875.2169189453125,1331.5889892578125,0.35918110609054565,1859.7022705078125,1340.1488037109375,0.3048444390296936,1849.0025634765625,1351.1160888671875,0.43060582876205444,1907.8511962890625,1342.021240234375,0.25764691829681396,1885.649169921875,1348.7086181640625,0.35678327083587646,1867.99462890625,1354.0584716796875,0.36418986320495605,1850.875,1360.2108154296875,0.4048253893852234
DJI_20260917132930_0081_D.JPG,Cam 6,17,SWASTIKAPADAM,INCORRECT,INSUFFICIENT_ARAMANDI,RIGHT,rtmw_l_wholebody,coco_wholebody_133,OK,416.64,164.02,1,1,2108.91259765625,790.4056396484375,0.9931868314743042,2096.71630859375,759.9156494140625,1.0247268676757812,2090.61865234375,753.8177490234375,0.9759867191314697,2096.71630859375,753.8177490234375,1.0265740156173706,2090.61865234375,759.9156494140625,1.032576560974121,2084.5205078125,759.9156494140625,1.0041260719299316,2078.42236328125,759.9156494140625,1.0080375671386719,2029.6387939453125,784.3077392578125,0.9139573574066162,2011.3448486328125,784.3077392578125,0.9778523445129395,2102.814453125,826.9932861328125,1.01735258102417,2090.61865234375,820.8953857421875,1.024967908859253,2005.2471923828125,973.3443603515625,0.8006060123443604,1938.1695556640625,961.1485595703125,0.8441680669784546,2005.2471923828125,1229.4586181640625,0.7066538333892822,1932.0714111328125,1217.2628173828125,0.695698618888855,1980.8551025390625,1412.3975830078125,0.7555788159370422,1944.2674560546875,1424.5933837890625,0.7781510949134827,1993.0511474609375,1766.0792236328125,0.7534857988357544,2066.2265625,1772.1773681640625,0.888633131980896,1919.8756103515625,2077.0751953125,0.8333076238632202,1840.6021728515625,1997.8018798828125,0.8106778860092163,1883.2877197265625,2131.95703125,0.7788655161857605,1785.7205810546875,2034.3897705078125,0.823887825012207,2054.03076171875,2138.0546875,0.7917895317077637,1883.2877197265625,2107.56494140625,0.7317605018615723,1943.885009765625,1264.669189453125,0.4486672878265381,1929.173095703125,1272.025146484375,0.4347352385520935,1915.687255859375,1298.9970703125,0.36420509219169617,1897.29736328125,1305.126953125,0.35872310400009155,1888.71533203125,1303.90087890625,0.36066246032714844,1913.2353515625,1269.5732421875,0.5081976652145386,1878.907470703125,1281.8330078125,0.49071162939071655,1864.195556640625,1287.963134765625,0.47934743762016296,1864.195556640625,1301.448974609375,0.43248987197875977,1915.687255859375,1258.5390625,0.5648620128631592,1872.77734375,1272.025146484375,0.5297785401344299,1861.743408203125,1286.737060546875,0.5224078893661499,1854.387451171875,1302.675048828125,0.5616246461868286,1915.687255859375,1258.5390625,0.5964950323104858,1881.359375,1269.5732421875,0.59339439868927,1867.87353515625,1287.963134765625,0.5472176671028137,1858.0654296875,1301.448974609375,0.5420491099357605,1915.687255859375,1262.217041015625,0.5677374601364136,1889.94140625,1281.8330078125,0.5066860914230347,1876.455322265625,1290.4150390625,0.5124000906944275,1869.099365234375,1305.126953125,0.5428381562232971,1983.7723388671875,1229.319580078125,0.29800909757614136,1983.7723388671875,1229.319580078125,0.3264000713825226,1983.7723388671875,1229.319580078125,0.34400519728660583,1983.7723388671875,1229.319580078125,0.3839108943939209,1983.7723388671875,1229.319580078125,0.3763488531112671,1983.7723388671875,1229.319580078125,0.29697996377944946,1983.7723388671875,1229.319580078125,0.31789422035217285,1983.7723388671875,1229.319580078125,0.3391605615615845,1983.7723388671875,1229.319580078125,0.3477257192134857,1983.7723388671875,1229.319580078125,0.28496259450912476,1983.7723388671875,1229.319580078125,0.30817341804504395,1983.7723388671875,1229.319580078125,0.3325127363204956,1983.7723388671875,1229.319580078125,0.32209277153015137,1983.7723388671875,1229.319580078125,0.2726878523826599,1983.7723388671875,1229.319580078125,0.2783620357513428,1983.7723388671875,1229.319580078125,0.3398849070072174,1983.7723388671875,1229.319580078125,0.3660413920879364,1983.7723388671875,1229.319580078125,0.279430091381073,1983.7723388671875,1229.319580078125,0.3483283519744873,1983.7723388671875,1229.319580078125,0.3465774655342102,1983.7723388671875,1229.319580078125,0.32950443029403687
DJI_20260917132932_0082_D.JPG,Cam 6,17,SWASTIKAPADAM,INCORRECT,INSUFFICIENT_ARAMANDI,RIGHT,rtmw_l_wholebody,coco_wholebody_133,OK,350.04,169.63,1,1,2112.5166015625,788.057861328125,1.0008903741836548,2100.33203125,757.59619140625,1.0290501117706299,2094.23974609375,751.50390625,0.9809553623199463,2100.33203125,751.50390625,1.0335586071014404,2094.23974609375,757.59619140625,1.0371936559677124,2088.1474609375,757.59619140625,1.0112297534942627,2082.05517578125,757.59619140625,1.015126347541809,2033.316650390625,781.965576171875,0.9151782989501953,2015.039794921875,781.965576171875,0.9833018779754639,2106.42431640625,824.61181640625,1.025752067565918,2094.23974609375,818.519287109375,1.0293502807617188,2008.947265625,964.73486328125,0.8010931015014648,1948.0244140625,964.73486328125,0.8457932472229004,1972.3935546875,1232.79638671875,0.7100057601928711,1917.56298828125,1232.79638671875,0.7056233882904053,1978.48583984375,1415.5654296875,0.7683629393577576,1954.11669921875,1427.75,0.7878174781799316,1990.67041015625,1756.73486328125,0.7445187568664551,2075.962890625,1768.91943359375,0.9139068126678467,1923.6552734375,2073.53466796875,0.8654409050941467,1838.36279296875,2012.61181640625,0.8678781986236572,1899.285888671875,2128.36572265625,0.8045656681060791,1777.439697265625,2067.4423828125,0.8580470085144043,2045.501220703125,2110.0888671875,0.8389532566070557,1923.6552734375,2128.36572265625,0.7460181713104248,1904.3682861328125,1677.656982421875,0.44754770398139954,1904.3682861328125,1677.656982421875,0.4340139627456665,1904.3682861328125,1677.656982421875,0.42997345328330994,1904.3682861328125,1677.656982421875,0.4440469741821289,1904.3682861328125,1677.656982421875,0.43624597787857056,1904.3682861328125,1677.656982421875,0.42495667934417725,1904.3682861328125,1677.656982421875,0.43582549691200256,1904.3682861328125,1677.656982421875,0.43435534834861755,1904.3682861328125,1677.656982421875,0.4375355839729309,1904.3682861328125,1677.656982421875,0.4265662431716919,1904.3682861328125,1677.656982421875,0.44750887155532837,1904.3682861328125,1677.656982421875,0.4440281093120575,1904.3682861328125,1677.656982421875,0.4144130349159241,1904.3682861328125,1677.656982421875,0.4218357801437378,1904.3682861328125,1677.656982421875,0.41616374254226685,1904.3682861328125,1677.656982421875,0.45493125915527344,1904.3682861328125,1677.656982421875,0.4598446488380432,1904.3682861328125,1677.656982421875,0.417081743478775,1904.3682861328125,1677.656982421875,0.45947062969207764,1904.3682861328125,1677.656982421875,0.45702117681503296,1904.3682861328125,1677.656982421875,0.42530569434165955,1715.944580078125,1822.93505859375,0.3934434652328491,1715.944580078125,1822.93505859375,0.3394819498062134,1715.944580078125,1822.93505859375,0.3435973525047302,1715.944580078125,1822.93505859375,0.37114977836608887,1715.944580078125,1822.93505859375,0.32530561089515686,1715.944580078125,1822.93505859375,0.3725978434085846,1715.944580078125,1822.93505859375,0.37200504541397095,1715.944580078125,1822.93505859375,0.36378583312034607,1715.944580078125,1822.93505859375,0.3169417679309845,1715.944580078125,1822.93505859375,0.3699309229850769,1715.944580078125,1822.93505859375,0.3662489056587219,1715.944580078125,1822.93505859375,0.35332512855529785,1715.944580078125,1822.93505859375,0.27594900131225586,1715.944580078125,1822.93505859375,0.3760814070701599,1715.944580078125,1822.93505859375,0.34174206852912903,1715.944580078125,1822.93505859375,0.38266265392303467,1715.944580078125,1822.93505859375,0.36507031321525574,1715.944580078125,1822.93505859375,0.36491620540618896,1715.944580078125,1822.93505859375,0.38804835081100464,1715.944580078125,1822.93505859375,0.3872526288032532,1715.944580078125,1822.93505859375,0.31365904211997986
DJI_20260917132940_0083_D.JPG,Cam 6,18,SWASTIKAPADAM,INCORRECT,INSUFFICIENT_ARAMANDI,LEFT,rtmw_l_wholebody,coco_wholebody_133,OK,394.55,164.4,1,1,2157.28857421875,746.356689453125,0.9723854660987854,2144.49169921875,707.9658203125,1.0337690114974976,2144.49169921875,707.9658203125,0.9526082873344421,2150.89013671875,707.9658203125,1.0338056087493896,2138.09326171875,707.9658203125,1.0412607192993164,2131.69482421875,707.9658203125,0.9880101680755615,2125.29638671875,707.9658203125,1.0179417133331299,2061.3115234375,733.559814453125,0.8543091416358948,2042.1160888671875,727.161376953125,0.9404645562171936,2150.89013671875,784.74755859375,1.0071967840194702,2138.09326171875,784.74755859375,1.0209274291992188,2029.3192138671875,925.513671875,0.7616088390350342,1990.9285888671875,919.115234375,0.8214342594146729,2003.7254638671875,1187.850830078125,0.6553468704223633,1958.9364013671875,1162.2568359375,0.6984661221504211,2022.9207763671875,1443.78955078125,0.7275954484939575,1984.5301513671875,1443.78955078125,0.7541580200195312,2035.7178955078125,1814.900390625,0.73175048828125,2086.90576171875,1827.697509765625,0.8495891690254211,1850.1624755859375,2115.62841796875,0.8060911893844604,1939.7408447265625,2166.81640625,0.8224788904190063,1792.5760498046875,2154.01904296875,0.7989007234573364,1888.5531005859375,2205.20703125,0.7807067036628723,1882.1546630859375,2262.79296875,0.6629430055618286,2067.71044921875,2275.59033203125,0.8449681997299194,2011.06396484375,1263.8623046875,0.2073153555393219,1993.138671875,1248.804931640625,0.20549660921096802,1975.57177734375,1241.2763671875,0.15693554282188416,1945.45703125,1251.673095703125,0.08763915300369263,1942.23046875,1253.465576171875,0.05602550506591797,1945.8155517578125,1236.2572021484375,0.30600643157958984,1920.0029296875,1237.332763671875,0.4150533080101013,1904.2286376953125,1247.012451171875,0.3479752540588379,1896.3414306640625,1257.7677001953125,0.3015763759613037,1936.8529052734375,1255.97509765625,0.2786283493041992,1904.9456787109375,1265.29638671875,0.3868725299835205,1885.9447021484375,1282.146240234375,0.38688820600509644,1870.887451171875,1296.486572265625,0.5408076047897339,1938.6453857421875,1272.1080322265625,0.2883233428001404,1912.474365234375,1282.5047607421875,0.45813503861427307,1892.039306640625,1298.6375732421875,0.4118557870388031,1876.62353515625,1315.12890625,0.5740625858306885,1947.608154296875,1289.31640625,0.3067737817764282,1926.09765625,1299.713134765625,0.4420933723449707,1908.53076171875,1308.67578125,0.4264388382434845,1893.1148681640625,1318.35546875,0.39329904317855835,1986.70703125,1266.3115234375,0.32047903537750244,1974.18017578125,1255.1767578125,0.24942761659622192,1959.101806640625,1245.201904296875,0.14934435486793518,1932.65673828125,1245.665771484375,0.07856738567352295,1922.2177734375,1247.28955078125,0.08079171180725098,1948.198974609375,1235.9228515625,0.32088059186935425,1919.2021484375,1237.082763671875,0.3352974057197571,1904.819580078125,1247.753662109375,0.32516005635261536,1868.16748046875,1257.96044921875,0.26669809222221375,1937.296142578125,1255.1767578125,0.23006942868232727,1905.051513671875,1263.760009765625,0.36512666940689087,1886.26171875,1282.0859375,0.3210873007774353,1868.16748046875,1306.21142578125,0.39648789167404175,1940.311767578125,1270.951171875,0.2712019681930542,1911.77880859375,1282.781982421875,0.3817792534828186,1893.220947265625,1298.7880859375,0.3751000165939331,1876.28662109375,1313.634521484375,0.3954280614852905,1949.35888671875,1288.813232421875,0.29992300271987915,1927.08935546875,1297.396240234375,0.32904672622680664,1907.603271484375,1308.299072265625,0.3552508056163788,1893.220947265625,1320.1298828125,0.41577044129371643
DJI_20260917132942_0084_D.JPG,Cam 6,18,SWASTIKAPADAM,INCORRECT,INSUFFICIENT_ARAMANDI,LEFT,rtmw_l_wholebody,coco_wholebody_133,OK,367.43,156.09,1,1,2217.51806640625,782.853515625,0.9685940742492676,2217.51806640625,744.676025390625,1.0191030502319336,2211.1552734375,744.676025390625,0.956305742263794,2217.51806640625,744.676025390625,1.0232994556427002,2204.79248046875,738.31298828125,1.0353126525878906,2204.79248046875,738.31298828125,0.9782005548477173,2198.42919921875,731.9501953125,1.0170245170593262,2134.7998046875,738.31298828125,0.8572379946708679,2109.34814453125,725.58740234375,0.9632883071899414,2198.42919921875,814.668212890625,0.9729335308074951,2185.70361328125,801.9423828125,0.990480899810791,2064.8076171875,929.200927734375,0.7694222927093506,2007.5413818359375,910.1123046875,0.8514624834060669,1963.0008544921875,1183.71826171875,0.6786006689071655,1950.2750244140625,1170.9921875,0.7241907119750977,2020.2672119140625,1438.2353515625,0.7630963325500488,1956.6380615234375,1444.59814453125,0.7985332012176514,2039.3558349609375,1807.28515625,0.7695412635803223,2077.53369140625,1807.28515625,0.8842198252677917,1848.4681396484375,2087.25390625,0.8145740032196045,1943.9119873046875,2157.24609375,0.8367182016372681,1797.5648193359375,2119.068603515625,0.7997113466262817,1899.3714599609375,2195.423828125,0.7828456163406372,1835.7423095703125,2259.052978515625,0.697900116443634,2077.53369140625,2278.141845703125,0.8491113185882568,2004.778564453125,1189.84423828125,0.29360103607177734,1981.12255859375,1189.84423828125,0.3076243996620178,1956.48095703125,1189.84423828125,0.28748819231987,1942.681640625,1189.84423828125,0.2936970293521881,1934.79638671875,1189.84423828125,0.28538763523101807,1954.509765625,1189.84423828125,0.3904011845588684,1927.896728515625,1244.0556640625,0.3581026792526245,1896.35546875,1253.912353515625,0.3372912108898163,1879.59912109375,1189.84423828125,0.3064250349998474,1956.48095703125,1244.0556640625,0.4424658715724945,1915.0830078125,1257.85498046875,0.43204134702682495,1884.527587890625,1275.596923828125,0.47812604904174805,1870.728271484375,1292.353271484375,0.5278040170669556,1959.43798828125,1259.826416015625,0.4712314307689667,1921.982666015625,1276.58251953125,0.47074344754219055,1896.35546875,1290.3818359375,0.47707125544548035,1879.59912109375,1305.1669921875,0.4808190166950226,1961.4091796875,1284.468017578125,0.4285261034965515,1936.767578125,1293.3388671875,0.4172826111316681,1917.054443359375,1301.22412109375,0.39491981267929077,1900.298095703125,1310.09521484375,0.3768157660961151,2043.68310546875,1280.31689453125,0.32286205887794495,2043.68310546875,1280.31689453125,0.33861488103866577,2043.68310546875,1280.31689453125,0.35494911670684814,2043.68310546875,1280.31689453125,0.3415820598602295,2043.68310546875,1280.31689453125,0.3003034293651581,2043.68310546875,1280.31689453125,0.3468654751777649,2043.68310546875,1280.31689453125,0.29829710721969604,1895.70751953125,1280.31689453125,0.3241948187351227,1878.97216796875,1303.2178955078125,0.34842613339424133,1593.5908203125,1280.31689453125,0.3021777272224426,1895.70751953125,1280.31689453125,0.29066506028175354,1882.495361328125,1280.31689453125,0.3612785339355469,1873.687255859375,1303.2178955078125,0.3964524269104004,2043.68310546875,1280.31689453125,0.3009917140007019,1909.800537109375,1280.31689453125,0.30472254753112793,1892.184326171875,1280.31689453125,0.39816486835479736,1876.329833984375,1304.9794921875,0.3910011053085327,2043.68310546875,1280.31689453125,0.32054105401039124,1942.390380859375,1280.31689453125,0.30196326971054077,1909.800537109375,1280.31689453125,0.3532147705554962,1893.946044921875,1311.1451416015625,0.35266995429992676
DJI_20260917133337_0085_D.JPG,Cam 6,19,PATAKA,INCORRECT,ELBOWS_NOT_ALIGNED,,rtmw_l_wholebody,coco_wholebody_133,OK,417.19,143.31,1,1,2062.099853515625,735.51513671875,0.9750542640686035,2049.356201171875,697.283935546875,1.0082463026046753,2049.356201171875,697.283935546875,0.9685170650482178,2055.72802734375,697.283935546875,1.0193928480148315,2036.612548828125,703.65576171875,1.0077524185180664,2030.240478515625,703.65576171875,0.9704054594039917,2017.496826171875,703.65576171875,0.9912251234054565,1966.522216796875,722.771240234375,0.8413839340209961,1934.662841796875,722.771240234375,0.9675402641296387,2055.72802734375,773.74609375,0.989311695098877,2036.612548828125,767.374267578125,0.9828357696533203,1972.89404296875,907.5546875,0.810575008392334,1877.31640625,920.298583984375,0.8774507641792297,1979.265869140625,1168.800537109375,0.6813602447509766,1909.175537109375,1162.4287109375,0.8118934631347656,1960.150146484375,1404.55859375,0.7458783388137817,1909.175537109375,1410.9306640625,0.7846932411193848,1883.688232421875,1786.86962890625,0.7952936887741089,1870.944580078125,1786.86962890625,0.8463292121887207,1877.31640625,2118.205322265625,0.8858546614646912,1851.828857421875,2143.69287109375,0.947988748550415,1813.597900390625,2175.552001953125,0.8279856443405151,1813.597900390625,2194.66748046875,0.90370774269104,2030.240478515625,2194.66748046875,0.8942117691040039,2023.868896484375,2213.783203125,0.8647170066833496,2081.71240234375,953.3011474609375,0.499255895614624,2087.718505859375,932.880859375,0.47406256198883057,2093.123779296875,896.2445068359375,0.41374471783638,2102.1328125,875.2236328125,0.3451634645462036,2113.544189453125,863.812255859375,0.2694297134876251,2091.322021484375,866.815185546875,0.46738648414611816,2097.327880859375,833.7824096679688,0.5258495211601257,2099.73046875,805.5543212890625,0.5496814250946045,2097.327880859375,781.5304565429688,0.5718523859977722,2096.126708984375,865.614013671875,0.4977608919143677,2104.53515625,826.5751953125,0.5792202949523926,2105.1357421875,794.7435913085938,0.6272408962249756,2100.3310546875,770.7197265625,0.6597742438316345,2105.736328125,869.2175903320312,0.49404168128967285,2111.1416015625,834.3829956054688,0.5575840473175049,2111.7421875,806.7554931640625,0.61480712890625,2109.33984375,785.134033203125,0.6071873903274536,2117.147705078125,878.2265625,0.5293238162994385,2120.150634765625,851.19970703125,0.5539613962173462,2118.348876953125,830.7794189453125,0.5850376486778259,2115.345947265625,809.7584838867188,0.6094160079956055,2082.73388671875,956.90380859375,0.5550037622451782,2092.484375,938.099609375,0.5124654769897461,2095.966552734375,903.2769775390625,0.45232778787612915,2107.80615234375,883.7762451171875,0.3828059434890747,2115.46728515625,886.5621337890625,0.2594168484210968,2094.57373046875,869.8472900390625,0.5075450539588928,2098.055908203125,838.5068359375,0.5953383445739746,2100.841796875,809.9522705078125,0.5822649002075195,2098.75244140625,784.8800048828125,0.6026620864868164,2098.055908203125,864.9720458984375,0.5583528280258179,2103.62744140625,828.06005859375,0.6392467617988586,2105.716796875,798.80908203125,0.6495499610900879,2100.841796875,771.6473388671875,0.7005902528762817,2105.716796875,869.8472900390625,0.5675562620162964,2111.28857421875,837.8104248046875,0.6308104991912842,2112.681396484375,811.34521484375,0.6449481248855591,2109.19921875,784.8800048828125,0.6193376779556274,2116.16357421875,880.2940673828125,0.5575752258300781,2120.34228515625,855.2218017578125,0.5609918832778931,2119.64599609375,835.0245361328125,0.5803375840187073,2114.770751953125,813.4345703125,0.5931379795074463
DJI_20260917133339_0086_D.JPG,Cam 6,19,PATAKA,INCORRECT,ELBOWS_NOT_ALIGNED,,rtmw_l_wholebody,coco_wholebody_133,OK,377.63,168.02,1,1,2083.45947265625,718.4342041015625,0.9602572917938232,2064.302734375,686.5064697265625,1.0063507556915283,2064.302734375,686.5064697265625,0.9619544744491577,2070.6884765625,686.5064697265625,1.0194754600524902,2051.53173828125,686.5064697265625,1.0042060613632202,2051.53173828125,686.5064697265625,0.9614734649658203,2038.7603759765625,692.8919677734375,0.9824551939964294,1987.6759033203125,712.0487060546875,0.8513696193695068,1962.1334228515625,712.0487060546875,0.9599179625511169,2077.07373046875,756.7476806640625,0.9837251305580139,2057.9169921875,750.3621826171875,0.9787938594818115,2006.8326416015625,890.8450927734375,0.7961541414260864,1898.2779541015625,903.6160888671875,0.8574548959732056,2006.8326416015625,1146.2679443359375,0.6367847323417664,1923.8199462890625,1139.8824462890625,0.7706621885299683,1987.6759033203125,1376.1488037109375,0.709919810295105,1917.4346923828125,1376.1488037109375,0.749656081199646,1898.2779541015625,1765.6693115234375,0.7478708028793335,1872.7354736328125,1772.0548095703125,0.8274900913238525,1885.5064697265625,2123.26171875,0.8588024377822876,1853.5787353515625,2136.03271484375,0.9499096870422363,1834.4219970703125,2174.34619140625,0.802725076675415,1815.2652587890625,2193.5029296875,0.9155206680297852,2038.7603759765625,2187.11767578125,0.8512263894081116,2032.3748779296875,2206.2744140625,0.8558107614517212,2097.779052734375,946.6201782226562,0.4986858367919922,2103.580322265625,929.2162475585938,0.45936155319213867,2105.900634765625,881.6458129882812,0.34697407484054565,2129.10595703125,865.9822998046875,0.2844378650188446,2083.275634765625,903.1105346679688,0.2543974220752716,2107.06103515625,859.6008911132812,0.5159741044044495,2112.8623046875,830.0143432617188,0.5501044988632202,2115.762939453125,802.748291015625,0.5986121892929077,2114.0224609375,778.9630126953125,0.618625283241272,2114.0224609375,857.2803344726562,0.55757737159729,2120.404052734375,818.9918823242188,0.6448586583137512,2120.404052734375,788.2450561523438,0.7157184481620789,2115.182861328125,763.299560546875,0.7195601463317871,2123.3046875,861.3412475585938,0.5786194205284119,2127.365478515625,827.6937866210938,0.6436160802841187,2127.365478515625,800.4277954101562,0.6961462497711182,2123.884765625,776.6425170898438,0.7000688314437866,2134.9072265625,871.7835693359375,0.566333532333374,2137.227783203125,845.6777954101562,0.591539204120636,2136.6474609375,824.2130126953125,0.633830726146698,2132.006591796875,802.748291015625,0.6833137273788452,2100.06982421875,947.021240234375,0.5936518907546997,2104.7802734375,932.2166748046875,0.5510224103927612,2097.378173828125,912.70166015625,0.449036568403244,2090.648681640625,907.9910888671875,0.35679739713668823,2080.5546875,903.280517578125,0.4337772727012634,2110.836669921875,862.9044189453125,0.5636738538742065,2113.528564453125,832.6224365234375,0.6308008432388306,2116.22021484375,807.0509033203125,0.5971400737762451,2114.201416015625,780.8064575195312,0.5952839851379395,2116.893310546875,855.502197265625,0.6239160299301147,2120.930908203125,819.836669921875,0.7010412812232971,2122.276611328125,791.5733642578125,0.6938039064407349,2116.22021484375,763.3101806640625,0.7238329648971558,2126.314208984375,858.8668212890625,0.6446774005889893,2129.678955078125,827.911865234375,0.702540397644043,2130.351806640625,800.9945068359375,0.7059895992279053,2125.641357421875,774.75,0.6687695980072021,2136.408203125,867.614990234375,0.6128487586975098,2139.10009765625,843.3893432617188,0.6346089243888855,2138.427001953125,822.5283813476562,0.6527754664421082,2133.716552734375,802.34033203125,0.6470894813537598
DJI_20260917133408_0087_D.JPG,Cam 6,20,ALAPADMA,INCORRECT,ELBOWS_NOT_ALIGNED,,rtmw_l_wholebody,coco_wholebody_133,OK,411.01,144.86,1,1,2108.966796875,710.851318359375,0.992011308670044,2089.677001953125,672.271484375,1.0232503414154053,2083.2470703125,672.271484375,1.006096363067627,2089.677001953125,678.701416015625,1.0355761051177979,2076.81689453125,678.701416015625,1.0208163261413574,2076.81689453125,672.271484375,1.0003364086151123,2063.957275390625,678.701416015625,1.0048657655715942,2025.37744140625,697.9912109375,0.8949610590934753,1986.7978515625,697.9912109375,0.9830014705657959,2096.10693359375,749.430908203125,1.0063323974609375,2076.81689453125,749.430908203125,0.9864023327827454,2012.517578125,890.889892578125,0.7903710007667542,1903.20849609375,897.31982421875,0.8447340726852417,2051.09716796875,1083.788330078125,0.6607708930969238,1928.92822265625,1115.938232421875,0.7839111089706421,1967.5078125,1379.566162109375,0.742796778678894,1909.638427734375,1373.13623046875,0.7848300337791443,1909.638427734375,1752.50341796875,0.7600767612457275,1890.3486328125,1752.50341796875,0.8405904173851013,1890.3486328125,2106.150634765625,0.8501609563827515,1871.05859375,2119.010498046875,0.9475166201591492,1838.908935546875,2157.590087890625,0.7971716523170471,1832.47900390625,2176.880126953125,0.8846524953842163,2051.09716796875,2176.880126953125,0.7816652059555054,2051.09716796875,2196.170166015625,0.8159842491149902,2119.05322265625,939.7529296875,0.3255160450935364,2119.05322265625,915.4222412109375,0.3120940923690796,2119.05322265625,893.794921875,0.3115338683128357,2131.489013671875,873.78955078125,0.3535621762275696,2152.034912109375,855.40625,0.4848475158214569,2182.85400390625,895.9576416015625,0.3411633372306824,2227.18994140625,893.254150390625,0.346210777759552,2253.68359375,898.120361328125,0.29360976815223694,2282.88037109375,907.8526611328125,0.31551969051361084,2193.66748046875,892.1728515625,0.270011305809021,2219.079833984375,854.8656005859375,0.26741960644721985,2231.515380859375,829.994140625,0.19560208916664124,2253.68359375,814.85498046875,0.28150758147239685,2193.66748046875,884.0625,0.253060519695282,2219.620361328125,871.6268310546875,0.2311546504497528,2239.0849609375,875.41162109375,0.21237649023532867,2288.287353515625,885.1439208984375,0.20547614991664886,2183.39453125,897.57958984375,0.2598573863506317,2160.145263671875,893.254150390625,0.22502969205379486,2156.901123046875,888.3880615234375,0.24167971312999725,2160.685791015625,803.5006103515625,0.24487122893333435,2102.38623046875,946.1190185546875,0.48330265283584595,2102.38623046875,915.33203125,0.4992879033088684,2111.482421875,895.04052734375,0.5559001564979553,2130.37451171875,870.5509033203125,0.572820782661438,2152.764892578125,857.2564697265625,0.5821120738983154,2183.552001953125,895.04052734375,0.4118196368217468,2222.7353515625,892.24169921875,0.42741817235946655,2252.123046875,898.5390625,0.43185341358184814,2278.011962890625,905.5361328125,0.4200858473777771,2194.747314453125,893.64111328125,0.37013357877731323,2237.42919921875,885.9444580078125,0.3978397846221924,2268.916015625,888.0435791015625,0.4211729168891907,2289.207275390625,892.24169921875,0.42041337490081787,2193.347900390625,878.9473876953125,0.3825210928916931,2217.1376953125,855.8570556640625,0.39089640974998474,2235.330078125,833.466552734375,0.37681716680526733,2253.5224609375,810.3762817382812,0.36414453387260437,2184.951416015625,880.3468017578125,0.3600366711616516,2194.047607421875,869.1514892578125,0.2956579625606537,2158.362548828125,825.070068359375,0.36803776025772095,2159.761962890625,802.6795654296875,0.462597131729126
DJI_20260917133411_0088_D.JPG,Cam 6,20,ALAPADMA,INCORRECT,ELBOWS_NOT_ALIGNED,,rtmw_l_wholebody,coco_wholebody_133,OK,386.93,154.56,1,1,2073.3662109375,698.4117431640625,0.9899002313613892,2060.42724609375,659.5950927734375,1.0262869596481323,2053.9580078125,659.5950927734375,1.0100454092025757,2060.42724609375,659.5950927734375,1.0428683757781982,2047.4884033203125,659.5950927734375,1.0290119647979736,2041.0191650390625,653.1256103515625,1.0025392770767212,2034.5494384765625,653.1256103515625,1.013768196105957,1989.2633056640625,679.0035400390625,0.887326717376709,1950.4464111328125,672.5340576171875,0.9841896891593933,2060.42724609375,737.2286376953125,1.0097277164459229,2041.0191650390625,730.7591552734375,1.0019971132278442,1976.3243408203125,886.0264892578125,0.7983043193817139,1866.3433837890625,879.5570068359375,0.8705614805221558,2015.1412353515625,1099.5186767578125,0.6677534580230713,1911.6297607421875,1093.0494384765625,0.8450828790664673,1950.4464111328125,1371.2364501953125,0.7648118734359741,1892.2213134765625,1371.2364501953125,0.8199125528335571,1892.2213134765625,1746.4654541015625,0.8099702596664429,1879.2823486328125,1746.4654541015625,0.8857907056808472,1872.8131103515625,2095.81689453125,0.8645576238632202,1866.3433837890625,2108.755859375,1.0040818452835083,1827.5267333984375,2141.10302734375,0.8166924715042114,1833.9962158203125,2160.51123046875,0.9246759414672852,2041.0191650390625,2154.0419921875,0.8072851896286011,2047.4884033203125,2173.4501953125,0.8416710495948792,2082.2998046875,928.2227172851562,0.31159311532974243,2067.516357421875,900.2985229492188,0.27653416991233826,2085.5849609375,871.279296875,0.36300522089004517,2100.368408203125,854.853271484375,0.4861469864845276,2117.889404296875,835.14208984375,0.4854205846786499,2155.669189453125,878.397216796875,0.3242034614086151,2194.544189453125,871.8268432617188,0.3258390426635742,2226.301025390625,876.754638671875,0.32206177711486816,2250.93994140625,885.5151977539062,0.3461131453514099,2164.4296875,880.0398559570312,0.27925848960876465,2202.20947265625,865.2564086914062,0.25044187903404236,2233.966552734375,863.6138305664062,0.300076425075531,2256.962890625,866.3515014648438,0.3010067939758301,2162.23974609375,862.5187377929688,0.27771738171577454,2180.30810546875,839.5223388671875,0.2912023663520813,2198.376953125,814.8833618164062,0.27552738785743713,2231.7763671875,794.0770874023438,0.2264115959405899,2150.19384765625,865.803955078125,0.2532661557197571,2148.55126953125,849.9254760742188,0.2539004683494568,2126.64990234375,857.5909423828125,0.27868491411209106,2126.1025390625,784.76904296875,0.279620885848999,2073.90966796875,927.0227661132812,0.4688487648963928,2073.90966796875,896.3429565429688,0.48635101318359375,2082.772705078125,874.5260620117188,0.5414600372314453,2100.4990234375,851.3457641601562,0.5335659384727478,2120.2705078125,836.3466796875,0.5318114757537842,2150.2685546875,877.9349975585938,0.3749898076057434,2190.493408203125,873.8442993164062,0.4131791293621063,2219.8095703125,878.6167602539062,0.40664851665496826,2242.989990234375,886.1162719726562,0.41076529026031494,2162.54052734375,873.1625366210938,0.3582445979118347,2204.12890625,864.9812622070312,0.3844679594039917,2235.490478515625,867.7083129882812,0.39464929699897766,2257.307373046875,867.7083129882812,0.404004842042923,2160.4951171875,858.8452758789062,0.3717561662197113,2185.720947265625,837.0284423828125,0.37546199560165405,2203.447021484375,814.5298461914062,0.3740699291229248,2219.8095703125,869.7536010742188,0.3339654505252838,2151.632080078125,859.5270385742188,0.32889071106910706,2138.678466796875,856.7999877929688,0.2686757445335388,2127.77001953125,804.9849853515625,0.45004919171333313,2129.815185546875,784.53173828125,0.5900473594665527
DJI_20260917133439_0089_D.JPG,Cam 6,21,ALAPADMA,CORRECT,,,rtmw_l_wholebody,coco_wholebody_133,OK,380.86,193.71,1,1,2057.4404296875,723.5272216796875,1.002484679222107,2044.701416015625,691.6798095703125,1.0222123861312866,2038.332275390625,691.6798095703125,1.005245566368103,2044.701416015625,691.6798095703125,1.0425974130630493,2031.962646484375,691.6798095703125,1.0153663158416748,2025.593017578125,691.6798095703125,0.9915841221809387,2019.223876953125,691.6798095703125,0.998479425907135,1974.637451171875,710.7882080078125,0.9095180034637451,1942.790283203125,710.7882080078125,1.0033050775527954,2044.701416015625,761.7437744140625,1.0252361297607422,2031.962646484375,755.3743896484375,0.9934041500091553,1955.529296875,895.5023193359375,0.773219108581543,1898.204345703125,889.1326904296875,0.8022298812866211,2051.071044921875,1073.8470458984375,0.6894018650054932,2031.962646484375,1003.7830810546875,0.6898759603500366,1955.529296875,1373.2113037109375,0.7212699055671692,1917.3125,1373.2113037109375,0.7868584394454956,1904.573486328125,1761.7479248046875,0.7740252017974854,1891.834716796875,1761.7479248046875,0.8577418327331543,1885.465087890625,2112.06787109375,0.87677001953125,1872.726318359375,2131.17626953125,0.9741083383560181,1847.24853515625,2156.65380859375,0.8263522982597351,1834.509521484375,2188.5009765625,0.9190171957015991,2057.4404296875,2169.392578125,0.8653672933578491,2057.4404296875,2201.240234375,0.8561973571777344,2185.769287109375,1029.0936279296875,0.29212042689323425,2214.436279296875,993.1641845703125,0.3453676402568817,2245.0146484375,970.61279296875,0.49939125776290894,2275.974853515625,959.14599609375,0.5810413360595703,2303.113037109375,950.737060546875,0.8156958818435669,2271.006103515625,1015.7156982421875,0.36285996437072754,2296.23291015625,1030.62255859375,0.4872061014175415,2311.522216796875,1042.4715576171875,0.6229410171508789,2326.428955078125,1057.7606201171875,0.808537483215332,2254.5703125,1022.9779052734375,0.373409241437912,2274.828369140625,1013.8045654296875,0.21196210384368896,2282.472900390625,1011.5111083984375,0.15051552653312683,2299.290771484375,985.5196533203125,0.13395608961582184,2243.485595703125,1033.6802978515625,0.41857630014419556,2246.54345703125,1024.1246337890625,0.26177382469177246,2236.98779296875,1013.0400390625,0.19536694884300232,2217.494140625,981.6973876953125,0.13922497630119324,2238.5166015625,1049.3516845703125,0.4134063720703125,2254.5703125,1052.409423828125,0.35804152488708496,2265.65478515625,1055.8494873046875,0.36107170581817627,2278.268310546875,1063.8763427734375,0.39788585901260376,2183.171875,1007.0770874023438,0.378466933965683,2209.623046875,990.7654418945312,0.3719271123409271,2243.56884765625,970.0453491210938,0.4559056758880615,2274.86962890625,959.9055786132812,0.6216261386871338,2303.966064453125,950.6476440429688,0.8364019393920898,2269.579345703125,1014.5715942382812,0.45517265796661377,2296.912353515625,1030.4425048828125,0.5651627779006958,2311.46044921875,1042.3455810546875,0.6773931384086609,2325.56787109375,1057.3345947265625,0.8060179948806763,2254.59033203125,1025.593017578125,0.44320839643478394,2269.579345703125,1005.7545776367188,0.30068981647491455,2240.0419921875,989.8837280273438,0.17246881127357483,2218.881103515625,986.3568725585938,0.16828599572181702,2242.687255859375,1035.732666015625,0.4415763020515442,2240.923828125,1019.4209594726562,0.289156436920166,2229.90234375,1004.4319458007812,0.2455350160598755,2216.6767578125,966.0775756835938,0.19890055060386658,2231.224853515625,1046.313232421875,0.40746602416038513,2252.385986328125,1051.603515625,0.3517296016216278,2265.611572265625,1055.5711669921875,0.44615253806114197,2278.837158203125,1060.4205322265625,0.46464991569519043
DJI_20260917133441_0090_D.JPG,Cam 6,21,ALAPADMA,CORRECT,,,rtmw_l_wholebody,coco_wholebody_133,OK,387.2,181.57,1,1,2060.86083984375,738.1641845703125,1.0030678510665894,2048.17431640625,700.1051025390625,1.0297443866729736,2041.8309326171875,700.1051025390625,1.0054433345794678,2048.17431640625,700.1051025390625,1.0471619367599487,2035.4876708984375,700.1051025390625,1.019420862197876,2029.1446533203125,700.1051025390625,0.9918454885482788,2022.8013916015625,700.1051025390625,1.0044375658035278,1978.3992919921875,712.7913818359375,0.9086309671401978,1946.6832275390625,719.1346435546875,1.0044623613357544,2048.17431640625,769.8800048828125,1.0281316041946411,2035.4876708984375,763.5369873046875,0.9967519044876099,1959.3695068359375,915.7735595703125,0.7744719982147217,1902.2808837890625,909.4302978515625,0.8116903305053711,2035.4876708984375,1080.6964111328125,0.698845386505127,2022.8013916015625,1010.9212646484375,0.7192305326461792,1959.3695068359375,1385.1695556640625,0.7428803443908691,1921.3104248046875,1385.1695556640625,0.8019863963127136,1902.2808837890625,1765.7608642578125,0.7931773662567139,1889.5946044921875,1765.7608642578125,0.8634838461875916,1895.9376220703125,2108.29296875,0.8939543962478638,1870.5648193359375,2133.66552734375,0.9881001114845276,1851.5352783203125,2159.0380859375,0.841533899307251,1832.5057373046875,2190.75439453125,0.9292709231376648,2054.517578125,2178.06787109375,0.8576400279998779,2054.517578125,2203.4404296875,0.8410766124725342,2162.79541015625,1037.095703125,0.3284011483192444,2212.796875,998.8832397460938,0.4334516227245331,2242.472412109375,973.2727661132812,0.5209920406341553,2274.99365234375,963.1099243164062,0.5638335943222046,2302.63671875,954.9795532226562,0.8461604118347168,2270.115478515625,1016.7699584960938,0.43971148133277893,2296.13232421875,1033.4371337890625,0.4938226044178009,2312.799560546875,1044.4129638671875,0.592759370803833,2325.80810546875,1059.047607421875,0.7649352550506592,2255.074462890625,1027.745849609375,0.39355435967445374,2273.36767578125,1016.7699584960938,0.2523939609527588,2284.343505859375,1016.3633422851562,0.1928791105747223,2296.5390625,933.4342651367188,0.1699434518814087,2242.472412109375,1038.3153076171875,0.41785043478012085,2250.602783203125,1029.3719482421875,0.26450321078300476,2238.4072265625,1018.3959350585938,0.187654510140419,2235.155029296875,1025.3067626953125,0.106862872838974,2232.3095703125,1056.201904296875,0.40833580493927,2253.4482421875,1055.388916015625,0.3686292767524719,2267.269775390625,1058.6409912109375,0.3356202244758606,2281.09130859375,1064.73876953125,0.40057480335235596,2188.5888671875,1017.8643798828125,0.37048444151878357,2212.68701171875,993.7662353515625,0.4180763363838196,2243.97216796875,974.3184814453125,0.5039686560630798,2275.6806640625,962.4808349609375,0.6073340177536011,2303.58349609375,954.447998046875,0.8146190643310547,2268.916015625,1017.8643798828125,0.43600156903266907,2296.396484375,1032.6614990234375,0.5464907288551331,2312.884765625,1045.767578125,0.6625337600708008,2325.56787109375,1060.987548828125,0.7579553127288818,2253.6962890625,1032.23876953125,0.4424448013305664,2269.76171875,1014.482177734375,0.264820396900177,2280.3310546875,995.457275390625,0.2013053596019745,2221.5654296875,973.472900390625,0.14331954717636108,2239.32177734375,1041.539794921875,0.4496919512748718,2249.04541015625,1034.775390625,0.2450852394104004,2227.48388671875,993.7662353515625,0.154621422290802,2214.3779296875,956.9847412109375,0.22457018494606018,2227.48388671875,1052.1092529296875,0.4035891890525818,2206.76806640625,1054.22314453125,0.23293426632881165,2203.80859375,1058.4508056640625,0.2595907747745514,2207.19091796875,1064.79248046875,0.3209393322467804
DJI_20260917133507_0091_D.JPG,Cam 6,22,MUSHTI,CORRECT,,,rtmw_l_wholebody,coco_wholebody_133,OK,404.98,329.63,1,1,2083.888916015625,706.5501708984375,0.9688664674758911,2070.960693359375,667.7655029296875,1.0328242778778076,2064.49658203125,667.7655029296875,0.9932098388671875,2070.960693359375,661.3011474609375,1.0357482433319092,2058.032470703125,667.7655029296875,1.029749870300293,2051.568359375,661.3011474609375,0.9928423166275024,2038.639892578125,661.3011474609375,1.01853609085083,1993.390869140625,680.6937255859375,0.8891841769218445,1961.0703125,680.6937255859375,0.9598443508148193,2070.960693359375,738.8709716796875,1.0010038614273071,2051.568359375,732.4068603515625,1.0047754049301147,1980.462646484375,881.0823974609375,0.7988531589508057,1922.285400390625,874.6180419921875,0.8358078002929688,2174.38720703125,1023.2935791015625,0.6897578239440918,2174.38720703125,971.5804443359375,0.7705134153366089,1980.462646484375,1359.4293212890625,0.7511566877365112,1928.74951171875,1359.4293212890625,0.820033073425293,1915.8212890625,1747.2781982421875,0.8204904198646545,1896.428955078125,1753.7423095703125,0.8846869468688965,1909.357177734375,2076.94970703125,0.9194441437721252,1889.964599609375,2109.2705078125,1.0360853672027588,1877.036376953125,2128.6630859375,0.8636413216590881,1851.179931640625,2160.98388671875,0.959805428981781,2070.960693359375,2148.0556640625,0.8963286876678467,2077.425048828125,2173.912109375,0.8772691488265991,2138.6015625,1031.8385009765625,0.14893943071365356,2156.19970703125,1017.8197021484375,0.16271719336509705,2170.5166015625,1004.9940185546875,0.16027086973190308,2221.819580078125,943.550048828125,0.1983519047498703,2221.819580078125,943.550048828125,0.22552672028541565,2221.819580078125,943.550048828125,0.24309928715229034,2221.819580078125,1001.7130126953125,0.2609095573425293,2221.819580078125,995.151123046875,0.2722257673740387,2221.819580078125,993.9580078125,0.24716292321681976,2221.819580078125,943.550048828125,0.2310713827610016,2221.819580078125,1013.942138671875,0.267997682094574,2201.536865234375,1005.2923583984375,0.32600730657577515,2184.833740234375,999.028564453125,0.3687746226787567,2221.819580078125,1032.13671875,0.24696853756904602,2221.819580078125,1019.9075927734375,0.27868831157684326,2198.8525390625,1009.4681396484375,0.3402317762374878,2183.93896484375,1002.60791015625,0.38631749153137207,2181.85107421875,1043.4710693359375,0.32363462448120117,2207.80078125,1038.4005126953125,0.37061965465545654,2192.29052734375,1023.1885986328125,0.3303864300251007,2181.85107421875,1015.43359375,0.398235023021698,2211.044189453125,961.755126953125,0.2113528549671173,2216.796630859375,941.3021240234375,0.40814337134361267,2207.848388671875,922.7667236328125,0.45824751257896423,2214.452880859375,925.1102294921875,0.37256985902786255,2230.431884765625,932.5670166015625,0.21546214818954468,2267.7158203125,948.7589111328125,0.5916388034820557,2249.393310546875,940.2369384765625,0.44286108016967773,2237.888671875,937.46728515625,0.4149162769317627,2226.596923828125,937.254150390625,0.30727618932724,2264.093994140625,975.8165283203125,0.5146634578704834,2250.458740234375,968.7857666015625,0.3657083511352539,2238.74072265625,963.672607421875,0.3053781986236572,2229.366455078125,963.672607421875,0.22409768402576447,2248.754150390625,995.417236328125,0.5002092123031616,2243.001953125,987.3212890625,0.3724270462989807,2231.283935546875,983.2733154296875,0.2708471417427063,2219.566162109375,980.503662109375,0.21736250817775726,2233.840576171875,1010.330810546875,0.5008466243743896,2231.710205078125,1007.9873046875,0.36760038137435913,2221.2705078125,1000.530517578125,0.3587154746055603,2213.174560546875,996.4825439453125,0.3842162489891052
DJI_20260917133509_0092_D.JPG,Cam 6,22,MUSHTI,CORRECT,,,rtmw_l_wholebody,coco_wholebody_133,OK,393.61,167.8,1,1,2065.8798828125,702.7799072265625,0.9729324579238892,2052.96875,664.0465087890625,1.0372395515441895,2052.96875,664.0465087890625,0.9993329048156738,2059.42431640625,664.0465087890625,1.0392510890960693,2040.0576171875,664.0465087890625,1.0357661247253418,2033.601806640625,657.5909423828125,0.9937678575515747,2027.146240234375,657.5909423828125,1.026792049407959,1975.501708984375,676.9576416015625,0.8742020130157471,1943.2236328125,676.9576416015625,0.958498477935791,2052.96875,735.0579833984375,1.0063813924789429,2033.601806640625,728.6024169921875,1.0136528015136719,1962.590576171875,883.5367431640625,0.7982736825942993,1910.945556640625,870.6253662109375,0.8427587747573853,2182.080322265625,1012.6485595703125,0.6801141500473022,2201.447265625,961.0035400390625,0.7950390577316284,1956.135009765625,1361.2501220703125,0.7604520320892334,1910.945556640625,1354.7945556640625,0.8236575126647949,1891.578857421875,1735.6744384765625,0.820886492729187,1872.212158203125,1748.5855712890625,0.8863927125930786,1885.123291015625,2064.90966796875,0.9156092405319214,1865.756591796875,2097.1875,1.0347627401351929,1852.845458984375,2116.55419921875,0.8744789361953735,1833.478759765625,2148.83251953125,0.9670878648757935,2052.96875,2135.92138671875,0.9008114337921143,2052.96875,2161.74365234375,0.8796353340148926,2176.88330078125,1029.2724609375,0.19243548810482025,2176.88330078125,1027.485107421875,0.1358678638935089,2176.88330078125,991.7398071289062,0.15523509681224823,2176.88330078125,1017.9530639648438,0.19576199352741241,2024.66796875,1002.4633178710938,0.186837837100029,2176.88330078125,934.5473022460938,0.13345162570476532,2176.88330078125,989.6546020507812,0.20564141869544983,2176.88330078125,992.0376586914062,0.24046628177165985,2024.66796875,990.5482788085938,0.22230607271194458,2176.88330078125,1005.1442260742188,0.13832712173461914,2176.88330078125,997.6973266601562,0.22941546142101288,2176.88330078125,994.1227416992188,0.2633700966835022,2024.66796875,990.8461303710938,0.22465945780277252,2176.88330078125,1020.3359985351562,0.17067258059978485,2176.88330078125,1010.5060424804688,0.23385095596313477,2176.88330078125,1000.9739379882812,0.262717604637146,2176.88330078125,993.8248901367188,0.2527879774570465,2176.88330078125,1035.52783203125,0.25589337944984436,2176.88330078125,1022.7190551757812,0.2952117919921875,2176.88330078125,1015.8678588867188,0.29436349868774414,2165.56396484375,1010.8038940429688,0.24971547722816467,2201.260986328125,967.2100830078125,0.15882115066051483,2197.388427734375,938.996826171875,0.22337134182453156,2194.0693359375,916.3155517578125,0.2675167918205261,2196.835205078125,919.08154296875,0.25484269857406616,2223.66552734375,915.7623291015625,0.12694723904132843,2250.495849609375,942.5926513671875,0.3361532688140869,2237.772216796875,934.0179443359375,0.323275089263916,2225.3251953125,930.422119140625,0.3019164800643921,2211.771728515625,929.3157958984375,0.18247047066688538,2247.1767578125,973.0186767578125,0.39541178941726685,2230.02734375,957.8056640625,0.29296180605888367,2221.17626953125,956.14599609375,0.22575163841247559,2208.176025390625,956.975830078125,0.1511981338262558,2237.218994140625,985.7423095703125,0.3722074627876282,2226.708251953125,974.401611328125,0.25971633195877075,2217.580322265625,971.0823974609375,0.2163848578929901,2205.963134765625,969.97607421875,0.1821635365486145,2219.793212890625,1003.7213134765625,0.34584349393844604,2212.324951171875,995.9765625,0.2819114923477173,2208.176025390625,990.1678466796875,0.24136894941329956,2189.92041015625,988.784912109375,0.1825891137123108
DJI_20260917133523_0093_D.JPG,Cam 6,23,KATAKAMUKHA,CORRECT,,,rtmw_l_wholebody,coco_wholebody_133,OK,396.37,180.88,1,1,2076.184326171875,699.3984375,0.9676309823989868,2063.251708984375,660.6005859375,1.030890941619873,2056.78515625,660.6005859375,0.98775315284729,2063.251708984375,660.6005859375,1.0409393310546875,2050.319091796875,660.6005859375,1.0320310592651367,2043.8525390625,660.6005859375,0.9938458204269409,2037.38623046875,660.6005859375,1.0227328538894653,1985.655517578125,679.99951171875,0.8809560537338257,1953.323974609375,686.4658203125,0.9456100463867188,2069.718017578125,731.730224609375,1.001746416091919,2050.319091796875,731.730224609375,1.0032219886779785,1908.0595703125,873.989501953125,0.7939603924751282,1985.655517578125,873.989501953125,0.8104056119918823,2063.251708984375,1055.046630859375,0.6459249258041382,2211.977294921875,996.849853515625,0.8004022240638733,1933.9248046875,1352.498046875,0.728305459022522,1940.391357421875,1352.498046875,0.7806856632232666,1888.660400390625,1740.47802734375,0.7878580093383789,1882.194091796875,1753.41064453125,0.8902946710586548,1875.727783203125,2070.260986328125,0.8752073645591736,1862.795166015625,2115.525390625,1.028959035873413,1849.862548828125,2115.525390625,0.8537994623184204,1823.997314453125,2167.255859375,0.9594449996948242,2037.38623046875,2134.92431640625,0.8863612413406372,2043.8525390625,2193.121337890625,0.903427004814148,2181.801025390625,1068.2879638671875,0.2358989119529724,2174.193603515625,1037.85791015625,0.27504706382751465,2171.75927734375,1024.46875,0.27594995498657227,2181.801025390625,1013.209716796875,0.2697209119796753,2191.538818359375,1007.7322998046875,0.2667902112007141,2171.75927734375,994.95166015625,0.12677331268787384,2175.715087890625,971.824951171875,0.12930919229984283,2175.715087890625,912.790771484375,0.13912329077720642,2190.625732421875,912.790771484375,0.1786310374736786,2190.625732421875,993.7344970703125,0.14677445590496063,2196.103271484375,973.0421142578125,0.1728745549917221,2205.53662109375,912.790771484375,0.19156017899513245,2204.62353515625,912.790771484375,0.19041204452514648,2203.406494140625,997.3861083984375,0.15241876244544983,2208.275146484375,977.910888671875,0.17026066780090332,2215.578369140625,969.69482421875,0.1746012270450592,2218.621337890625,912.790771484375,0.1706392765045166,2215.274169921875,1004.0806884765625,0.15595710277557373,2220.447265625,997.6904296875,0.16365133225917816,2259.3974609375,976.6937255859375,0.17406311631202698,2222.577392578125,975.4765625,0.138879656791687,2240.614013671875,952.245849609375,0.3620079755783081,2232.643310546875,952.245849609375,0.3545013964176178,2226.3134765625,934.4287109375,0.3195032477378845,2219.983642578125,925.989013671875,0.34243708848953247,2219.2802734375,918.0181884765625,0.4357709288597107,2258.19677734375,916.1427001953125,0.28987663984298706,2261.71337890625,897.856689453125,0.2406480759382248,2263.8232421875,876.5230102539062,0.23829054832458496,2264.526611328125,861.28466796875,0.27430903911590576,2258.66552734375,915.9082641601562,0.2929135262966156,2264.760986328125,894.5745849609375,0.25913339853286743,2264.760986328125,876.7574462890625,0.3075888752937317,2264.995361328125,860.5813598632812,0.3402472734451294,2261.010009765625,919.1903686523438,0.27136632800102234,2264.760986328125,899.0288696289062,0.198011577129364,2265.69873046875,881.4461669921875,0.22287264466285706,2265.93310546875,865.7389526367188,0.2624396085739136,2258.66552734375,931.8499145507812,0.2740289270877838,2264.995361328125,918.0181884765625,0.215337336063385,2266.16748046875,900.4354858398438,0.1767614483833313,2266.636474609375,889.1825561523438,0.20036645233631134
DJI_20260917133525_0094_D.JPG,Cam 6,23,KATAKAMUKHA,CORRECT,,,rtmw_l_wholebody,coco_wholebody_133,OK,346.85,163.6,1,1,2081.080810546875,707.80126953125,0.9662398099899292,2061.761962890625,669.16357421875,1.0342751741409302,2055.322265625,669.16357421875,0.9774490594863892,2061.761962890625,669.16357421875,1.0480176210403442,2048.882568359375,675.60302734375,1.024976134300232,2042.443115234375,675.60302734375,0.9792691469192505,2036.003173828125,675.60302734375,1.0155878067016602,1990.926025390625,694.922119140625,0.8763257265090942,1958.727783203125,707.80126953125,0.926084041595459,2074.641357421875,739.99951171875,1.0034170150756836,2055.322265625,739.99951171875,1.004613995552063,1887.8916015625,888.111328125,0.8176127672195435,2010.244873046875,881.671630859375,0.8055314421653748,2010.244873046875,1074.86083984375,0.6509795784950256,2203.433837890625,1023.34375,0.7719330787658691,1913.650146484375,1358.205078125,0.7283273339271545,1952.2880859375,1364.64453125,0.771367073059082,1887.8916015625,1751.02294921875,0.7605220079421997,1887.8916015625,1763.90234375,0.8615105152130127,1875.012451171875,2085.88427734375,0.8523567914962769,1862.133056640625,2118.08251953125,0.9792437553405762,1836.37451171875,2124.52197265625,0.8369276523590088,1823.495361328125,2176.0390625,0.9237818717956543,2036.003173828125,2137.4013671875,0.8585944771766663,2042.443115234375,2188.91845703125,0.8599288463592529,2228.25048828125,1003.5885620117188,0.4162692427635193,2208.56298828125,997.8895874023438,0.45253342390060425,2191.4658203125,992.1904907226562,0.4349824786186218,2187.839111328125,989.0819702148438,0.35822758078575134,2182.14013671875,977.6838989257812,0.23061272501945496,2201.3095703125,946.0801391601562,0.5329023599624634,2196.646728515625,939.8629760742188,0.4476398229598999,2200.79150390625,951.2610473632812,0.3859798312187195,2208.044921875,971.9848022460938,0.3141326904296875,2218.40673828125,939.3449096679688,0.5715657472610474,2216.8525390625,933.6458129882812,0.4458993673324585,2216.8525390625,952.2973022460938,0.3871641457080841,2217.37060546875,971.9848022460938,0.3292921781539917,2237.576171875,939.3449096679688,0.6033099889755249,2240.684814453125,923.8020629882812,0.5541329383850098,2244.3115234375,914.9944458007812,0.41049498319625854,2248.456298828125,914.4763793945312,0.2760813236236572,2255.70947265625,945.0438842773438,0.6574006080627441,2259.336181640625,924.3201293945312,0.6792076826095581,2261.9267578125,905.6687622070312,0.6241291761398315,2261.9267578125,880.2821655273438,0.5573503375053406,2234.849853515625,972.2916259765625,0.25610750913619995,2226.75634765625,960.2456665039062,0.23747777938842773,2219.415771484375,947.4468383789062,0.23015114665031433,2216.78076171875,939.7298583984375,0.23462912440299988,2216.216064453125,932.2011108398438,0.29108405113220215,2235.037841796875,926.3663330078125,0.09877066314220428,2243.319580078125,913.9439697265625,0.10926473140716553,2261.764892578125,893.8045654296875,0.1625669300556183,2265.341064453125,876.112060546875,0.2526406943798065,2247.8369140625,927.4956665039062,0.12984144687652588,2259.1298828125,916.0143432617188,0.12848006188869476,2262.517822265625,893.8045654296875,0.20075015723705292,2265.341064453125,876.112060546875,0.2671087384223938,2251.412841796875,929.7542724609375,0.14341872930526733,2260.447509765625,908.673828125,0.16992536187171936,2262.517822265625,896.4396362304688,0.23228254914283752,2264.964599609375,876.112060546875,0.3045191764831543,2259.8828125,941.9884643554688,0.18777203559875488,2264.400146484375,917.3318481445312,0.17559701204299927,2265.90576171875,904.7212524414062,0.21859592199325562,2266.470458984375,899.262939453125,0.23043625056743622
DJI_20260917133603_0095_D.JPG,Cam 6,24,PATAKA,INCORRECT,FINGERS_TOO_FAR_APART,,rtmw_l_wholebody,coco_wholebody_133,OK,389.87,166.84,1,1,2054.697265625,733.4193115234375,0.9911508560180664,2041.9805908203125,701.6278076171875,1.0212345123291016,2041.9805908203125,695.2696533203125,0.9972410202026367,2048.3388671875,701.6278076171875,1.041008472442627,2029.2640380859375,701.6278076171875,1.0102988481521606,2022.9056396484375,701.6278076171875,0.980012059211731,2016.5474853515625,701.6278076171875,0.9992756843566895,1978.3978271484375,707.9862060546875,0.8675544261932373,1940.2484130859375,714.3443603515625,0.9624904990196228,2048.3388671875,765.2105712890625,1.0180010795593262,2029.2640380859375,765.2105712890625,0.9873672723770142,1902.0987548828125,898.7340087890625,0.7742133140563965,1940.2484130859375,898.7340087890625,0.7924206256866455,2092.8466796875,1083.1236572265625,0.6791782379150391,2124.63818359375,1019.5408935546875,0.6693288087844849,1927.5318603515625,1343.8123779296875,0.6971341967582703,1914.8153076171875,1343.8123779296875,0.7510086894035339,1902.0987548828125,1738.0245361328125,0.7576635479927063,1895.7406005859375,1750.7410888671875,0.8234845399856567,1889.3822021484375,2100.44580078125,0.876602053642273,1863.9490966796875,2138.59521484375,0.964401364326477,1851.2327880859375,2151.3115234375,0.8285591006278992,1825.7996826171875,2195.8193359375,0.9124388694763184,2048.3388671875,2164.0283203125,0.8664648532867432,2048.3388671875,2208.5361328125,0.8598353862762451,2208.300048828125,1008.3897094726562,0.47116875648498535,2196.229248046875,995.9417114257812,0.4280354976654053,2196.983642578125,981.9849243164062,0.3934907019138336,2203.396240234375,965.3876342773438,0.2964295744895935,2207.545654296875,950.2992553710938,0.1760774850845337,2204.905029296875,958.2206420898438,0.4143410325050354,2208.67724609375,931.0614624023438,0.44620251655578613,2214.33544921875,914.4641723632812,0.5099281668663025,2217.730224609375,893.717529296875,0.505139946937561,2227.537841796875,952.9396362304688,0.3581950068473816,2242.2490234375,917.4818115234375,0.4331754446029663,2246.775634765625,892.2086791992188,0.5295462608337402,2251.302001953125,872.2164916992188,0.6045279502868652,2242.626220703125,959.3522338867188,0.36466413736343384,2267.8994140625,926.534912109375,0.4241598844528198,2278.838623046875,899.3756713867188,0.5317846536636353,2284.873779296875,876.3657836914062,0.5808380842208862,2258.846435546875,974.0635375976562,0.43152979016304016,2283.364990234375,953.3169555664062,0.4634654223918915,2300.716796875,936.3423461914062,0.5484626293182373,2314.29638671875,919.3678588867188,0.5718122124671936,2208.26611328125,1006.43017578125,0.47808873653411865,2197.117431640625,996.4759521484375,0.4306240677833557,2199.904541015625,980.151123046875,0.408812940120697,2205.080810546875,963.4281005859375,0.31628674268722534,2208.26611328125,945.510498046875,0.19228671491146088,2205.47900390625,958.6500244140625,0.4338308572769165,2208.26611328125,931.5745849609375,0.4469431936740875,2213.84033203125,914.0552978515625,0.48500972986221313,2217.02587890625,893.7486572265625,0.4744550585746765,2226.97998046875,955.4647216796875,0.38791048526763916,2242.508544921875,917.6387939453125,0.4258449077606201,2247.684814453125,891.3597412109375,0.5308108925819397,2251.268310546875,871.8494873046875,0.5567077398300171,2243.703125,959.4464111328125,0.39199429750442505,2267.593017578125,925.2039794921875,0.42350178956985474,2279.139892578125,898.9249267578125,0.5322630405426025,2285.5107421875,877.025634765625,0.5601381063461304,2258.83349609375,973.38232421875,0.45167797803878784,2283.12158203125,953.473876953125,0.4859732985496521,2300.64111328125,935.5562744140625,0.5213711857795715,2313.780517578125,918.4351806640625,0.6189355850219727
DJI_20260917133605_0096_D.JPG,Cam 6,24,PATAKA,INCORRECT,FINGERS_TOO_FAR_APART,,rtmw_l_wholebody,coco_wholebody_133,OK,382.64,172.95,1,1,2064.7861328125,728.1234130859375,0.989467978477478,2045.7215576171875,696.3489990234375,1.0151771306991577,2045.7215576171875,689.9940185546875,0.9903161525726318,2052.07666015625,696.3489990234375,1.0321701765060425,2033.0115966796875,696.3489990234375,1.0034111738204956,2033.0115966796875,696.3489990234375,0.9757139682769775,2020.3018798828125,696.3489990234375,0.9937210083007812,1982.1724853515625,709.0589599609375,0.8787417411804199,1950.3980712890625,715.4136962890625,0.963359534740448,2052.07666015625,766.2528076171875,1.0182932615280151,2033.0115966796875,759.8980712890625,0.990576982498169,1912.2686767578125,899.7056884765625,0.7789048552513123,1944.0430908203125,899.7056884765625,0.7986651062965393,2083.85107421875,1083.9979248046875,0.6687500476837158,2121.98046875,1007.7391357421875,0.6676192283630371,1937.6883544921875,1363.6131591796875,0.7192456722259521,1918.6234130859375,1357.2581787109375,0.7662570476531982,1899.5589599609375,1744.9071044921875,0.7893569469451904,1886.8489990234375,1757.6168212890625,0.8493103981018066,1886.8489990234375,2094.42626953125,0.899470329284668,1861.4295654296875,2132.5556640625,0.9886882901191711,1855.0745849609375,2145.265625,0.8533559441566467,1823.3001708984375,2196.1044921875,0.9199347496032715,2052.07666015625,2164.330078125,0.8983863592147827,2045.7215576171875,2221.5244140625,0.8926976919174194,2206.662841796875,1011.8218383789062,0.5456238389015198,2196.7138671875,1001.8728637695312,0.45561057329177856,2199.1015625,987.1484985351562,0.38251033425331116,2204.27490234375,966.0568237304688,0.2841654121875763,2206.264892578125,952.5263061523438,0.14713746309280396,2205.46875,958.8936157226562,0.49855852127075195,2209.846435546875,932.6284790039062,0.5508909225463867,2216.611572265625,915.516357421875,0.5866754651069641,2220.9892578125,895.6185302734375,0.6114262342453003,2228.55029296875,951.7304077148438,0.42934149503707886,2244.866455078125,917.506103515625,0.4877864718437195,2250.0400390625,892.4348754882812,0.5879534482955933,2254.01953125,871.7411499023438,0.6446598768234253,2243.672607421875,957.3018188476562,0.4211205244064331,2270.733642578125,925.4652709960938,0.47170042991638184,2282.2744140625,898.4042358398438,0.5850673317909241,2288.641845703125,876.5166015625,0.6355212330818176,2260.784912109375,971.6282348632812,0.49460577964782715,2287.050048828125,952.5263061523438,0.5289955139160156,2303.76416015625,935.8120727539062,0.6021689772605896,2317.692626953125,917.904052734375,0.6089959144592285,2208.47119140625,1010.8853759765625,0.5503795146942139,2198.83642578125,1001.66943359375,0.4761141836643219,2198.83642578125,987.845703125,0.4336314797401428,2202.187744140625,971.089599609375,0.3062220513820648,2256.22607421875,948.4688720703125,0.16128867864608765,2205.957763671875,960.1981201171875,0.5198573470115662,2210.565673828125,931.712890625,0.5610939860343933,2216.430419921875,914.118896484375,0.6019325256347656,2221.457275390625,894.4305419921875,0.6195073127746582,2228.57861328125,950.9822998046875,0.4495205283164978,2244.915771484375,915.7945556640625,0.5325798988342285,2250.7802734375,891.9171142578125,0.6559373140335083,2254.131591796875,870.9720458984375,0.686738133430481,2243.658935546875,956.4281005859375,0.4507223963737488,2270.46875,924.591552734375,0.5056179761886597,2282.197998046875,898.6195068359375,0.6164205074310303,2288.900390625,876.836669921875,0.6497405767440796,2260.833984375,970.6707763671875,0.5061979293823242,2287.643798828125,952.239013671875,0.5515099763870239,2303.98095703125,935.0640869140625,0.6190006732940674,2316.966796875,917.47021484375,0.6742116212844849
DJI_20260917133648_0099_D.JPG,Cam 6,25,KATAKAMUKHA,INCORRECT,FINGERS_BENT,,rtmw_l_wholebody,coco_wholebody_133,OK,426.21,180.24,1,1,1950.930908203125,729.6793212890625,0.9678293466567993,1938.190673828125,691.4586181640625,1.0221292972564697,1938.190673828125,691.4586181640625,0.9894171357154846,1944.560791015625,691.4586181640625,1.0323450565338135,1925.450439453125,691.4586181640625,1.0251209735870361,1925.450439453125,691.4586181640625,0.9865132570266724,1912.710205078125,691.4586181640625,1.017739176750183,1868.119140625,704.1988525390625,0.8689187169075012,1836.2685546875,710.5689697265625,0.9479092359542847,1938.190673828125,761.5301513671875,1.0030245780944824,1919.080322265625,761.5301513671875,1.0069440603256226,1810.787841796875,888.9329833984375,0.784691333770752,1817.157958984375,882.5628662109375,0.8308925628662109,1970.041259765625,1060.9268798828125,0.6764280796051025,2071.963623046875,997.2252197265625,0.8194310665130615,1829.898193359375,1373.0635986328125,0.744007408618927,1798.047607421875,1360.3233642578125,0.8073773384094238,1791.677490234375,1748.9019775390625,0.8113306760787964,1766.197021484375,1755.2720947265625,0.8711369037628174,1772.567138671875,2080.1494140625,0.9142842888832092,1753.456787109375,2131.1103515625,1.0374338626861572,1753.456787109375,2131.1103515625,0.8710323572158813,1715.23583984375,2182.07177734375,0.9639560580253601,1931.820556640625,2143.85107421875,0.9428317546844482,1931.820556640625,2201.18212890625,0.9013801217079163,2088.6474609375,1011.4361572265625,0.3575742840766907,2071.224365234375,988.317138671875,0.30856186151504517,2055.1416015625,971.229248046875,0.29067254066467285,2049.110595703125,958.1619873046875,0.29135140776634216,2051.791015625,956.4866943359375,0.18451115489006042,2064.523193359375,943.0843505859375,0.49653851985931396,2055.811767578125,940.40380859375,0.4206938147544861,2059.162353515625,951.7957763671875,0.3496893048286438,2066.53369140625,960.50732421875,0.27837133407592773,2081.9462890625,940.40380859375,0.4859229624271393,2080.60595703125,936.7182006835938,0.4050939381122589,2079.93603515625,950.7906494140625,0.3392331302165985,2083.95654296875,960.8424072265625,0.316021203994751,2102.384765625,943.75439453125,0.4891725778579712,2105.0654296875,933.7026977539062,0.4816872179508209,2104.395263671875,949.1153564453125,0.31944721937179565,2101.379638671875,955.1463623046875,0.23741261661052704,2120.14306640625,950.1204833984375,0.5159188508987427,2127.51416015625,929.6820068359375,0.5247336626052856,2131.534912109375,910.918701171875,0.5109471082687378,2133.54541015625,892.8255615234375,0.5998148322105408,2123.110107421875,939.0203857421875,0.2895700931549072,2126.537841796875,936.7351684570312,0.2266700565814972,2129.775146484375,933.688232421875,0.1913679987192154,2130.3466796875,920.1672973632812,0.15856391191482544,2133.0126953125,914.6447143554688,0.14033575356006622,2131.1083984375,915.0255737304688,0.19101035594940186,2134.9169921875,908.55078125,0.21004685759544373,2135.2978515625,900.362060546875,0.22903165221214294,2136.0595703125,890.6498413085938,0.23752133548259735,2131.1083984375,913.3116455078125,0.20257946848869324,2134.345703125,907.9794311523438,0.24005912244319916,2134.7265625,899.6002807617188,0.2509889304637909,2135.869140625,889.5072631835938,0.2338581383228302,2130.7275390625,912.3594360351562,0.20967766642570496,2132.6318359375,907.9794311523438,0.21082808077335358,2133.96484375,900.933349609375,0.22135289013385773,2135.48828125,890.4594116210938,0.23385187983512878,2128.822998046875,914.0733642578125,0.19337132573127747,2130.3466796875,908.55078125,0.21461087465286255,2132.6318359375,902.6472778320312,0.19989052414894104,2134.345703125,897.1246337890625,0.17122714221477509
DJI_20260917133651_0100_D.JPG,Cam 6,25,KATAKAMUKHA,INCORRECT,FINGERS_BENT,,rtmw_l_wholebody,coco_wholebody_133,OK,424.92,175.71,1,1,1947.96826171875,737.092041015625,0.9701164960861206,1935.275146484375,699.012451171875,1.0204799175262451,1928.928466796875,699.012451171875,0.9883190989494324,1935.275146484375,699.012451171875,1.0311450958251953,1922.58203125,699.012451171875,1.0212559700012207,1916.2353515625,699.012451171875,0.9842861890792847,1909.888916015625,692.665771484375,1.0080623626708984,1859.115966796875,711.70556640625,0.8796672821044922,1827.383056640625,718.05224609375,0.9495715498924255,1935.275146484375,768.824951171875,1.0051429271697998,1916.2353515625,762.478271484375,1.0061348676681519,1808.34326171875,902.103271484375,0.7837332487106323,1801.996826171875,889.410400390625,0.835026204586029,1935.275146484375,1086.154541015625,0.6855760812759399,2049.513916015625,1009.99560546875,0.7609402537345886,1827.383056640625,1378.097900390625,0.7449636459350586,1795.650146484375,1365.405029296875,0.8054288029670715,1782.956787109375,1746.200439453125,0.816777229309082,1763.917236328125,1758.893798828125,0.8697798252105713,1770.263671875,2082.570068359375,0.9031240344047546,1751.223876953125,2133.343017578125,1.0314990282058716,1738.53076171875,2133.343017578125,0.8618066310882568,1713.144287109375,2190.462158203125,0.9588454961776733,1928.928466796875,2146.035888671875,0.9339327216148376,1935.275146484375,2203.155517578125,0.8867148160934448,2076.802734375,1020.603271484375,0.24451708793640137,2061.444091796875,1013.3077392578125,0.24092306196689606,2035.333984375,1049.784912109375,0.2802971601486206,2036.486083984375,1043.2574462890625,0.260855495929718,2043.3974609375,975.294677734375,0.16491201519966125,2053.7646484375,952.2564697265625,0.48582005500793457,2043.3974609375,946.113037109375,0.4602314829826355,2043.781494140625,959.552001953125,0.4222334623336792,2046.853271484375,972.2230224609375,0.35907113552093506,2072.963134765625,948.0328369140625,0.4999028146266937,2070.275390625,943.041259765625,0.42400169372558594,2068.739501953125,957.632080078125,0.3537023961544037,2072.5791015625,974.9107666015625,0.3323853015899658,2092.9296875,949.5687255859375,0.534729540348053,2092.9296875,939.2015380859375,0.47644269466400146,2095.617431640625,957.632080078125,0.345229834318161,2090.24169921875,963.775634765625,0.21112877130508423,2112.89599609375,955.3282470703125,0.5798379182815552,2118.271728515625,936.5137939453125,0.6569560766220093,2124.03125,916.163330078125,0.6023935079574585,2126.718994140625,892.357177734375,0.5530699491500854,2095.81494140625,973.5977783203125,0.326856791973114,2088.8642578125,957.1145629882812,0.31697070598602295,2080.32470703125,950.9581909179688,0.25750911235809326,2076.75,945.3975830078125,0.2769015431404114,2069.997802734375,938.44677734375,0.33420222997665405,2116.667236328125,940.234130859375,0.24405351281166077,2120.63916015625,929.708740234375,0.19443494081497192,2124.01513671875,914.4170532226562,0.185176819562912,2125.206787109375,907.6648559570312,0.19933253526687622,2117.858642578125,938.6453857421875,0.23761558532714844,2124.412353515625,922.559326171875,0.23493894934654236,2125.4052734375,909.4522094726562,0.27896320819854736,2127.987060546875,896.9408569335938,0.2890546917915344,2118.653076171875,938.44677734375,0.227512389421463,2123.816650390625,921.3677978515625,0.20386064052581787,2126.19970703125,912.2325439453125,0.24558761715888977,2128.582763671875,899.7211303710938,0.2940443158149719,2117.66015625,939.6383666992188,0.2272387146949768,2123.220703125,922.7579345703125,0.18080204725265503,2124.8095703125,916.0057983398438,0.1991422325372696,2126.19970703125,909.2536010742188,0.2238701581954956
DJI_20260917133704_0101_D.JPG,Cam 6,26,MUSHTI,INCORRECT,PINKY_DROPPED,,rtmw_l_wholebody,coco_wholebody_133,OK,422.46,167.45,1,1,1931.60498046875,724.7462158203125,0.9896638989448547,1912.447509765625,686.4315185546875,1.0135023593902588,1906.061767578125,686.4315185546875,0.9871808290481567,1918.833251953125,686.4315185546875,1.027267336845398,1906.061767578125,686.4315185546875,1.0072047710418701,1899.676025390625,686.4315185546875,0.9885729551315308,1893.2900390625,686.4315185546875,0.9884249567985535,1842.203369140625,699.2030029296875,0.8913549184799194,1816.660400390625,699.2030029296875,0.9624583125114441,1912.447509765625,756.6754150390625,1.0020041465759277,1899.676025390625,750.2896728515625,1.0056780576705933,1803.888671875,890.7774658203125,0.7912556529045105,1778.345458984375,884.3917236328125,0.8428490161895752,1912.447509765625,1088.7376708984375,0.6759719252586365,1937.990966796875,1018.4937744140625,0.8012141585350037,1829.431884765625,1376.0992431640625,0.7527797818183899,1797.5029296875,1376.0992431640625,0.8085545301437378,1791.116943359375,1752.8619384765625,0.8214709758758545,1771.959716796875,1752.8619384765625,0.8965279459953308,1784.731201171875,2084.92431640625,0.898859977722168,1759.18798828125,2123.2392578125,1.0400235652923584,1752.80224609375,2136.0107421875,0.8332456350326538,1720.873291015625,2180.71142578125,0.9571667313575745,1944.37646484375,2142.396484375,0.9183046817779541,1937.990966796875,2199.86865234375,0.8748136758804321,2058.11279296875,991.1556396484375,0.13225950300693512,2014.76953125,1069.6220703125,0.09979693591594696,2015.890380859375,1071.11669921875,0.1726478487253189,2040.9248046875,1069.6220703125,0.17040279507637024,2047.27685546875,1069.9957275390625,0.10018007457256317,2082.0263671875,1045.3348388671875,0.11489489674568176,2091.7412109375,1072.9849853515625,0.20470145344734192,2050.639892578125,1065.8856201171875,0.16322937607765198,2042.0458984375,1045.3348388671875,0.16517235338687897,2104.81884765625,1029.2679443359375,0.14135132730007172,2082.39990234375,1041.598388671875,0.1038980782032013,2059.98095703125,1025.9051513671875,0.111024409532547,2045.7822265625,1029.2679443359375,0.10574765503406525,2105.566162109375,1013.57470703125,0.1671394556760788,2089.873046875,1012.4537353515625,0.11177323758602142,2087.25732421875,1010.58544921875,0.13914506137371063,2089.873046875,1010.9591064453125,0.11674140393733978,2109.302734375,987.7928466796875,0.16991326212882996,2100.335205078125,988.913818359375,0.1591414511203766,2096.22509765625,986.2982177734375,0.152163565158844,2094.73046875,989.2874755859375,0.14075061678886414,2055.4814453125,997.9172973632812,0.33959782123565674,2055.4814453125,986.9043579101562,0.34656670689582825,2053.072265625,975.8912963867188,0.30212709307670593,2057.54638671875,980.3652954101562,0.2266998589038849,2064.429443359375,1016.8460083007812,0.14872582256793976,2085.078857421875,1053.670654296875,0.27047207951545715,2095.059326171875,1067.7811279296875,0.327078640460968,2087.832275390625,1057.4564208984375,0.26651886105537415,2066.150146484375,996.5407104492188,0.1458991914987564,2108.481689453125,1028.203125,0.3381149172782898,2097.12451171875,1016.5017700195312,0.2764616012573242,2085.767333984375,1012.0277709960938,0.27701258659362793,2069.591796875,1012.7161254882812,0.2474897801876068,2110.546630859375,1015.8135375976562,0.2956341803073883,2099.877685546875,1019.9434204101562,0.2199334353208542,2088.864501953125,1006.5213012695312,0.2029649317264557,2069.591796875,1002.3914184570312,0.18156054615974426,2110.202392578125,987.9368286132812,0.22081613540649414,2098.84521484375,1069.1578369140625,0.22505617141723633,2093.682861328125,1059.865478515625,0.20846056938171387,2092.994384765625,982.4302368164062,0.17975404858589172
DJI_20260917133706_0102_D.JPG,Cam 6,26,MUSHTI,INCORRECT,PINKY_DROPPED,,rtmw_l_wholebody,coco_wholebody_133,OK,447.41,203.66,1,1,1945.3109130859375,714.7542724609375,0.9787431955337524,1932.4757080078125,682.6663818359375,1.0197107791900635,1926.0582275390625,682.6663818359375,0.9899279475212097,1932.4757080078125,676.2489013671875,1.0314199924468994,1919.6407470703125,682.6663818359375,1.0198479890823364,1913.2232666015625,682.6663818359375,0.995771050453186,1900.3878173828125,682.6663818359375,1.00474214553833,1855.4649658203125,701.9190673828125,0.8859864473342896,1823.3773193359375,708.3365478515625,0.9574087858200073,1932.4757080078125,753.2596435546875,0.9933719038963318,1919.6407470703125,753.2596435546875,1.0031148195266724,1836.2125244140625,888.0281982421875,0.7924535274505615,1791.2896728515625,881.6107177734375,0.8487499356269836,1964.5635986328125,1080.5545654296875,0.6783926486968994,1977.3985595703125,1009.9617919921875,0.7903169393539429,1842.6300048828125,1369.3446044921875,0.752446174621582,1804.1246337890625,1369.3446044921875,0.8112789392471313,1791.2896728515625,1741.5628662109375,0.8264518976211548,1772.0367431640625,1747.9803466796875,0.8854256868362427,1778.4544677734375,2081.69287109375,0.9100038409233093,1759.2017822265625,2120.1982421875,1.040271282196045,1746.3668212890625,2133.03369140625,0.8409883975982666,1727.1138916015625,2177.95654296875,0.9521340727806091,1938.8931884765625,2139.451171875,0.9195666313171387,1945.3109130859375,2197.208984375,0.8922436237335205,2022.602294921875,993.66650390625,0.07125777006149292,2027.413818359375,1051.97216796875,0.08061207085847855,2030.52734375,1067.256103515625,0.0919136255979538,2060.812255859375,1069.5203857421875,0.1262880563735962,2064.208740234375,1063.8597412109375,0.07456111907958984,2059.114013671875,1046.3114013671875,0.05912338197231293,2080.625,1066.6900634765625,0.1530344933271408,2080.625,1058.7650146484375,0.11311069130897522,2057.698974609375,1049.9908447265625,0.09624181687831879,2069.58642578125,1034.1407470703125,0.06856174767017365,2085.719482421875,1038.952392578125,0.08797325193881989,2085.719482421875,1040.9337158203125,0.10066917538642883,2096.758056640625,1025.0836181640625,0.07187137007713318,2080.625,1033.0086669921875,0.0617787167429924,2085.719482421875,1010.648681640625,0.08254805207252502,2105.2490234375,1010.9317626953125,0.09059520065784454,2103.833984375,1007.2523193359375,0.0920269638299942,2126.760009765625,982.6280517578125,0.07572668790817261,2079.77587890625,1066.406982421875,0.09136538952589035,2113.174072265625,1060.746337890625,0.06637155264616013,2057.698974609375,1006.1201171875,0.06187087297439575,2074.4736328125,1001.1244506835938,0.3528452515602112,2075.874267578125,983.4746704101562,0.4485817551612854,2067.75,968.0662231445312,0.45110023021698,2087.36083984375,973.6692504882812,0.347212553024292,2091.282958984375,986.8366088867188,0.18592312932014465,2127.703125,981.5136108398438,0.49656686186790466,2113.4150390625,980.3930053710938,0.34742802381515503,2101.08837890625,981.5136108398438,0.33324989676475525,2088.4814453125,984.8754272460938,0.279410719871521,2127.4228515625,1009.8092651367188,0.43355071544647217,2114.81591796875,1007.2879028320312,0.3174120783805847,2099.9677734375,1004.7664184570312,0.29259538650512695,2088.4814453125,1005.3268432617188,0.2895238995552063,2120.4189453125,1031.381103515625,0.4516165852546692,2111.734130859375,1027.7392578125,0.32524335384368896,2094.08447265625,1024.09716796875,0.2837110757827759,2075.31396484375,1022.1360473632812,0.26771050691604614,2104.730224609375,1050.991943359375,0.4270111918449402,2110.33349609375,1064.159423828125,0.40001410245895386,2107.531982421875,1057.435546875,0.37022000551223755,2101.08837890625,1051.272216796875,0.28246450424194336
DJI_20260917131012_0064_D.JPG,Cam 7,1,ARAMANDI,CORRECT,,,rtmw_l_wholebody,coco_wholebody_133,OK,442.34,187.22,1,1,224.65625,833.8648681640625,0.9723101258277893,242.0185546875,793.3526611328125,1.0432966947555542,259.380859375,793.3526611328125,0.9850596189498901,276.7431640625,793.3526611328125,1.0366630554199219,195.718994140625,799.1402587890625,1.0326337814331055,178.356689453125,799.1402587890625,0.9668306112289429,166.78173828125,799.1402587890625,1.028220295906067,317.255126953125,799.1402587890625,0.9155750274658203,132.05712890625,816.5025634765625,0.9168974161148071,265.168212890625,868.5894775390625,1.0535590648651123,195.718994140625,874.3768310546875,1.0027122497558594,467.728515625,961.1883544921875,0.8388144969940186,74.1826171875,1001.7005615234375,0.860977292060852,467.728515625,1175.3236083984375,0.907204806804657,79.97021484375,1198.4735107421875,0.8490689396858215,496.665771484375,1418.3963623046875,0.8151222467422485,294.10546875,1458.9083251953125,0.8596289157867432,583.4775390625,1713.5555419921875,0.8707505464553833,299.892822265625,1771.4300537109375,0.8132436275482178,612.41455078125,1933.4783935546875,0.9235618114471436,328.830078125,2055.0146484375,0.7100642919540405,577.68994140625,1968.2030029296875,0.893379807472229,340.4049072265625,2089.7392578125,0.7434566020965576,676.076416015625,2014.5025634765625,0.8929058909416199,421.42919921875,2124.4638671875,0.6119100451469421,373.27691650390625,1358.0560302734375,0.3836049437522888,345.950439453125,1359.17138671875,0.3999808132648468,322.52777099609375,1363.0751953125,0.4447748064994812,292.4128723144531,1375.3441162109375,0.44915831089019775,262.2979736328125,1385.940185546875,0.5284630656242371,352.0849609375,1410.4781494140625,0.38884657621383667,313.6048278808594,1438.9200439453125,0.35061049461364746,286.27838134765625,1450.63134765625,0.3214922547340393,261.1826171875,1459.5543212890625,0.3235468864440918,357.1040954589844,1429.9970703125,0.38137754797935486,318.62396240234375,1458.99658203125,0.3601997494697571,285.7206726074219,1466.80419921875,0.3717733323574066,261.1826171875,1466.80419921875,0.4111432433128357,354.315673828125,1440.035400390625,0.35783275961875916,324.2008056640625,1466.2464599609375,0.37385818362236023,294.64361572265625,1472.938720703125,0.37473422288894653,271.2209167480469,1470.7080078125,0.36042967438697815,348.18115234375,1443.3814697265625,0.30398720502853394,329.219970703125,1462.3426513671875,0.31555819511413574,307.4703369140625,1471.265625,0.28030937910079956,287.39373779296875,1472.938720703125,0.26081037521362305,112.85235595703125,1339.4234619140625,0.3123343288898468,146.9390869140625,1348.6361083984375,0.34008780121803284,166.28564453125,1352.7818603515625,0.4051097631454468,191.15975952148438,1365.2188720703125,0.44629836082458496,207.74249267578125,1382.722900390625,0.4174540340900421,100.87591552734375,1396.0811767578125,0.4019848704338074,122.52560424804688,1433.392333984375,0.23460009694099426,154.76983642578125,1453.1995849609375,0.23359787464141846,192.08102416992188,1457.34521484375,0.31631606817245483,96.26959228515625,1417.270263671875,0.3099358081817627,109.16729736328125,1461.490966796875,0.29807502031326294,146.9390869140625,1473.927978515625,0.28006190061569214,194.38418579101562,1478.9949951171875,0.3039108216762543,107.32476806640625,1432.010498046875,0.22517526149749756,107.32476806640625,1468.861083984375,0.261269748210907,157.072998046875,1479.45556640625,0.27032995223999023,188.39596557617188,1479.9161376953125,0.2924543023109436,139.56900024414062,1438.919921875,0.1750197410583496,156.1517333984375,1462.872802734375,0.184905007481575,165.3643798828125,1465.176025390625,0.19068948924541473,176.88018798828125,1452.7388916015625,0.18853268027305603
DJI_20260917131015_0065_D.JPG,Cam 7,1,ARAMANDI,CORRECT,,,rtmw_l_wholebody,coco_wholebody_133,OK,452.3,154.08,1,1,398.55810546875,821.327392578125,0.969666600227356,410.0538330078125,792.588134765625,1.0254292488098145,427.2974853515625,792.588134765625,0.9701541066169739,438.793212890625,792.588134765625,1.029086947441101,375.5667724609375,786.84033203125,1.0410041809082031,358.3231201171875,786.84033203125,0.9761865735054016,341.07958984375,786.84033203125,1.0351674556732178,456.0367431640625,809.83154296875,0.8693364858627319,277.85302734375,792.588134765625,0.9689284563064575,421.549560546875,855.814453125,1.0003491640090942,352.5753173828125,850.066650390625,1.007275104522705,553.75048828125,959.276123046875,0.8461806774139404,185.8873291015625,982.267578125,0.8731387853622437,651.464111328125,1171.94677734375,0.9439627528190613,70.9300537109375,1194.9384765625,0.9661233425140381,582.48974609375,1396.113525390625,0.8651282787322998,375.5667724609375,1419.10498046875,0.8537284135818481,674.45556640625,1660.51513671875,0.9323220252990723,346.827392578125,1729.489501953125,0.8472435474395752,622.7247314453125,1896.177490234375,0.9582259654998779,369.81884765625,2016.882568359375,0.8248805999755859,582.48974609375,1930.66455078125,0.8601399064064026,358.3231201171875,2068.61328125,0.7820935249328613,697.4468994140625,1982.3955078125,0.9363858699798584,479.0281982421875,2068.61328125,0.7684109210968018,703.8535766601562,1397.6146240234375,0.3600878119468689,691.771240234375,1423.5916748046875,0.38596850633621216,678.480712890625,1440.5068359375,0.3267219662666321,673.6478271484375,1467.087890625,0.2790943384170532,674.8560791015625,1485.2113037109375,0.2952905297279358,716.5399780273438,1468.9002685546875,0.29896754026412964,716.5399780273438,1500.9183349609375,0.27227020263671875,714.7276611328125,1519.6458740234375,0.2698754370212555,716.5399780273438,1530.52001953125,0.2295711189508438,736.4757690429688,1472.52490234375,0.34997308254241943,730.4346313476562,1505.751220703125,0.2948490083217621,718.9564208984375,1521.458251953125,0.2877708077430725,711.1029663085938,1530.52001953125,0.2594873607158661,743.7251586914062,1471.9207763671875,0.3520186245441437,740.1004638671875,1500.314208984375,0.32273662090301514,731.0387573242188,1515.4171142578125,0.3199681043624878,721.97705078125,1525.6871337890625,0.29437002539634705,747.9539794921875,1470.1085205078125,0.32221516966819763,746.7457275390625,1491.2525634765625,0.29891616106033325,739.496337890625,1505.1470947265625,0.3052186369895935,729.2263793945312,1516.021240234375,0.26407939195632935,234.77694702148438,1335.948486328125,0.10081085562705994,255.24993896484375,1333.02392578125,0.1376897543668747,262.2692565917969,1302.606689453125,0.11068131029605865,283.32720947265625,1409.6513671875,0.11036926507949829,291.51641845703125,1426.02978515625,0.10810866206884384,245.305908203125,1352.326904296875,0.1482052206993103,250.57040405273438,1369.290283203125,0.09005437791347504,247.06072998046875,1409.6513671875,0.0855570137500763,241.7962646484375,1441.8232421875,0.0834968090057373,282.74224853515625,1377.4794921875,0.11872342228889465,262.2692565917969,1403.802001953125,0.10289520025253296,283.91217041015625,1413.745849609375,0.08904847502708435,205.52978515625,1441.8232421875,0.07511836290359497,283.32720947265625,1391.51806640625,0.10729941725730896,260.5144348144531,1407.896484375,0.08740181475877762,283.91217041015625,1423.10498046875,0.0746319442987442,283.32720947265625,1447.672607421875,0.05819392204284668,307.30987548828125,1397.36767578125,0.08623511344194412,282.74224853515625,1414.330810546875,0.0658714771270752,283.32720947265625,1432.464111328125,0.061143726110458374,300.87548828125,1369.290283203125,0.055009059607982635
DJI_20260917131333_0066_D.JPG,Cam 7,2,SAMAPADHAM,CORRECT,,,rtmw_l_wholebody,coco_wholebody_133,OK,421.12,185.19,1,1,1695.00048828125,739.6251220703125,0.9558126330375671,1720.435546875,707.8314208984375,0.9857265949249268,1726.7939453125,707.8314208984375,0.9592561721801758,1733.15283203125,707.8314208984375,0.9597355127334595,1714.07666015625,707.8314208984375,0.9721035957336426,1720.435546875,714.1903076171875,0.9414790868759155,1714.07666015625,707.8314208984375,0.9678134918212891,1815.81640625,733.2664794921875,1.003190279006958,1796.740234375,733.2664794921875,0.8562647700309753,1720.435546875,777.7777099609375,0.9537898302078247,1701.359130859375,777.7777099609375,0.9749321937561035,1866.6865234375,924.0289306640625,0.8189911842346191,1809.4580078125,936.7462158203125,0.7698445320129395,1879.404052734375,1152.9437255859375,0.672419548034668,1733.15283203125,1172.0201416015625,0.6476427316665649,1885.7626953125,1426.3697509765625,0.7778643369674683,1847.6103515625,1426.3697509765625,0.747969388961792,1942.991455078125,1807.8946533203125,0.8170820474624634,1911.19775390625,1795.1773681640625,0.7679038643836975,1930.27392578125,2189.41943359375,0.8918036222457886,1923.915283203125,2170.34326171875,0.8664344549179077,1968.426513671875,2246.64794921875,0.8978081941604614,1968.426513671875,2227.57177734375,0.8346935510635376,1745.870361328125,2246.64794921875,0.8418421745300293,1752.22900390625,2227.57177734375,0.8515267372131348,1816.837158203125,1259.85302734375,0.16091330349445343,1836.1436767578125,1226.62060546875,0.11312709748744965,1812.40625,1213.01123046875,0.15156173706054688,1819.6856689453125,1168.701416015625,0.1593170315027237,1828.547607421875,1150.344482421875,0.2389833778142929,1892.163818359375,1219.024658203125,0.39583978056907654,1908.938232421875,1220.2906494140625,0.39906996488571167,1908.938232421875,1224.7216796875,0.39973950386047363,1908.938232421875,1226.62060546875,0.3785540461540222,1895.9619140625,1234.849609375,0.3965226709842682,1908.938232421875,1233.900146484375,0.3928070068359375,1908.938232421875,1236.43212890625,0.3287029266357422,1908.938232421875,1241.8126220703125,0.3243156671524048,1895.0123291015625,1248.7755126953125,0.4521633982658386,1908.938232421875,1249.72509765625,0.3873670697212219,1908.938232421875,1255.4219970703125,0.33571943640708923,1908.938232421875,1257.0045166015625,0.32170841097831726,1893.1134033203125,1265.5499267578125,0.45500481128692627,1908.938232421875,1267.448974609375,0.4610978960990906,1908.938232421875,1267.448974609375,0.36157703399658203,1908.938232421875,1266.81591796875,0.3261652886867523,1848.319091796875,1274.46875,0.19274333119392395,1848.319091796875,1274.46875,0.1253434419631958,1848.319091796875,1274.46875,0.0996137261390686,1848.319091796875,1274.46875,0.11033917963504791,1848.319091796875,1274.46875,0.16001099348068237,1737.620361328125,1274.46875,0.06951788067817688,1848.319091796875,1274.46875,0.09179888665676117,1848.319091796875,1106.031494140625,0.09476227313280106,1848.319091796875,1070.9901123046875,0.16029995679855347,1736.027587890625,1274.46875,0.08773829787969589,1734.4346923828125,1274.46875,0.08696715533733368,1719.701416015625,1070.9901123046875,0.09939107298851013,1848.319091796875,1070.9901123046875,0.15242059528827667,1848.319091796875,1274.46875,0.07315577566623688,1848.319091796875,1274.46875,0.1049022525548935,1848.319091796875,1274.46875,0.12460027635097504,1848.319091796875,1274.46875,0.16723066568374634,1848.319091796875,1274.46875,0.106627456843853,1848.319091796875,1274.46875,0.1349106878042221,1848.319091796875,1274.46875,0.14613327383995056,1848.319091796875,1274.46875,0.1538914144039154
DJI_20260917131335_0067_D.JPG,Cam 7,2,SAMAPADHAM,CORRECT,,,rtmw_l_wholebody,coco_wholebody_133,OK,434.75,195.48,1,1,1690.855224609375,762.717041015625,0.9623458385467529,1716.076171875,737.49609375,0.992903470993042,1722.38134765625,737.49609375,0.960442066192627,1728.686767578125,737.49609375,0.9660691022872925,1709.77099609375,731.19091796875,0.9834864139556885,1709.77099609375,737.49609375,0.9458531737327576,1703.4658203125,737.49609375,0.9764019250869751,1810.655029296875,756.411865234375,0.990843653678894,1791.7392578125,756.411865234375,0.8493523597717285,1716.076171875,800.548583984375,0.969811737537384,1697.16064453125,800.548583984375,0.9926561117172241,1861.09716796875,964.485107421875,0.8369312286376953,1810.655029296875,958.179931640625,0.7602548003196716,1898.928466796875,1159.947998046875,0.70379638671875,1798.04443359375,1191.47412109375,0.6021268963813782,1886.318115234375,1443.684326171875,0.7812883257865906,1867.40234375,1449.98974609375,0.7532608509063721,1936.760009765625,1834.60986328125,0.827792763710022,1917.84423828125,1828.3046875,0.7768516540527344,1930.454833984375,2206.619873046875,0.8836290836334229,1936.760009765625,2187.7041015625,0.8455425500869751,1968.286376953125,2275.9775390625,0.8880720138549805,1987.2021484375,2250.756591796875,0.823090672492981,1741.29736328125,2263.3671875,0.8525862097740173,1747.6025390625,2238.14599609375,0.8410171270370483,1814.9293212890625,1267.97119140625,0.1952228844165802,1832.1748046875,1249.3990478515625,0.1802624613046646,1856.05322265625,1238.7864990234375,0.2510681450366974,1911.4378662109375,1241.1080322265625,0.24820759892463684,1911.4378662109375,1250.0623779296875,0.24275442957878113,1889.54931640625,1239.7813720703125,0.5679821372032166,1911.4378662109375,1242.7662353515625,0.5037801861763,1911.4378662109375,1249.3990478515625,0.4914394021034241,1911.4378662109375,1253.71044921875,0.5033766627311707,1893.8607177734375,1255.0369873046875,0.5824240446090698,1911.4378662109375,1258.353515625,0.48153382539749146,1911.4378662109375,1262.9964599609375,0.413898766040802,1911.4378662109375,1266.9761962890625,0.44775599241256714,1894.1922607421875,1269.62939453125,0.59834223985672,1911.4378662109375,1272.2825927734375,0.5176509618759155,1911.4378662109375,1275.267333984375,0.4303191900253296,1911.4378662109375,1277.2572021484375,0.42234867811203003,1890.2125244140625,1283.5584716796875,0.624470055103302,1911.4378662109375,1284.2218017578125,0.572425901889801,1911.4378662109375,1287.5382080078125,0.4386645555496216,1911.4378662109375,1289.1964111328125,0.4533174932003021,1836.4891357421875,1357.224853515625,0.11960417032241821,1836.4891357421875,1357.224853515625,0.08638766407966614,1836.4891357421875,1238.8743896484375,0.06660158932209015,1836.4891357421875,1176.6962890625,0.08378235250711441,1761.946044921875,1176.6962890625,0.07400577515363693,1736.86279296875,1357.224853515625,0.06683367490768433,1720.2584228515625,1357.224853515625,0.07095390558242798,1713.1927490234375,1357.224853515625,0.0923602283000946,1705.773681640625,1357.224853515625,0.10384057462215424,1731.916748046875,1267.13720703125,0.0731973722577095,1718.491943359375,1357.224853515625,0.07339567691087723,1713.1927490234375,1357.224853515625,0.10224102437496185,1708.2467041015625,1357.224853515625,0.09084150195121765,1722.378173828125,1285.508056640625,0.07125183194875717,1713.1927490234375,1357.224853515625,0.08143948018550873,1711.42626953125,1357.224853515625,0.11458252370357513,1708.2467041015625,1357.224853515625,0.11165514588356018,1720.9649658203125,1357.224853515625,0.07018441706895828,1706.8336181640625,1357.224853515625,0.11231833696365356,1704.360595703125,1357.224853515625,0.1379997432231903,1704.00732421875,1357.224853515625,0.12256022542715073
DJI_20260917131401_0068_D.JPG,Cam 7,3,MUZHUMANDI,CORRECT,,,rtmw_l_wholebody,coco_wholebody_133,OK,413.4,174.66,1,1,1741.5435791015625,1350.5460205078125,0.9467661380767822,1763.5330810546875,1319.7608642578125,1.0133819580078125,1772.3287353515625,1319.7608642578125,0.9671517610549927,1776.7266845703125,1319.7608642578125,1.0101385116577148,1754.7371826171875,1319.7608642578125,1.0086175203323364,1759.1351318359375,1315.3629150390625,0.9121556878089905,1750.3392333984375,1319.7608642578125,1.0125051736831665,1869.0821533203125,1346.1483154296875,0.9118814468383789,1838.2969970703125,1337.3524169921875,0.7275610566139221,1772.3287353515625,1390.1270751953125,0.9610029458999634,1754.7371826171875,1385.7291259765625,0.9953955411911011,1917.4588623046875,1530.8594970703125,0.7153515815734863,1842.6949462890625,1513.2677001953125,0.6533815860748291,1921.8568115234375,1829.9156494140625,0.6357676982879639,1789.9202880859375,1728.7642822265625,0.5599130392074585,1939.4483642578125,2005.8306884765625,0.6237612962722778,1851.4906005859375,1939.8624267578125,0.6149300932884216,1662.3817138671875,2304.88671875,0.6855305433273315,1688.7689208984375,1931.0667724609375,0.5938631296157837,1943.8460693359375,2212.53125,0.6614977121353149,1913.0609130859375,2142.1650390625,0.5630273818969727,1979.0291748046875,2194.93994140625,0.6565256118774414,1965.8355712890625,2133.36962890625,0.5034713745117188,1899.8673095703125,2340.06982421875,0.64942467212677,1961.4378662109375,2278.49951171875,0.4652709364891052,1912.2113037109375,1891.9173583984375,0.3065639138221741,1920.2994384765625,1868.1744384765625,0.19601601362228394,1938.30224609375,1838.1697998046875,0.17947104573249817,1961.5233154296875,1817.8187255859375,0.25192272663116455,1972.220703125,1797.4677734375,0.3495670557022095,1979.2652587890625,1836.6043701171875,0.4569488763809204,1998.3116455078125,1827.472412109375,0.5257902145385742,2012.9227294921875,1830.342529296875,0.4998135268688202,2022.3155517578125,1835.8216552734375,0.47755521535873413,1985.2662353515625,1852.5198974609375,0.5217614769935608,2013.7054443359375,1852.78076171875,0.4707221984863281,2022.3155517578125,1856.172607421875,0.37871044874191284,2022.3155517578125,1860.8690185546875,0.3502315282821655,1985.7879638671875,1871.305419921875,0.5070711374282837,2010.3135986328125,1872.870849609375,0.551470160484314,2022.3155517578125,1877.04541015625,0.4279763400554657,2022.3155517578125,1880.6982421875,0.3069301247596741,1980.56982421875,1893.221923828125,0.5741373300552368,2003.0081787109375,1896.8746337890625,0.6530091762542725,2022.3155517578125,1900.788330078125,0.5394577980041504,2022.3155517578125,1902.8756103515625,0.47278571128845215,1918.48486328125,1873.6627197265625,0.12372229993343353,1945.635986328125,1859.5440673828125,0.14119768142700195,1973.330078125,1844.882568359375,0.1327548623085022,1984.190673828125,1842.71044921875,0.11079709976911545,1999.938232421875,1815.5594482421875,0.0918479934334755,1983.6474609375,1836.7371826171875,0.22280056774616241,2004.825439453125,1831.3070068359375,0.18831676244735718,2015.142822265625,1834.565185546875,0.10652942955493927,2037.94970703125,1843.7965087890625,0.12204549461603165,1986.90576171875,1853.5709228515625,0.22972649335861206,2017.85791015625,1856.2860107421875,0.21029578149318695,2037.94970703125,1865.517333984375,0.16646602749824524,2050.982177734375,1874.748779296875,0.1551641821861267,1987.99169921875,1872.57666015625,0.23327338695526123,2017.31494140625,1875.834716796875,0.2713692784309387,2035.777587890625,1882.89404296875,0.2108515352010727,2052.068115234375,1889.4102783203125,0.21580424904823303,1984.733642578125,1893.21142578125,0.21874354779720306,2009.712646484375,1897.0125732421875,0.2874597907066345,2027.089111328125,1900.813720703125,0.25111231207847595,2043.3798828125,1906.7869873046875,0.26349443197250366
DJI_20260917131447_0069_D.JPG,Cam 7,3,MUZHUMANDI,CORRECT,,,rtmw_l_wholebody,coco_wholebody_133,OK,440.63,226.56,1,1,1775.505859375,1340.11865234375,0.9584534764289856,1797.660888671875,1304.670654296875,1.015790343284607,1802.092041015625,1309.1015625,0.988086998462677,1810.953857421875,1304.670654296875,1.009218692779541,1784.367919921875,1304.670654296875,1.0135252475738525,1788.798828125,1304.670654296875,0.936324954032898,1784.367919921875,1304.670654296875,1.011319875717163,1899.573974609375,1331.256591796875,0.9247122406959534,1868.556884765625,1331.256591796875,0.7566738724708557,1802.092041015625,1375.566650390625,0.9683384895324707,1784.367919921875,1371.1357421875,0.9982531666755676,1961.608154296875,1517.35888671875,0.7402560710906982,1868.556884765625,1504.06591796875,0.6842286586761475,1948.315185546875,1827.529541015625,0.6654517650604248,1806.52294921875,1734.478271484375,0.5179147720336914,1974.901123046875,2018.062744140625,0.6742931604385376,1868.556884765625,1951.597900390625,0.6563502550125122,1678.023681640625,2310.509521484375,0.740419328212738,1722.333740234375,1925.01171875,0.6796692609786987,1992.625244140625,2195.30322265625,0.6481351852416992,1877.419189453125,2137.699951171875,0.5790454745292664,2032.50439453125,2168.717041015625,0.6548717617988586,2045.79736328125,2057.942138671875,0.5108757019042969,1912.8671875,2319.371337890625,0.6426659822463989,1917.298095703125,2106.68310546875,0.4517972767353058,1987.17529296875,2557.76318359375,0.11581704020500183,2195.569091796875,2557.76318359375,0.12795045971870422,1919.04638671875,2557.76318359375,0.12798482179641724,1910.029296875,2319.3125,0.1273467093706131,1899.008544921875,2332.337158203125,0.10430988669395447,1919.04638671875,2302.2802734375,0.15868300199508667,1912.033203125,2322.318115234375,0.1534169316291809,1912.033203125,2329.331298828125,0.16002842783927917,1899.008544921875,2340.352294921875,0.15045617520809174,1946.097412109375,2310.29541015625,0.18236465752124786,1942.08984375,2325.32373046875,0.19458472728729248,1940.086181640625,2327.32763671875,0.20625409483909607,1935.07666015625,2335.3427734375,0.1860392689704895,1967.13720703125,2302.2802734375,0.20615127682685852,1962.1279296875,2324.32177734375,0.22356930375099182,1961.1259765625,2327.32763671875,0.24308687448501587,1960.1240234375,2331.335205078125,0.21482539176940918,1984.16943359375,2310.29541015625,0.20218726992607117,1979.159912109375,2324.32177734375,0.23904624581336975,1977.15625,2324.32177734375,0.2277388870716095,1976.154296875,2323.320068359375,0.20994211733341217,2044.0079345703125,2125.57177734375,0.29737159609794617,2044.0079345703125,2125.57177734375,0.28265732526779175,2044.0079345703125,2125.57177734375,0.3102412819862366,2044.0079345703125,2125.57177734375,0.3175359070301056,2044.0079345703125,1625.5689697265625,0.3324379026889801,2044.0079345703125,1835.9420166015625,0.32124385237693787,2044.0079345703125,1833.9849853515625,0.3378906846046448,2044.0079345703125,1833.9849853515625,0.34347251057624817,2044.0079345703125,1833.9849853515625,0.3250277042388916,2044.0079345703125,1843.7698974609375,0.3826231360435486,2044.0079345703125,1842.7913818359375,0.4118310809135437,2044.0079345703125,1848.6622314453125,0.4074094295501709,2044.0079345703125,1848.6622314453125,0.41228246688842773,2044.0079345703125,1861.3824462890625,0.3728964030742645,2044.0079345703125,1853.5545654296875,0.39924705028533936,2044.0079345703125,1853.5545654296875,0.4148501455783844,2044.0079345703125,1853.5545654296875,0.4076556861400604,2044.0079345703125,1894.6507568359375,0.34894514083862305,2044.0079345703125,1884.8658447265625,0.38823822140693665,2044.0079345703125,1881.9305419921875,0.3797733187675476,2044.0079345703125,1877.0382080078125,0.3814396858215332
DJI_20260917131536_0071_D.JPG,Cam 7,4,SWASTIKAPADAM,CORRECT,,RIGHT,rtmw_l_wholebody,coco_wholebody_133,OK,734.64,281.13,1,1,1737.501953125,844.286376953125,0.9900802373886108,1761.9931640625,813.672607421875,1.0260064601898193,1768.115966796875,813.672607421875,0.9870797395706177,1774.23876953125,807.5498046875,0.9981361031532288,1749.74755859375,807.5498046875,1.0264734029769897,1755.870361328125,813.672607421875,0.985897421836853,1743.625,813.672607421875,1.028470754623413,1866.080322265625,832.041015625,1.0040786266326904,1835.466552734375,832.041015625,0.8591883182525635,1768.115966796875,881.023193359375,0.9840397834777832,1749.74755859375,887.14599609375,1.0079799890518188,1927.30810546875,1058.583740234375,0.7879349589347839,1853.8349609375,1040.21533203125,0.7642364501953125,1859.95751953125,1346.354248046875,0.6703230142593384,1792.60693359375,1242.266845703125,0.6382918357849121,1915.0625,1542.282958984375,0.7547361254692078,1890.5712890625,1536.160400390625,0.7161855697631836,1823.220947265625,1885.158447265625,0.7239159345626831,1915.0625,1872.912841796875,0.718216598033905,1994.65869140625,2185.174560546875,0.7489927411079407,1964.044921875,2185.174560546875,0.7477965354919434,2049.763671875,2215.788330078125,0.8239437341690063,2031.3955078125,2215.788330078125,0.7876240611076355,1847.7119140625,2307.630126953125,0.6849429607391357,1841.58935546875,2313.753173828125,0.691726565361023,1940.368408203125,1385.66357421875,0.23238950967788696,1950.6602783203125,1366.795166015625,0.23355849087238312,1971.243896484375,1352.3865966796875,0.22359919548034668,2002.11962890625,1343.1239013671875,0.20118433237075806,2014.126708984375,1347.9267578125,0.22567608952522278,1977.075927734375,1353.7587890625,0.3505343794822693,2006.92236328125,1360.963134765625,0.32963162660598755,2021.3310546875,1372.2841796875,0.29089686274528503,2032.652099609375,1383.9482421875,0.3170035183429718,1985.652587890625,1371.5980224609375,0.3199225664138794,2014.812744140625,1382.575927734375,0.33433765172958374,2025.790771484375,1391.49560546875,0.2793843150138855,2034.024169921875,1401.101318359375,0.29279470443725586,1987.7109375,1388.7510986328125,0.3276737928390503,2012.411376953125,1397.32763671875,0.39328286051750183,2026.476806640625,1406.933349609375,0.33841508626937866,2040.54248046875,1417.2252197265625,0.41779816150665283,1983.59423828125,1408.3055419921875,0.33610785007476807,2005.893310546875,1412.42236328125,0.42885494232177734,2022.01708984375,1416.1959228515625,0.4535548985004425,2039.51318359375,1420.998779296875,0.5071972608566284,1784.6187744140625,1408.8577880859375,0.17544519901275635,1921.0762939453125,1375.4395751953125,0.16564854979515076,1925.7178955078125,1355.017333984375,0.14685821533203125,1970.2755126953125,1360.5870361328125,0.19607117772102356,1964.7056884765625,1351.30419921875,0.16324229538440704,1983.2713623046875,1360.5870361328125,0.3974118232727051,2006.4783935546875,1362.443603515625,0.32006776332855225,2017.6177978515625,1367.0850830078125,0.3341461420059204,2026.9005126953125,1369.869873046875,0.2865294814109802,1985.1278076171875,1371.7264404296875,0.47954991459846497,2013.9046630859375,1377.296142578125,0.3895917534828186,2025.0440673828125,1389.3638916015625,0.4403890371322632,2038.0401611328125,1402.3597412109375,0.3697836995124817,1983.2713623046875,1385.6507568359375,0.4928252100944519,2012.9764404296875,1392.148681640625,0.45906296372413635,2025.9722900390625,1402.3597412109375,0.43689316511154175,2035.2552490234375,1409.7860107421875,0.42614710330963135,1978.6300048828125,1407.001220703125,0.47391629219055176,2000.9088134765625,1410.71435546875,0.4654279947280884,2022.2591552734375,1418.140625,0.45765364170074463,2033.3985595703125,1423.7103271484375,0.46580320596694946
DJI_20260917131538_0072_D.JPG,Cam 7,4,SWASTIKAPADAM,CORRECT,,RIGHT,rtmw_l_wholebody,coco_wholebody_133,OK,479.85,190.25,1,1,1762.5576171875,866.405517578125,0.9681811332702637,1780.82958984375,823.771484375,1.0125272274017334,1793.0107421875,823.771484375,0.9744925498962402,1799.101318359375,823.771484375,0.9982298612594604,1774.73876953125,823.771484375,1.00618314743042,1774.73876953125,829.862060546875,0.9673261642456055,1768.6484375,823.771484375,1.0086437463760376,1890.460205078125,835.95263671875,0.9939180612564087,1860.00732421875,842.043212890625,0.8430091142654419,1793.0107421875,896.858642578125,0.9747177362442017,1774.73876953125,902.94921875,0.9968507885932922,1957.45654296875,1067.395263671875,0.7817413806915283,1853.91650390625,1049.123291015625,0.7600927352905273,1884.36962890625,1378.015380859375,0.6869826316833496,1756.46728515625,1219.659912109375,0.6977540254592896,1927.00390625,1542.461669921875,0.7467865943908691,1866.097900390625,1542.461669921875,0.7047841548919678,1793.0107421875,1895.716064453125,0.7304935455322266,1884.36962890625,1877.4443359375,0.6894001364707947,1963.54736328125,2188.064697265625,0.7472051382064819,1963.54736328125,2175.88330078125,0.7201679944992065,2042.72509765625,2230.69873046875,0.7850841283798218,2042.72509765625,2212.427001953125,0.7510021924972534,1841.7353515625,2303.785888671875,0.7104251384735107,1847.826171875,2309.87646484375,0.6843810081481934,1964.952880859375,1398.866455078125,0.17307151854038239,1973.9459228515625,1380.880126953125,0.1810038536787033,1991.6112060546875,1369.6387939453125,0.173761785030365,2010.2398681640625,1359.36083984375,0.124972403049469,2027.2625732421875,1395.6546630859375,0.12476926296949387,1991.6112060546875,1365.46337890625,0.33183714747428894,2018.5904541015625,1374.45654296875,0.21121838688850403,2033.0438232421875,1386.0191650390625,0.1965053379535675,2034.9708251953125,1395.975830078125,0.2347501963376999,1996.7501220703125,1382.8072509765625,0.29076147079467773,2027.2625732421875,1395.01220703125,0.1940688043832779,2038.1827392578125,1404.968994140625,0.20930251479148865,2045.8912353515625,1415.88916015625,0.21297165751457214,1999.3194580078125,1399.5087890625,0.2666686475276947,2025.6566162109375,1408.8231201171875,0.2731076776981354,2038.8250732421875,1417.8162841796875,0.26206424832344055,2052.95703125,1430.342529296875,0.2777366638183594,1995.4654541015625,1420.3857421875,0.29368501901626587,2018.9117431640625,1425.2034912109375,0.3387308716773987,2034.6497802734375,1430.342529296875,0.32958945631980896,2050.708740234375,1435.4814453125,0.37335658073425293,1759.9718017578125,1204.112548828125,0.15281625092029572,1775.0673828125,1140.197021484375,0.11570844054222107,1819.069580078125,1137.6275634765625,0.07968035340309143,1844.1219482421875,1077.2449951171875,0.1011853814125061,1868.5318603515625,1060.2222900390625,0.17538675665855408,1781.169921875,1088.165283203125,0.12018917500972748,1792.411376953125,1067.9306640625,0.15976808965206146,1868.5318603515625,1039.9876708984375,0.2001117765903473,1868.5318603515625,1039.9876708984375,0.21456719934940338,1777.9581298828125,1092.340576171875,0.10815669596195221,1796.2655029296875,1082.705078125,0.14510393142700195,1868.5318603515625,1087.5228271484375,0.17146477103233337,1868.5318603515625,1039.9876708984375,0.16962091624736786,1766.07421875,1095.552490234375,0.08503735810518265,1868.5318603515625,1087.8441162109375,0.12221815437078476,1868.5318603515625,1092.0194091796875,0.1453009694814682,1868.5318603515625,1095.2313232421875,0.1336592733860016,1868.5318603515625,1095.552490234375,0.09745973348617554,1868.5318603515625,1095.552490234375,0.11321261525154114,1868.5318603515625,1096.19482421875,0.1309332400560379,1868.5318603515625,1103.2608642578125,0.11611528694629669
DJI_20260917131602_0073_D.JPG,Cam 7,5,SWASTIKAPADAM,CORRECT,,LEFT,rtmw_l_wholebody,coco_wholebody_133,OK,396.48,186.86,1,1,1711.602294921875,927.140869140625,1.0046770572662354,1734.57373046875,892.68359375,1.0405858755111694,1740.316650390625,892.68359375,0.9911527633666992,1751.802490234375,892.68359375,1.0106935501098633,1723.087890625,886.940673828125,1.0397839546203613,1728.8310546875,892.68359375,0.9919968247413635,1723.087890625,892.68359375,1.039335012435913,1832.20263671875,915.655029296875,1.019607424736023,1797.74560546875,909.912109375,0.862104058265686,1734.57373046875,955.855224609375,0.9925150275230408,1723.087890625,955.855224609375,1.0258657932281494,1872.40283203125,1099.42724609375,0.8214867115020752,1843.6884765625,1087.94140625,0.7630505561828613,1866.66015625,1340.62841796875,0.7164203524589539,1803.48828125,1311.913818359375,0.6628363132476807,1843.6884765625,1541.629150390625,0.7561972141265869,1889.631591796875,1547.3720703125,0.7078482508659363,1763.2880859375,1863.23046875,0.789698600769043,1866.66015625,1857.48779296875,0.705898642539978,1866.66015625,2179.0888671875,0.8444005250930786,1952.80322265625,2156.11767578125,0.8344340324401855,1901.1171875,2242.2607421875,0.8117794990539551,1998.74658203125,2202.060546875,0.8374185562133789,1734.57373046875,2219.2890625,0.8029754161834717,1866.66015625,2190.57470703125,0.728621780872345,1789.4259033203125,1161.983642578125,0.15817448496818542,1746.7244873046875,1161.983642578125,0.10371105372905731,1725.373779296875,1226.9443359375,0.12578269839286804,1729.0079345703125,1394.1160888671875,0.10253925621509552,1727.6451416015625,1394.1160888671875,0.15773841738700867,1732.64208984375,1219.2218017578125,0.08534897863864899,1735.36767578125,1394.1160888671875,0.10087838768959045,1734.0048828125,1394.1160888671875,0.1468876302242279,1729.9163818359375,1394.1160888671875,0.20908105373382568,1768.5294189453125,1246.9322509765625,0.07359310984611511,1770.3465576171875,1394.1160888671875,0.09184221178293228,1782.1575927734375,1394.1160888671875,0.13629788160324097,1782.1575927734375,1394.1160888671875,0.16882994771003723,1810.776611328125,1252.8377685546875,0.06302814185619354,1796.6942138671875,1394.1160888671875,0.08518140017986298,1790.33447265625,1394.1160888671875,0.1283922642469406,1814.8651123046875,1394.1160888671875,0.13827526569366455,1824.8590087890625,1277.82275390625,0.09690724313259125,1826.2218017578125,1394.1160888671875,0.10273125022649765,1726.736572265625,1394.1160888671875,0.12240483611822128,1727.6451416015625,1394.1160888671875,0.1455879807472229,1767.2119140625,1386.6787109375,0.1049325242638588,1799.313720703125,1386.6787109375,0.06398820877075195,1804.4620361328125,1386.6787109375,0.06975840032100677,1805.37060546875,1386.6787109375,0.07000601291656494,1770.2403564453125,1231.923828125,0.08673839271068573,1789.9254150390625,1231.923828125,0.058777060359716415,1769.331787109375,1231.923828125,0.06551877409219742,1771.14892578125,1231.923828125,0.08267746865749359,1771.4517822265625,1231.923828125,0.12353262305259705,1767.5147705078125,1295.521728515625,0.08195686340332031,1769.6346435546875,1386.6787109375,0.08259212970733643,1771.14892578125,1254.940185546875,0.10180937498807907,1771.4517822265625,1231.923828125,0.13687320053577423,1762.0634765625,1295.521728515625,0.0834607258439064,1762.9720458984375,1280.37939453125,0.07278244197368622,1765.394775390625,1386.6787109375,0.07795844972133636,1767.2119140625,1231.923828125,0.08430632203817368,1753.583740234375,1307.0299072265625,0.06561657786369324,1753.583740234375,1386.6787109375,0.057040177285671234,1756.3094482421875,1386.6787109375,0.051173798739910126,1764.1834716796875,1386.6787109375,0.04646587371826172
DJI_20260917131604_0074_D.JPG,Cam 7,5,SWASTIKAPADAM,CORRECT,,LEFT,rtmw_l_wholebody,coco_wholebody_133,OK,394.87,163.0,1,1,1708.719970703125,922.274169921875,1.0117628574371338,1731.75341796875,887.723876953125,1.0381064414978027,1737.51171875,887.723876953125,0.9926498532295227,1743.27001953125,887.723876953125,1.0084795951843262,1720.23681640625,887.723876953125,1.0382258892059326,1725.9951171875,887.723876953125,0.9902052879333496,1720.23681640625,887.723876953125,1.038393259048462,1829.64501953125,910.75732421875,1.0222179889678955,1795.09521484375,899.24072265625,0.8590234518051147,1731.75341796875,956.823974609375,0.9873964786529541,1714.478271484375,956.823974609375,1.0217804908752441,1869.95361328125,1100.78271484375,0.7971048355102539,1823.88671875,1083.507568359375,0.7624465823173523,1864.1953125,1319.599609375,0.7374933362007141,1818.12841796875,1308.0830078125,0.6529191732406616,1835.4033203125,1532.658447265625,0.7396836280822754,1858.436767578125,1538.416748046875,0.6969687938690186,1766.30322265625,1866.64208984375,0.7871682643890381,1766.30322265625,1855.125244140625,0.7180188894271851,1858.436767578125,2183.350830078125,0.82499098777771,1933.29541015625,2148.80078125,0.779017448425293,1892.98681640625,2240.934326171875,0.795630931854248,1979.36181640625,2200.6259765625,0.8031842708587646,1731.75341796875,2217.90087890625,0.7814186811447144,1783.578369140625,2206.38427734375,0.6954619288444519,1836.9739990234375,1390.0567626953125,0.23109716176986694,1856.6171875,1379.23876953125,0.19597259163856506,1868.2891845703125,1358.4569091796875,0.20791441202163696,1871.135986328125,1344.22265625,0.18950028717517853,1888.501708984375,1329.988525390625,0.15879398584365845,1903.58984375,1360.734375,0.4238100051879883,1920.6708984375,1353.9019775390625,0.49757128953933716,1932.3428955078125,1363.8658447265625,0.4650789201259613,1940.8834228515625,1374.683837890625,0.4865257143974304,1908.4295654296875,1372.6910400390625,0.49089932441711426,1932.0582275390625,1378.10009765625,0.481498658657074,1948.8546142578125,1386.9251708984375,0.4002807140350342,1948.8546142578125,1394.0423583984375,0.4578743875026703,1910.1375732421875,1385.5018310546875,0.5193288326263428,1931.7735595703125,1390.0567626953125,0.5481767654418945,1948.8546142578125,1397.45849609375,0.4717686176300049,1948.8546142578125,1404.5755615234375,0.4425283372402191,1907.860107421875,1402.013427734375,0.5418192148208618,1926.6492919921875,1404.2908935546875,0.6009398698806763,1942.022216796875,1407.9918212890625,0.5241418480873108,1948.8546142578125,1412.5467529296875,0.4956479072570801,1814.233154296875,1192.1962890625,0.16346320509910583,1788.9532470703125,1192.1962890625,0.1269010454416275,1722.451171875,1192.1962890625,0.12411775439977646,1737.482421875,1192.1962890625,0.060971230268478394,1740.443115234375,1308.574951171875,0.11390210688114166,1814.233154296875,1192.1962890625,0.06934100389480591,1751.375,1308.574951171875,0.06578323245048523,1749.78076171875,1308.574951171875,0.1315358579158783,1748.869873046875,1308.574951171875,0.15503746271133423,1814.233154296875,1237.7457275390625,0.05580496788024902,1788.9532470703125,1281.017578125,0.06921469420194626,1786.903564453125,1308.574951171875,0.14080022275447845,1777.1104736328125,1308.574951171875,0.1906336545944214,1814.233154296875,1238.8843994140625,0.08786880224943161,1814.233154296875,1265.0753173828125,0.07991331815719604,1798.2908935546875,1308.574951171875,0.12117446959018707,1786.2203369140625,1308.574951171875,0.16356785595417023,1814.233154296875,1192.1962890625,0.1473853886127472,1814.233154296875,1259.609375,0.12838022410869598,1814.233154296875,1308.574951171875,0.11574213206768036,1814.233154296875,1308.574951171875,0.14848768711090088
DJI_20260917131638_0075_D.JPG,Cam 7,6,ARAMANDI,INCORRECT,INSUFFICIENT_KNEE_BEND,,rtmw_l_wholebody,coco_wholebody_133,OK,402.49,176.86,1,1,1714.8851318359375,789.2459716796875,0.9725234508514404,1740.1710205078125,751.3170166015625,0.9977756142616272,1746.4925537109375,751.3170166015625,0.9651363492012024,1752.8138427734375,751.3170166015625,0.9732813239097595,1727.5279541015625,751.3170166015625,0.9934305548667908,1733.8494873046875,751.3170166015625,0.9466015100479126,1727.5279541015625,751.3170166015625,0.9905977249145508,1834.9932861328125,770.2816162109375,0.9879187345504761,1816.0286865234375,770.2816162109375,0.8668311238288879,1740.1710205078125,820.8533935546875,0.9716321229934692,1727.5279541015625,820.8533935546875,0.9924060106277466,1885.5653076171875,972.5692138671875,0.8411893248558044,1847.6363525390625,959.9261474609375,0.7659858465194702,1904.5296630859375,1174.8568115234375,0.707851767539978,1822.3504638671875,1206.4642333984375,0.6139968633651733,1860.2791748046875,1459.3236083984375,0.763434886932373,1841.3148193359375,1465.6453857421875,0.7480504512786865,1828.6717529296875,1838.6131591796875,0.8132507801055908,1834.9932861328125,1819.6485595703125,0.7423022985458374,1904.5296630859375,2236.86669921875,0.879475474357605,1910.8511962890625,2154.6875,0.7663421630859375,1942.4583740234375,2287.43896484375,0.9026548862457275,1980.3875732421875,2205.25927734375,0.7976912260055542,1822.3504638671875,2407.546875,0.8380851745605469,1803.3858642578125,2205.25927734375,0.7260943651199341,1869.2066650390625,1283.1346435546875,0.32334983348846436,1887.40869140625,1270.20849609375,0.2971729040145874,1914.0523681640625,1259.12890625,0.26992300152778625,1942.5426025390625,1258.8651123046875,0.229131817817688,1953.6220703125,1262.03076171875,0.13114982843399048,1921.96630859375,1254.380615234375,0.43399590253829956,1947.8184814453125,1258.8651123046875,0.4532071352005005,1963.1187744140625,1267.570556640625,0.48586809635162354,1973.6707763671875,1277.0672607421875,0.5129877328872681,1928.2974853515625,1271.791259765625,0.39008426666259766,1958.8980712890625,1281.8155517578125,0.40104255080223083,1981.5848388671875,1295.0054931640625,0.4666089415550232,1996.3572998046875,1306.348876953125,0.5467875599861145,1928.561279296875,1285.7725830078125,0.373590886592865,1957.051513671875,1295.0054931640625,0.39619648456573486,1979.2105712890625,1306.6126708984375,0.4436325132846832,1995.5660400390625,1321.12158203125,0.5317093133926392,1923.8128662109375,1301.6004638671875,0.3760957717895508,1947.027099609375,1306.87646484375,0.43570560216903687,1964.9654541015625,1311.624755859375,0.466128945350647,1986.3331298828125,1319.5386962890625,0.46628472208976746,1863.41552734375,1288.480224609375,0.25864899158477783,1887.625732421875,1270.97900390625,0.2429305911064148,1913.29443359375,1264.853515625,0.1743651181459427,1929.920654296875,1268.93701171875,0.16060619056224823,1945.380126953125,1269.812255859375,0.12329760938882828,1924.0869140625,1254.3525390625,0.32514363527297974,1950.047119140625,1260.186279296875,0.3939322233200073,1965.798583984375,1268.93701171875,0.4393231272697449,1975.424072265625,1278.271240234375,0.5087615847587585,1933.129150390625,1272.72900390625,0.3012392222881317,1961.13134765625,1284.10498046875,0.4194182753562927,1982.71630859375,1296.064208984375,0.36600202322006226,1998.176025390625,1307.1484375,0.3950198292732239,1932.254150390625,1287.021728515625,0.34627819061279297,1958.50634765625,1294.605712890625,0.3981179893016815,1978.341064453125,1306.56494140625,0.3671529293060303,1998.176025390625,1318.5244140625,0.35962000489234924,1926.712158203125,1302.4814453125,0.3157917261123657,1948.5888671875,1307.440185546875,0.4209096133708954,1968.423583984375,1312.982177734375,0.3680480718612671,1998.176025390625,1320.566162109375,0.34927451610565186
DJI_20260917131640_0076_D.JPG,Cam 7,6,ARAMANDI,INCORRECT,INSUFFICIENT_KNEE_BEND,,rtmw_l_wholebody,coco_wholebody_133,OK,393.84,160.53,1,1,1726.97802734375,803.4935302734375,0.9781011343002319,1745.864990234375,772.0155029296875,0.9927326440811157,1752.16064453125,765.7198486328125,0.9606221914291382,1758.456298828125,765.7198486328125,0.9653431177139282,1739.5693359375,772.0155029296875,0.9904401302337646,1745.864990234375,772.0155029296875,0.9412172436714172,1739.5693359375,772.0155029296875,0.9882498979568481,1846.595458984375,790.9022216796875,0.9859010577201843,1827.70849609375,784.6068115234375,0.8667627573013306,1752.16064453125,834.9720458984375,0.9707857966423035,1739.5693359375,841.2674560546875,0.9912709593772888,1896.960693359375,992.3631591796875,0.8302228450775146,1859.186767578125,973.4764404296875,0.7618283033370972,1915.84765625,1200.1197509765625,0.7076470851898193,1834.004150390625,1219.0067138671875,0.5875591039657593,1865.482421875,1470.8328857421875,0.7627765536308289,1852.89111328125,1470.8328857421875,0.7421764135360718,1846.595458984375,1842.2762451171875,0.8053833246231079,1846.595458984375,1823.3895263671875,0.7292728424072266,1915.84765625,2251.494140625,0.869744062423706,1896.960693359375,2150.763671875,0.728318452835083,1953.621337890625,2308.15478515625,0.889056921005249,1947.325927734375,2188.53759765625,0.7347252368927002,1827.70849609375,2427.7724609375,0.8416879177093506,1802.52587890625,2201.12890625,0.7237085700035095,1898.2723388671875,1297.0633544921875,0.35268113017082214,1898.2723388671875,1286.60546875,0.3019379675388336,1930.14404296875,1284.115478515625,0.22318649291992188,1956.786865234375,1251.4967041015625,0.18117912113666534,1972.9718017578125,1298.806396484375,0.13691887259483337,1933.630126953125,1269.673583984375,0.462436318397522,1960.5218505859375,1276.6455078125,0.4569896161556244,1975.710693359375,1285.8583984375,0.49778467416763306,1986.4176025390625,1296.31640625,0.5306800007820129,1939.1080322265625,1287.6014404296875,0.42083317041397095,1973.71875,1300.54931640625,0.3646191954612732,1992.1446533203125,1312.501220703125,0.43572258949279785,2008.3294677734375,1324.453125,0.5174152851104736,1941.5980224609375,1301.2962646484375,0.4266265630722046,1971.228759765625,1312.0032958984375,0.3684394955635071,1990.4017333984375,1324.951171875,0.43983960151672363,2008.3294677734375,1338.3970947265625,0.5665469169616699,1937.364990234375,1317.232177734375,0.3978145122528076,1960.2728271484375,1322.710205078125,0.3925832211971283,1977.9517822265625,1328.93505859375,0.38010770082473755,1991.6466064453125,1335.1600341796875,0.35162609815597534,1877.6634521484375,1296.424072265625,0.3401615619659424,1904.6737060546875,1287.2291259765625,0.3309820890426636,1923.9256591796875,1267.6898193359375,0.24693599343299866,1945.476318359375,1252.17333984375,0.22902078926563263,1964.153564453125,1252.17333984375,0.16501297056674957,1936.2813720703125,1269.4139404296875,0.42152443528175354,1961.5675048828125,1277.172119140625,0.47585588693618774,1977.0841064453125,1285.79248046875,0.5181885957717896,1986.8536376953125,1295.2747802734375,0.5095580816268921,1942.6029052734375,1288.3785400390625,0.3805343806743622,1971.337158203125,1300.1595458984375,0.46894609928131104,1992.3131103515625,1311.6533203125,0.48227131366729736,2007.2550048828125,1323.434326171875,0.5263978242874146,1943.7523193359375,1302.1710205078125,0.4291878342628479,1970.187744140625,1311.9405517578125,0.4333358407020569,1991.4510498046875,1325.1583251953125,0.42634356021881104,2008.1170654296875,1337.8013916015625,0.5297427177429199,1938.867431640625,1317.974853515625,0.38542646169662476,1960.7054443359375,1323.434326171875,0.446991503238678,1979.3826904296875,1328.6064453125,0.4264664649963379,1999.2093505859375,1336.36474609375,0.3586116433143616
DJI_20260917131718_0077_D.JPG,Cam 7,7,ARAMANDI,INCORRECT,FEET_TOO_FAR_APART,,rtmw_l_wholebody,coco_wholebody_133,OK,421.43,177.34,1,1,1717.660888671875,854.38818359375,0.9784646034240723,1742.179931640625,823.739501953125,1.0025112628936768,1748.3095703125,823.739501953125,0.960709810256958,1754.439453125,823.739501953125,0.9864400625228882,1729.920166015625,817.609619140625,1.004457950592041,1736.050048828125,817.609619140625,0.966734766960144,1723.79052734375,817.609619140625,1.0114037990570068,1840.256103515625,842.12890625,0.9912744760513306,1803.4775390625,842.12890625,0.8556934595108032,1742.179931640625,891.1669921875,0.9864323139190674,1723.79052734375,891.1669921875,1.013365626335144,1901.5537109375,1044.4111328125,0.8474613428115845,1803.4775390625,1044.4111328125,0.7688258290290833,1889.294189453125,1314.12060546875,0.7152628898620605,1797.347900390625,1295.7314453125,0.6523282527923584,1877.034912109375,1540.921875,0.7915894985198975,1821.866943359375,1540.921875,0.7618043422698975,1797.347900390625,1896.4482421875,0.7457650899887085,1852.515625,1890.318359375,0.706786036491394,1907.683349609375,2258.104248046875,0.7921665906906128,1926.07275390625,2221.32568359375,0.6903030872344971,1956.721435546875,2301.0126953125,0.8153237700462341,1975.11083984375,2215.196044921875,0.7127106785774231,1840.256103515625,2423.60791015625,0.7532876133918762,1846.385986328125,2399.0888671875,0.631860613822937,1900.65966796875,1366.01416015625,0.09241583943367004,1900.65966796875,1382.7020263671875,0.0985838919878006,1900.65966796875,1408.4407958984375,0.05403779074549675,1953.5513916015625,1408.4407958984375,0.0576569102704525,1953.5513916015625,1427.1083984375,0.047909270972013474,1937.4293212890625,1343.6695556640625,0.0763903558254242,1960.62255859375,1346.7808837890625,0.11043049395084381,1981.27001953125,1353.00341796875,0.09569023549556732,1989.75537109375,1413.531982421875,0.10396599769592285,1942.8033447265625,1369.12548828125,0.1064663827419281,1976.178955078125,1376.4794921875,0.15391844511032104,1996.2607421875,1388.35888671875,0.171897292137146,2006.160400390625,1403.915283203125,0.18562011420726776,1942.2376708984375,1374.2166748046875,0.12886762619018555,1971.37060546875,1381.0048828125,0.13868333399295807,1996.543701171875,1390.62158203125,0.17139500379562378,2006.443115234375,1404.7637939453125,0.18310672044754028,1937.9949951171875,1394.298583984375,0.09952357411384583,1960.62255859375,1400.23828125,0.13451312482357025,1978.724609375,1403.349609375,0.11959923803806305,2000.786376953125,1411.2691650390625,0.1322413831949234,1883.264892578125,1367.6492919921875,0.20402801036834717,1883.264892578125,1357.6689453125,0.21374478936195374,1909.7510986328125,1349.9918212890625,0.15750853717327118,1933.1663818359375,1359.9720458984375,0.135242760181427,1955.0462646484375,1363.04296875,0.08958311378955841,1937.388916015625,1341.9307861328125,0.23652207851409912,1962.3397216796875,1345.385498046875,0.22166836261749268,1978.0777587890625,1354.5980224609375,0.20204460620880127,1988.0582275390625,1366.8814697265625,0.20982027053833008,1944.68212890625,1358.820556640625,0.22433623671531677,1976.5423583984375,1371.8717041015625,0.2548021674156189,1994.5838623046875,1385.6905517578125,0.2473314106464386,2005.3316650390625,1398.74169921875,0.28383880853652954,1946.2176513671875,1374.9425048828125,0.24602416157722473,1973.8553466796875,1386.074462890625,0.24596339464187622,1991.1290283203125,1399.1256103515625,0.18201960623264313,2006.0994873046875,1411.4090576171875,0.20448128879070282,1941.2274169921875,1392.98388671875,0.2277137190103531,1964.2589111328125,1402.1964111328125,0.2829437255859375,1981.9163818359375,1409.48974609375,0.258823961019516,2001.8770751953125,1416.399169921875,0.293550580739975
DJI_20260917131720_0078_D.JPG,Cam 7,7,ARAMANDI,INCORRECT,FEET_TOO_FAR_APART,,rtmw_l_wholebody,coco_wholebody_133,OK,388.66,183.14,1,1,1737.9716796875,851.424072265625,0.9614779353141785,1762.529541015625,814.58740234375,1.000808596611023,1768.668701171875,814.58740234375,0.964389443397522,1780.94775390625,814.58740234375,0.9935579299926758,1756.389892578125,814.58740234375,0.9928038120269775,1756.389892578125,814.58740234375,0.9575438499450684,1750.250732421875,814.58740234375,0.998021125793457,1866.899658203125,839.145263671875,0.9910886287689209,1830.063232421875,839.145263671875,0.8523770570755005,1762.529541015625,888.260498046875,0.9783112406730652,1744.111083984375,888.260498046875,0.9936202168464661,1928.2939453125,1047.885498046875,0.8364428877830505,1805.50537109375,1054.025146484375,0.7818042635917664,1897.596923828125,1318.020263671875,0.7365753650665283,1780.94775390625,1293.462646484375,0.6713406443595886,1891.457275390625,1532.900390625,0.7873282432556152,1811.644775390625,1532.900390625,0.7692527770996094,1793.2265625,1901.265869140625,0.7725827693939209,1836.202392578125,1888.987060546875,0.7069518566131592,1916.01513671875,2251.213134765625,0.8180705308914185,1928.2939453125,2226.655517578125,0.6961915493011475,1971.269775390625,2300.32861328125,0.8432334661483765,1977.409423828125,2226.655517578125,0.73264479637146,1836.202392578125,2423.1171875,0.7621324062347412,1836.202392578125,2398.559326171875,0.6407650709152222,1875.8974609375,1366.4716796875,0.25941258668899536,1901.615966796875,1351.416748046875,0.2670310139656067,1926.080078125,1338.243896484375,0.20589539408683777,1939.880126953125,1321.30712890625,0.14369803667068481,1969.98974609375,1338.243896484375,0.09980036318302155,1958.0712890625,1342.634765625,0.33287620544433594,1980.0263671875,1348.280517578125,0.3472594618797302,1995.708251953125,1358.31689453125,0.35307759046554565,2005.744873046875,1368.980712890625,0.3553828001022339,1963.717041015625,1360.19873046875,0.34695965051651,1988.808349609375,1369.60791015625,0.3998589813709259,2004.490234375,1380.271728515625,0.3501051068305969,2017.663330078125,1395.32666015625,0.3356725573539734,1963.089599609375,1376.508056640625,0.3549625873565674,1986.299072265625,1383.408203125,0.45938214659690857,2001.981201171875,1395.953857421875,0.42433732748031616,2016.40869140625,1407.2451171875,0.45823758840560913,1956.189453125,1394.072021484375,0.32764890789985657,1975.63525390625,1398.463134765625,0.4714046120643616,1991.944580078125,1405.363037109375,0.47431498765945435,2006.99951171875,1411.0087890625,0.5035491585731506,1895.491943359375,1368.2503662109375,0.2141953408718109,1908.523193359375,1355.218994140625,0.21561667323112488,1932.2586669921875,1346.841796875,0.1977202147245407,1949.0133056640625,1349.6341552734375,0.16834422945976257,1963.9061279296875,1346.3763427734375,0.10190248489379883,1956.4598388671875,1344.04931640625,0.3018820881843567,1977.8682861328125,1347.30712890625,0.2645222544670105,1992.7611083984375,1358.9422607421875,0.2397138476371765,2002.0692138671875,1369.646484375,0.22835208475589752,1962.9754638671875,1360.8038330078125,0.3166210651397705,1987.6417236328125,1369.646484375,0.26295050978660583,2005.3270263671875,1382.6778564453125,0.19796068966388702,2017.4276123046875,1395.24365234375,0.15726254880428314,1961.5792236328125,1375.2313232421875,0.29369351267814636,1986.2454833984375,1383.608642578125,0.2738679051399231,2002.0692138671875,1396.1744384765625,0.2216614931821823,2016.4967041015625,1409.205810546875,0.23807001113891602,1956.9251708984375,1393.382080078125,0.2999657988548279,1975.5413818359375,1398.50146484375,0.341590940952301,1990.4342041015625,1405.4825439453125,0.305678129196167,2005.7923583984375,1410.60205078125,0.29804694652557373
DJI_20260917131754_0079_D.JPG,Cam 7,8,ARAMANDI,INCORRECT,FEET_NOT_IN_LINE,,rtmw_l_wholebody,coco_wholebody_133,OK,413.68,159.95,1,1,1651.85888671875,863.201171875,0.9939703941345215,1675.948974609375,833.088623046875,1.0166864395141602,1681.971435546875,833.088623046875,0.9759315252304077,1687.994140625,833.088623046875,0.9965924024581909,1663.90380859375,833.088623046875,1.019415259361267,1669.92626953125,833.088623046875,0.9719725847244263,1663.90380859375,833.088623046875,1.0228631496429443,1772.309326171875,851.156005859375,0.996971607208252,1748.21923828125,851.156005859375,0.8521007895469666,1681.971435546875,899.336181640625,0.9944736957550049,1663.90380859375,899.336181640625,1.0233157873153687,1838.556884765625,1073.9892578125,0.8011784553527832,1784.3544921875,1055.921630859375,0.7484135627746582,1838.556884765625,1326.93505859375,0.6661716103553772,1772.309326171875,1302.844970703125,0.6705743670463562,1820.4892578125,1567.835693359375,0.7618588209152222,1802.421875,1561.813232421875,0.7248767614364624,1669.92626953125,1893.052001953125,0.7687686681747437,1772.309326171875,1887.029296875,0.7393714785575867,1874.69189453125,2188.1552734375,0.7923270463943481,1862.64697265625,2194.177734375,0.7334245443344116,1934.91748046875,2230.31298828125,0.835580587387085,1910.8271484375,2236.33544921875,0.7405610084533691,1742.19677734375,2314.628173828125,0.7624391913414001,1742.19677734375,2326.67333984375,0.7225503325462341,1857.224853515625,1357.813720703125,0.2567063868045807,1857.224853515625,1352.3551025390625,0.24967896938323975,1857.224853515625,1346.459716796875,0.21785315871238708,1917.925048828125,1334.887451171875,0.21226556599140167,1931.899169921875,1345.3680419921875,0.23429588973522186,1882.98974609375,1342.0928955078125,0.5348904728889465,1913.1214599609375,1345.58642578125,0.4069054126739502,1933.8643798828125,1356.0670166015625,0.41370755434036255,1948.7119140625,1367.4210205078125,0.46344706416130066,1883.644775390625,1358.6871337890625,0.47198522090911865,1923.60205078125,1365.6741943359375,0.41007497906684875,1943.68994140625,1377.24658203125,0.3967270851135254,1958.7557373046875,1388.6005859375,0.4659806191921234,1883.863037109375,1374.189697265625,0.439046174287796,1916.8333740234375,1378.556640625,0.3919834494590759,1938.4495849609375,1387.29052734375,0.4416793882846832,1958.1007080078125,1399.95458984375,0.5408025979995728,1880.1512451171875,1392.3125,0.47453224658966064,1907.4444580078125,1392.967529296875,0.40706372261047363,1927.7506103515625,1396.897705078125,0.4257017970085144,1946.7467041015625,1403.884765625,0.588097095489502,1835.9132080078125,1366.05419921875,0.18689078092575073,1835.9132080078125,1356.605712890625,0.1901652216911316,1867.29541015625,1346.14501953125,0.1618574559688568,1906.7763671875,1346.81982421875,0.135326087474823,1910.82568359375,1344.120361328125,0.08886164426803589,1883.49267578125,1342.095703125,0.32252100110054016,1914.875,1346.14501953125,0.29538869857788086,1934.7840576171875,1355.5933837890625,0.2769164741039276,1948.6192626953125,1368.753662109375,0.2907966375350952,1886.8671875,1359.3052978515625,0.29826289415359497,1923.9859619140625,1366.05419921875,0.302715927362442,1943.89501953125,1378.53955078125,0.2565087080001831,1959.7548828125,1390.6875,0.3125189244747162,1888.891845703125,1374.15283203125,0.27979427576065063,1919.59912109375,1379.2144775390625,0.3040482699871063,1941.532958984375,1388.325439453125,0.28420156240463257,1959.080078125,1398.7861328125,0.3512924611568451,1885.517333984375,1391.3624267578125,0.28398293256759644,1911.50048828125,1394.3994140625,0.33713337779045105,1929.722412109375,1398.44873046875,0.3438265919685364,1946.93212890625,1402.83544921875,0.39581793546676636
DJI_20260917131755_0080_D.JPG,Cam 7,8,ARAMANDI,INCORRECT,FEET_NOT_IN_LINE,,rtmw_l_wholebody,coco_wholebody_133,OK,404.57,193.12,1,1,1651.8577880859375,863.44482421875,0.9879764318466187,1675.9447021484375,833.33642578125,1.0169219970703125,1681.9664306640625,833.33642578125,0.970833957195282,1687.9881591796875,833.33642578125,0.9964972734451294,1663.9012451171875,833.33642578125,1.0242478847503662,1669.9229736328125,833.33642578125,0.9713585376739502,1657.8795166015625,833.33642578125,1.0282235145568848,1772.2923583984375,851.4013671875,0.9893913865089417,1742.1837158203125,851.4013671875,0.8494888544082642,1681.9664306640625,899.575439453125,0.9920087456703186,1663.9012451171875,899.575439453125,1.0257173776626587,1838.5316162109375,1068.18408203125,0.7953832149505615,1808.4227294921875,1050.11865234375,0.7507647275924683,1862.6185302734375,1339.162109375,0.6663824319839478,1820.4661865234375,1303.031494140625,0.6507142186164856,1826.4881591796875,1549.922607421875,0.7682805061340332,1802.4012451171875,1543.90087890625,0.7341539859771729,1712.0750732421875,1869.07470703125,0.7627925872802734,1760.2489013671875,1875.09619140625,0.7590126991271973,1868.6402587890625,2188.2265625,0.7921355962753296,1844.5531005859375,2188.2265625,0.7353994250297546,1928.8575439453125,2224.35693359375,0.8286573886871338,1892.7269287109375,2230.378662109375,0.7397539615631104,1742.1837158203125,2320.70458984375,0.7783844470977783,1724.1185302734375,2326.726318359375,0.7441616058349609,1961.255126953125,1399.7938232421875,0.07654375582933426,1949.1484375,1391.0611572265625,0.07637442648410797,1944.7821044921875,1407.335693359375,0.07803797721862793,1932.6754150390625,1407.13720703125,0.15311305224895477,1926.1259765625,1408.5264892578125,0.1428721696138382,1951.927001953125,1390.06884765625,0.09127432107925415,1923.7442626953125,1347.59619140625,0.13804958760738373,1933.6678466796875,1394.83203125,0.11517111957073212,1889.805908203125,1402.3739013671875,0.15415622293949127,1955.49951171875,1386.893310546875,0.1183454617857933,1926.9197998046875,1367.6417236328125,0.25666314363479614,1943.1943359375,1383.32080078125,0.11015131324529648,1959.4688720703125,1391.4581298828125,0.19371363520622253,1955.49951171875,1378.5574951171875,0.11234044283628464,1937.835693359375,1369.031005859375,0.12058113515377045,1938.6295166015625,1368.83251953125,0.0894612967967987,1889.805908203125,1367.4432373046875,0.0754384845495224,1955.49951171875,1356.725830078125,0.08901840448379517,1944.1866455078125,1350.5732421875,0.14215704798698425,1940.415771484375,1344.817626953125,0.1321001946926117,1944.9805908203125,1341.840576171875,0.08591984957456589,1869.761962890625,1381.8876953125,0.10723637789487839,1869.761962890625,1385.4508056640625,0.13780461251735687,1869.761962890625,1346.2562255859375,0.1425004005432129,1921.130615234375,1346.2562255859375,0.16373994946479797,1929.7415771484375,1337.645263671875,0.1301286369562149,1884.3115234375,1344.7716064453125,0.21178027987480164,1921.130615234375,1345.0684814453125,0.24840329587459564,1939.540283203125,1346.85009765625,0.2229919731616974,1945.7757568359375,1346.2562255859375,0.13858474791049957,1883.420654296875,1360.8057861328125,0.2497326135635376,1924.69384765625,1365.556640625,0.27254658937454224,1945.7757568359375,1379.21533203125,0.15766145288944244,1962.1068115234375,1393.4678955078125,0.22071829438209534,1880.748291015625,1376.24609375,0.2346387654542923,1917.8643798828125,1378.91845703125,0.21705107390880585,1941.02490234375,1390.4986572265625,0.17433249950408936,1957.05908203125,1400.2972412109375,0.22050809860229492,1869.761962890625,1395.24951171875,0.2438049614429474,1906.5811767578125,1395.54638671875,0.26989006996154785,1925.8814697265625,1399.406494140625,0.24642956256866455,1944.885009765625,1403.2666015625,0.20449626445770264
DJI_20260917131816_0081_D.JPG,Cam 7,9,SAMAPADHAM,INCORRECT,FEET_TOO_FAR_APART,,rtmw_l_wholebody,coco_wholebody_133,OK,388.45,209.87,1,1,1699.650390625,726.86376953125,0.9592686295509338,1732.060546875,694.45361328125,0.9859985113143921,1732.060546875,694.45361328125,0.9613349437713623,1745.02490234375,694.45361328125,0.9575697779655457,1719.0966796875,694.45361328125,0.9804137945175171,1725.57861328125,694.45361328125,0.9522265195846558,1719.0966796875,694.45361328125,0.9682390689849854,1829.291259765625,713.89990234375,0.9830622673034668,1803.36328125,720.3818359375,0.8687343597412109,1732.060546875,759.274169921875,0.9643739461898804,1712.614501953125,765.756103515625,0.9791441559791565,1887.6298828125,914.84326171875,0.8280596137046814,1816.3271484375,921.3251953125,0.7746877074241638,1881.1474609375,1141.71435546875,0.6523499488830566,1770.952880859375,1128.75048828125,0.6314748525619507,1894.11181640625,1400.99609375,0.781030535697937,1842.25537109375,1407.47802734375,0.7490774393081665,1933.00390625,1822.32861328125,0.8664817810058594,1894.11181640625,1783.4365234375,0.7955938577651978,1945.968017578125,2217.7333984375,0.9287204146385193,1920.039794921875,2114.0205078125,0.8764562606811523,1978.378173828125,2289.03564453125,0.9497162103652954,1926.52197265625,2172.35888671875,0.851726770401001,1732.060546875,2301.99951171875,0.8704702258110046,1738.542724609375,2152.91259765625,0.9479871988296509,1888.770263671875,1247.39501953125,0.1360500305891037,1888.770263671875,1241.649658203125,0.1455826759338379,1888.770263671875,1255.0556640625,0.12895533442497253,1888.770263671875,1258.56689453125,0.14226649701595306,1888.770263671875,1258.56689453125,0.14395631849765778,1888.770263671875,1213.879638671875,0.1491638422012329,1888.770263671875,1231.435302734375,0.13814035058021545,1888.770263671875,1258.56689453125,0.14215031266212463,1888.770263671875,1263.03564453125,0.1515718698501587,1888.770263671875,1212.922119140625,0.14739826321601868,1888.770263671875,1241.96875,0.13444039225578308,1888.770263671875,1258.56689453125,0.14647245407104492,1888.770263671875,1264.312255859375,0.1566830277442932,1888.770263671875,1240.692138671875,0.14498630166053772,1888.770263671875,1261.439697265625,0.16370049118995667,1888.770263671875,1262.077880859375,0.19292008876800537,1888.770263671875,1264.312255859375,0.20207099616527557,1888.770263671875,1260.48193359375,0.16537238657474518,1888.770263671875,1263.354736328125,0.2036685198545456,1888.770263671875,1264.312255859375,0.2206394374370575,1888.770263671875,1264.95068359375,0.18291053175926208,1907.8302001953125,1249.3436279296875,0.13013195991516113,1907.8302001953125,1224.903076171875,0.12747138738632202,1907.8302001953125,1211.2940673828125,0.18670877814292908,1907.8302001953125,1206.5726318359375,0.22530166804790497,1907.8302001953125,1204.62841796875,0.2178460657596588,1907.8302001953125,1212.96044921875,0.2194841355085373,1907.8302001953125,1208.79443359375,0.2189880758523941,1907.8302001953125,1205.7393798828125,0.19629135727882385,1907.8302001953125,1204.62841796875,0.16627761721611023,1907.8302001953125,1223.7921142578125,0.20852403342723846,1907.8302001953125,1230.179931640625,0.2021833062171936,1907.8302001953125,1231.01318359375,0.16701804101467133,1907.8302001953125,1163.5238037109375,0.12506268918514252,1907.8302001953125,1232.40185546875,0.1921747475862503,1907.8302001953125,1234.345947265625,0.1896008551120758,1907.8302001953125,1253.23193359375,0.17663948237895966,1907.8302001953125,1252.398681640625,0.16389596462249756,1907.8302001953125,1252.398681640625,0.17470307648181915,1907.8302001953125,1252.398681640625,0.21915899217128754,1907.8302001953125,1262.3970947265625,0.19153492152690887,1907.8302001953125,1257.39794921875,0.14239796996116638
DJI_20260917131818_0082_D.JPG,Cam 7,9,SAMAPADHAM,INCORRECT,FEET_TOO_FAR_APART,,rtmw_l_wholebody,coco_wholebody_133,OK,432.71,192.9,1,1,1699.797607421875,733.1396484375,0.9758659601211548,1725.728271484375,700.726318359375,0.9903329610824585,1732.2109375,700.726318359375,0.968049943447113,1738.693603515625,700.726318359375,0.9660788178443909,1712.762939453125,700.726318359375,0.9915069341659546,1719.24560546875,700.726318359375,0.9654310345649719,1712.762939453125,700.726318359375,0.9829824566841125,1822.968994140625,720.17431640625,0.9917348027229309,1797.0380859375,720.17431640625,0.868241012096405,1725.728271484375,765.55322265625,0.9719024896621704,1712.762939453125,772.0361328125,0.9912639856338501,1881.313232421875,914.65576171875,0.8493300080299377,1822.968994140625,921.13818359375,0.7742294669151306,1900.761474609375,1148.033203125,0.7220807075500488,1803.520751953125,1160.99853515625,0.660843551158905,1894.278564453125,1413.82421875,0.7711879014968872,1855.38232421875,1420.306884765625,0.7505428791046143,1933.1748046875,1828.71728515625,0.8627001047134399,1894.278564453125,1789.8212890625,0.7971374988555908,1939.657470703125,2224.16259765625,0.9308326244354248,1913.726806640625,2120.439453125,0.876770555973053,1972.071044921875,2295.47265625,0.9529800415039062,1926.692138671875,2178.78369140625,0.8550740480422974,1732.2109375,2308.43798828125,0.8463002443313599,1738.693603515625,2165.818359375,0.9408951997756958,1841.623779296875,1232.255126953125,0.213285893201828,1861.856201171875,1220.95654296875,0.21172723174095154,1875.2568359375,1218.3289794921875,0.17675600945949554,1898.905029296875,1218.3289794921875,0.1780610978603363,1914.40771484375,1219.642822265625,0.13320796191692352,1897.85400390625,1209.1324462890625,0.37119755148887634,1920.9766845703125,1209.657958984375,0.3772875964641571,1936.7421875,1222.2703857421875,0.3690115213394165,1946.4642333984375,1234.6199951171875,0.3574064373970032,1901.79541015625,1222.5330810546875,0.39533108472824097,1928.3338623046875,1231.4669189453125,0.4331185817718506,1946.4642333984375,1243.291015625,0.3049907982349396,1946.4642333984375,1254.0640869140625,0.33884066343307495,1903.109130859375,1235.933837890625,0.3852725625038147,1926.2318115234375,1242.502685546875,0.4455717206001282,1946.4642333984375,1253.53857421875,0.37950611114501953,1946.4642333984375,1261.68408203125,0.330488920211792,1899.4305419921875,1250.9110107421875,0.3806297779083252,1919.400146484375,1255.1151123046875,0.5006468296051025,1933.3262939453125,1262.4722900390625,0.45868945121765137,1946.4642333984375,1268.5157470703125,0.4388585686683655,1834.3377685546875,1233.39111328125,0.19169369339942932,1862.114013671875,1225.61376953125,0.19815079867839813,1876.0020751953125,1216.4476318359375,0.19980254769325256,1895.445556640625,1215.3365478515625,0.22811540961265564,1906.2781982421875,1210.3367919921875,0.17850619554519653,1897.6676025390625,1210.05908203125,0.4339084327220917,1917.1109619140625,1208.11474609375,0.4703802466392517,1930.443603515625,1218.947509765625,0.49109530448913574,1940.7208251953125,1227.2802734375,0.41797274351119995,1902.3895263671875,1222.836181640625,0.4565696716308594,1926.277099609375,1229.50244140625,0.48643505573272705,1940.7208251953125,1238.113037109375,0.3438381552696228,1940.7208251953125,1247.00146484375,0.3415316045284271,1903.7783203125,1235.33544921875,0.46115434169769287,1924.610595703125,1242.001708984375,0.5172553062438965,1940.7208251953125,1252.2789306640625,0.39088600873947144,1940.7208251953125,1259.2230224609375,0.3015323877334595,1900.7230224609375,1250.3345947265625,0.429268479347229,1918.2220458984375,1255.3343505859375,0.5577390193939209,1932.387939453125,1261.722900390625,0.5186959505081177,1940.7208251953125,1268.1114501953125,0.4653405547142029
DJI_20260917132034_0083_D.JPG,Cam 7,10,SAMAPADHAM,INCORRECT,FEET_NOT_ALIGNED,,rtmw_l_wholebody,coco_wholebody_133,OK,507.14,176.54,1,1,1631.7125244140625,715.1400146484375,0.9900040626525879,1657.4595947265625,689.3929443359375,1.0113904476165771,1663.8963623046875,689.3929443359375,0.982403039932251,1676.7698974609375,689.3929443359375,0.9809536933898926,1651.0228271484375,682.9561767578125,1.008711814880371,1651.0228271484375,689.3929443359375,0.9742552042007446,1644.5860595703125,682.9561767578125,0.9980261325836182,1760.4478759765625,715.1400146484375,1.0044959783554077,1721.8272705078125,708.7032470703125,0.8699581623077393,1657.4595947265625,753.7608642578125,0.9858973026275635,1638.1492919921875,753.7608642578125,1.0153048038482666,1799.0684814453125,914.6800537109375,0.8208509683609009,1760.4478759765625,908.2432861328125,0.7566105127334595,1792.6319580078125,1172.1510009765625,0.674517035484314,1747.5743408203125,1152.8409423828125,0.6477134227752686,1831.2525634765625,1384.5645751953125,0.7706006169319153,1805.5054931640625,1397.4381103515625,0.7424426078796387,1889.1834716796875,1770.7711181640625,0.8215771913528442,1856.9996337890625,1745.0240478515625,0.786523699760437,1863.4364013671875,2163.41455078125,0.9189224243164062,1856.9996337890625,2111.92041015625,0.9212133884429932,1889.1834716796875,2221.34521484375,0.91982102394104,1863.4364013671875,2169.85107421875,0.8748629093170166,1696.0802001953125,2279.2763671875,0.8697417974472046,1689.6434326171875,2144.10400390625,0.9529621601104736,1778.9918212890625,1207.4886474609375,0.3114808201789856,1778.9918212890625,1195.6082763671875,0.29863208532333374,1802.4132080078125,1189.8377685546875,0.22232599556446075,1837.37548828125,1184.0672607421875,0.16961003839969635,1841.1092529296875,1175.581298828125,0.16410499811172485,1829.568359375,1189.158935546875,0.44081413745880127,1857.4024658203125,1197.984375,0.37894392013549805,1869.6221923828125,1208.846435546875,0.3461982011795044,1875.732177734375,1219.70849609375,0.41217246651649475,1836.696533203125,1205.112548828125,0.43421682715415955,1860.4573974609375,1214.2774658203125,0.37513458728790283,1874.034912109375,1223.78173828125,0.333306223154068,1884.2181396484375,1237.0198974609375,0.31822726130485535,1837.7149658203125,1219.3690185546875,0.4531720280647278,1861.13623046875,1226.8367919921875,0.47173380851745605,1875.3927001953125,1236.0015869140625,0.4141504168510437,1887.9520263671875,1244.148193359375,0.4288131296634674,1832.623291015625,1236.341064453125,0.48369190096855164,1855.0263671875,1241.09326171875,0.5037186741828918,1870.97998046875,1245.16650390625,0.4931271970272064,1886.59423828125,1249.5792236328125,0.5342105627059937,1771.587646484375,1206.8375244140625,0.3580452501773834,1771.587646484375,1193.5357666015625,0.323139488697052,1795.772705078125,1192.3265380859375,0.23611915111541748,1829.228759765625,1195.1480712890625,0.22303807735443115,1842.12744140625,1194.3419189453125,0.1747037172317505,1830.034912109375,1189.907958984375,0.5075390338897705,1856.6385498046875,1197.566650390625,0.4282163381576538,1868.7310791015625,1206.4344482421875,0.38324403762817383,1875.986572265625,1219.333251953125,0.36259520053863525,1836.4842529296875,1205.6282958984375,0.49206089973449707,1860.266357421875,1215.3023681640625,0.40974563360214233,1873.568115234375,1224.170166015625,0.3803373873233795,1882.8389892578125,1234.247314453125,0.33383169770240784,1836.0811767578125,1218.1239013671875,0.48207908868789673,1859.4600830078125,1227.3948974609375,0.4396156072616577,1874.374267578125,1235.859619140625,0.44104239344596863,1887.676025390625,1243.92138671875,0.45324376225471497,1831.647216796875,1236.6658935546875,0.4499150216579437,1854.623046875,1240.2935791015625,0.48075026273727417,1870.7464599609375,1243.92138671875,0.473044753074646,1884.451416015625,1247.549072265625,0.4639991521835327
DJI_20260917132036_0084_D.JPG,Cam 7,10,SAMAPADHAM,INCORRECT,FEET_NOT_ALIGNED,,rtmw_l_wholebody,coco_wholebody_133,OK,532.71,217.5,1,1,1608.8416748046875,760.047607421875,0.9812884330749512,1634.1778564453125,728.37744140625,1.0080214738845825,1640.5118408203125,728.37744140625,0.9750906229019165,1653.1800537109375,728.37744140625,0.9725217819213867,1627.8438720703125,728.37744140625,1.005700707435608,1627.8438720703125,734.71142578125,0.9700603485107422,1621.5096435546875,728.37744140625,0.9977385997772217,1735.5223388671875,747.37939453125,0.9807373285293579,1703.8524169921875,753.713623046875,0.858207106590271,1640.5118408203125,791.7177734375,0.9724609851837158,1621.5096435546875,798.0517578125,1.0013326406478882,1773.5267333984375,937.400634765625,0.8137794733047485,1748.1905517578125,937.400634765625,0.7505877017974854,1792.5286865234375,1159.091796875,0.6541540622711182,1735.5223388671875,1165.42578125,0.6274175047874451,1824.1990966796875,1431.45556640625,0.752466082572937,1792.5286865234375,1431.45556640625,0.7278550863265991,1868.5372314453125,1824.16552734375,0.8143476247787476,1849.5350341796875,1786.161376953125,0.7752946615219116,1849.5350341796875,2216.8759765625,0.8790287971496582,1855.8690185546875,2147.20166015625,0.8650686740875244,1881.2054443359375,2273.88232421875,0.8979779481887817,1868.5372314453125,2210.5419921875,0.8394412994384766,1684.8502197265625,2324.5546875,0.8179126977920532,1684.8502197265625,2172.53759765625,0.9023157358169556,1764.204833984375,1254.8597412109375,0.2908882200717926,1777.983154296875,1239.70361328125,0.24461719393730164,1793.5986328125,1229.5994873046875,0.2071470022201538,1827.5853271484375,1233.962646484375,0.14805379509925842,1833.0966796875,1236.0294189453125,0.14868050813674927,1803.9324951171875,1220.6435546875,0.48695915937423706,1835.6226806640625,1229.8291015625,0.41927605867385864,1850.319580078125,1241.540771484375,0.3911800980567932,1857.6680908203125,1254.8597412109375,0.4311615228652954,1808.9844970703125,1236.4886474609375,0.38836589455604553,1838.837646484375,1247.052001953125,0.4073447287082672,1851.6973876953125,1258.5340576171875,0.37442582845687866,1861.34228515625,1267.489990234375,0.4228890836238861,1810.8216552734375,1252.333740234375,0.36924076080322266,1836.7708740234375,1259.222900390625,0.43479377031326294,1851.2381591796875,1267.0306396484375,0.4613077640533447,1864.5572509765625,1275.068115234375,0.49004682898521423,1806.917724609375,1268.8677978515625,0.41031771898269653,1831.7188720703125,1273.0013427734375,0.43857696652412415,1848.4825439453125,1277.1348876953125,0.5096039175987244,1865.2462158203125,1280.3497314453125,0.6186164617538452,1753.490966796875,1247.09033203125,0.29950499534606934,1771.6116943359375,1231.0155029296875,0.28725114464759827,1791.7781982421875,1218.15576171875,0.2529509961605072,1808.4373779296875,1217.863525390625,0.18166494369506836,1824.804443359375,1212.6026611328125,0.14773844182491302,1806.97607421875,1221.3707275390625,0.40356558561325073,1835.0338134765625,1229.261962890625,0.4163309931755066,1851.1085205078125,1241.5372314453125,0.4315781593322754,1858.123046875,1253.8125,0.4772563576698303,1813.406005859375,1238.030029296875,0.34005048871040344,1840.5869140625,1247.382568359375,0.4379783272743225,1853.1544189453125,1258.48876953125,0.40064769983291626,1863.3837890625,1268.4259033203125,0.4018799066543579,1813.406005859375,1252.35107421875,0.3743932247161865,1839.4178466796875,1260.2423095703125,0.4816759526729584,1853.739013671875,1268.7181396484375,0.4755547046661377,1866.5987548828125,1276.901611328125,0.49199122190475464,1809.314208984375,1269.3026123046875,0.3756924569606781,1831.526611328125,1272.8099365234375,0.5153362154960632,1848.4781494140625,1276.901611328125,0.5105897188186646,1864.2606201171875,1280.1165771484375,0.5136610269546509
DJI_20260917132109_0085_D.JPG,Cam 7,11,SAMAPADHAM,INCORRECT,WEIGHT_ON_ONE_LEG,,rtmw_l_wholebody,coco_wholebody_133,OK,451.6,188.27,1,1,1709.8712158203125,788.4688720703125,0.9481168985366821,1735.1673583984375,750.5250244140625,0.9742470979690552,1741.4913330078125,750.5250244140625,0.9525743722915649,1747.8155517578125,744.2008056640625,0.9532183408737183,1722.5191650390625,750.5250244140625,0.9669087529182434,1728.8433837890625,750.5250244140625,0.9429734349250793,1722.5191650390625,750.5250244140625,0.9661628007888794,1830.0274658203125,756.8489990234375,0.9932441115379333,1804.7315673828125,763.1729736328125,0.8633078336715698,1741.4913330078125,813.7650146484375,0.9555131196975708,1722.5191650390625,820.0889892578125,0.9704217910766602,1886.9434814453125,940.2452392578125,0.8208240270614624,1830.0274658203125,959.2174072265625,0.7684099674224854,1918.5635986328125,1142.6136474609375,0.6929887533187866,1766.7872314453125,1180.5577392578125,0.6521092653274536,1899.5916748046875,1433.5181884765625,0.7706603407859802,1848.9996337890625,1439.8424072265625,0.7496004104614258,1912.2398681640625,1831.9310302734375,0.827082633972168,1880.6197509765625,1812.9591064453125,0.7969119548797607,1912.2398681640625,2224.02001953125,0.9072654843330383,1893.2677001953125,2167.103515625,0.871842622756958,1943.8597412109375,2280.93603515625,0.9354311227798462,1918.5635986328125,2224.02001953125,0.8538386225700378,1735.1673583984375,2363.14794921875,0.85091233253479,1735.1673583984375,2211.37158203125,0.9367467164993286,1889.6533203125,1312.4581298828125,0.2265537679195404,1889.6533203125,1312.4581298828125,0.2285553514957428,1889.6533203125,1312.4581298828125,0.2699914276599884,1889.6533203125,1312.4581298828125,0.25865229964256287,1889.6533203125,1312.4581298828125,0.24312391877174377,1889.6533203125,1141.677978515625,0.2265443503856659,1889.6533203125,1312.4581298828125,0.2510570287704468,1889.6533203125,1141.677978515625,0.2536337673664093,1889.6533203125,1312.4581298828125,0.23567748069763184,1889.6533203125,1312.4581298828125,0.19776801764965057,1889.6533203125,1312.4581298828125,0.24543580412864685,1889.6533203125,1312.4581298828125,0.2378305345773697,1889.6533203125,1141.677978515625,0.19654591381549835,1889.6533203125,1312.4581298828125,0.2171328365802765,1889.6533203125,1312.4581298828125,0.25415071845054626,1889.6533203125,1312.4581298828125,0.2694205343723297,1889.6533203125,1312.4581298828125,0.2761552929878235,1889.6533203125,1312.4581298828125,0.24365723133087158,1889.6533203125,1312.4581298828125,0.29539966583251953,1889.6533203125,1312.4581298828125,0.2862222194671631,1889.6533203125,1312.4581298828125,0.2485806941986084,1845.1126708984375,1279.9632568359375,0.2083454132080078,1845.1126708984375,1279.9632568359375,0.16349539160728455,1845.1126708984375,1279.9632568359375,0.15136364102363586,1845.1126708984375,1279.9632568359375,0.16623783111572266,1845.1126708984375,1279.9632568359375,0.14529681205749512,1789.6695556640625,1279.9632568359375,0.08573564887046814,1695.999755859375,1279.9632568359375,0.1373312771320343,1744.7314453125,1130.850341796875,0.16453395783901215,1743.564208984375,1130.850341796875,0.20768971741199493,1763.115234375,1279.9632568359375,0.1364704817533493,1764.57421875,1279.9632568359375,0.1762462556362152,1764.57421875,1130.850341796875,0.20096734166145325,1762.23974609375,1130.850341796875,0.1918776035308838,1755.2364501953125,1279.9632568359375,0.10638034343719482,1765.4495849609375,1279.9632568359375,0.14028587937355042,1764.57421875,1279.9632568359375,0.16991710662841797,1748.52490234375,1130.850341796875,0.18054713308811188,1845.1126708984375,1279.9632568359375,0.13520723581314087,1845.1126708984375,1279.9632568359375,0.13886968791484833,1695.999755859375,1279.9632568359375,0.15808190405368805,1845.1126708984375,1279.9632568359375,0.17597122490406036
DJI_20260917132111_0086_D.JPG,Cam 7,11,SAMAPADHAM,INCORRECT,WEIGHT_ON_ONE_LEG,,rtmw_l_wholebody,coco_wholebody_133,OK,453.58,210.57,1,1,1718.6444091796875,770.6685791015625,0.936725378036499,1744.1717529296875,732.3775634765625,0.9733793139457703,1750.5535888671875,732.3775634765625,0.9566658735275269,1756.9354248046875,732.3775634765625,0.9643855690956116,1737.7899169921875,732.3775634765625,0.9614392518997192,1737.7899169921875,738.7593994140625,0.9392059445381165,1731.4080810546875,738.7593994140625,0.9638857245445251,1839.8995361328125,745.1412353515625,0.9860013723373413,1820.7540283203125,751.5230712890625,0.854864239692688,1750.5535888671875,802.5780029296875,0.9493697881698608,1737.7899169921875,802.5780029296875,0.9632090926170349,1897.3360595703125,930.2147216796875,0.8169708251953125,1846.2813720703125,942.9786376953125,0.7865884304046631,1935.6270751953125,1128.0518798828125,0.7214106321334839,1750.5535888671875,1128.0518798828125,0.6604208946228027,1897.3360595703125,1434.3804931640625,0.7720786333084106,1852.6632080078125,1440.7623291015625,0.7546557188034058,1910.0997314453125,1830.0548095703125,0.8240943551063538,1878.1905517578125,1804.5272216796875,0.7899913787841797,1910.0997314453125,2212.96533203125,0.900908350944519,1903.7178955078125,2155.52880859375,0.8635905981063843,1948.3907470703125,2270.40185546875,0.9422212839126587,1929.2452392578125,2212.96533203125,0.8619352579116821,1737.7899169921875,2353.36572265625,0.835152804851532,1737.7899169921875,2200.20166015625,0.9260198473930359,1920.7562255859375,1136.7901611328125,0.215108722448349,1920.7562255859375,1248.3756103515625,0.2181171476840973,1920.7562255859375,1240.1234130859375,0.22907233238220215,1920.7562255859375,1240.1234130859375,0.2343589961528778,1920.7562255859375,1136.7901611328125,0.20978541672229767,1920.7562255859375,1235.1002197265625,0.21630412340164185,1920.7562255859375,1240.1234130859375,0.2328362762928009,1920.7562255859375,1240.1234130859375,0.21961873769760132,1920.7562255859375,1136.7901611328125,0.20723727345466614,1920.7562255859375,1239.40576171875,0.204182967543602,1920.7562255859375,1241.19970703125,0.23637181520462036,1920.7562255859375,1136.7901611328125,0.213353231549263,1920.7562255859375,1136.7901611328125,0.1805693656206131,1920.7562255859375,1240.1234130859375,0.2224821299314499,1920.7562255859375,1136.7901611328125,0.20231106877326965,1920.7562255859375,1250.169677734375,0.21776334941387177,1920.7562255859375,1136.7901611328125,0.2122611701488495,1920.7562255859375,1258.4219970703125,0.21404488384723663,1920.7562255859375,1257.704345703125,0.2359805405139923,1920.7562255859375,1257.704345703125,0.218552827835083,1920.7562255859375,1136.7901611328125,0.2003011256456375,1844.68359375,1295.724853515625,0.29843688011169434,1844.68359375,1295.724853515625,0.30072593688964844,1844.68359375,1295.724853515625,0.3029009699821472,1844.68359375,1295.724853515625,0.30376309156417847,1844.68359375,1295.724853515625,0.28545647859573364,1844.68359375,1295.724853515625,0.2860761880874634,1844.68359375,1295.724853515625,0.2706584930419922,1844.68359375,1295.724853515625,0.2742733359336853,1844.68359375,1295.724853515625,0.2765378952026367,1844.68359375,1295.724853515625,0.2353607714176178,1844.68359375,1295.724853515625,0.21431031823158264,1844.68359375,1295.724853515625,0.20834586024284363,1844.68359375,1295.724853515625,0.2159433811903,1844.68359375,1295.724853515625,0.21777822077274323,1844.68359375,1295.724853515625,0.1957027167081833,1844.68359375,1295.724853515625,0.22532163560390472,1844.68359375,1295.724853515625,0.2557201683521271,1844.68359375,1295.724853515625,0.2249695062637329,1844.68359375,1295.724853515625,0.22861850261688232,1844.68359375,1295.724853515625,0.23594729602336884,1844.68359375,1295.724853515625,0.230227530002594
DJI_20260917132124_0087_D.JPG,Cam 7,12,MUZHUMANDI,INCORRECT,KNEES_FACING_FORWARD,,rtmw_l_wholebody,coco_wholebody_133,OK,452.88,260.34,1,1,1719.940185546875,1350.1905517578125,0.9892156720161438,1742.218505859375,1319.0010986328125,1.0626811981201172,1746.674072265625,1319.0010986328125,1.0085498094558716,1755.585205078125,1319.0010986328125,1.0400913953781128,1733.30712890625,1314.5455322265625,1.0606162548065186,1733.30712890625,1314.5455322265625,0.9823963642120361,1728.8515625,1314.5455322265625,1.050330400466919,1844.69775390625,1336.8236083984375,0.9699063301086426,1804.59716796875,1332.3680419921875,0.7665034532546997,1751.129638671875,1381.3800048828125,0.9993963241577148,1733.30712890625,1381.3800048828125,1.0147755146026611,1907.07666015625,1519.5045166015625,0.7608824968338013,1813.508544921875,1506.1375732421875,0.7273925542831421,1893.709716796875,1835.8541259765625,0.7263733148574829,1809.052978515625,1773.4752197265625,0.6547634601593018,1911.5322265625,2031.9017333984375,0.7215805053710938,1826.875244140625,1965.0672607421875,0.694899320602417,1532.803955078125,2210.126953125,0.7826136350631714,1630.82763671875,1924.9666748046875,0.7395315170288086,1942.7216796875,2232.40478515625,0.7200498580932617,1835.78662109375,2152.20361328125,0.652472734451294,1978.36669921875,2232.40478515625,0.743172824382782,1929.354736328125,2161.11474609375,0.6028398275375366,1835.78662109375,2343.7958984375,0.7977133989334106,1835.78662109375,2281.4169921875,0.58879554271698,1916.487548828125,1854.68115234375,0.3776809573173523,1930.497314453125,1837.499267578125,0.26524752378463745,1953.230224609375,1812.65185546875,0.20037841796875,1964.5966796875,1787.80419921875,0.18423055112361908,1980.456787109375,1770.09375,0.1598951816558838,1977.8134765625,1817.9384765625,0.5536291599273682,2010.591064453125,1818.995849609375,0.6613650918006897,2027.77294921875,1826.66162109375,0.611443817615509,2038.346435546875,1835.64892578125,0.5418305993080139,1987.065185546875,1839.614013671875,0.523193359375,2018.2568359375,1842.25732421875,0.6217983961105347,2038.346435546875,1849.130126953125,0.525904655456543,2038.346435546875,1853.359375,0.4797331690788269,1986.272216796875,1858.117431640625,0.5542968511581421,2014.291748046875,1861.025146484375,0.7106269598007202,2032.531005859375,1865.51904296875,0.6386296153068542,2038.346435546875,1867.89794921875,0.4018538296222687,1981.249755859375,1879.52880859375,0.5838078260421753,2006.890380859375,1881.379150390625,0.7774284482002258,2026.18701171875,1882.4365234375,0.7975121736526489,2038.346435546875,1882.172119140625,0.6458750367164612,1936.7900390625,1852.707275390625,0.28024744987487793,1950.70361328125,1834.9287109375,0.28578639030456543,1967.70947265625,1811.7392578125,0.28759777545928955,1977.37158203125,1808.647216796875,0.1946529597043991,1993.604248046875,1793.57421875,0.15057742595672607,1982.782470703125,1820.241943359375,0.39530062675476074,2014.08837890625,1821.7880859375,0.40704843401908875,2028.775146484375,1829.517822265625,0.35412922501564026,2036.891357421875,1838.020751953125,0.35374176502227783,1989.739501953125,1840.72607421875,0.3925696909427643,2018.726318359375,1844.591064453125,0.47667571902275085,2034.958984375,1851.5478515625,0.43462735414505005,2047.713134765625,1859.664306640625,0.488717257976532,1990.1259765625,1858.891357421875,0.4042489230632782,2015.63427734375,1862.36962890625,0.47676101326942444,2031.866943359375,1867.007568359375,0.4633846879005432,2047.32666015625,1871.259033203125,0.5964869856834412,1986.260986328125,1879.375244140625,0.4220731854438782,2008.677490234375,1881.6943359375,0.4830893874168396,2025.68310546875,1883.626708984375,0.5233145356178284,2042.30224609375,1884.01318359375,0.636462390422821
DJI_20260917132126_0088_D.JPG,Cam 7,12,MUZHUMANDI,INCORRECT,KNEES_FACING_FORWARD,,rtmw_l_wholebody,coco_wholebody_133,OK,718.52,204.97,1,1,1729.3218994140625,1353.096435546875,0.9866683483123779,1751.5531005859375,1321.972412109375,1.0491503477096558,1760.4456787109375,1321.972412109375,0.9880994558334351,1764.8919677734375,1326.418701171875,1.0169427394866943,1742.6605224609375,1321.972412109375,1.0618609189987183,1747.1068115234375,1321.972412109375,0.976153552532196,1742.6605224609375,1321.972412109375,1.050024151802063,1858.2640380859375,1344.203857421875,0.9783667325973511,1818.2474365234375,1339.757568359375,0.7680830955505371,1760.4456787109375,1388.66650390625,0.987635612487793,1747.1068115234375,1388.66650390625,1.0091767311096191,1911.6192626953125,1535.393798828125,0.7508074045181274,1831.5863037109375,1513.162353515625,0.7126588821411133,1898.2803955078125,1851.07958984375,0.7212375402450562,1827.1400146484375,1784.385498046875,0.631332278251648,1898.2803955078125,2046.7158203125,0.7111542820930481,1822.6937255859375,1966.68310546875,0.6774070858955383,1524.7928466796875,2220.120849609375,0.7854851484298706,1631.5037841796875,1931.11279296875,0.7597108483314514,1933.8507080078125,2242.352294921875,0.7000634670257568,1831.5863037109375,2175.658203125,0.637230634689331,1969.4207763671875,2242.352294921875,0.7398433089256287,1924.9581298828125,2180.1044921875,0.5955897569656372,1836.0325927734375,2357.95556640625,0.7658135890960693,1831.5863037109375,2291.26123046875,0.5744717121124268,1926.7822265625,1862.520263671875,0.31060969829559326,1950.1707763671875,1845.902099609375,0.19614803791046143,1963.40380859375,1826.5142822265625,0.13357093930244446,1996.64013671875,1827.1297607421875,0.1705058515071869,2014.4892578125,1784.0455322265625,0.18235298991203308,1984.330322265625,1830.514892578125,0.43602365255355835,2012.642822265625,1831.4381103515625,0.45749205350875854,2028.337890625,1843.1324462890625,0.5067383050918579,2035.108154296875,1852.980224609375,0.5175091624259949,1986.1767578125,1851.749267578125,0.47633588314056396,2017.566650390625,1856.98095703125,0.5724046230316162,2032.03076171875,1866.2132568359375,0.5774074792861938,2044.9560546875,1875.7532958984375,0.6249000430107117,1985.253662109375,1869.9061279296875,0.5161176919937134,2014.181640625,1874.214599609375,0.6554358005523682,2031.415283203125,1879.7540283203125,0.6020355224609375,2041.878662109375,1884.985595703125,0.6364442110061646,1981.560791015625,1891.1405029296875,0.5024765729904175,2005.87255859375,1893.294677734375,0.6605149507522583,2023.413818359375,1894.83349609375,0.7013214826583862,2040.031982421875,1895.7567138671875,0.8445709943771362,1940.8292236328125,1864.630859375,0.20377221703529358,1956.2449951171875,1849.5821533203125,0.20433780550956726,1964.6868896484375,1834.16650390625,0.16683557629585266,1994.4173583984375,1832.6983642578125,0.10097096860408783,2016.0726318359375,1834.16650390625,0.06791035830974579,1986.7093505859375,1833.0653076171875,0.26003968715667725,2016.4398193359375,1837.102783203125,0.2894749343395233,2030.0201416015625,1846.6458740234375,0.2633569836616516,2035.8929443359375,1857.2900390625,0.2406320869922638,1991.8480224609375,1853.2525634765625,0.27526742219924927,2019.3760986328125,1858.7581787109375,0.3927607238292694,2034.4246826171875,1868.30126953125,0.30076590180397034,2043.6007080078125,1876.0091552734375,0.31426605582237244,1991.8480224609375,1871.2376708984375,0.3103499412536621,2015.7056884765625,1876.0091552734375,0.420227974653244,2031.8553466796875,1880.78076171875,0.3483548164367676,2044.7017822265625,1885.1851806640625,0.42012038826942444,1987.8104248046875,1891.7919921875,0.3184134066104889,2009.4659423828125,1893.994140625,0.4041830599308014,2026.3497314453125,1896.1964111328125,0.3861907720565796,2041.3985595703125,1897.66455078125,0.4771239757537842
DJI_20260917132215_0089_D.JPG,Cam 7,13,MUZHUMANDI,INCORRECT,BACK_BENT_FORWARD,,rtmw_l_wholebody,coco_wholebody_133,OK,549.87,216.3,1,1,1591.8712158203125,1420.2784423828125,0.9658632278442383,1600.2674560546875,1382.4947509765625,1.0149801969528198,1604.4656982421875,1382.4947509765625,0.9616305232048035,1612.8619384765625,1378.2965087890625,0.9950261116027832,1587.6729736328125,1382.4947509765625,1.0289103984832764,1591.8712158203125,1382.4947509765625,0.9315105676651001,1587.6729736328125,1382.4947509765625,1.0312248468399048,1692.6278076171875,1374.0985107421875,0.9728853702545166,1667.4385986328125,1378.2965087890625,0.7633645534515381,1621.2584228515625,1445.4678955078125,0.9797688722610474,1612.8619384765625,1449.6658935546875,1.0056430101394653,1805.9791259765625,1525.2335205078125,0.7186533212661743,1776.5916748046875,1533.6300048828125,0.6504716873168945,1864.7537841796875,1823.3052978515625,0.5924280881881714,1818.5738525390625,1793.9180908203125,0.5278013944625854,1982.3033447265625,1974.4405517578125,0.6365311145782471,1877.3485107421875,1949.2510986328125,0.5805741548538208,1705.2222900390625,2247.3232421875,0.6884894371032715,1722.0152587890625,2259.91748046875,0.5632616877555847,1969.7086181640625,2196.94482421875,0.6230828166007996,1944.5196533203125,2209.53955078125,0.5454003810882568,1994.8980712890625,2175.95361328125,0.6503233909606934,1982.3033447265625,2196.94482421875,0.5336430072784424,1881.5465087890625,2331.287109375,0.5823860764503479,1831.1683349609375,2327.0888671875,0.4996000826358795,1922.270751953125,1836.7034912109375,0.471367210149765,1925.010498046875,1809.91552734375,0.3529359698295593,1932.9251708984375,1780.99658203125,0.3969610929489136,1942.666259765625,1762.1231689453125,0.4008484184741974,1942.666259765625,1742.0321044921875,0.3536185622215271,1963.0616455078125,1787.693603515625,0.4825463891029358,1991.3717041015625,1778.2569580078125,0.5957732796669006,2009.3319091796875,1779.7789306640625,0.6172975897789001,2022.1170654296875,1783.736328125,0.6470286846160889,1973.1072998046875,1806.8714599609375,0.4967564642429352,2004.7657470703125,1796.521484375,0.5940384864807129,2025.1612548828125,1796.217041015625,0.5867969989776611,2039.7728271484375,1798.347900390625,0.577709436416626,1978.5865478515625,1824.527099609375,0.5279101133346558,2007.5054931640625,1817.8302001953125,0.6262193918228149,2027.9010009765625,1815.6993408203125,0.6052783727645874,2042.2081298828125,1816.612548828125,0.611035168170929,1979.8043212890625,1847.053466796875,0.5312129855155945,2002.6348876953125,1839.7476806640625,0.632585883140564,2022.4215087890625,1837.0079345703125,0.6664103269577026,2034.9022216796875,1834.5726318359375,0.7127851843833923,1925.7333984375,1834.146728515625,0.24819009006023407,1930.7147216796875,1808.9083251953125,0.2089436650276184,1939.6810302734375,1785.330322265625,0.22957660257816315,1945.9906005859375,1772.7110595703125,0.18482905626296997,1945.326416015625,1743.1556396484375,0.14197823405265808,1966.2476806640625,1786.99072265625,0.3551356792449951,1993.1466064453125,1778.6885986328125,0.3816329836845398,2010.4149169921875,1780.0169677734375,0.3999449610710144,2025.0267333984375,1784.9981689453125,0.408355176448822,1975.8782958984375,1805.58740234375,0.34884780645370483,2005.4337158203125,1796.9532470703125,0.40857675671577454,2024.0303955078125,1797.617431640625,0.37537211179733276,2039.9703369140625,1799.60986328125,0.3346238136291504,1980.8594970703125,1823.52001953125,0.34367209672927856,2007.4261474609375,1817.54248046875,0.43594658374786377,2027.0191650390625,1816.5462646484375,0.4244830012321472,2042.9591064453125,1816.5462646484375,0.48892223834991455,1982.1878662109375,1845.7696533203125,0.323819637298584,2003.1090087890625,1840.1241455078125,0.4091845452785492,2021.3736572265625,1836.8033447265625,0.4225209951400757,2035.6534423828125,1834.810791015625,0.5104353427886963
DJI_20260917132217_0090_D.JPG,Cam 7,13,MUZHUMANDI,INCORRECT,BACK_BENT_FORWARD,,rtmw_l_wholebody,coco_wholebody_133,OK,450.9,159.59,1,1,1598.4603271484375,1424.2498779296875,0.9682508707046509,1606.8948974609375,1386.2938232421875,1.0341978073120117,1615.3297119140625,1386.2938232421875,0.9790478944778442,1619.5469970703125,1386.2938232421875,1.027400016784668,1598.4603271484375,1386.2938232421875,1.0520387887954712,1602.6776123046875,1386.2938232421875,0.9406777620315552,1598.4603271484375,1386.2938232421875,1.0472354888916016,1703.8939208984375,1382.0765380859375,0.9846732020378113,1678.5897216796875,1386.2938232421875,0.7794662714004517,1632.1988525390625,1445.3365478515625,1.0089068412780762,1619.5469970703125,1449.5538330078125,1.0101722478866577,1809.3272705078125,1538.1180419921875,0.7373135685920715,1750.2845458984375,1533.9007568359375,0.6779610514640808,1859.9354248046875,1820.6800537109375,0.6190696954727173,1800.8927001953125,1786.9412841796875,0.569730281829834,1994.8905029296875,1972.5042724609375,0.6137720346450806,1859.9354248046875,1959.8524169921875,0.5935879945755005,1708.1112060546875,2250.84912109375,0.661081075668335,1716.5460205078125,2250.84912109375,0.5709268450737,1952.7171630859375,2204.45849609375,0.6167802810668945,1897.8917236328125,2225.544921875,0.5830029845237732,1969.5865478515625,2179.154296875,0.6283187866210938,1923.1956787109375,2217.1103515625,0.5626453757286072,1876.8048095703125,2339.4130859375,0.6072885394096375,1843.0660400390625,2343.630859375,0.5471228361129761,1912.7974853515625,1844.5118408203125,0.3803343176841736,1918.0794677734375,1821.7159423828125,0.3332614302635193,1927.5313720703125,1794.471923828125,0.39852553606033325,1933.9254150390625,1787.800048828125,0.327018141746521,1933.0914306640625,1753.328125,0.23200306296348572,1963.6712646484375,1795.3060302734375,0.5074381828308105,1992.027099609375,1786.68798828125,0.5824198722839355,2010.653076171875,1788.0780029296875,0.6156632900238037,2024.275146484375,1791.969970703125,0.5930105447769165,1976.1812744140625,1813.3759765625,0.5083016157150269,2005.92724609375,1805.31396484375,0.6773966550827026,2025.6650390625,1805.31396484375,0.6395001411437988,2040.677001953125,1806.7039794921875,0.561400294303894,1980.351318359375,1831.44580078125,0.51130610704422,2006.76123046875,1826.44189453125,0.6519182324409485,2026.777099609375,1824.495849609375,0.6397290825843811,2040.677001953125,1824.2178955078125,0.5243763327598572,1978.961181640625,1853.1297607421875,0.5146161317825317,2000.3671875,1848.9598388671875,0.6436736583709717,2019.27099609375,1845.90185546875,0.6704986095428467,2035.116943359375,1842.287841796875,0.7154961228370667,1927.2578125,1839.05322265625,0.26286235451698303,1930.2601318359375,1819.5377197265625,0.24805966019630432,1939.642578125,1791.7657470703125,0.2531665861606598,1944.8968505859375,1778.2550048828125,0.2269304394721985,1948.2745361328125,1753.860595703125,0.20044678449630737,1966.6641845703125,1795.1434326171875,0.4206964373588562,1993.3101806640625,1787.26220703125,0.4460698962211609,2012.4503173828125,1788.7633056640625,0.3828509747982025,2025.5858154296875,1793.2669677734375,0.37302106618881226,1978.2982177734375,1813.15771484375,0.4167153239250183,2006.4456787109375,1806.027099609375,0.4826858639717102,2023.7093505859375,1806.40234375,0.40997952222824097,2037.9705810546875,1808.6541748046875,0.3830186426639557,1983.9278564453125,1831.1719970703125,0.4144437909126282,2008.3221435546875,1825.9178466796875,0.5226390361785889,2026.7117919921875,1825.167236328125,0.511669933795929,2043.6002197265625,1825.5426025390625,0.577875018119812,1984.6783447265625,1853.3145751953125,0.3918796181678772,2004.9444580078125,1847.6851806640625,0.473866730928421,2022.5833740234375,1845.0579833984375,0.5240448117256165,2036.8448486328125,1843.1815185546875,0.6022628545761108
DJI_20260917132241_0091_D.JPG,Cam 7,14,MUZHUMANDI,INCORRECT,FEET_APART_HEEL_DOWN,,rtmw_l_wholebody,coco_wholebody_133,OK,467.5,161.25,1,1,1634.1822509765625,1414.3079833984375,1.0070500373840332,1642.9053955078125,1379.4151611328125,1.0747177600860596,1647.2669677734375,1375.0535888671875,1.0313076972961426,1655.9901123046875,1375.0535888671875,1.042763352394104,1634.1822509765625,1379.4151611328125,1.0554687976837158,1642.9053955078125,1379.4151611328125,0.9581745862960815,1634.1822509765625,1379.4151611328125,1.0427260398864746,1734.4989013671875,1361.9688720703125,0.965700089931488,1712.6907958984375,1370.6920166015625,0.7912046313285828,1673.4364013671875,1431.7545166015625,0.9956264495849609,1660.3516845703125,1440.4776611328125,1.0145190954208374,1817.3692626953125,1536.4327392578125,0.7264217734336853,1826.0924072265625,1510.2630615234375,0.6858646869659424,1730.1373291015625,1859.1910400390625,0.6856388449668884,1747.5838623046875,1828.6597900390625,0.6451492309570312,1922.0477294921875,1998.7623291015625,0.6786677241325378,1891.5164794921875,1968.2310791015625,0.6264111399650574,1594.9278564453125,2129.60986328125,0.7455143928527832,1603.6510009765625,2103.4404296875,0.5715757608413696,1882.7933349609375,2238.64990234375,0.7989840507507324,1891.5164794921875,2177.587890625,0.6539234519004822,1922.0477294921875,2221.20361328125,0.7482490539550781,1948.2171630859375,2160.14111328125,0.6044179797172546,1808.6461181640625,2408.75244140625,0.725574254989624,1834.8157958984375,2186.31103515625,0.5354319214820862,1875.52978515625,1850.666015625,0.43258339166641235,1879.84228515625,1821.340087890625,0.38547617197036743,1901.405517578125,1796.75830078125,0.44527143239974976,1917.79345703125,1778.2138671875,0.5075182318687439,1925.55615234375,1754.063232421875,0.5769037008285522,1940.650390625,1806.67724609375,0.4724007248878479,1966.526123046875,1795.46435546875,0.4347303807735443,1984.63916015625,1794.601806640625,0.47352588176727295,1998.00830078125,1798.91455078125,0.5715146660804749,1950.569580078125,1826.946533203125,0.4792330861091614,1982.051513671875,1826.515380859375,0.5250915288925171,2001.8896484375,1831.25927734375,0.5628273487091064,2019.571533203125,1838.590576171875,0.7025479078292847,1949.275634765625,1846.353271484375,0.48233795166015625,1977.3076171875,1848.078369140625,0.5610243082046509,1997.145751953125,1851.528564453125,0.5737717151641846,2016.98388671875,1856.2724609375,0.6387066841125488,1941.512939453125,1868.779052734375,0.5126879215240479,1962.644775390625,1870.935302734375,0.6176503300666809,1980.7578125,1873.9541015625,0.6143397688865662,1998.00830078125,1876.110595703125,0.6538446545600891,1882.1182861328125,1849.2281494140625,0.46023863554000854,1883.038330078125,1821.16748046875,0.3994910418987274,1902.3587646484375,1798.166748046875,0.4922240972518921,1918.459228515625,1777.92626953125,0.5694686770439148,1927.199462890625,1755.3856201171875,0.594948947429657,1941.4599609375,1805.0670166015625,0.5436136722564697,1967.220458984375,1794.0267333984375,0.5533847808837891,1983.781005859375,1793.106689453125,0.5667369365692139,1997.121337890625,1796.3267822265625,0.6297696232795715,1951.1201171875,1825.767578125,0.5649526119232178,1983.321044921875,1825.767578125,0.61411452293396,2002.181396484375,1831.2877197265625,0.650184154510498,2019.661865234375,1838.1878662109375,0.7210876941680908,1950.2001953125,1846.008056640625,0.5419962406158447,1979.180908203125,1847.38818359375,0.6334179639816284,1999.42138671875,1851.98828125,0.6924542784690857,2018.741943359375,1857.9683837890625,0.7641966938972473,1943.2998046875,1867.168701171875,0.5572969317436218,1964.92041015625,1870.8487548828125,0.6153039932250977,1982.86083984375,1874.52880859375,0.6561267375946045,2000.34130859375,1877.2889404296875,0.6930952668190002
DJI_20260917132243_0092_D.JPG,Cam 7,14,MUZHUMANDI,INCORRECT,FEET_APART_HEEL_DOWN,,rtmw_l_wholebody,coco_wholebody_133,OK,430.53,193.9,1,1,1647.3387451171875,1399.433349609375,1.006606936454773,1651.7205810546875,1364.37890625,1.0709822177886963,1660.4842529296875,1364.37890625,1.0295052528381348,1664.8660888671875,1359.997314453125,1.042921781539917,1647.3387451171875,1364.37890625,1.0584421157836914,1651.7205810546875,1364.37890625,0.970355749130249,1647.3387451171875,1364.37890625,1.0484931468963623,1748.1197509765625,1351.233642578125,0.9757106304168701,1721.8289794921875,1359.997314453125,0.7836796045303345,1682.3929443359375,1421.34228515625,0.9982984066009521,1669.2476806640625,1425.723876953125,1.0191638469696045,1826.9918212890625,1522.123046875,0.7394095063209534,1813.8465576171875,1504.595947265625,0.6872857213020325,1752.5015869140625,1846.375,0.6495745182037354,1743.7381591796875,1828.84765625,0.6657679080963135,1927.7728271484375,1977.828369140625,0.6696603298187256,1866.4278564453125,1951.53759765625,0.6207889318466187,1590.3758544921875,2118.04541015625,0.675693154335022,1590.3758544921875,2118.04541015625,0.586776077747345,1897.1004638671875,2227.58984375,0.7861884236335754,1840.1370849609375,2183.77197265625,0.6655810475349426,1923.3909912109375,2218.826171875,0.7416059970855713,1857.6644287109375,2175.00830078125,0.6322146058082581,1800.7010498046875,2398.479248046875,0.7671874761581421,1770.0286865234375,2245.116943359375,0.663171648979187,1880.5953369140625,1843.879150390625,0.3797162175178528,1885.6788330078125,1815.2264404296875,0.3286057114601135,1901.3917236328125,1792.1192626953125,0.40373045206069946,1918.02880859375,1773.1715087890625,0.5150971412658691,1927.7337646484375,1747.7537841796875,0.5596795082092285,1943.9085693359375,1800.4378662109375,0.48997050523757935,1968.8643798828125,1790.270751953125,0.5124945640563965,1987.8121337890625,1789.80859375,0.5183805823326111,2001.6763916015625,1793.0435791015625,0.5664838552474976,1952.6893310546875,1821.2342529296875,0.522311806678772,1983.6527099609375,1820.7720947265625,0.6202353835105896,2004.4490966796875,1825.3934326171875,0.6129847168922424,2022.0106201171875,1831.8634033203125,0.6691504716873169,1951.7650146484375,1842.0306396484375,0.514437198638916,1979.4935302734375,1842.954833984375,0.6108846664428711,1999.8277587890625,1847.1141357421875,0.6973129510879517,2019.6998291015625,1852.1976318359375,0.7814211249351501,1944.8328857421875,1863.2890625,0.5009483098983765,1965.6292724609375,1866.0618896484375,0.61768639087677,1983.1907958984375,1868.8348388671875,0.6840775012969971,2002.1385498046875,1871.1455078125,0.7564088106155396,1878.12353515625,1841.9501953125,0.3797711431980133,1883.365966796875,1815.738037109375,0.3672482967376709,1903.38232421875,1791.908935546875,0.45320266485214233,1919.586181640625,1773.322021484375,0.5067157745361328,1928.64111328125,1749.016357421875,0.5389282703399658,1943.891845703125,1800.4873046875,0.5073525905609131,1969.15087890625,1790.955810546875,0.5229247212409973,1986.307861328125,1789.52587890625,0.5066688060760498,2000.605224609375,1791.908935546875,0.5977906584739685,1952.947021484375,1820.98046875,0.5376874804496765,1983.9248046875,1820.98046875,0.5761122703552246,2004.41796875,1824.793212890625,0.602165162563324,2022.051513671875,1831.94189453125,0.651762068271637,1951.04052734375,1840.520263671875,0.5046062469482422,1979.158935546875,1843.8564453125,0.578914999961853,2000.128662109375,1848.145751953125,0.58800208568573,2020.145263671875,1852.91162109375,0.6886633038520813,1943.415283203125,1863.396484375,0.5547396540641785,1965.814697265625,1866.255859375,0.6168464422225952,1984.4013671875,1869.592041015625,0.6108005046844482,2001.558349609375,1871.498291015625,0.6912651062011719
DJI_20260917132313_0093_D.JPG,Cam 7,15,SWASTIKAPADAM,INCORRECT,OVERCROSSING_SHINS,RIGHT,rtmw_l_wholebody,coco_wholebody_133,OK,428.52,218.0,1,1,1674.8043212890625,838.36669921875,0.9923211932182312,1693.3502197265625,801.27490234375,1.0377202033996582,1699.5323486328125,801.27490234375,0.9824657440185547,1705.7144775390625,801.27490234375,0.9991800785064697,1680.9864501953125,801.27490234375,1.0258320569992065,1693.3502197265625,801.27490234375,0.9698479175567627,1680.9864501953125,801.27490234375,1.0069929361343384,1798.4439697265625,813.638671875,0.9549828171730042,1773.7161865234375,813.638671875,0.8467097282409668,1705.7144775390625,875.458740234375,0.9931594729423523,1687.1683349609375,881.640625,1.0066752433776855,1878.8099365234375,1017.64453125,0.8441624641418457,1810.8082275390625,1017.64453125,0.7542884349822998,1866.4459228515625,1295.833740234375,0.6773364543914795,1779.8980712890625,1308.19775390625,0.5887131690979004,1891.1739501953125,1586.38720703125,0.759758472442627,1847.9000244140625,1592.569091796875,0.7261347770690918,1711.8963623046875,1963.48828125,0.8538870811462402,1847.9000244140625,1920.21435546875,0.741217315196991,1872.6280517578125,2229.3134765625,0.7798866033554077,2020.9957275390625,2198.40380859375,0.8002719879150391,1959.1759033203125,2254.04150390625,0.8015643358230591,2064.26953125,2216.94970703125,0.8193612098693848,1798.4439697265625,2383.86328125,0.7204475402832031,2039.5416259765625,2377.68115234375,0.7528620362281799,1866.2987060546875,1366.453369140625,0.2784682810306549,1894.6610107421875,1345.9151611328125,0.29080188274383545,1909.3311767578125,1328.3109130859375,0.31360572576522827,1924.9793701171875,1322.1168212890625,0.24419435858726501,1939.6495361328125,1322.1168212890625,0.13776686787605286,1931.825439453125,1334.178955078125,0.32815009355545044,1960.83984375,1341.677001953125,0.3316667079925537,1976.4879150390625,1355.043212890625,0.3109753131866455,1990.1800537109375,1368.0833740234375,0.3643721342086792,1942.257568359375,1352.4351806640625,0.3182317614555359,1968.9898681640625,1362.21533203125,0.35274994373321533,1980.7259521484375,1371.017333984375,0.2857179045677185,1990.5062255859375,1381.7755126953125,0.2647726535797119,1943.8875732421875,1369.71337890625,0.33155620098114014,1968.6639404296875,1376.885498046875,0.40620362758636475,1982.6820068359375,1386.9915771484375,0.35885757207870483,1995.7222900390625,1397.4237060546875,0.3773093521595001,1939.6495361328125,1389.599609375,0.34904566407203674,1962.4698486328125,1393.5115966796875,0.46559959650039673,1978.4439697265625,1398.4017333984375,0.4676940441131592,1995.3961181640625,1403.9437255859375,0.5319738984107971,1879.84033203125,1367.34619140625,0.20216582715511322,1879.84033203125,1342.243896484375,0.21463048458099365,1916.6787109375,1331.48583984375,0.20735886693000793,1927.436767578125,1327.89990234375,0.19150632619857788,1939.1728515625,1325.94384765625,0.12429004907608032,1927.7626953125,1332.137939453125,0.27864882349967957,1958.406982421875,1340.287841796875,0.2080392837524414,1974.707275390625,1354.632080078125,0.1471562385559082,1988.0732421875,1366.042236328125,0.1683836281299591,1936.890869140625,1351.3720703125,0.26425424218177795,1965.905029296875,1356.588134765625,0.18270833790302277,1978.619140625,1363.76025390625,0.1614551991224289,1990.355224609375,1370.2802734375,0.16224172711372375,1939.824951171875,1367.34619140625,0.23229144513607025,1967.53515625,1374.192138671875,0.2237004041671753,1982.53125,1385.2763671875,0.19887568056583405,1995.5712890625,1396.3603515625,0.19949793815612793,1937.868896484375,1388.21044921875,0.22873985767364502,1961.01513671875,1391.79638671875,0.28358596563339233,1978.945068359375,1397.33837890625,0.24636253714561462,1992.63720703125,1403.8583984375,0.27303820848464966
DJI_20260917132315_0094_D.JPG,Cam 7,15,SWASTIKAPADAM,INCORRECT,OVERCROSSING_SHINS,RIGHT,rtmw_l_wholebody,coco_wholebody_133,OK,467.76,163.81,1,1,1668.6937255859375,829.162353515625,0.9944955110549927,1699.6527099609375,792.01171875,1.035940170288086,1705.8446044921875,792.01171875,0.977716326713562,1712.0362548828125,792.01171875,1.0011204481124878,1687.2691650390625,792.01171875,1.0290441513061523,1693.4610595703125,792.01171875,0.9626972675323486,1687.2691650390625,792.01171875,1.0110090970993042,1804.9134521484375,810.5869140625,0.9582822322845459,1780.1461181640625,810.5869140625,0.834561824798584,1699.6527099609375,872.505126953125,0.9985295534133911,1681.0772705078125,872.505126953125,1.0137336254119873,1879.2149658203125,1021.1083984375,0.8430773615837097,1811.1051025390625,1021.1083984375,0.7385549545288086,1879.2149658203125,1318.31494140625,0.661717414855957,1811.1051025390625,1312.123046875,0.5994493365287781,1891.5987548828125,1603.13818359375,0.7509037256240845,1848.2559814453125,1603.13818359375,0.7285119295120239,1718.2281494140625,1962.2626953125,0.8601444959640503,1848.2559814453125,1931.3037109375,0.7631428241729736,1879.2149658203125,2240.89404296875,0.806787371635437,2027.8184814453125,2203.7431640625,0.8198814392089844,1947.3248291015625,2271.85302734375,0.8067706823348999,2077.3525390625,2240.89404296875,0.8163114786148071,1786.3380126953125,2395.68896484375,0.7341794967651367,2034.0103759765625,2389.4970703125,0.7803641557693481,1884.5040283203125,1367.5408935546875,0.35076919198036194,1884.5040283203125,1349.8271484375,0.35421836376190186,1914.5030517578125,1328.3992919921875,0.35616549849510193,1933.0738525390625,1312.3997802734375,0.2837817072868347,1950.5018310546875,1312.3997802734375,0.23623424768447876,1940.502197265625,1337.8275146484375,0.46426865458488464,1968.215576171875,1343.5416259765625,0.46241873502731323,1982.2152099609375,1357.826904296875,0.459492564201355,1994.2147216796875,1369.8265380859375,0.49548208713531494,1949.9305419921875,1357.2554931640625,0.436471164226532,1977.9295654296875,1366.3980712890625,0.4497167766094208,1991.0718994140625,1379.5404052734375,0.3732566833496094,2001.9288330078125,1390.397216796875,0.38244134187698364,1951.930419921875,1373.2550048828125,0.42345649003982544,1977.0723876953125,1381.254638671875,0.49918580055236816,1992.2147216796875,1390.397216796875,0.4633481502532959,2005.3572998046875,1401.2540283203125,0.49214181303977966,1947.6448974609375,1393.2542724609375,0.4164309501647949,1971.3583984375,1397.254150390625,0.5211560726165771,1987.9293212890625,1402.3968505859375,0.5631212592124939,2005.6429443359375,1408.1109619140625,0.6693115234375,1872.4517822265625,1368.0001220703125,0.32560476660728455,1896.696044921875,1348.1639404296875,0.32583463191986084,1916.8995361328125,1333.8377685546875,0.34194451570510864,1936.0009765625,1331.6337890625,0.277823805809021,1950.3271484375,1343.021240234375,0.19198966026306152,1942.2457275390625,1337.8785400390625,0.39143043756484985,1968.3265380859375,1344.4906005859375,0.37629956007003784,1981.1834716796875,1356.6126708984375,0.34831464290618896,1992.9381103515625,1368.367431640625,0.36630967259407043,1952.5311279296875,1356.97998046875,0.4187641739845276,1977.1427001953125,1365.7960205078125,0.36312150955200195,1989.6322021484375,1375.3468017578125,0.2887585163116455,1998.4481201171875,1384.162841796875,0.2305517941713333,1952.8984375,1372.4080810546875,0.40805450081825256,1978.6119384765625,1380.8568115234375,0.39047521352767944,1992.5709228515625,1390.77490234375,0.3607161045074463,2005.7950439453125,1401.427734375,0.3965660333633423,1948.8577880859375,1394.0809326171875,0.36977526545524597,1973.1019287109375,1398.1217041015625,0.45828163623809814,1988.8975830078125,1403.264404296875,0.4806184470653534,2005.0601806640625,1408.039794921875,0.546179473400116
DJI_20260917132330_0095_D.JPG,Cam 7,16,SWASTIKAPADAM,INCORRECT,OVERCROSSING_SHINS,LEFT,rtmw_l_wholebody,coco_wholebody_133,OK,457.4,168.96,1,1,1706.689208984375,914.770263671875,0.996810257434845,1729.818115234375,885.859619140625,1.0496532917022705,1735.60009765625,885.859619140625,1.004396915435791,1747.16455078125,885.859619140625,1.0255846977233887,1724.035888671875,880.077392578125,1.0363142490386963,1729.818115234375,885.859619140625,0.9912379384040833,1724.035888671875,885.859619140625,1.0314750671386719,1822.3330078125,908.988037109375,0.9780992865562439,1793.421875,903.2060546875,0.8439173698425293,1735.60009765625,949.46337890625,1.0060124397277832,1718.253662109375,949.46337890625,1.025300145149231,1874.37255859375,1094.017822265625,0.8001166582107544,1828.114990234375,1082.45361328125,0.7545541524887085,1868.59033203125,1365.7802734375,0.6692417860031128,1758.72900390625,1302.17626953125,0.6158057451248169,1851.24365234375,1556.592041015625,0.7223031520843506,1851.24365234375,1562.374267578125,0.6771061420440674,1764.51123046875,1897.740478515625,0.7332243323326111,1781.857666015625,1868.829833984375,0.6671406030654907,1885.93701171875,2192.631591796875,0.799098551273346,2036.2734375,2065.423828125,0.834381103515625,1926.412109375,2244.671142578125,0.7883790135383606,2065.184326171875,2111.68115234375,0.8237911462783813,1764.51123046875,2209.978271484375,0.7855476140975952,1990.01611328125,2129.027587890625,0.7039885520935059,1783.0792236328125,1103.6268310546875,0.19971692562103271,1791.749755859375,1139.839111328125,0.15941566228866577,1781.0390625,1168.910888671875,0.10217934846878052,1777.4688720703125,1213.793701171875,0.10358105599880219,1774.918701171875,1298.9688720703125,0.14926622807979584,1711.6748046875,1139.839111328125,0.1720489114522934,1707.5946044921875,1215.32373046875,0.21037471294403076,1713.7149658203125,1261.736572265625,0.2465001344680786,1724.4256591796875,1298.9688720703125,0.310477614402771,1723.91552734375,1174.521240234375,0.17505180835723877,1727.995849609375,1226.034423828125,0.20003816485404968,1736.1563720703125,1298.9688720703125,0.23223698139190674,1753.4974365234375,1298.9688720703125,0.25947991013526917,1721.87548828125,1176.05126953125,0.18436695635318756,1723.91552734375,1221.9541015625,0.2385910302400589,1727.995849609375,1298.9688720703125,0.2413114756345749,1733.09619140625,1298.9688720703125,0.2726099193096161,1706.064453125,1199.002685546875,0.2073681652545929,1706.574462890625,1216.853759765625,0.2763841152191162,1712.69482421875,1263.7767333984375,0.2788604497909546,1720.8553466796875,1298.9688720703125,0.3336041569709778,1711.4493408203125,1213.1796875,0.17385539412498474,1717.542724609375,1203.33642578125,0.10546182096004486,1733.9482421875,1187.399658203125,0.08560796082019806,1751.0567626953125,1179.6656494140625,0.12479124963283539,1769.805908203125,1173.8065185546875,0.1487695276737213,1744.72900390625,1173.8065185546875,0.20592254400253296,1751.5255126953125,1153.8856201171875,0.2988188862800598,1756.6815185546875,1140.29248046875,0.31079429388046265,1764.88427734375,1127.6368408203125,0.33101359009742737,1743.55712890625,1174.5096435546875,0.1686801016330719,1753.166015625,1155.291748046875,0.26321089267730713,1759.962646484375,1140.52685546875,0.29036417603492737,1769.805908203125,1127.6368408203125,0.31608814001083374,1744.26025390625,1174.5096435546875,0.13300734758377075,1751.2911376953125,1155.760498046875,0.2198891043663025,1759.025146484375,1140.52685546875,0.24670526385307312,1767.4622802734375,1127.6368408203125,0.300987184047699,1749.181884765625,1173.8065185546875,0.1041998341679573,1751.5255126953125,1155.291748046875,0.18152962625026703,1757.1502685546875,1141.46435546875,0.23338766396045685,1762.7750244140625,1127.6368408203125,0.2635248899459839
DJI_20260917132332_0096_D.JPG,Cam 7,16,SWASTIKAPADAM,INCORRECT,OVERCROSSING_SHINS,LEFT,rtmw_l_wholebody,coco_wholebody_133,OK,407.8,184.77,1,1,1728.634765625,941.868408203125,0.9807987809181213,1751.63818359375,907.363037109375,1.0469894409179688,1757.38916015625,907.363037109375,0.9826564788818359,1763.14013671875,907.363037109375,1.012719750404358,1740.136474609375,901.612060546875,1.026740312576294,1751.63818359375,907.363037109375,0.9576410055160522,1740.136474609375,907.363037109375,1.0176730155944824,1837.90185546875,930.36669921875,0.9504507780075073,1814.898193359375,924.61572265625,0.84832763671875,1751.63818359375,970.623046875,0.9916086196899414,1740.136474609375,970.623046875,1.0093806982040405,1889.659912109375,1108.644775390625,0.771705150604248,1895.410888671875,1091.391845703125,0.7229724526405334,1906.91259765625,1361.684326171875,0.6415984630584717,1878.158203125,1327.178955078125,0.5721354484558105,1883.9091796875,1545.713134765625,0.7295307517051697,1952.919921875,1551.464111328125,0.6906223297119141,1832.15087890625,1908.020263671875,0.7436612844467163,1975.92333984375,1867.763916015625,0.6654711365699768,1947.1689453125,2224.31982421875,0.8088232278823853,2090.94140625,2092.049072265625,0.8313429355621338,1987.42529296875,2276.077880859375,0.8003796339035034,2125.447021484375,2132.305419921875,0.8210322856903076,1826.39990234375,2224.31982421875,0.7700971961021423,2044.934326171875,2166.810791015625,0.6994093656539917,1852.1416015625,1080.56396484375,0.13732275366783142,1811.612060546875,1129.3837890625,0.07678612321615219,1736.5400390625,1154.714599609375,0.11834235489368439,1739.303466796875,1198.46826171875,0.09263396263122559,1751.278076171875,1315.912109375,0.11722080409526825,1733.77685546875,1166.689453125,0.0932881236076355,1733.316162109375,1239.45849609375,0.15722686052322388,1738.843017578125,1315.912109375,0.19814449548721313,1750.357177734375,1315.912109375,0.23264993727207184,1775.2275390625,1198.46826171875,0.06504857540130615,1775.68798828125,1315.912109375,0.1073436364531517,1791.34716796875,1315.912109375,0.1486680656671524,1811.612060546875,1315.912109375,0.17519639432430267,1811.612060546875,1198.46826171875,0.04610120877623558,1792.72900390625,1315.912109375,0.10416954755783081,1811.612060546875,1315.912109375,0.1305191069841385,1929.055908203125,1315.912109375,0.15477176010608673,1852.602294921875,1239.45849609375,0.05332465469837189,1849.37841796875,1315.912109375,0.0868988037109375,1929.055908203125,1315.912109375,0.1410006880760193,1929.055908203125,1315.912109375,0.18959179520606995,1858.988525390625,1389.9285888671875,0.16397403180599213,1780.839599609375,1389.9285888671875,0.10139498114585876,1739.120849609375,1202.488525390625,0.16853991150856018,1742.058837890625,1389.9285888671875,0.19260525703430176,1751.460205078125,1389.9285888671875,0.23290397226810455,1757.3360595703125,1389.9285888671875,0.15098103880882263,1751.460205078125,1389.9285888671875,0.1822696328163147,1754.9857177734375,1389.9285888671875,0.2161603569984436,1755.5733642578125,1389.9285888671875,0.21522261202335358,1838.4229736328125,1389.9285888671875,0.13206996023654938,1854.287841796875,1389.9285888671875,0.16486886143684387,1854.287841796875,1389.9285888671875,0.19427432119846344,1858.988525390625,1389.9285888671875,0.17312538623809814,1845.4739990234375,1389.9285888671875,0.11985891312360764,1858.988525390625,1389.9285888671875,0.15616396069526672,1858.988525390625,1389.9285888671875,0.18140539526939392,1819.6202392578125,1389.9285888671875,0.18496257066726685,1950.652099609375,1389.9285888671875,0.17686426639556885,1708.56640625,1389.9285888671875,0.1841835230588913,1749.697509765625,1389.9285888671875,0.1953689604997635,1754.398193359375,1389.9285888671875,0.21085810661315918
DJI_20260917132404_0097_D.JPG,Cam 7,17,SWASTIKAPADAM,INCORRECT,INSUFFICIENT_ARAMANDI,RIGHT,rtmw_l_wholebody,coco_wholebody_133,OK,429.19,171.02,1,1,1704.298828125,753.513427734375,0.9843478202819824,1736.279052734375,721.533203125,1.0294580459594727,1742.675048828125,721.533203125,0.9851856231689453,1749.0712890625,721.533203125,0.9991508722305298,1723.48681640625,721.533203125,1.0158137083053589,1729.883056640625,721.533203125,0.9696551561355591,1723.48681640625,721.533203125,0.9973245859146118,1838.615234375,740.72119140625,0.9844135046005249,1813.03125,747.1171875,0.8516625165939331,1736.279052734375,791.889404296875,0.9869791269302368,1717.0908203125,791.889404296875,1.0026475191116333,1889.783447265625,945.39404296875,0.8319141268730164,1876.991455078125,926.205810546875,0.7545086145401001,1915.36767578125,1143.67041015625,0.7299506068229675,1876.991455078125,1182.046630859375,0.6176468133926392,1883.387451171875,1437.88720703125,0.7499918937683105,1921.763671875,1437.88720703125,0.7367674708366394,1883.387451171875,1796.064453125,0.7933725118637085,1960.1396484375,1789.66845703125,0.7394593954086304,1966.53564453125,2179.82568359375,0.8371086716651917,2068.8720703125,2135.05322265625,0.8455193042755127,2011.307861328125,2230.99365234375,0.8378198742866516,2107.248046875,2186.2216796875,0.8176093697547913,1845.01123046875,2288.55810546875,0.7838104367256165,2062.47607421875,2269.36962890625,0.7463475465774536,1911.982421875,1276.2872314453125,0.19700300693511963,1940.0989990234375,1266.008056640625,0.1667606383562088,1958.8433837890625,1257.84521484375,0.15257211029529572,1980.9132080078125,1259.6591796875,0.09728436172008514,1996.3321533203125,1273.5662841796875,0.0528530590236187,1986.0528564453125,1257.2406005859375,0.2078579068183899,2008.1229248046875,1270.24072265625,0.2868584990501404,2020.8206787109375,1284.1478271484375,0.25847893953323364,2029.5882568359375,1300.1712646484375,0.2754122018814087,1989.9832763671875,1275.9849853515625,0.22099848091602325,2011.7508544921875,1288.6827392578125,0.21885354816913605,2023.8438720703125,1301.9852294921875,0.17551656067371368,2031.7044677734375,1318.008544921875,0.1379571110010147,1988.4715576171875,1289.287353515625,0.24264928698539734,2009.3321533203125,1299.5665283203125,0.2517685890197754,2024.7508544921875,1313.4736328125,0.23216955363750458,2038.3558349609375,1326.1715087890625,0.2354477047920227,1981.5179443359375,1305.0084228515625,0.2522417902946472,2001.4715576171875,1311.357421875,0.3269428014755249,2019.0067138671875,1317.4039306640625,0.2967923879623413,2034.7279052734375,1323.7528076171875,0.27277660369873047,1916.35546875,1277.0072021484375,0.2696179151535034,1934.063232421875,1265.6236572265625,0.27451926469802856,1957.146484375,1253.29150390625,0.2303495705127716,1969.7947998046875,1253.29150390625,0.1668996810913086,1989.0836181640625,1214.3978271484375,0.09247266501188278,1985.9215087890625,1256.45361328125,0.31757065653800964,2008.0562744140625,1270.0506591796875,0.39344483613967896,2021.0208740234375,1283.6475830078125,0.38188260793685913,2028.9259033203125,1299.4581298828125,0.38290125131607056,1988.4512939453125,1274.161376953125,0.3143404424190521,2012.1668701171875,1288.3907470703125,0.3226403594017029,2023.8665771484375,1300.090576171875,0.28072530031204224,2032.4044189453125,1318.1143798828125,0.24005499482154846,1987.1864013671875,1289.33935546875,0.3157848119735718,2008.6885986328125,1300.090576171875,0.33797043561935425,2025.4476318359375,1315.2685546875,0.33958494663238525,2038.0960693359375,1327.9168701171875,0.4107847213745117,1980.2298583984375,1305.14990234375,0.33911848068237305,2000.4671630859375,1311.790283203125,0.4338233470916748,2017.5423583984375,1316.533447265625,0.44924983382225037,2035.2501220703125,1321.5927734375,0.3825504779815674
DJI_20260917132406_0098_D.JPG,Cam 7,17,SWASTIKAPADAM,INCORRECT,INSUFFICIENT_ARAMANDI,RIGHT,rtmw_l_wholebody,coco_wholebody_133,OK,416.29,163.33,1,1,1714.600830078125,795.6788330078125,0.9954533576965332,1739.80322265625,757.8753662109375,1.0350046157836914,1746.10400390625,757.8753662109375,0.9914915561676025,1752.404296875,757.8753662109375,0.9969770908355713,1727.2021484375,757.8753662109375,1.0160233974456787,1739.80322265625,764.1759033203125,0.9735071659088135,1727.2021484375,764.1759033203125,0.9947513341903687,1853.2138671875,770.4766845703125,0.9835537672042847,1821.7109375,776.7772216796875,0.8511257171630859,1746.10400390625,827.1817626953125,0.9956050515174866,1727.2021484375,833.4825439453125,1.0077016353607178,1916.2197265625,972.0953369140625,0.8445010185241699,1859.514404296875,978.3961181640625,0.7615228891372681,1916.2197265625,1205.2171630859375,0.6911219954490662,1777.60693359375,1211.5177001953125,0.6317018270492554,1891.017578125,1476.1424560546875,0.7486410737037659,1884.716796875,1476.1424560546875,0.7318662405014038,1834.31201171875,1841.5765380859375,0.7693818211555481,1909.919189453125,1828.9752197265625,0.7476869821548462,1960.32373046875,2194.4091796875,0.7749252319335938,2048.5322265625,2150.30517578125,0.8176761865615845,2048.5322265625,2232.212890625,0.784134030342102,2098.936767578125,2181.80810546875,0.8249993920326233,1853.2138671875,2326.7216796875,0.7178775668144226,1853.2138671875,2314.12060546875,0.7167196273803711,1909.300048828125,1299.825927734375,0.33727702498435974,1935.174560546875,1285.87109375,0.37131696939468384,1959.01416015625,1271.916259765625,0.4138309061527252,1967.736083984375,1260.577880859375,0.31595802307128906,1974.422607421875,1237.901123046875,0.1976793110370636,1985.760986328125,1284.126708984375,0.46337753534317017,2008.728271484375,1296.337158203125,0.4865952432155609,2022.392578125,1311.74560546875,0.4878081679344177,2031.69580078125,1325.9912109375,0.5389682054519653,1989.249755859375,1303.02392578125,0.40793222188949585,2013.08935546875,1316.397216796875,0.4582102298736572,2026.75341796875,1330.352294921875,0.4409237504005432,2036.056640625,1347.21435546875,0.487486869096756,1987.214599609375,1317.26953125,0.4291890859603882,2009.891357421875,1328.8984375,0.4924701452255249,2027.916259765625,1343.7255859375,0.5500515699386597,2038.091796875,1358.261962890625,0.6129242181777954,1979.946533203125,1333.8408203125,0.46713340282440186,2000.588134765625,1339.073974609375,0.5607175827026367,2017.4501953125,1345.7607421875,0.5798070430755615,2034.312255859375,1350.703125,0.5423406958580017,1913.24072265625,1301.3792724609375,0.2904476225376129,1937.1241455078125,1285.7315673828125,0.3053753674030304,1957.713134765625,1268.848388671875,0.3055906295776367,1968.831298828125,1263.4952392578125,0.225062757730484,1978.30224609375,1244.1414794921875,0.17647165060043335,1988.596923828125,1285.3197021484375,0.37011152505874634,2009.18603515625,1297.6732177734375,0.3967621326446533,2022.363037109375,1312.497314453125,0.40233612060546875,2032.245849609375,1326.4979248046875,0.4348439872264862,1991.067626953125,1303.4381103515625,0.3819650113582611,2012.068603515625,1315.7916259765625,0.3874812722206116,2025.6572265625,1328.9686279296875,0.35491907596588135,2036.36376953125,1345.8516845703125,0.3024410605430603,1989.0087890625,1318.674072265625,0.3901597857475281,2011.244873046875,1329.38037109375,0.4344879984855652,2027.71630859375,1342.96923828125,0.4562515616416931,2038.0107421875,1356.55810546875,0.48889443278312683,1982.00830078125,1333.9100341796875,0.40535759925842285,2001.77392578125,1339.675048828125,0.47028619050979614,2018.245361328125,1344.6163330078125,0.42244040966033936,2034.716552734375,1349.969482421875,0.3982541561126709
DJI_20260917132414_0099_D.JPG,Cam 7,18,SWASTIKAPADAM,INCORRECT,INSUFFICIENT_ARAMANDI,LEFT,rtmw_l_wholebody,coco_wholebody_133,OK,432.95,190.56,1,1,1699.5330810546875,851.3519287109375,0.9994938969612122,1723.4674072265625,821.4337158203125,1.04762864112854,1723.4674072265625,821.4337158203125,1.0016474723815918,1735.4346923828125,821.4337158203125,1.0179343223571777,1711.5001220703125,821.4337158203125,1.036505937576294,1717.4840087890625,821.4337158203125,0.9977579712867737,1711.5001220703125,821.4337158203125,1.0253896713256836,1813.2220458984375,839.3846435546875,0.9889424443244934,1789.2874755859375,839.3846435546875,0.8678987622261047,1729.4510498046875,887.2535400390625,1.0096981525421143,1711.5001220703125,887.2535400390625,1.032557725906372,1879.0421142578125,1018.8936767578125,0.8391619920730591,1837.1563720703125,1018.8936767578125,0.7837643027305603,1861.0909423828125,1258.2388916015625,0.6954228281974792,1789.2874755859375,1246.2716064453125,0.6520922780036926,1867.0748291015625,1491.6007080078125,0.7647997736930847,1849.1236572265625,1491.6007080078125,0.7512334585189819,1849.1236572265625,1844.6351318359375,0.7537744045257568,1879.0421142578125,1832.6678466796875,0.7563138604164124,2034.6165771484375,2119.88232421875,0.8500049114227295,1950.8455810546875,2149.80029296875,0.8182855248451233,2076.501953125,2155.7841796875,0.8529492616653442,1980.7637939453125,2197.66943359375,0.793177604675293,2016.6656494140625,2233.5712890625,0.7595540285110474,1807.2384033203125,2185.7021484375,0.8351215124130249,1885.9073486328125,1303.165283203125,0.24884825944900513,1885.9073486328125,1291.016845703125,0.24092522263526917,1885.9073486328125,1268.2386474609375,0.2319929301738739,1925.6064453125,1268.2386474609375,0.21584202349185944,1931.246826171875,1268.2386474609375,0.1676132082939148,1914.5428466796875,1285.3765869140625,0.3832612931728363,1941.4427490234375,1291.8846435546875,0.3489341139793396,1946.8662109375,1297.7418212890625,0.2234560251235962,1948.384765625,1308.3717041015625,0.1477084755897522,1918.66455078125,1300.56201171875,0.3584045469760895,1952.0726318359375,1311.19189453125,0.32346111536026,1965.0887451171875,1326.3773193359375,0.27633458375930786,1975.718505859375,1332.66845703125,0.2907297611236572,1920.616943359375,1311.625732421875,0.34725749492645264,1948.167724609375,1319.65234375,0.26831451058387756,1964.871826171875,1333.3192138671875,0.3165484070777893,1977.237060546875,1347.203125,0.34482404589653015,1915.62744140625,1327.028076171875,0.32737794518470764,1938.839599609375,1331.3668212890625,0.33795756101608276,1954.4588623046875,1336.5732421875,0.35561656951904297,1970.5120849609375,1341.99658203125,0.36234888434410095,1865.0660400390625,1302.3001708984375,0.26823896169662476,1881.2166748046875,1295.1566162109375,0.22390031814575195,1913.2073974609375,1281.49072265625,0.216901034116745,1923.1463623046875,1288.63427734375,0.21128925681114197,1927.80517578125,1299.1943359375,0.14053680002689362,1918.1768798828125,1284.9072265625,0.35867923498153687,1942.7135009765625,1292.05078125,0.308921754360199,1951.409912109375,1303.5426025390625,0.2355470359325409,1959.1746826171875,1316.89794921875,0.17617389559745789,1921.5933837890625,1298.5731201171875,0.3416326940059662,1950.4781494140625,1310.9967041015625,0.27081939578056335,1965.6971435546875,1324.9732666015625,0.2312214970588684,1975.014892578125,1339.881591796875,0.21833276748657227,1922.214599609375,1311.928466796875,0.351504921913147,1948.92529296875,1320.314453125,0.29433268308639526,1966.3182373046875,1334.6015625,0.27355778217315674,1977.18896484375,1347.335693359375,0.3102571964263916,1919.419189453125,1326.5262451171875,0.32624053955078125,1940.228759765625,1332.738037109375,0.36310532689094543,1958.242919921875,1337.7073974609375,0.33367517590522766,1972.530029296875,1344.5404052734375,0.3093084394931793
DJI_20260917132415_0100_D.JPG,Cam 7,18,SWASTIKAPADAM,INCORRECT,INSUFFICIENT_ARAMANDI,LEFT,rtmw_l_wholebody,coco_wholebody_133,OK,405.91,216.16,1,1,1678.8865966796875,880.141845703125,0.9969964623451233,1702.6060791015625,844.562744140625,1.0648953914642334,1708.5360107421875,844.562744140625,1.00351083278656,1714.4659423828125,844.562744140625,1.0362091064453125,1690.7464599609375,844.562744140625,1.0417274236679077,1696.6761474609375,844.562744140625,0.9938856363296509,1690.7464599609375,844.562744140625,1.033224105834961,1797.4837646484375,856.42236328125,0.9876606464385986,1767.8345947265625,856.42236328125,0.8673238754272461,1708.5360107421875,909.791015625,1.0002236366271973,1690.7464599609375,909.791015625,1.024993896484375,1862.7122802734375,1022.45849609375,0.834436297416687,1827.1331787109375,1028.38818359375,0.7723013162612915,1821.2032470703125,1277.44189453125,0.6867281198501587,1779.6942138671875,1259.65234375,0.6421971321105957,1844.9227294921875,1496.8466796875,0.7660787105560303,1838.9927978515625,1502.7763671875,0.7398052215576172,1815.2733154296875,1840.778076171875,0.7594810724258423,1880.5018310546875,1834.84814453125,0.7506835460662842,1945.7301025390625,2184.70947265625,0.7302453517913818,2022.8182373046875,2137.27099609375,0.7753338813781738,2040.6077880859375,2232.1484375,0.7648297548294067,2070.25732421875,2184.70947265625,0.781053900718689,1821.2032470703125,2202.4990234375,0.6985461115837097,1815.2733154296875,2190.6396484375,0.7393297553062439,1867.90087890625,1319.4097900390625,0.32797735929489136,1867.90087890625,1310.2630615234375,0.2657751142978668,1911.5234375,1302.2890625,0.24144336581230164,1922.3118896484375,1290.3280029296875,0.23767074942588806,1925.829833984375,1315.4227294921875,0.14275774359703064,1901.6732177734375,1295.4876708984375,0.5839307904243469,1932.631103515625,1305.1033935546875,0.4729156494140625,1942.246826171875,1314.9537353515625,0.360141396522522,1949.0482177734375,1324.100341796875,0.2536768913269043,1903.31494140625,1309.324951171875,0.4710594415664673,1939.6671142578125,1321.2860107421875,0.4233868718147278,1954.4423828125,1335.3577880859375,0.4111236333847046,1965.46533203125,1347.0843505859375,0.47458189725875854,1905.4256591796875,1322.22412109375,0.44180476665496826,1935.2109375,1332.3089599609375,0.38484713435173035,1953.7388916015625,1345.2081298828125,0.4411887526512146,1965.9344482421875,1358.810791015625,0.5158843994140625,1902.8458251953125,1336.99951171875,0.4638974070549011,1925.3607177734375,1343.331787109375,0.47328847646713257,1942.246826171875,1348.2569580078125,0.4731610417366028,1957.725830078125,1352.947509765625,0.5258638858795166,1861.9189453125,1317.1690673828125,0.24440908432006836,1861.9189453125,1314.7706298828125,0.21010306477546692,1908.9893798828125,1307.8748779296875,0.1790248155593872,1915.2855224609375,1310.5732421875,0.18847453594207764,1922.48095703125,1316.5694580078125,0.12707297503948212,1902.09375,1295.5826416015625,0.3679748773574829,1932.674560546875,1303.9774169921875,0.29734644293785095,1941.0693359375,1314.1710205078125,0.21236272156238556,1945.8663330078125,1327.0628662109375,0.14921414852142334,1904.4921875,1308.7742919921875,0.32649317383766174,1938.6707763671875,1321.966064453125,0.3166002631187439,1954.860595703125,1336.6568603515625,0.21602272987365723,1965.6539306640625,1352.8466796875,0.21926841139793396,1905.9913330078125,1322.265869140625,0.3152647912502289,1936.2723388671875,1330.66064453125,0.2753063440322876,1954.560791015625,1345.6512451171875,0.23906707763671875,1965.6539306640625,1358.5430908203125,0.28077611327171326,1904.4921875,1337.5562744140625,0.2939535975456238,1927.2779541015625,1343.852294921875,0.3575754761695862,1945.2667236328125,1348.0496826171875,0.2997720241546631,1960.55712890625,1354.0458984375,0.302734911441803
DJI_20260917132812_0102_D.JPG,Cam 7,19,PATAKA,INCORRECT,ELBOWS_NOT_ALIGNED,,rtmw_l_wholebody,coco_wholebody_133,OK,394.45,202.62,1,1,1760.97314453125,709.326171875,0.9569810628890991,1786.79443359375,683.5048828125,0.9985284805297852,1793.249755859375,683.5048828125,0.986577033996582,1806.16015625,683.5048828125,1.0140116214752197,1773.8837890625,677.049560546875,1.001140832901001,1780.339111328125,677.049560546875,0.9733144044876099,1773.8837890625,677.049560546875,1.0042906999588013,1890.0791015625,709.326171875,0.9670743942260742,1864.2578125,702.870849609375,0.8386328816413879,1786.79443359375,748.057861328125,0.9827816486358643,1767.428466796875,748.057861328125,0.98954176902771,1948.177001953125,896.530029296875,0.8453859686851501,1831.9814453125,909.440673828125,0.7845319509506226,1915.900390625,1141.831298828125,0.7746590375900269,1793.249755859375,1161.197265625,0.6660184860229492,1928.81103515625,1400.04345703125,0.7744724750518799,1838.436767578125,1393.588134765625,0.7296004891395569,1941.7216796875,1774.450927734375,0.8231186866760254,1877.168701171875,1767.995849609375,0.7665609121322632,1935.266357421875,2168.224365234375,0.9098787307739258,1896.53466796875,2148.858642578125,0.8465945720672607,1967.54296875,2232.777587890625,0.9422359466552734,1928.81103515625,2206.956298828125,0.8528323769569397,1760.97314453125,2232.777587890625,0.8334321975708008,1728.69677734375,2206.956298828125,0.9121962785720825,1757.82763671875,942.1033935546875,0.4777436852455139,1729.3875732421875,926.1058349609375,0.47125720977783203,1727.610107421875,910.1082763671875,0.45705950260162354,1724.0550537109375,889.3707275390625,0.4709756374359131,1712.205078125,881.07568359375,0.5478463172912598,1735.3126220703125,842.56298828125,0.4380038380622864,1724.6475830078125,809.9754638671875,0.5455411672592163,1721.68505859375,781.535400390625,0.5852597951889038,1720.5001220703125,759.020263671875,0.4718402028083801,1734.7200927734375,830.1204833984375,0.5567231178283691,1722.8701171875,793.9779052734375,0.6392644643783569,1720.5001220703125,768.5003662109375,0.7442258596420288,1720.5001220703125,735.3201904296875,0.6684319376945496,1733.53515625,830.1204833984375,0.5684118270874023,1723.462646484375,796.347900390625,0.6294798254966736,1721.68505859375,768.5003662109375,0.6846351623535156,1721.092529296875,735.3201904296875,0.6511391401290894,1731.1651611328125,831.8980712890625,0.512426495552063,1722.8701171875,808.197998046875,0.6510653495788574,1719.9075927734375,781.535400390625,0.6804020404815674,1719.3150634765625,765.537841796875,0.5945117473602295,1727.9053955078125,1191.917724609375,0.08267687261104584,1727.9053955078125,1193.875,0.11262013018131256,1728.8841552734375,1200.236572265625,0.12315917760133743,1729.37353515625,1215.895751953125,0.10917975008487701,1750.90478515625,1244.767333984375,0.22297796607017517,1723.011962890625,1215.4063720703125,0.22163225710391998,1724.9693603515625,1241.8311767578125,0.258917897939682,1746.0113525390625,1261.4051513671875,0.2887932062149048,1767.542724609375,1272.1707763671875,0.3011876344680786,1726.9267578125,1214.427734375,0.19917811453342438,1734.75634765625,1243.78857421875,0.2392895519733429,1753.3515625,1261.4051513671875,0.287160724401474,1778.308349609375,1272.1707763671875,0.2854054272174835,1741.607177734375,1212.9595947265625,0.16373997926712036,1741.607177734375,1237.9163818359375,0.19798550009727478,1752.372802734375,1257.979736328125,0.2516345977783203,1761.18115234375,1270.21337890625,0.2714742422103882,1755.79833984375,1209.044921875,0.13783809542655945,1756.28759765625,1232.044189453125,0.1630028784275055,1741.607177734375,1248.68212890625,0.18407174944877625,1763.6279296875,1261.89453125,0.19915646314620972
DJI_20260917132815_0103_D.JPG,Cam 7,19,PATAKA,INCORRECT,ELBOWS_NOT_ALIGNED,,rtmw_l_wholebody,coco_wholebody_133,OK,405.56,149.41,1,1,1753.131103515625,714.56884765625,0.9549931287765503,1778.9677734375,682.27294921875,0.9963387250900269,1785.427001953125,682.27294921875,0.9878125190734863,1791.885986328125,682.27294921875,1.00494384765625,1766.049560546875,675.813720703125,0.9936990737915039,1772.508544921875,682.27294921875,0.9732652306556702,1766.049560546875,675.813720703125,0.9932205080986023,1882.314697265625,701.650390625,0.9661431312561035,1850.018798828125,701.650390625,0.8546808958053589,1778.9677734375,746.86474609375,0.9765770435333252,1759.590087890625,746.86474609375,0.9876818656921387,1940.447265625,895.42578125,0.8493773341178894,1837.100341796875,908.34423828125,0.7805984020233154,1875.85546875,1134.41552734375,0.7682647705078125,1772.508544921875,1166.71142578125,0.6450180411338806,1921.069580078125,1392.78271484375,0.7736096382141113,1856.477783203125,1399.24169921875,0.7274336814880371,1940.447265625,1773.8740234375,0.8249740600585938,1901.692138671875,1767.4150390625,0.7764609456062317,1940.447265625,2161.4248046875,0.9130659103393555,1908.1513671875,2148.506591796875,0.8851847648620605,1966.283935546875,2219.5576171875,0.926730215549469,1933.988037109375,2206.63916015625,0.8694896697998047,1778.9677734375,2238.93505859375,0.8194212317466736,1733.753662109375,2213.098388671875,0.9235254526138306,1745.52392578125,943.9656982421875,0.46848857402801514,1720.031982421875,928.236572265625,0.4503493905067444,1718.40478515625,909.253173828125,0.434417724609375,1712.4385986328125,889.7274169921875,0.4697153866291046,1699.9637451171875,881.5916137695312,0.5473039746284485,1726.54052734375,847.9638671875,0.44478869438171387,1715.1505126953125,814.3361206054688,0.5277938842773438,1711.353759765625,789.386474609375,0.5608541965484619,1709.7266845703125,751.9620361328125,0.48998939990997314,1725.455810546875,837.6585693359375,0.5488987565040588,1713.5233154296875,800.234130859375,0.6222918033599854,1710.8114013671875,780.1659545898438,0.7092185020446777,1709.7266845703125,751.9620361328125,0.6465978622436523,1724.3709716796875,838.7433471679688,0.5564867854118347,1714.065673828125,805.657958984375,0.5950155258178711,1711.896240234375,782.3355102539062,0.6261392831802368,1709.1842041015625,751.9620361328125,0.6081050038337708,1718.9471435546875,841.4552612304688,0.5019601583480835,1711.353759765625,818.1328125,0.6019688844680786,1709.1842041015625,792.098388671875,0.6227051019668579,1708.641845703125,776.9116821289062,0.5591689944267273,1748.765869140625,941.2927856445312,0.4134357273578644,1729.7548828125,922.2819213867188,0.3622943162918091,1716.747314453125,899.2687377929688,0.403720498085022,1714.746337890625,876.2555541992188,0.41585320234298706,1706.74169921875,858.2451782226562,0.4008510708808899,1723.75146484375,838.2337036132812,0.42978280782699585,1710.743896484375,798.2107543945312,0.5436784029006958,1707.7421875,765.1918334960938,0.5975298881530762,1707.7421875,735.1746215820312,0.6229139566421509,1729.7548828125,841.2354125976562,0.44597846269607544,1714.746337890625,802.2130737304688,0.4635208547115326,1707.7421875,767.1929931640625,0.4604373276233673,1712.7451171875,735.1746215820312,0.5021630525588989,1731.756103515625,854.2429809570312,0.41044121980667114,1712.7451171875,818.2222290039062,0.3886348605155945,1713.74560546875,792.2073364257812,0.3399181663990021,1714.746337890625,753.1849975585938,0.35818159580230713,1726.753173828125,876.2555541992188,0.34813401103019714,1711.74462890625,831.2296752929688,0.35178011655807495,1712.7451171875,808.2164916992188,0.3220575749874115,1710.743896484375,771.1952514648438,0.27011796832084656
DJI_20260917132844_0104_D.JPG,Cam 7,20,ALAPADMA,INCORRECT,ELBOWS_NOT_ALIGNED,,rtmw_l_wholebody,coco_wholebody_133,OK,424.49,143.94,1,1,1779.1881103515625,745.0994873046875,0.9528278112411499,1804.7984619140625,700.2818603515625,1.0044915676116943,1811.2008056640625,700.2818603515625,0.9772467613220215,1817.6031494140625,700.2818603515625,0.9937095642089844,1791.9932861328125,700.2818603515625,1.0080069303512573,1798.3956298828125,706.6844482421875,0.9632508754730225,1798.3956298828125,706.6844482421875,0.9987837076187134,1907.2384033203125,713.0870361328125,0.9703609347343445,1875.2257080078125,725.8919677734375,0.8472800254821777,1811.2008056640625,777.1121826171875,0.9755609631538391,1791.9932861328125,777.1121826171875,0.9752019047737122,1984.0684814453125,898.7598876953125,0.8106762170791626,1881.6285400390625,930.7723388671875,0.7608094215393066,1920.0435791015625,1116.4451904296875,0.6897873878479004,1811.2008056640625,1225.2877197265625,0.6377915143966675,1958.4586181640625,1417.3634033203125,0.7619785666465759,1888.0308837890625,1417.3634033203125,0.7315203547477722,1971.2635498046875,1788.7088623046875,0.8348246812820435,1926.4459228515625,1782.3062744140625,0.7713090181350708,1971.2635498046875,2172.859375,0.9172961711883545,1932.8485107421875,2147.24951171875,0.887417197227478,2009.6785888671875,2236.884765625,0.9058146476745605,1958.4586181640625,2204.8720703125,0.8324921131134033,1785.5906982421875,2249.689453125,0.8531478643417358,1759.9805908203125,2230.48193359375,0.9090608358383179,1767.196044921875,953.9432983398438,0.3567159175872803,1759.048828125,933.2621459960938,0.41230788826942444,1744.008056640625,918.8480834960938,0.44448336958885193,1719.56689453125,901.9271850585938,0.43469470739364624,1695.125732421875,891.2733764648438,0.5754615664482117,1674.444580078125,920.7282104492188,0.3788219690322876,1635.58935546875,918.8480834960938,0.5079965591430664,1611.14794921875,926.3684692382812,0.5553233027458191,1588.5869140625,940.7825317382812,0.6713735461235046,1676.951416015625,910.7009887695312,0.33630821108818054,1636.842529296875,891.9000854492188,0.41770511865615845,1611.14794921875,878.7394409179688,0.541526198387146,1588.5869140625,868.7122192382812,0.6239839196205139,1690.73876953125,898.7937622070312,0.31368589401245117,1678.83154296875,871.2190551757812,0.400215744972229,1666.924072265625,846.1510620117188,0.5351966619491577,1656.89697265625,821.7097778320312,0.4994546175003052,1717.06005859375,895.0335083007812,0.31837713718414307,1730.220703125,874.9791870117188,0.436371386051178,1735.861083984375,857.431640625,0.5307499170303345,1738.367919921875,838.6306762695312,0.6270527839660645,1820.4017333984375,883.26611328125,0.20973043143749237,1749.404541015625,920.2646484375,0.2681111693382263,1739.4049072265625,912.7650146484375,0.25119340419769287,1722.4056396484375,883.26611328125,0.25531062483787537,1696.9066162109375,883.26611328125,0.26285722851753235,1730.9052734375,915.764892578125,0.16745606064796448,1633.4090576171875,883.26611328125,0.24741443991661072,1614.4097900390625,883.26611328125,0.2574986517429352,1591.4107666015625,883.26611328125,0.16302508115768433,1739.4049072265625,917.2647705078125,0.20171082019805908,1635.408935546875,909.76513671875,0.2177000641822815,1617.40966796875,883.26611328125,0.20298239588737488,1591.4107666015625,936.2640380859375,0.09792795777320862,1743.90478515625,923.7645263671875,0.19470471143722534,1738.4049072265625,920.2646484375,0.1276804804801941,1726.4053955078125,921.7646484375,0.17442095279693604,1705.90625,883.26611328125,0.13849493861198425,1772.4036865234375,883.26611328125,0.17463192343711853,1765.4039306640625,919.7646484375,0.2009986937046051,1767.90380859375,978.262451171875,0.19547444581985474,1770.9036865234375,979.7623291015625,0.10904545336961746
DJI_20260917132846_0105_D.JPG,Cam 7,20,ALAPADMA,INCORRECT,ELBOWS_NOT_ALIGNED,,rtmw_l_wholebody,coco_wholebody_133,OK,404.5,199.64,1,1,1765.15087890625,737.5809326171875,0.9417686462402344,1790.85791015625,699.0206298828125,0.9917702674865723,1797.28466796875,692.5941162109375,0.9642043113708496,1803.71142578125,692.5941162109375,0.9830381274223328,1778.00439453125,699.0206298828125,1.0018481016159058,1784.43115234375,699.0206298828125,0.9584990739822388,1778.00439453125,699.0206298828125,0.9893410801887512,1893.68505859375,711.8741455078125,0.9720909595489502,1861.551513671875,724.7276611328125,0.8421717286109924,1790.85791015625,769.7144775390625,0.9639706611633301,1778.00439453125,769.7144775390625,0.9684554934501648,1964.378662109375,898.2486572265625,0.8126196265220642,1855.124755859375,923.9552001953125,0.7636380195617676,1912.965087890625,1129.6099853515625,0.6967017650604248,1778.00439453125,1206.7301025390625,0.621100127696991,1951.525390625,1412.3846435546875,0.7651854753494263,1880.83154296875,1412.3846435546875,0.7348677515983582,1957.9521484375,1797.9869384765625,0.8335163593292236,1919.391845703125,1791.5601806640625,0.7615257501602173,1945.0986328125,2170.7353515625,0.9129112958908081,1925.818359375,2157.8818359375,0.8628755807876587,1983.65869140625,2241.42919921875,0.9023424386978149,1951.525390625,2209.29541015625,0.8103837966918945,1752.297607421875,2235.00244140625,0.8553050756454468,1745.870849609375,2215.72216796875,0.8881083726882935,1749.368896484375,956.0693969726562,0.39557021856307983,1740.555908203125,933.4074096679688,0.4423826336860657,1727.33642578125,918.2994995117188,0.46594542264938354,1699.638427734375,899.4146118164062,0.49737054109573364,1675.717529296875,890.6016235351562,0.4812851846218109,1660.609619140625,923.3355102539062,0.3742286264896393,1621.580810546875,918.2994995117188,0.5650621652603149,1593.8828125,926.4829711914062,0.5692331790924072,1569.33251953125,939.7024536132812,0.7230516672134399,1663.127685546875,914.5225219726562,0.34746068716049194,1618.433349609375,888.0835571289062,0.4768710136413574,1593.8828125,877.3821411132812,0.5762955546379089,1568.073486328125,869.1986694335938,0.5766773819923401,1670.681640625,907.5980834960938,0.3441005051136017,1658.72119140625,868.5691528320312,0.41713738441467285,1646.7607421875,840.8712768554688,0.5167180299758911,1637.318115234375,821.986328125,0.6814442276954651,1689.56640625,896.8965454101562,0.33218830823898315,1705.933349609375,874.2346801757812,0.41519975662231445,1716.635009765625,857.8677368164062,0.4198484420776367,1719.782470703125,837.0942993164062,0.6332613229751587,1750.99072265625,954.144287109375,0.31082743406295776,1737.922607421875,931.572021484375,0.3878735601902008,1723.072509765625,917.3160400390625,0.475286602973938,1698.1243896484375,897.119873046875,0.49220407009124756,1674.958251953125,888.8038330078125,0.6430044174194336,1660.7021484375,922.0679931640625,0.3768914043903351,1619.121826171875,918.5040283203125,0.530260443687439,1591.7977294921875,926.22607421875,0.5404905080795288,1568.03759765625,939.294189453125,0.7021883726119995,1660.108154296875,919.0980224609375,0.30446138978004456,1620.90380859375,893.555908203125,0.42214444279670715,1593.5797119140625,879.2998046875,0.45963555574417114,1569.2255859375,869.2017211914062,0.5708171129226685,1665.4541015625,901.27783203125,0.28228580951690674,1655.3560791015625,870.9837036132812,0.3363499045372009,1646.446044921875,844.2535400390625,0.4160025715827942,1636.9420166015625,818.7113647460938,0.6189589500427246,1687.4322509765625,897.7138671875,0.2645261287689209,1703.4703369140625,872.1717529296875,0.33341729640960693,1717.7264404296875,854.3516235351562,0.4124011993408203,1721.884521484375,835.9375,0.47984880208969116
DJI_20260917132914_0106_D.JPG,Cam 7,21,ALAPADMA,CORRECT,,,rtmw_l_wholebody,coco_wholebody_133,OK,419.81,307.74,1,1,1797.29443359375,735.6773681640625,0.9339216947555542,1822.943359375,703.6165771484375,0.9867576956748962,1822.943359375,703.6165771484375,0.9379088878631592,1835.767578125,703.6165771484375,0.9724409580230713,1810.118896484375,703.6165771484375,0.9885544776916504,1810.118896484375,703.6165771484375,0.9495946168899536,1810.118896484375,703.6165771484375,0.9844240546226501,1919.126220703125,722.8529052734375,0.9967457056045532,1887.0654296875,729.2652587890625,0.8640148639678955,1822.943359375,767.7384033203125,0.9570387601852417,1803.70654296875,774.1505126953125,0.9666404724121094,1944.77490234375,883.1580810546875,0.8117520809173584,1919.126220703125,908.8065185546875,0.7606984376907349,1713.93603515625,998.5775146484375,0.7147649526596069,1803.70654296875,1126.8211669921875,0.6773759126663208,1938.36279296875,1402.5457763671875,0.7626082897186279,1906.3017578125,1415.3699951171875,0.7233514785766602,1964.01171875,1800.1019287109375,0.8359535336494446,1944.77490234375,1793.6898193359375,0.7877141833305359,1957.599365234375,2191.24609375,0.8978626728057861,1944.77490234375,2178.42138671875,0.8825638294219971,1996.072509765625,2261.7802734375,0.9220473170280457,1983.248046875,2236.13134765625,0.8576561808586121,1771.645751953125,2248.95556640625,0.8354783058166504,1765.2333984375,2229.71923828125,0.885180652141571,1633.2442626953125,1003.8067626953125,0.2591419517993927,1633.2442626953125,990.6231689453125,0.3287853002548218,1601.1561279296875,978.9322509765625,0.3201477527618408,1582.25146484375,961.768798828125,0.27263733744621277,1569.3167724609375,961.768798828125,0.21170401573181152,1595.9324951171875,1021.71630859375,0.27955102920532227,1564.590576171875,1034.89990234375,0.2802541255950928,1551.6558837890625,1046.5908203125,0.38238853216171265,1539.46728515625,1064.50048828125,0.41505730152130127,1607.374755859375,1041.86474609375,0.30072617530822754,1608.8671875,1088.8775634765625,0.16806676983833313,1590.95751953125,1088.8775634765625,0.24794447422027588,1575.7841796875,1088.8775634765625,0.26888975501060486,1633.2442626953125,1052.063232421875,0.38627731800079346,1614.339599609375,1088.8775634765625,0.3329852223396301,1599.912353515625,1088.8775634765625,0.3122291564941406,1576.5303955078125,1088.8775634765625,0.2639157772064209,1633.2442626953125,1057.286865234375,0.39569926261901855,1633.2442626953125,1059.525634765625,0.3409403860569,1633.2442626953125,1060.769287109375,0.3564651310443878,1609.6134033203125,1058.7794189453125,0.3699231743812561,1697.0482177734375,1102.81298828125,0.18749964237213135,1667.7564697265625,1036.621337890625,0.12823550403118134,1645.692626953125,1064.7718505859375,0.13677042722702026,1635.4215087890625,1061.34814453125,0.1372373104095459,1617.1617431640625,1056.0223388671875,0.11637885868549347,1625.53076171875,1086.835693359375,0.16217778623104095,1598.5216064453125,1092.5418701171875,0.23924756050109863,1580.2618408203125,1101.6717529296875,0.22868874669075012,1559.7196044921875,1110.040771484375,0.22101739048957825,1635.8018798828125,1098.248046875,0.2406049370765686,1609.9339599609375,1089.4986572265625,0.2652737498283386,1587.1092529296875,1087.5965576171875,0.24798473715782166,1567.3277587890625,1075.8038330078125,0.25146248936653137,1650.637939453125,1098.248046875,0.2690272331237793,1642.6492919921875,1077.325439453125,0.23159083724021912,1641.508056640625,1071.6192626953125,0.16323049366474152,1571.5123291015625,1064.010986328125,0.1645507663488388,1669.6585693359375,1093.68310546875,0.28057029843330383,1664.332763671875,1070.09765625,0.28810960054397583,1669.278076171875,1062.1090087890625,0.28060635924339294,1665.4739990234375,1056.783203125,0.21942490339279175
DJI_20260917132916_0107_D.JPG,Cam 7,21,ALAPADMA,CORRECT,,,rtmw_l_wholebody,coco_wholebody_133,OK,419.06,249.35,1,1,1772.4444580078125,743.37890625,0.9366901516914368,1791.7305908203125,711.2353515625,0.9856503009796143,1798.1595458984375,704.806640625,0.9397493600845337,1811.0169677734375,704.806640625,0.9674750566482544,1778.8731689453125,711.2353515625,0.9909144043922424,1785.3016357421875,711.2353515625,0.9537516832351685,1778.8731689453125,711.2353515625,0.9867910742759705,1894.5902099609375,717.6640625,0.9932574033737183,1862.4466552734375,730.521484375,0.8642141222953796,1798.1595458984375,775.5224609375,0.9480968713760376,1785.3016357421875,781.951171875,0.9592719674110413,1933.1627197265625,891.23974609375,0.8261203169822693,1888.1614990234375,923.38330078125,0.751516580581665,1708.1571044921875,981.241943359375,0.6802564859390259,1766.0155029296875,1193.39013671875,0.6977114081382751,1901.0189208984375,1405.538330078125,0.7610670328140259,1856.0179443359375,1411.967041015625,0.7234485149383545,1920.3050537109375,1797.69091796875,0.8056308627128601,1901.0189208984375,1791.26220703125,0.7355431318283081,1920.3050537109375,2196.272216796875,0.865180253982544,1901.0189208984375,2183.414794921875,0.7983182668685913,1958.8775634765625,2273.4169921875,0.9077594876289368,1946.0201416015625,2241.2734375,0.8015986680984497,1733.8719482421875,2254.130859375,0.8589569330215454,1733.8719482421875,2241.2734375,0.8222802877426147,1631.040771484375,1022.7593994140625,0.2342444658279419,1600.78369140625,993.3922119140625,0.24732789397239685,1572.8997802734375,972.627685546875,0.30147138237953186,1549.4654541015625,952.7529296875,0.2826995253562927,1631.040771484375,952.7529296875,0.1949187070131302,1562.5174560546875,1020.38623046875,0.2604149580001831,1538.4898681640625,1031.065185546875,0.3117981553077698,1522.471435546875,1042.040771484375,0.40971872210502625,1509.1226806640625,1056.5760498046875,0.4107101559638977,1577.942626953125,1042.9306640625,0.35332632064819336,1577.64599609375,1040.5576171875,0.14346514642238617,1631.040771484375,1037.2945556640625,0.08386202156543732,1631.040771484375,1036.7012939453125,0.15178442001342773,1597.8172607421875,1050.3466796875,0.296100378036499,1590.4013671875,1033.4383544921875,0.17231595516204834,1631.040771484375,1016.2333984375,0.16184507310390472,1631.040771484375,1104.334716796875,0.18585649132728577,1631.040771484375,1052.7197265625,0.2668663561344147,1631.040771484375,1060.72900390625,0.1857084333896637,1631.040771484375,1033.1417236328125,0.1813652664422989,1631.040771484375,1024.8358154296875,0.16398808360099792,1686.1446533203125,996.8543090820312,0.18697284162044525,1601.5533447265625,996.8543090820312,0.15954837203025818,1625.9271240234375,993.0309448242188,0.12475194782018661,1621.6258544921875,1031.2642822265625,0.1192736029624939,1521.7412109375,940.9380493164062,0.1711888313293457,1582.4366455078125,1025.529296875,0.13219450414180756,1576.2237548828125,1031.7421875,0.20764051377773285,1558.5408935546875,1038.9110107421875,0.2605649530887604,1538.9462890625,1051.814697265625,0.2128298282623291,1607.288330078125,1029.3526611328125,0.15804001688957214,1581.4808349609375,1080.48974609375,0.17870213091373444,1559.4967041015625,1083.835205078125,0.19123134016990662,1539.902099609375,1051.814697265625,0.12071630358695984,1618.280517578125,1085.746826171875,0.18320012092590332,1601.5533447265625,1063.7626953125,0.19071415066719055,1613.0233154296875,1063.2847900390625,0.1705838441848755,1611.1116943359375,1060.8951416015625,0.1704535186290741,1635.96337890625,1085.746826171875,0.19238491356372833,1633.5738525390625,1063.7626953125,0.20180553197860718,1626.8829345703125,1060.8951416015625,0.1799110770225525,1637.8751220703125,1059.9393310546875,0.13610528409481049
DJI_20260917132941_0108_D.JPG,Cam 7,22,MUSHTI,CORRECT,,,rtmw_l_wholebody,coco_wholebody_133,OK,646.65,198.44,1,1,1776.0545654296875,734.9068603515625,0.9568382501602173,1795.3604736328125,696.2950439453125,1.0323288440704346,1801.7957763671875,689.8597412109375,0.9745364189147949,1814.6663818359375,689.8597412109375,1.0141587257385254,1782.4898681640625,696.2950439453125,1.0225838422775269,1788.9251708984375,702.7303466796875,0.9727592468261719,1782.4898681640625,696.2950439453125,1.0112208127975464,1904.7606201171875,696.2950439453125,0.9841781854629517,1859.7137451171875,709.1656494140625,0.8492174744606018,1808.2310791015625,760.6480712890625,0.9769593477249146,1788.9251708984375,767.0833740234375,0.9904235005378723,1930.5018310546875,889.3541259765625,0.8198267221450806,1885.4547119140625,895.7896728515625,0.765842080116272,1666.6541748046875,985.8839111328125,0.7390599250793457,1737.4427490234375,1108.1546630859375,0.6300656795501709,1924.0665283203125,1404.1788330078125,0.775519847869873,1866.1488037109375,1404.1788330078125,0.750973641872406,1943.3724365234375,1790.2969970703125,0.8426327705383301,1891.8900146484375,1783.8619384765625,0.7804480791091919,1936.9373779296875,2176.41552734375,0.9240459203720093,1917.6312255859375,2150.67431640625,0.8910087943077087,1969.1136474609375,2234.3330078125,0.9318633675575256,1936.9373779296875,2208.591796875,0.8578758239746094,1750.3133544921875,2253.63916015625,0.8418298959732056,1737.4427490234375,2221.46240234375,0.8887796401977539,1651.193115234375,1028.46630859375,0.1428297907114029,1624.023193359375,1002.3355102539062,0.17179590463638306,1616.302734375,985.2614135742188,0.2852991223335266,1597.595458984375,985.2614135742188,0.26965218782424927,1575.324951171875,985.2614135742188,0.27809587121009827,1583.34228515625,985.2614135742188,0.3043229877948761,1575.324951171875,985.2614135742188,0.42611467838287354,1592.992919921875,985.2614135742188,0.3908907175064087,1603.6827392578125,985.2614135742188,0.2751060724258423,1584.381591796875,1015.2523803710938,0.27272412180900574,1586.460205078125,1012.1344604492188,0.277748167514801,1601.15869140625,999.3660278320312,0.26217901706695557,1613.333251953125,1000.1084594726562,0.1791476458311081,1597.1500244140625,1028.61474609375,0.20937104523181915,1597.595458984375,1018.9641723632812,0.1570507287979126,1611.106201171875,1013.7676391601562,0.15742385387420654,1616.8966064453125,1010.6498413085938,0.14896368980407715,1610.06689453125,1035.4443359375,0.18367567658424377,1613.333251953125,1030.5447998046875,0.13524597883224487,1616.8966064453125,1023.1212768554688,0.11770844459533691,1621.6475830078125,1023.2697143554688,0.12353920191526413,1691.23583984375,1050.3585205078125,0.2375718653202057,1677.7037353515625,1035.4266357421875,0.24229905009269714,1663.005126953125,1019.0948486328125,0.22705890238285065,1653.439453125,1015.8284912109375,0.2596191465854645,1621.9423828125,1010.22900390625,0.2434779852628708,1621.9423828125,1037.059814453125,0.31781265139579773,1621.9423828125,1027.2607421875,0.3203401565551758,1621.9423828125,1018.16162109375,0.305109441280365,1621.9423828125,1012.328857421875,0.31194642186164856,1621.9423828125,1047.7921142578125,0.3591564893722534,1621.9423828125,1043.3592529296875,0.3438948392868042,1621.9423828125,1033.3267822265625,0.2934165894985199,1621.9423828125,1029.5938720703125,0.2586488127708435,1621.9423828125,1061.5574951171875,0.3914104700088501,1621.9423828125,1057.5911865234375,0.39943361282348633,1642.9404296875,1048.958740234375,0.317295640707016,1657.6390380859375,1045.458984375,0.2746964693069458,1639.674072265625,1074.856201171875,0.36390358209609985,1639.674072265625,1074.856201171875,0.46022364497184753,1653.906005859375,1062.2574462890625,0.4537423253059387,1666.0382080078125,1053.1583251953125,0.40753692388534546
DJI_20260917132943_0109_D.JPG,Cam 7,22,MUSHTI,CORRECT,,,rtmw_l_wholebody,coco_wholebody_133,OK,403.4,175.6,1,1,1767.3521728515625,714.0875244140625,0.958983838558197,1793.1129150390625,681.8870849609375,1.0194679498672485,1799.5528564453125,675.4468994140625,0.9620227813720703,1812.4332275390625,681.8870849609375,1.0043147802352905,1786.6727294921875,681.8870849609375,1.0127174854278564,1786.6727294921875,681.8870849609375,0.9660137295722961,1786.6727294921875,681.8870849609375,1.0031180381774902,1902.5948486328125,688.3270263671875,0.9839379787445068,1863.9542236328125,707.6473388671875,0.8428694009780884,1799.5528564453125,746.2882080078125,0.9773678183555603,1780.2325439453125,752.7283935546875,0.9898368120193481,1921.9151611328125,875.0906982421875,0.8091354370117188,1889.7147216796875,894.4112548828125,0.7743719816207886,1651.4298095703125,984.5731201171875,0.7594233751296997,1748.0318603515625,1126.2557373046875,0.632306694984436,1928.3555908203125,1396.7410888671875,0.7964069843292236,1883.2745361328125,1403.1815185546875,0.7722855806350708,1947.6759033203125,1783.1490478515625,0.8524043560028076,1915.4752197265625,1776.7088623046875,0.8034210205078125,1934.7955322265625,2169.556640625,0.9318567514419556,1921.9151611328125,2150.236328125,0.9058266282081604,1966.9962158203125,2233.9580078125,0.935043454170227,1954.1160888671875,2208.19775390625,0.8637548685073853,1754.4720458984375,2233.9580078125,0.8781427145004272,1748.0318603515625,2208.19775390625,0.9009958505630493,1648.638427734375,986.3171997070312,0.1854097843170166,1612.5965576171875,986.3171997070312,0.11556585878133774,1648.638427734375,986.3171997070312,0.15732580423355103,1648.638427734375,986.3171997070312,0.16712558269500732,1648.638427734375,986.3171997070312,0.1622205227613449,1583.559326171875,1042.2265625,0.07146579027175903,1583.559326171875,1042.2265625,0.12033062428236008,1648.638427734375,986.3171997070312,0.12925094366073608,1648.638427734375,986.3171997070312,0.16362051665782928,1599.606201171875,1028.4720458984375,0.10790501534938812,1583.559326171875,1051.396240234375,0.08581233024597168,1648.638427734375,1051.396240234375,0.061992622911930084,1648.638427734375,1003.3829956054688,0.09958916902542114,1602.535400390625,1028.4720458984375,0.08333070576190948,1617.945556640625,1051.396240234375,0.05461063235998154,1648.638427734375,1035.8587646484375,0.09531893581151962,1648.638427734375,1004.2744750976562,0.10214437544345856,1617.4361572265625,1051.396240234375,0.06294366717338562,1619.473876953125,1051.396240234375,0.07381226122379303,1648.638427734375,1037.514404296875,0.12074001133441925,1648.638427734375,986.3171997070312,0.11405716091394424,1715.7174072265625,1003.893310546875,0.18284478783607483,1721.1512451171875,1003.893310546875,0.16553570330142975,1738.811279296875,1003.893310546875,0.13816620409488678,1747.641357421875,1003.893310546875,0.14605757594108582,1762.58447265625,1003.893310546875,0.20187871158123016,1706.8873291015625,1003.893310546875,0.1521371603012085,1705.5289306640625,1232.115478515625,0.22942498326301575,1748.999755859375,1269.47314453125,0.21946968138217926,1774.8106689453125,1003.893310546875,0.2000337839126587,1740.1697998046875,1003.893310546875,0.143015056848526,1741.5281982421875,1350.9810791015625,0.18612545728683472,1762.58447265625,1269.47314453125,0.19314619898796082,1776.848388671875,1003.893310546875,0.2099105417728424,1744.9244384765625,1003.893310546875,0.12362407147884369,1759.188232421875,1350.9810791015625,0.12761522829532623,1773.4521484375,1003.893310546875,0.19334672391414642,1778.885986328125,1003.893310546875,0.21942992508411407,1782.2822265625,1003.893310546875,0.10935164988040924,1782.2822265625,1350.9810791015625,0.13152283430099487,1776.1690673828125,1003.893310546875,0.15359149873256683,1776.1690673828125,1003.893310546875,0.16724884510040283
DJI_20260917132958_0110_D.JPG,Cam 7,23,KATAKAMUKHA,CORRECT,,,rtmw_l_wholebody,coco_wholebody_133,OK,404.19,160.55,1,1,1758.028564453125,710.6456298828125,0.9473134875297546,1790.283935546875,678.3902587890625,1.0126770734786987,1790.283935546875,671.9390869140625,0.9583048820495605,1803.186279296875,678.3902587890625,0.9952671527862549,1777.3818359375,678.3902587890625,1.0131760835647583,1783.8330078125,678.3902587890625,0.9584847688674927,1777.3818359375,678.3902587890625,1.0006804466247559,1893.501708984375,684.8414306640625,0.9907107353210449,1854.795166015625,704.1947021484375,0.8396467566490173,1790.283935546875,749.3521728515625,0.975129246711731,1770.930908203125,749.3521728515625,0.9938902854919434,1919.305908203125,871.9232177734375,0.8021483421325684,1874.148193359375,891.2764892578125,0.7573801279067993,1648.35986328125,975.1407470703125,0.709227979183197,1732.224365234375,1104.1627197265625,0.6196557879447937,1906.403564453125,1394.4620361328125,0.7763848304748535,1854.795166015625,1394.4620361328125,0.7482274174690247,1919.305908203125,1787.9788818359375,0.8601392507553101,1906.403564453125,1781.5279541015625,0.7663370370864868,1932.208251953125,2175.04443359375,0.9528505206108093,1912.854736328125,2149.240234375,0.8737949132919312,1970.914794921875,2233.1044921875,0.9469214081764221,1938.659423828125,2194.39794921875,0.8382555246353149,1745.126220703125,2239.5556640625,0.8850367069244385,1738.67529296875,2207.30029296875,0.8861910104751587,1600.160400390625,1012.3716430664062,0.24298036098480225,1581.1094970703125,989.9187622070312,0.19279974699020386,1573.455078125,960.32177734375,0.23194915056228638,1569.3726806640625,943.1419067382812,0.315962016582489,1564.7801513671875,925.4517822265625,0.28988540172576904,1632.1387939453125,946.7139892578125,0.20246121287345886,1632.1387939453125,925.4517822265625,0.2701902985572815,1632.1387939453125,925.4517822265625,0.24914291501045227,1632.1387939453125,925.4517822265625,0.20993833243846893,1610.1961669921875,945.5233154296875,0.2616497278213501,1612.917724609375,936.1679077148438,0.3188169002532959,1612.2373046875,942.6316528320312,0.2368011474609375,1589.784423828125,942.9718627929688,0.18756365776062012,1632.1387939453125,953.5178833007812,0.2246798574924469,1632.1387939453125,942.4615478515625,0.2548999786376953,1632.1387939453125,945.0130004882812,0.17971274256706238,1632.1387939453125,925.4517822265625,0.141953706741333,1632.1387939453125,959.131103515625,0.2802264094352722,1632.1387939453125,945.18310546875,0.29469040036201477,1632.1387939453125,944.1625366210938,0.2613506019115448,1632.1387939453125,925.4517822265625,0.28354185819625854,1645.4739990234375,1083.717041015625,0.2986735999584198,1663.7169189453125,1083.717041015625,0.3287815749645233,1664.8226318359375,1062.1571044921875,0.3720027804374695,1650.725830078125,1048.060302734375,0.3499968647956848,1648.2381591796875,1037.2803955078125,0.31169813871383667,1680.301513671875,1015.9969482421875,0.2862851917743683,1656.8067626953125,995.542724609375,0.18441729247570038,1642.986328125,983.6572265625,0.2059488147497177,1622.80859375,977.5762939453125,0.23197297751903534,1656.8067626953125,1013.23291015625,0.20354405045509338,1644.368408203125,993.33154296875,0.27920037508010864,1627.783935546875,976.4705810546875,0.3136862516403198,1610.6466064453125,974.8121337890625,0.3711977005004883,1641.8807373046875,1021.801513671875,0.22855043411254883,1632.2064208984375,997.7540283203125,0.23965677618980408,1606.50048828125,983.1043701171875,0.33027008175849915,1598.208251953125,980.34033203125,0.40201228857040405,1629.1658935546875,1030.923095703125,0.2673585116863251,1611.752197265625,1013.23291015625,0.2582050561904907,1602.0780029296875,997.201171875,0.2839433550834656,1597.9317626953125,988.356201171875,0.3203030228614807
DJI_20260917133000_0111_D.JPG,Cam 7,23,KATAKAMUKHA,CORRECT,,,rtmw_l_wholebody,coco_wholebody_133,OK,399.02,162.22,1,1,1755.3572998046875,713.4942626953125,0.9502774477005005,1787.5672607421875,674.8419189453125,1.0042142868041992,1787.5672607421875,674.8419189453125,0.9548864960670471,1800.4515380859375,674.8419189453125,0.98777174949646,1774.6832275390625,674.8419189453125,1.003828763961792,1781.1253662109375,674.8419189453125,0.9618242979049683,1774.6832275390625,674.8419189453125,0.9927254915237427,1890.6395263671875,687.7261962890625,0.992048978805542,1851.9874267578125,700.6099853515625,0.854280412197113,1787.5672607421875,745.7042236328125,0.967201292514801,1768.2410888671875,745.7042236328125,0.9857568740844727,1922.8494873046875,874.5445556640625,0.8119484186172485,1864.8714599609375,893.8707275390625,0.755835771560669,1684.4949951171875,951.8487548828125,0.6925860643386841,1761.7991943359375,1106.4573974609375,0.6500228643417358,1909.9656982421875,1383.4642333984375,0.7809542417526245,1851.9874267578125,1383.4642333984375,0.7499573230743408,1929.2918701171875,1776.4273681640625,0.8535294532775879,1897.0816650390625,1769.9854736328125,0.7667402625083923,1935.7337646484375,2162.94873046875,0.9351246953010559,1916.4075927734375,2143.62255859375,0.8781314492225647,1967.9437255859375,2233.81103515625,0.9223025441169739,1948.6177978515625,2201.6005859375,0.8340814113616943,1755.3572998046875,2227.36865234375,0.8515318632125854,1742.4730224609375,2195.15869140625,0.8910487294197083,1590.5445556640625,999.8933715820312,0.2807011008262634,1576.2127685546875,983.8418579101562,0.18024221062660217,1568.76025390625,954.0318603515625,0.23296239972114563,1564.5562744140625,932.2476196289062,0.34770965576171875,1560.352294921875,915.8139038085938,0.3093920946121216,1591.6910400390625,940.2733764648438,0.18566742539405823,1591.5,929.3812866210938,0.27369675040245056,1589.2069091796875,928.2347412109375,0.22966395318508148,1586.1494140625,915.8139038085938,0.22546443343162537,1607.1693115234375,941.419921875,0.32274770736694336,1609.6534423828125,933.3941650390625,0.43109235167503357,1605.8316650390625,944.2863159179688,0.31077784299850464,1604.6851806640625,943.7130126953125,0.17513707280158997,1626.4693603515625,948.8724365234375,0.26443248987197876,1626.4693603515625,933.3941650390625,0.29729539155960083,1614.4307861328125,950.4011840820312,0.2076856940984726,1586.913818359375,954.2229614257812,0.1642187535762787,1626.4693603515625,960.146728515625,0.25452443957328796,1626.4693603515625,945.4328002929688,0.25760895013809204,1626.4693603515625,946.1972045898438,0.21777352690696716,1626.4693603515625,975.2428588867188,0.22181336581707,1640.2548828125,1090.811767578125,0.25182244181632996,1658.6387939453125,1068.6829833984375,0.2845110595226288,1660.6815185546875,1055.74609375,0.24654406309127808,1644.3402099609375,1043.149658203125,0.2423473447561264,1632.7650146484375,1032.936279296875,0.2527066469192505,1628.3392333984375,988.338134765625,0.10940418392419815,1623.9134521484375,979.8270263671875,0.15985776484012604,1619.48779296875,966.5496826171875,0.16871264576911926,1609.2744140625,937.6119384765625,0.1751144826412201,1619.1473388671875,1000.5941162109375,0.14398884773254395,1613.019287109375,982.550537109375,0.16473102569580078,1602.465576171875,947.48486328125,0.1533980667591095,1604.8486328125,916.8448486328125,0.16163478791713715,1613.019287109375,1003.99853515625,0.14472442865371704,1596.3375244140625,989.01904296875,0.1600748598575592,1592.5926513671875,988.338134765625,0.17614120244979858,1603.48681640625,985.274169921875,0.15305978059768677,1592.5926513671875,1008.0838623046875,0.10913930833339691,1586.8050537109375,994.466064453125,0.1420331448316574,1587.4859619140625,992.0830078125,0.15391048789024353,1603.48681640625,1025.7869873046875,0.10229825228452682
DJI_20260917133037_0112_D.JPG,Cam 7,24,PATAKA,INCORRECT,FINGERS_TOO_FAR_APART,,rtmw_l_wholebody,coco_wholebody_133,OK,407.3,161.17,1,1,1781.349609375,747.255859375,0.939811110496521,1806.849609375,715.380615234375,0.9962801933288574,1813.224853515625,709.005615234375,0.9475783705711365,1819.599853515625,709.005615234375,0.9791585803031921,1800.474609375,715.380615234375,0.9999858736991882,1800.474609375,715.380615234375,0.9554165601730347,1800.474609375,709.005615234375,0.99297034740448,1902.4755859375,721.755615234375,0.9968541264533997,1883.3505859375,728.130859375,0.8502861261367798,1813.224853515625,779.13134765625,0.9712969064712524,1800.474609375,785.50634765625,0.9788691401481628,1927.97607421875,906.63232421875,0.814464807510376,1889.7255859375,919.382568359375,0.764921247959137,1653.84814453125,1021.383544921875,0.8163353800773621,1768.599365234375,1168.010009765625,0.6457834243774414,1921.600830078125,1423.012451171875,0.7854904532432556,1876.975341796875,1423.012451171875,0.7552602291107178,1921.600830078125,1799.14111328125,0.8691643476486206,1908.8505859375,1799.14111328125,0.8059673309326172,1934.35107421875,2188.019775390625,0.9395553469657898,1915.2255859375,2162.51953125,0.9045680165290833,1972.601318359375,2251.770263671875,0.9427543878555298,1940.72607421875,2213.52001953125,0.8653446435928345,1743.09912109375,2251.770263671875,0.8935405015945435,1743.09912109375,2219.89501953125,0.9060426950454712,1617.6265869140625,1015.5191040039062,0.43558937311172485,1617.6265869140625,1015.5191040039062,0.37638741731643677,1617.6265869140625,1015.5191040039062,0.33061379194259644,1617.6265869140625,984.6338500976562,0.17527994513511658,1617.6265869140625,963.6416625976562,0.13760219514369965,1617.6265869140625,1015.5191040039062,0.20657843351364136,1540.6549072265625,967.0197143554688,0.21377228200435638,1528.3489990234375,952.0596313476562,0.288981556892395,1520.8690185546875,934.6867065429688,0.3756851553916931,1581.91552734375,966.5370483398438,0.3361610174179077,1561.888427734375,941.9254760742188,0.264254629611969,1548.8587646484375,925.2763671875,0.348044753074646,1569.368408203125,903.3189086914062,0.3860410153865814,1585.293701171875,975.2235717773438,0.3170658349990845,1555.856201171875,949.1641845703125,0.21287047863006592,1550.3065185546875,928.4131469726562,0.3129082918167114,1548.1348876953125,905.249267578125,0.34015321731567383,1617.6265869140625,986.5642700195312,0.25800251960754395,1617.6265869140625,967.5022583007812,0.24518336355686188,1606.5272216796875,948.6815795898438,0.2648703455924988,1601.4600830078125,933.2389526367188,0.43497711420059204,1733.2728271484375,1246.373291015625,0.09404532611370087,1674.650634765625,1103.725830078125,0.1463116705417633,1674.650634765625,1094.60693359375,0.22777816653251648,1679.2100830078125,1072.460693359375,0.2609667479991913,1678.5587158203125,1054.22265625,0.3128243684768677,1644.6881103515625,1098.5150146484375,0.15745417773723602,1601.047119140625,1030.1224365234375,0.16801762580871582,1518.97607421875,963.6839599609375,0.16871371865272522,1518.97607421875,913.5294189453125,0.20973239839076996,1642.0826416015625,1080.9283447265625,0.12741923332214355,1572.387451171875,976.711181640625,0.2043842077255249,1558.0574951171875,950.0054931640625,0.1949661374092102,1518.97607421875,913.5294189453125,0.1902714967727661,1638.825927734375,1026.21435546875,0.14372485876083374,1594.5335693359375,972.802978515625,0.18102842569351196,1606.909423828125,953.26220703125,0.2089177519083023,1518.97607421875,913.5294189453125,0.21921542286872864,1640.128662109375,1017.7467041015625,0.14278343319892883,1625.7987060546875,976.711181640625,0.1821237951517105,1627.1014404296875,955.86767578125,0.20506909489631653,1627.1014404296875,913.5294189453125,0.15636096894741058
DJI_20260917133040_0113_D.JPG,Cam 7,24,PATAKA,INCORRECT,FINGERS_TOO_FAR_APART,,rtmw_l_wholebody,coco_wholebody_133,OK,403.71,179.51,1,1,1780.924560546875,744.791748046875,0.9403780698776245,1800.073486328125,706.493896484375,0.9976418018341064,1806.456298828125,706.493896484375,0.9497361183166504,1819.222412109375,706.493896484375,0.9796655178070068,1793.690673828125,706.493896484375,1.002646565437317,1800.073486328125,706.493896484375,0.954328179359436,1793.690673828125,706.493896484375,0.994876503944397,1902.200927734375,719.260009765625,1.0032118558883667,1876.669189453125,725.642822265625,0.8531316518783569,1806.456298828125,776.70654296875,0.9677107334136963,1793.690673828125,783.089599609375,0.9744080305099487,1921.349853515625,904.365966796875,0.8119370937347412,1902.200927734375,917.1318359375,0.7701877355575562,1653.265380859375,1025.642333984375,0.832931399345398,1768.15869140625,1127.769775390625,0.6460088491439819,1914.966796875,1415.003173828125,0.7884281277656555,1863.903076171875,1421.385986328125,0.7555403113365173,1927.732666015625,1797.980712890625,0.865892767906189,1895.81787109375,1791.597900390625,0.7717969417572021,1934.11572265625,2187.341552734375,0.9315841794013977,1921.349853515625,2161.809814453125,0.8611782789230347,1972.413330078125,2257.554443359375,0.9375876188278198,1953.2646484375,2212.873291015625,0.8326309323310852,1742.626708984375,2251.171142578125,0.9012219905853271,1749.009765625,2219.256591796875,0.8945482969284058,1603.697265625,1021.225830078125,0.4652383327484131,1620.58154296875,1021.225830078125,0.3382841944694519,1620.58154296875,1021.225830078125,0.3089580237865448,1620.58154296875,963.7646484375,0.23902162909507751,1620.58154296875,953.9608154296875,0.23105277121067047,1620.58154296875,965.126220703125,0.3734404742717743,1606.9652099609375,951.237548828125,0.295468807220459,1605.3311767578125,940.6167602539062,0.33813220262527466,1599.3399658203125,924.8217163085938,0.45852696895599365,1583.272705078125,965.126220703125,0.4220429062843323,1575.3751220703125,938.165771484375,0.4081685543060303,1571.5625,921.8261108398438,0.5041096806526184,1566.66064453125,900.5845336914062,0.5499898195266724,1571.8348388671875,976.291748046875,0.3749827742576599,1553.0443115234375,951.237548828125,0.32556670904159546,1545.69140625,929.7236328125,0.4466755986213684,1539.4278564453125,906.5757446289062,0.5051933526992798,1557.673828125,993.9930419921875,0.36409443616867065,1537.249267578125,973.5684814453125,0.38260430097579956,1525.8114013671875,955.0501708984375,0.3876493573188782,1516.8245849609375,935.9871826171875,0.5885449647903442,1668.3109130859375,1102.813720703125,0.29588812589645386,1678.0302734375,1086.0257568359375,0.36142033338546753,1685.098876953125,1069.23779296875,0.3677002787590027,1679.3555908203125,1057.7513427734375,0.3166314959526062,1672.728759765625,1048.91552734375,0.27395033836364746,1649.31396484375,1046.70654296875,0.22647996246814728,1638.269287109375,1031.2440185546875,0.2515918016433716,1634.7349853515625,1027.267822265625,0.2505601644515991,1634.293212890625,1022.408203125,0.2137307971715927,1636.5020751953125,1045.822998046875,0.23735365271568298,1623.2484130859375,1027.267822265625,0.27659255266189575,1620.1558837890625,1031.685791015625,0.2617260217666626,1625.015625,1025.0589599609375,0.22039656341075897,1629.4334716796875,1055.1005859375,0.23487669229507446,1616.1798095703125,1032.5693359375,0.27204734086990356,1614.4127197265625,1034.3365478515625,0.23250234127044678,1614.4127197265625,1025.0589599609375,0.1967775970697403,1625.015625,1064.378173828125,0.22464969754219055,1614.4127197265625,1053.3333740234375,0.23292505741119385,1612.2037353515625,1061.28564453125,0.2195148915052414,1614.4127197265625,1025.0589599609375,0.1854277402162552
DJI_20260917133120_0116_D.JPG,Cam 7,25,KATAKAMUKHA,INCORRECT,FINGERS_BENT,,rtmw_l_wholebody,coco_wholebody_133,OK,395.08,163.76,1,1,1777.3526611328125,761.0565185546875,0.9510149955749512,1802.7572021484375,722.9493408203125,1.0121474266052246,1802.7572021484375,722.9493408203125,0.9604476690292358,1815.4595947265625,722.9493408203125,0.9910905361175537,1790.0548095703125,722.9493408203125,1.016031265258789,1790.0548095703125,722.9493408203125,0.966524600982666,1790.0548095703125,722.9493408203125,1.0038049221038818,1904.3760986328125,735.6517333984375,0.9752309322357178,1866.2689208984375,748.3538818359375,0.8475018739700317,1809.1085205078125,792.8121337890625,0.9662227630615234,1790.0548095703125,799.1634521484375,0.9793392419815063,1948.8341064453125,919.8355712890625,0.8271913528442383,1866.2689208984375,938.8890380859375,0.7584594488143921,1732.8944091796875,1002.4007568359375,0.6975724101066589,1783.7037353515625,1211.9896240234375,0.6524320840835571,1936.1319580078125,1440.6317138671875,0.7914710640907288,1866.2689208984375,1440.6317138671875,0.7680920362472534,1948.8341064453125,1821.7017822265625,0.8760981559753418,1898.0247802734375,1815.3504638671875,0.781548798084259,1955.1851806640625,2202.77197265625,0.9322327375411987,1929.7808837890625,2164.6650390625,0.8693842887878418,1986.9412841796875,2272.634765625,0.9355903267860413,1955.1851806640625,2215.474609375,0.844357967376709,1758.2989501953125,2272.634765625,0.8547436594963074,1764.6502685546875,2234.52783203125,0.8836311101913452,1642.4027099609375,1047.8109130859375,0.3987898528575897,1657.73046875,1054.4993896484375,0.3416808247566223,1677.2386474609375,1036.3846435546875,0.2862465977668762,1677.2386474609375,1024.401123046875,0.2914173901081085,1677.2386474609375,1014.368408203125,0.29083120822906494,1664.69775390625,991.794677734375,0.4467381536960602,1665.5338134765625,987.0570068359375,0.47350504994392395,1659.1240234375,995.6962890625,0.44915199279785156,1652.9927978515625,1006.0078125,0.3943805694580078,1644.6322021484375,983.7127685546875,0.6027708053588867,1642.4027099609375,979.2537841796875,0.5047370195388794,1639.89453125,991.2373046875,0.4485616683959961,1634.32080078125,1004.335693359375,0.3297443389892578,1622.337158203125,986.4996337890625,0.5235702395439148,1615.09130859375,966.712890625,0.5640552043914795,1611.189697265625,973.958740234375,0.4481574296951294,1609.2388916015625,981.20458984375,0.35334134101867676,1600.8782958984375,992.909423828125,0.48703616857528687,1593.0750732421875,972.0079345703125,0.5354055762290955,1585.271728515625,961.417724609375,0.5163525342941284,1577.1898193359375,948.59814453125,0.4596801996231079,1681.685546875,1111.871337890625,0.12589192390441895,1679.237548828125,1098.815185546875,0.23555490374565125,1679.237548828125,1091.0631103515625,0.2147572785615921,1678.8294677734375,1082.903076171875,0.23491105437278748,1680.4615478515625,1076.375,0.18519768118858337,1672.301513671875,992.734375,0.17736776173114777,1670.261474609375,990.286376953125,0.31162911653518677,1668.221435546875,1002.9344482421875,0.2771609425544739,1664.5494384765625,1004.5665283203125,0.19515424966812134,1647.8212890625,990.286376953125,0.31337234377861023,1649.4532470703125,982.9422607421875,0.2774038016796112,1647.0052490234375,998.4464111328125,0.28660500049591064,1642.5172119140625,1004.9744873046875,0.22897274792194366,1627.0130615234375,990.286376953125,0.3438260555267334,1620.0770263671875,975.190185546875,0.33814698457717896,1618.0369873046875,977.6383056640625,0.33550864458084106,1614.364990234375,970.7021484375,0.300559937953949,1605.388916015625,998.0384521484375,0.2974490523338318,1598.452880859375,982.5343017578125,0.37658363580703735,1590.2928466796875,970.294189453125,0.3460158705711365,1584.1727294921875,947.85400390625,0.28360074758529663
DJI_20260917133122_0117_D.JPG,Cam 7,25,KATAKAMUKHA,INCORRECT,FINGERS_BENT,,rtmw_l_wholebody,coco_wholebody_133,OK,436.03,178.06,1,1,1758.49267578125,797.3583984375,0.952996551990509,1777.31689453125,765.984619140625,1.0238633155822754,1783.591552734375,759.7099609375,0.9696496725082397,1796.14111328125,759.7099609375,1.0049155950546265,1764.767333984375,765.984619140625,1.020797848701477,1764.767333984375,765.984619140625,0.9650151133537292,1764.767333984375,765.984619140625,1.0120099782943726,1877.712890625,765.984619140625,0.9602887034416199,1840.064453125,778.5341796875,0.8484433889389038,1789.866455078125,828.732177734375,0.971146821975708,1771.042236328125,835.0068359375,0.9778040647506714,1927.910888671875,941.677734375,0.8108788728713989,1865.163330078125,966.776611328125,0.7545461654663086,1727.118896484375,1035.798828125,0.666187047958374,1783.591552734375,1198.942138671875,0.7042829394340515,1915.361328125,1431.10791015625,0.7596267461776733,1852.614013671875,1431.10791015625,0.7223072052001953,1940.460205078125,1826.416748046875,0.8368240594863892,1915.361328125,1820.14208984375,0.7458180785179138,1953.010009765625,2234.275390625,0.8986918330192566,1934.185546875,2196.626953125,0.8250231742858887,1990.658447265625,2297.02294921875,0.9263752698898315,1965.559326171875,2253.099609375,0.8135000467300415,1771.042236328125,2297.02294921875,0.8451977372169495,1758.49267578125,2246.82470703125,0.8865009546279907,1625.6251220703125,1088.00390625,0.3888024687767029,1609.44287109375,1095.1666259765625,0.3281940817832947,1645.256103515625,1091.983154296875,0.2679387032985687,1663.29541015625,1054.578125,0.236331969499588,1663.29541015625,1039.45703125,0.22531342506408691,1647.113037109375,1026.19287109375,0.34051603078842163,1648.439453125,1020.09130859375,0.327414333820343,1641.807373046875,1029.9068603515625,0.21467255055904388,1644.1949462890625,1039.45703125,0.1939617544412613,1622.1763916015625,1017.7037353515625,0.5078344345092773,1624.8292236328125,1014.78564453125,0.2781408727169037,1627.216796875,1025.9276123046875,0.2539812922477722,1617.135986328125,1036.273681640625,0.228641077876091,1604.13720703125,1017.968994140625,0.44141989946365356,1596.1785888671875,1000.4603271484375,0.4916130304336548,1595.3828125,1012.663330078125,0.34376221895217896,1597.23974609375,1025.6622314453125,0.22603902220726013,1583.445068359375,1029.9068603515625,0.3903562128543854,1573.6295166015625,1003.1131591796875,0.4462914764881134,1563.5487060546875,990.91015625,0.4226464033126831,1555.324951171875,976.85009765625,0.43041470646858215,1626.8341064453125,1096.85009765625,0.3499504327774048,1644.813720703125,1098.4482421875,0.3606502413749695,1662.393798828125,1082.865966796875,0.3614158034324646,1665.5902099609375,1111.63330078125,0.3528394103050232,1668.3870849609375,1104.841064453125,0.21957339346408844,1654.0032958984375,1026.9293212890625,0.48575901985168457,1651.6060791015625,1021.335693359375,0.5137444138526917,1647.610595703125,1029.3265380859375,0.4353019893169403,1636.82275390625,1042.9112548828125,0.2618008852005005,1632.0281982421875,1020.136962890625,0.5468612909317017,1628.8319091796875,1016.940673828125,0.46186888217926025,1626.8341064453125,1032.52294921875,0.4036563038825989,1622.4390869140625,1040.1143798828125,0.3154783844947815,1607.6558837890625,1019.337890625,0.5716269016265869,1599.6649169921875,1001.3582763671875,0.5960670709609985,1597.6671142578125,1014.94287109375,0.4856567680835724,1598.8658447265625,1025.730712890625,0.4167652726173401,1585.28125,1025.730712890625,0.5729444026947021,1576.4912109375,1006.15283203125,0.6737723350524902,1567.3016357421875,994.965576171875,0.6010206937789917,1558.112060546875,979.3831787109375,0.6252614259719849
DJI_20260917133139_0118_D.JPG,Cam 7,26,MUSHTI,INCORRECT,PINKY_DROPPED,,rtmw_l_wholebody,coco_wholebody_133,OK,391.43,168.84,1,1,1802.632568359375,760.7041015625,0.9651917219161987,1828.041748046875,728.942626953125,1.0218708515167236,1828.041748046875,728.942626953125,0.97822105884552,1840.746337890625,722.590087890625,1.0107187032699585,1815.337158203125,728.942626953125,1.0234489440917969,1815.337158203125,728.942626953125,0.9778944253921509,1815.337158203125,728.942626953125,1.0127567052841187,1923.326416015625,735.294921875,0.9697690606117249,1891.564697265625,747.99951171875,0.8763163685798645,1840.746337890625,792.465576171875,0.9827467203140259,1821.689453125,798.81787109375,0.9863094091415405,1980.4970703125,919.511474609375,0.8164169192314148,1904.269287109375,944.9208984375,0.7670176029205322,1815.337158203125,1046.557861328125,0.7295622825622559,1789.927978515625,1211.717529296875,0.6538083553314209,1948.735595703125,1427.696044921875,0.7721127867698669,1891.564697265625,1427.696044921875,0.7536621689796448,1948.735595703125,1815.186279296875,0.8541398048400879,1910.621826171875,1808.834228515625,0.7824734449386597,1961.440185546875,2209.029052734375,0.928992509841919,1929.6787109375,2177.267822265625,0.8833690881729126,1993.201416015625,2272.552490234375,0.9463453888893127,1948.735595703125,2221.733642578125,0.8604323267936707,1770.870849609375,2285.257080078125,0.8693876266479492,1770.870849609375,2234.438232421875,0.8827648162841797,1686.4786376953125,1049.645263671875,0.2581246495246887,1680.74072265625,1032.790283203125,0.30785906314849854,1671.4166259765625,1022.0316772460938,0.26211437582969666,1654.2030029296875,1113.1204833984375,0.2515563368797302,1639.8583984375,1127.1065673828125,0.2472342997789383,1630.1756591796875,1017.3695678710938,0.3909909725189209,1637.7066650390625,1023.1074829101562,0.345630019903183,1653.48583984375,1027.4110107421875,0.316666841506958,1673.209716796875,1034.5833740234375,0.24811634421348572,1625.155029296875,1045.700439453125,0.375027596950531,1637.3480224609375,1050.362548828125,0.30042794346809387,1655.2789306640625,1052.51416015625,0.3010627031326294,1668.5477294921875,1051.4383544921875,0.2559889853000641,1629.4583740234375,1066.1417236328125,0.3122667670249939,1642.010009765625,1069.727783203125,0.2542877793312073,1655.6375732421875,1070.8037109375,0.26422443985939026,1673.927001953125,1070.08642578125,0.23556163907051086,1639.499755859375,1088.3759765625,0.31283774971961975,1644.1617431640625,1092.6793212890625,0.29661357402801514,1657.4305419921875,1086.2242431640625,0.27790287137031555,1663.8857421875,1083.3553466796875,0.25817257165908813,1750.78857421875,1046.510498046875,0.058908961713314056,1720.37060546875,1103.8502197265625,0.09076131880283356,1707.783935546875,1102.10205078125,0.12571081519126892,1670.373291015625,1108.3953857421875,0.1313592791557312,1644.50048828125,1121.331787109375,0.14629332721233368,1648.346435546875,1083.921142578125,0.06602445989847183,1645.8990478515625,1095.458984375,0.13493946194648743,1657.0872802734375,1087.76708984375,0.1433572769165039,1675.9674072265625,1081.8233642578125,0.10101713240146637,1621.7744140625,1065.041015625,0.08715048432350159,1621.7744140625,1081.4737548828125,0.15601754188537598,1649.045654296875,1074.1314697265625,0.17669518291950226,1656.387939453125,1073.43212890625,0.10650655627250671,1621.7744140625,1065.041015625,0.08500518649816513,1621.7744140625,1069.935791015625,0.1100120097398758,1650.0946044921875,1070.6351318359375,0.1558912694454193,1658.48583984375,1069.935791015625,0.13615845143795013,1621.7744140625,1069.586181640625,0.05012303590774536,1652.8917236328125,1103.15087890625,0.09362377226352692,1653.2413330078125,1075.530029296875,0.12383507192134857,1656.038330078125,1073.43212890625,0.09593787789344788
DJI_20260917133141_0119_D.JPG,Cam 7,26,MUSHTI,INCORRECT,PINKY_DROPPED,,rtmw_l_wholebody,coco_wholebody_133,OK,400.09,174.41,1,1,1784.9937744140625,765.685546875,0.9640758037567139,1810.2576904296875,734.105712890625,1.0227653980255127,1816.5736083984375,727.789794921875,0.9741312265396118,1829.2054443359375,727.789794921875,1.006356954574585,1797.6256103515625,734.105712890625,1.0215508937835693,1797.6256103515625,734.105712890625,0.9707925915718079,1797.6256103515625,734.105712890625,1.0081770420074463,1911.3128662109375,740.421630859375,0.9780325889587402,1873.4171142578125,753.053466796875,0.8668649196624756,1822.8895263671875,797.26513671875,0.9837177395820618,1803.9417724609375,803.5810546875,0.989775538444519,1968.1566162109375,929.900390625,0.8108791708946228,1886.0491943359375,948.84814453125,0.7657241821289062,1797.6256103515625,1043.58740234375,0.7457560300827026,1784.9937744140625,1195.17041015625,0.6465660333633423,1942.8924560546875,1447.80859375,0.7706317901611328,1879.7330322265625,1447.80859375,0.7426738739013672,1955.5242919921875,1833.08154296875,0.8579248189926147,1917.6287841796875,1820.44970703125,0.764690637588501,1955.5242919921875,2212.0390625,0.9294369220733643,1930.2606201171875,2180.458984375,0.8704882860183716,1993.4202880859375,2281.5146484375,0.9431726932525635,1949.2086181640625,2230.98681640625,0.8380810022354126,1766.0457763671875,2268.88232421875,0.8755890130996704,1766.0457763671875,2230.98681640625,0.8844465613365173,1669.920166015625,1055.4486083984375,0.2248428910970688,1669.920166015625,1035.5623779296875,0.25099462270736694,1657.83251953125,1025.42431640625,0.24242150783538818,1641.065673828125,1027.3740234375,0.25110411643981934,1626.638427734375,1126.4151611328125,0.25150030851364136,1615.33056640625,1017.23583984375,0.36231517791748047,1620.78955078125,1023.084716796875,0.3365495800971985,1634.826904296875,1027.763916015625,0.31821417808532715,1651.59375,1034.7825927734375,0.2381763458251953,1609.87158203125,1044.1407470703125,0.3658601641654968,1620.009765625,1048.81982421875,0.3236537575721741,1635.606689453125,1050.379638671875,0.31066811084747314,1647.3045654296875,1050.379638671875,0.26332584023475647,1613.7708740234375,1064.806884765625,0.3016442656517029,1624.298828125,1068.7060546875,0.2743070721626282,1636.3865966796875,1070.65576171875,0.2734715938568115,1652.37353515625,1068.7060546875,0.2301468849182129,1625.4686279296875,1089.3721923828125,0.28209397196769714,1629.7578125,1089.3721923828125,0.27697837352752686,1641.45556640625,1086.6427001953125,0.27398401498794556,1648.8642578125,1085.0830078125,0.2521970868110657,1694.27587890625,1095.5328369140625,0.09864576160907745,1682.7061767578125,1101.3177490234375,0.11478833854198456,1658.281494140625,1107.1025390625,0.12627214193344116,1645.4263916015625,1112.8873291015625,0.15539687871932983,1626.1436767578125,1125.0997314453125,0.20580236613750458,1605.575439453125,1005.2255859375,0.12768778204917908,1605.575439453125,1049.897216796875,0.16985276341438293,1605.575439453125,1054.7178955078125,0.15878120064735413,1605.575439453125,1052.78955078125,0.17643597722053528,1605.575439453125,1052.78955078125,0.19771288335323334,1605.575439453125,1054.7178955078125,0.22581957280635834,1605.575439453125,1054.7178955078125,0.1844942271709442,1605.575439453125,1053.1109619140625,0.21770170331001282,1605.575439453125,1052.78955078125,0.19958923757076263,1605.575439453125,1061.466796875,0.2225872129201889,1628.393310546875,1063.39501953125,0.20325404405593872,1605.575439453125,1061.466796875,0.20678240060806274,1605.575439453125,1005.2255859375,0.1289210021495819,1628.7147216796875,1073.3577880859375,0.16992850601673126,1630.000244140625,1077.21435546875,0.19392618536949158,1630.96435546875,1077.8570556640625,0.1739787608385086
DJI_20260917131822_0036_D.JPG,Cam 8,1,ARAMANDI,CORRECT,,,rtmw_l_wholebody,coco_wholebody_133,OK,407.13,204.38,1,1,1875.8564453125,946.941162109375,0.774835467338562,1853.35107421875,918.809326171875,0.8194481134414673,1808.340087890625,913.18310546875,0.7832533121109009,1864.603759765625,918.809326171875,0.8379368782043457,1853.35107421875,918.809326171875,0.8078271150588989,1881.48291015625,913.18310546875,0.8222969174385071,1842.098388671875,924.435791015625,0.8159090876579285,1746.4501953125,946.941162109375,0.8658905029296875,1898.362060546875,946.941162109375,0.8460049629211426,1870.230224609375,969.44677734375,0.7913041114807129,1842.098388671875,975.072998046875,0.7974989414215088,1684.56005859375,1132.611328125,0.7500550150871277,1988.3837890625,1138.237548828125,0.7357743978500366,1493.263671875,1323.90771484375,0.8007263541221619,2174.053955078125,1335.160400390625,0.7922291159629822,1740.82373046875,1565.84130859375,0.732835054397583,1926.493896484375,1560.215087890625,0.705957293510437,1707.065673828125,1847.159423828125,0.6532988548278809,1960.251953125,1847.159423828125,0.6682819724082947,1740.82373046875,2184.741455078125,0.7804141044616699,1943.372802734375,2179.114990234375,0.7453590631484985,1774.58203125,2235.378662109375,0.7586407661437988,1915.240966796875,2229.75244140625,0.7529891729354858,1600.16455078125,2207.246826171875,0.7725032567977905,2072.779296875,2195.994140625,0.7817702293395996,1689.8616943359375,1423.3472900390625,0.39857959747314453,1698.025634765625,1397.7667236328125,0.3962421119213104,1711.63232421875,1381.9830322265625,0.42090916633605957,1725.239013671875,1367.83203125,0.5121347308158875,1742.6556396484375,1352.592529296875,0.5880141258239746,1737.7572021484375,1398.855224609375,0.47935420274734497,1760.0721435546875,1405.386474609375,0.4928637146949768,1776.400146484375,1413.0062255859375,0.5369225144386292,1791.6396484375,1423.8916015625,0.6483110189437866,1732.3145751953125,1417.9046630859375,0.42538416385650635,1750.275390625,1430.967041015625,0.5646611452102661,1763.8819580078125,1443.4852294921875,0.5871931314468384,1779.1214599609375,1458.180419921875,0.6506432294845581,1718.7078857421875,1434.232666015625,0.41477468609809875,1733.403076171875,1444.0294189453125,0.53119957447052,1745.9212646484375,1455.4591064453125,0.5691205263137817,1760.616455078125,1467.9771728515625,0.6243100166320801,1704.556884765625,1446.20654296875,0.38645225763320923,1713.26513671875,1453.8262939453125,0.5141409635543823,1720.3406982421875,1460.357421875,0.5849208235740662,1730.6817626953125,1469.0657958984375,0.5693415403366089,1978.166015625,1429.891357421875,0.22634685039520264,1971.66015625,1403.8675537109375,0.24133431911468506,1958.10595703125,1389.229248046875,0.27834656834602356,1943.4677734375,1376.759521484375,0.3358350098133087,1926.66064453125,1362.663330078125,0.4736844301223755,1933.16650390625,1401.698974609375,0.29488950967788696,1911.480224609375,1395.735107421875,0.37227457761764526,1893.5888671875,1395.735107421875,0.4079950451850891,1872.444580078125,1401.698974609375,0.5701398849487305,1940.214599609375,1420.1324462890625,0.25914818048477173,1921.239013671875,1427.1805419921875,0.3667857050895691,1907.142822265625,1436.397216796875,0.43079864978790283,1890.8780517578125,1449.4090576171875,0.5342036485671997,1953.2265625,1436.397216796875,0.26040905714035034,1941.841064453125,1444.5296630859375,0.3474580645561218,1927.202880859375,1453.746337890625,0.39296647906303406,1911.480224609375,1465.6739501953125,0.4744795560836792,1970.033447265625,1448.866943359375,0.22345951199531555,1964.06982421875,1457.54150390625,0.2813268303871155,1958.648193359375,1461.8787841796875,0.3054327964782715,1951.60009765625,1470.01123046875,0.28880274295806885
DJI_20260917131824_0037_D.JPG,Cam 8,1,ARAMANDI,CORRECT,,,rtmw_l_wholebody,coco_wholebody_133,OK,421.3,183.98,1,1,1886.240234375,936.907958984375,0.7607463002204895,1874.9951171875,908.795166015625,0.8249449729919434,1880.617431640625,908.795166015625,0.7837878465652466,1891.86279296875,908.795166015625,0.8546380996704102,1846.88232421875,908.795166015625,0.826233983039856,1846.88232421875,908.795166015625,0.7947268486022949,1830.0146484375,914.417724609375,0.8341603875160217,1874.9951171875,936.907958984375,0.7422767877578735,1785.0341796875,942.530517578125,0.7697717547416687,1886.240234375,970.643310546875,0.8262779116630554,1846.88232421875,970.643310546875,0.8437176942825317,1987.446044921875,1122.4521484375,0.6960979700088501,1700.696044921875,1111.20703125,0.6725143790245056,2178.613037109375,1319.241455078125,0.7882558107376099,1498.283935546875,1313.618896484375,0.7978452444076538,1903.107666015625,1555.388427734375,0.6459001302719116,1762.544189453125,1544.143310546875,0.6502813100814819,1976.200927734375,1825.271240234375,0.6235461235046387,1976.200927734375,1830.893798828125,0.6158171892166138,1740.0537109375,2179.491943359375,0.7367978096008301,1987.446044921875,2168.246826171875,0.6920149326324463,1762.544189453125,2224.472412109375,0.7115952968597412,1801.90185546875,2224.472412109375,0.6687309741973877,1582.622314453125,2207.604736328125,0.7150960564613342,2071.784423828125,2201.982177734375,0.6941506266593933,1979.7728271484375,1417.623046875,0.34919726848602295,1974.2845458984375,1391.827392578125,0.3725792169570923,1962.7589111328125,1375.9110107421875,0.45766639709472656,1948.4888916015625,1362.18994140625,0.529095470905304,1933.1214599609375,1347.3712158203125,0.7026373147964478,1938.0609130859375,1389.083251953125,0.4455603361129761,1915.0096435546875,1384.1436767578125,0.5408710241317749,1897.4466552734375,1383.0460205078125,0.5879906415939331,1877.1395263671875,1387.985595703125,0.7028095722198486,1945.1959228515625,1408.841552734375,0.42792534828186035,1926.5352783203125,1415.9764404296875,0.5142873525619507,1913.9119873046875,1423.6602783203125,0.5759977102279663,1896.8978271484375,1436.28369140625,0.6375762820243835,1957.2703857421875,1425.3067626953125,0.42112910747528076,1945.1959228515625,1432.4417724609375,0.5095160007476807,1933.1214599609375,1440.6744384765625,0.5315041542053223,1918.3026123046875,1451.1024169921875,0.5581879615783691,1973.7357177734375,1439.02783203125,0.3916209638118744,1968.2471923828125,1446.162841796875,0.4570683538913727,1963.8565673828125,1451.6512451171875,0.4698069095611572,1957.2703857421875,1459.8839111328125,0.46042704582214355,1691.9571533203125,1409.33642578125,0.3844873905181885,1699.640869140625,1386.833984375,0.36820557713508606,1712.2642822265625,1370.91748046875,0.41756194829940796,1725.9853515625,1356.6475830078125,0.547389805316925,1742.9993896484375,1340.182373046875,0.6241798996925354,1741.9017333984375,1387.931640625,0.45933282375335693,1763.306640625,1392.3223876953125,0.47150498628616333,1778.1253662109375,1398.908447265625,0.5115845799446106,1792.944091796875,1409.33642578125,0.5855109691619873,1734.766845703125,1407.14111328125,0.39599165320396423,1752.8785400390625,1418.666748046875,0.5444663763046265,1766.05078125,1430.1925048828125,0.5900263786315918,1780.8695068359375,1443.91357421875,0.6799956560134888,1724.3387451171875,1423.6064453125,0.386273592710495,1738.059814453125,1433.485595703125,0.5088375210762024,1748.48779296875,1442.81591796875,0.6542431116104126,1762.2088623046875,1454.341552734375,0.6686738729476929,1708.42236328125,1434.583251953125,0.3942555785179138,1716.106201171875,1440.6204833984375,0.5529947280883789,1723.2410888671875,1447.20654296875,0.6079932451248169,1733.6690673828125,1454.890380859375,0.6000550389289856
DJI_20260917131849_0038_D.JPG,Cam 8,2,SAMAPADHAM,CORRECT,,,rtmw_l_wholebody,coco_wholebody_133,OK,389.72,172.31,1,1,1836.40234375,753.839599609375,0.7740002870559692,1830.04833984375,722.070068359375,0.8452519178390503,1785.57080078125,722.070068359375,0.838760495185852,1842.75634765625,728.424072265625,0.8766945600509644,1830.04833984375,722.070068359375,0.844624400138855,1880.8798828125,722.070068359375,0.8238006234169006,1836.40234375,728.424072265625,0.8510172367095947,1760.1552734375,747.48583984375,0.9192436933517456,1919.003662109375,747.48583984375,0.9294508099555969,1842.75634765625,772.901611328125,0.8016403913497925,1823.694580078125,772.901611328125,0.8086277842521667,1696.61572265625,938.104248046875,0.8366935849189758,1995.2509765625,938.104248046875,0.8293228149414062,1505.997314453125,1135.076416015625,0.9192135334014893,2185.869384765625,1135.076416015625,0.8746591806411743,1753.80126953125,1389.234130859375,0.7618317604064941,1950.7734375,1389.234130859375,0.7670981884002686,1753.80126953125,1808.5947265625,0.8116754293441772,1963.4814453125,1795.886962890625,0.7935093641281128,1804.6328125,2177.12353515625,0.854921817779541,1906.2958984375,2164.415771484375,0.8685436248779297,1817.340576171875,2240.6630859375,0.8214187026023865,1893.587890625,2227.955078125,0.8628875017166138,1760.1552734375,2196.185302734375,0.791318953037262,1925.357666015625,2189.83154296875,0.7946274280548096,1707.072265625,1232.8492431640625,0.29147493839263916,1713.848876953125,1209.13134765625,0.307431697845459,1726.2724609375,1196.14306640625,0.3460281193256378,1740.39013671875,1188.8018798828125,0.39631086587905884,1755.6373291015625,1180.3311767578125,0.38556545972824097,1753.3785400390625,1215.34326171875,0.3730272054672241,1772.013916015625,1222.6844482421875,0.39625680446624756,1784.4375,1233.9786376953125,0.4159662127494812,1798.5552978515625,1246.4022216796875,0.5291390419006348,1744.9078369140625,1232.2845458984375,0.3234521746635437,1761.84912109375,1241.884521484375,0.4025271534919739,1774.83740234375,1254.8729248046875,0.44331955909729004,1787.8258056640625,1270.684814453125,0.47221118211746216,1731.9195556640625,1245.2728271484375,0.2961224913597107,1746.60205078125,1256.0023193359375,0.385301411151886,1757.896240234375,1266.1671142578125,0.4615841507911682,1770.31982421875,1279.1553955078125,0.496950626373291,1712.7193603515625,1256.0023193359375,0.3174372911453247,1722.3194580078125,1261.6494140625,0.3790769875049591,1731.3548583984375,1266.7318115234375,0.41824978590011597,1741.5196533203125,1274.072998046875,0.4868904948234558,2002.8330078125,1239.902587890625,0.27722877264022827,1995.304443359375,1215.7034912109375,0.2770184576511383,1984.54931640625,1200.1085205078125,0.32627543807029724,1974.33203125,1185.0513916015625,0.3968178927898407,1962.501220703125,1167.305419921875,0.5596224069595337,1961.963623046875,1212.4769287109375,0.3437017798423767,1941.52880859375,1207.63720703125,0.38103994727134705,1925.933837890625,1210.325927734375,0.383431077003479,1907.6500244140625,1216.2413330078125,0.4975739121437073,1970.567626953125,1228.6097412109375,0.3361327648162842,1951.74609375,1231.2984619140625,0.34745094180107117,1939.91552734375,1238.289306640625,0.40390637516975403,1924.8583984375,1249.582275390625,0.48219558596611023,1983.473876953125,1243.6668701171875,0.3201228082180023,1969.4921875,1250.65771484375,0.3318983316421509,1957.661376953125,1257.11083984375,0.3406321704387665,1943.14208984375,1265.7149658203125,0.3765960931777954,1999.06884765625,1257.11083984375,0.302534818649292,1992.61572265625,1263.56396484375,0.31257006525993347,1987.238037109375,1267.865966796875,0.3366728127002716,1980.247314453125,1275.39453125,0.3571794033050537
DJI_20260917131851_0039_D.JPG,Cam 8,2,SAMAPADHAM,CORRECT,,,rtmw_l_wholebody,coco_wholebody_133,OK,405.36,154.73,1,1,1857.9619140625,759.9256591796875,0.7770684361457825,1851.68798828125,734.8294677734375,0.8584151268005371,1801.495361328125,728.5552978515625,0.8119467496871948,1857.9619140625,734.8294677734375,0.8858664631843567,1851.68798828125,728.5552978515625,0.846410870552063,1889.332275390625,728.5552978515625,0.8234528303146362,1851.68798828125,734.8294677734375,0.8582730889320374,1757.576904296875,753.6517333984375,0.904656171798706,1914.428466796875,759.9256591796875,0.8939158916473389,1870.51025390625,778.7479248046875,0.8179365396499634,1845.413818359375,785.0220947265625,0.8270326256752014,1694.83642578125,948.1475830078125,0.7943768501281738,2002.265380859375,948.1475830078125,0.7786234617233276,1506.614501953125,1142.6434326171875,0.8798302412033081,2190.4873046875,1148.9176025390625,0.8494237661361694,1751.302734375,1406.1539306640625,0.7560876607894897,1945.798828125,1406.1539306640625,0.746371865272522,1751.302734375,1826.5159912109375,0.8025984764099121,1958.346923828125,1813.9678955078125,0.7737004160881042,1795.22119140625,2190.41162109375,0.8508995175361633,1895.606201171875,2171.58935546875,0.8544087409973145,1807.76953125,2253.15185546875,0.8249843120574951,1889.332275390625,2240.60400390625,0.8482337594032288,1757.576904296875,2209.2333984375,0.7768487930297852,1920.70263671875,2209.2333984375,0.8048539161682129,1707.0364990234375,1240.501708984375,0.25580117106437683,1715.958251953125,1220.427734375,0.2615833878517151,1727.1104736328125,1206.4874267578125,0.2669408321380615,1739.3779296875,1200.353759765625,0.30876150727272034,1753.875732421875,1191.989501953125,0.2575623095035553,1749.4149169921875,1224.3309326171875,0.3335720896720886,1769.48876953125,1232.695068359375,0.33643266558647156,1783.9866943359375,1244.9625244140625,0.3575616180896759,1796.811767578125,1257.22998046875,0.49421417713165283,1739.935546875,1240.501708984375,0.2919590175151825,1758.894287109375,1251.65380859375,0.36588791012763977,1772.27685546875,1266.1517333984375,0.39634639024734497,1785.6595458984375,1282.322509765625,0.46963900327682495,1725.9952392578125,1253.88427734375,0.2817316949367523,1738.8203125,1262.8060302734375,0.373140811920166,1751.645263671875,1276.188720703125,0.406974196434021,1765.0279541015625,1291.2442626953125,0.4512351155281067,1709.824462890625,1265.5941162109375,0.27341869473457336,1719.303955078125,1272.285400390625,0.33649855852127075,1727.6680908203125,1278.419189453125,0.3908969759941101,1737.705078125,1286.2257080078125,0.44202175736427307,1998.3946533203125,1248.537109375,0.2760973274707794,1993.4539794921875,1224.3828125,0.2769424617290497,1983.5726318359375,1210.1097412109375,0.35123884677886963,1973.6912841796875,1194.18994140625,0.41129007935523987,1962.1632080078125,1177.7210693359375,0.5398350954055786,1960.5162353515625,1223.2847900390625,0.3309524953365326,1938.0089111328125,1219.442138671875,0.3983463644981384,1920.9910888671875,1222.1868896484375,0.40842705965042114,1902.326416015625,1227.676513671875,0.5586731433868408,1968.7506103515625,1238.65576171875,0.3240468204021454,1950.0860595703125,1243.596435546875,0.37661832571029663,1938.5577392578125,1250.1839599609375,0.4326268434524536,1922.6378173828125,1260.6142578125,0.5281630158424377,1980.2789306640625,1254.0267333984375,0.3136565387248993,1967.6527099609375,1261.1632080078125,0.39196062088012695,1957.2225341796875,1267.750732421875,0.40093761682510376,1939.6556396484375,1278.1810302734375,0.4867110252380371,1996.1986083984375,1267.2017822265625,0.31919315457344055,1991.8070068359375,1272.69140625,0.36423391103744507,1986.8663330078125,1277.6319580078125,0.39018338918685913,1978.6319580078125,1285.3175048828125,0.4395453929901123
DJI_20260917132002_0040_D.JPG,Cam 8,3,MUZHUMANDI,CORRECT,,,rtmw_l_wholebody,coco_wholebody_133,OK,431.88,180.03,1,1,1875.6962890625,1363.990966796875,0.6900716423988342,1866.816650390625,1332.912353515625,0.6779670715332031,1817.978759765625,1328.47265625,0.6848838329315186,1875.6962890625,1332.912353515625,0.6732652187347412,1866.816650390625,1337.35205078125,0.6770794987678528,1897.895263671875,1328.47265625,0.7209043502807617,1862.376953125,1337.35205078125,0.6769270896911621,1778.020751953125,1363.990966796875,0.6866143941879272,1928.973876953125,1372.87060546875,0.7305017709732056,1880.135986328125,1390.629638671875,0.6377774477005005,1862.376953125,1395.0693359375,0.6407015323638916,1702.544189453125,1532.703125,0.6713464260101318,2022.20947265625,1537.14306640625,0.6752759218215942,1511.6328125,1741.37353515625,0.644006609916687,2217.560546875,1745.8134765625,0.7153903245925903,1760.261474609375,1967.80322265625,0.6123577356338501,1960.05224609375,1967.80322265625,0.6099320650100708,1538.271728515625,2016.64111328125,0.5984294414520264,1529.39208984375,2016.64111328125,0.5697945356369019,1729.182861328125,2340.74609375,0.5517627000808716,1995.57080078125,2327.4267578125,0.4910427927970886,1733.622802734375,2402.9033203125,0.5614978671073914,2008.89013671875,2389.583984375,0.5189383029937744,1693.66455078125,2425.102294921875,0.5222831964492798,2004.4501953125,2407.343017578125,0.45459067821502686,2118.820068359375,1578.052490234375,0.3769071400165558,2118.820068359375,1578.052490234375,0.3357726037502289,2118.820068359375,1578.052490234375,0.31247180700302124,2118.820068359375,1578.052490234375,0.3196370303630829,2118.820068359375,1578.052490234375,0.31095820665359497,2118.820068359375,1578.052490234375,0.3707139492034912,2118.820068359375,1578.052490234375,0.3148864805698395,2118.820068359375,1578.052490234375,0.3051915466785431,2118.820068359375,1578.052490234375,0.26496148109436035,2118.820068359375,1578.052490234375,0.35825082659721375,2118.820068359375,1578.052490234375,0.27362701296806335,2118.820068359375,1578.052490234375,0.24643133580684662,1520.6181640625,1578.052490234375,0.23320266604423523,2118.820068359375,1578.052490234375,0.33541297912597656,2118.820068359375,1578.052490234375,0.28123927116394043,2118.820068359375,1578.052490234375,0.2635405659675598,2118.820068359375,1578.052490234375,0.24235230684280396,2118.820068359375,1578.052490234375,0.31701719760894775,2118.820068359375,1578.052490234375,0.29521581530570984,2118.820068359375,1578.052490234375,0.2969457507133484,1520.6181640625,1578.052490234375,0.27593928575515747,2108.09814453125,2232.12939453125,0.42448359727859497,2108.09814453125,2232.12939453125,0.37539708614349365,2108.09814453125,2232.12939453125,0.3706132173538208,2108.09814453125,2232.12939453125,0.3899197578430176,2108.09814453125,2232.12939453125,0.3636339008808136,2108.09814453125,2232.12939453125,0.37226948142051697,2108.09814453125,2232.12939453125,0.3929835855960846,2108.09814453125,2232.12939453125,0.3926372528076172,2108.09814453125,2232.12939453125,0.3550267219543457,2108.09814453125,2232.12939453125,0.3864389657974243,2108.09814453125,2232.12939453125,0.3800554573535919,2108.09814453125,2232.12939453125,0.3823355734348297,2108.09814453125,2232.12939453125,0.3329468369483948,2108.09814453125,2232.12939453125,0.3764345049858093,2108.09814453125,2232.12939453125,0.3590998649597168,2108.09814453125,2232.12939453125,0.3952863812446594,2108.09814453125,2232.12939453125,0.40765687823295593,2108.09814453125,2232.12939453125,0.3731173872947693,2108.09814453125,2232.12939453125,0.3875267505645752,2108.09814453125,2232.12939453125,0.3943067491054535,2108.09814453125,2232.12939453125,0.37635308504104614
DJI_20260917132004_0041_D.JPG,Cam 8,3,MUZHUMANDI,CORRECT,,,rtmw_l_wholebody,coco_wholebody_133,OK,406.05,203.55,1,1,1864.689453125,1356.131591796875,0.7088543772697449,1860.281494140625,1325.274658203125,0.6844332814216614,1802.9755859375,1320.866455078125,0.7177518606185913,1860.281494140625,1320.866455078125,0.6746461391448975,1864.689453125,1325.274658203125,0.6666441559791565,1908.77099609375,1320.866455078125,0.7476731538772583,1869.09765625,1329.682861328125,0.6660574674606323,1776.526611328125,1364.947998046875,0.7673280239105225,1935.2197265625,1364.947998046875,0.8369444608688354,1869.09765625,1378.17236328125,0.6431772112846375,1860.281494140625,1382.58056640625,0.6420502662658691,1705.996337890625,1536.86572265625,0.7626692056655884,2023.3828125,1536.86572265625,0.7306006550788879,1507.629638671875,1739.640380859375,0.7959042191505432,2221.74951171875,1739.640380859375,0.8133926391601562,1758.89404296875,1986.496826171875,0.6852756142616272,1961.668701171875,1990.90478515625,0.6738547086715698,1525.26220703125,2012.945556640625,0.6742854118347168,2195.300537109375,2008.537353515625,0.6401838064193726,1741.261474609375,2299.47509765625,0.5755974054336548,1992.52587890625,2317.107666015625,0.5264593958854675,1745.66943359375,2383.229736328125,0.5377966165542603,1961.668701171875,2383.229736328125,0.49311715364456177,1710.404296875,2405.270751953125,0.5190963745117188,2018.974609375,2383.229736328125,0.46488645672798157,1712.39111328125,1849.5025634765625,0.33283692598342896,1716.365966796875,1830.7642822265625,0.3588773310184479,1723.7476806640625,1815.4329833984375,0.4267680048942566,1729.4259033203125,1801.80517578125,0.5732194185256958,1739.6468505859375,1785.906005859375,0.6197673082351685,1745.3250732421875,1840.9852294921875,0.5016087889671326,1757.8172607421875,1854.613037109375,0.4852660894393921,1765.766845703125,1867.105224609375,0.522666335105896,1773.1485595703125,1881.3009033203125,0.5633914470672607,1733.4007568359375,1859.1556396484375,0.5000852346420288,1743.0538330078125,1875.0548095703125,0.5367079973220825,1750.435546875,1888.6827392578125,0.5273140072822571,1760.6563720703125,1905.7174072265625,0.5312933325767517,1719.205078125,1873.351318359375,0.49198126792907715,1728.290283203125,1886.411376953125,0.5215469598770142,1734.536376953125,1899.471435546875,0.5927501916885376,1743.62158203125,1914.2349853515625,0.6215856075286865,1701.6024169921875,1882.4365234375,0.49183034896850586,1703.305908203125,1894.9288330078125,0.574322521686554,1703.873779296875,1905.1495361328125,0.6348480582237244,1706.14501953125,1917.6417236328125,0.6033920645713806,2033.3812255859375,1838.9783935546875,0.33763378858566284,2024.0135498046875,1827.9573974609375,0.4181010127067566,2012.4415283203125,1815.834228515625,0.45819413661956787,2001.4202880859375,1805.9154052734375,0.46223801374435425,1985.4398193359375,1791.0369873046875,0.4984557032585144,1994.8077392578125,1847.795166015625,0.5269789695739746,1979.3782958984375,1859.9183349609375,0.6566916108131409,1968.9083251953125,1873.1435546875,0.6984742879867554,1954.5811767578125,1888.572998046875,0.7034190893173218,2006.9310302734375,1868.18408203125,0.500678539276123,1999.2161865234375,1889.675048828125,0.6577662229537964,1992.6036376953125,1906.20654296875,0.6863844394683838,1979.9293212890625,1927.6976318359375,0.7449684143066406,2023.4625244140625,1881.9603271484375,0.5173376202583313,2018.5030517578125,1901.7982177734375,0.6014996767044067,2014.6456298828125,1920.5338134765625,0.663756787776947,2006.3797607421875,1940.9227294921875,0.653602123260498,2038.8919677734375,1887.4708251953125,0.5122150778770447,2041.0960693359375,1903.4512939453125,0.620275616645813,2041.6470947265625,1917.2276611328125,0.6643317341804504,2039.4429931640625,1933.7591552734375,0.6293174028396606
DJI_20260917132051_0042_D.JPG,Cam 8,4,SWASTIKAPADAM,CORRECT,,RIGHT,rtmw_l_wholebody,coco_wholebody_133,OK,412.79,173.04,1,1,1766.6165771484375,861.723388671875,0.7588181495666504,1766.6165771484375,832.250732421875,0.8717343211174011,1772.5111083984375,832.250732421875,0.7789154052734375,1784.3001708984375,832.250732421875,0.8892951607704163,1737.1439208984375,838.145263671875,0.8624826073646545,1731.2493896484375,838.145263671875,0.7789137363433838,1713.5660400390625,838.145263671875,0.8816616535186768,1784.3001708984375,867.617919921875,0.7490968704223633,1678.1988525390625,873.512451171875,0.7471344470977783,1778.4056396484375,891.19580078125,0.8534402847290039,1725.3548583984375,897.09033203125,0.851639449596405,1902.1903076171875,1073.92578125,0.6860470175743103,1589.7811279296875,1068.03125,0.680749773979187,2090.81494140625,1268.44482421875,0.7478843927383423,1395.2620849609375,1268.44482421875,0.813603401184082,1813.7728271484375,1510.119873046875,0.6331158876419067,1701.7769775390625,1504.2255859375,0.6385906934738159,1843.2452392578125,1846.107177734375,0.6580626964569092,1784.3001708984375,1852.001708984375,0.6642647981643677,1807.8782958984375,2182.094482421875,0.7055543065071106,1784.3001708984375,2182.094482421875,0.7172003984451294,1784.3001708984375,2235.145263671875,0.6792867183685303,1801.9837646484375,2241.03955078125,0.724109411239624,1890.4014892578125,2246.93408203125,0.6573739647865295,1890.4014892578125,2246.93408203125,0.6616216897964478,1898.179931640625,1373.7802734375,0.3343307375907898,1890.8455810546875,1350.205810546875,0.38741254806518555,1879.3203125,1335.0133056640625,0.4369218647480011,1866.7471923828125,1321.9163818359375,0.5135852694511414,1850.507080078125,1303.5806884765625,0.6067787408828735,1853.12646484375,1351.2535400390625,0.44040513038635254,1830.5997314453125,1351.2535400390625,0.5188470482826233,1811.7401123046875,1354.3968505859375,0.5313863754272461,1790.2611083984375,1362.2550048828125,0.6415154337882996,1862.0323486328125,1372.7325439453125,0.3900015354156494,1846.3160400390625,1383.7340087890625,0.48152628540992737,1833.2191162109375,1394.2115478515625,0.5130329728126526,1816.9788818359375,1408.880126953125,0.5666876435279846,1878.2725830078125,1388.4488525390625,0.3902280628681183,1867.7950439453125,1402.0697021484375,0.45611265301704407,1856.7935791015625,1415.1666259765625,0.5016394853591919,1842.64892578125,1430.3590087890625,0.5788390040397644,1895.560546875,1400.498046875,0.39551493525505066,1890.8455810546875,1410.9755859375,0.42313462495803833,1886.6546630859375,1418.833740234375,0.392961323261261,1880.8919677734375,1430.8829345703125,0.36787542700767517,1593.986572265625,1380.763671875,0.24826642870903015,1601.3992919921875,1356.8150634765625,0.27941498160362244,1612.233154296875,1342.559814453125,0.34944555163383484,1627.6287841796875,1328.3046875,0.4132422208786011,1645.8753662109375,1317.4708251953125,0.4538469910621643,1631.050048828125,1364.227783203125,0.38400208950042725,1651.5775146484375,1375.0616455078125,0.4191722273826599,1666.40283203125,1389.886962890625,0.4580887258052826,1680.657958984375,1404.1422119140625,0.5427286624908447,1620.786376953125,1382.474365234375,0.3448755145072937,1639.6031494140625,1394.44873046875,0.4761665463447571,1654.998779296875,1408.703857421875,0.44810497760772705,1670.394287109375,1424.099365234375,0.5168972611427307,1607.6715087890625,1397.2996826171875,0.333807110786438,1621.3565673828125,1406.9931640625,0.4417870342731476,1635.6116943359375,1418.3973388671875,0.49776357412338257,1651.00732421875,1430.3717041015625,0.5185638666152954,1592.84619140625,1409.84423828125,0.31290048360824585,1598.5482177734375,1417.2569580078125,0.39295443892478943,1603.10986328125,1422.958984375,0.4451252818107605,1609.952392578125,1429.801513671875,0.440498948097229
DJI_20260917132053_0043_D.JPG,Cam 8,4,SWASTIKAPADAM,CORRECT,,RIGHT,rtmw_l_wholebody,coco_wholebody_133,OK,402.95,184.16,1,1,1758.9637451171875,862.5694580078125,0.7827779054641724,1747.1429443359375,838.9278564453125,0.885719895362854,1711.6802978515625,833.0172119140625,0.7953840494155884,1764.8743896484375,838.9278564453125,0.8924767971038818,1735.3221435546875,838.9278564453125,0.866047739982605,1758.9637451171875,833.0172119140625,0.8149576187133789,1723.5010986328125,844.8382568359375,0.8830705881118774,1646.6654052734375,862.5694580078125,0.8433600664138794,1788.5159912109375,868.4801025390625,0.7846856713294983,1764.8743896484375,892.1217041015625,0.8392372131347656,1729.4114990234375,898.0323486328125,0.843809962272644,1563.9188232421875,1063.5250244140625,0.7460747361183167,1888.9935302734375,1063.5250244140625,0.7130206823348999,1398.4263916015625,1270.3907470703125,0.7451266050338745,2066.30712890625,1276.3009033203125,0.7686830759048462,1652.5755615234375,1500.8980712890625,0.7129663228988647,1823.9788818359375,1500.8980712890625,0.7049909830093384,1705.7698974609375,1843.7042236328125,0.6560503244400024,1823.9788818359375,1849.6146240234375,0.699561595916748,1782.6055908203125,2174.689453125,0.7039141654968262,1800.3367919921875,2204.24169921875,0.7421152591705322,1776.6951904296875,2233.7939453125,0.684722363948822,1806.2474365234375,2275.1669921875,0.7626683712005615,1693.9488525390625,2198.3310546875,0.676277756690979,1900.8148193359375,2227.88330078125,0.676375150680542,1587.6837158203125,1379.346923828125,0.2694876194000244,1594.785400390625,1355.8565673828125,0.2840302586555481,1605.711181640625,1341.653076171875,0.3461625576019287,1621.5535888671875,1327.4495849609375,0.41873911023139954,1640.673583984375,1315.4312744140625,0.46325749158859253,1623.1923828125,1362.4119873046875,0.3693833351135254,1645.5902099609375,1374.4302978515625,0.3847835659980774,1660.88623046875,1389.7264404296875,0.3941572904586792,1675.0897216796875,1404.4761962890625,0.48360100388526917,1613.905517578125,1381.5321044921875,0.3047432601451874,1633.025634765625,1395.189208984375,0.4332755208015442,1648.867919921875,1409.3927001953125,0.41621696949005127,1665.8028564453125,1425.7813720703125,0.469676673412323,1600.7945556640625,1396.828125,0.29502585530281067,1617.1832275390625,1408.3001708984375,0.4019465744495392,1631.38671875,1419.772216796875,0.45298558473587036,1645.5902099609375,1433.429443359375,0.496795654296875,1586.0447998046875,1407.75390625,0.26821014285087585,1593.69287109375,1417.5870361328125,0.3690161108970642,1598.0631103515625,1423.59619140625,0.4189840257167816,1605.1649169921875,1431.2442626953125,0.44420722126960754,1887.7607421875,1373.0367431640625,0.4554385542869568,1882.6763916015625,1349.874755859375,0.5420061945915222,1871.3779296875,1333.4918212890625,0.5849823951721191,1858.384521484375,1317.673828125,0.6601099967956543,1842.001708984375,1300.1611328125,0.7087899446487427,1847.0859375,1350.439697265625,0.5392354726791382,1823.3590087890625,1349.309814453125,0.6325044631958008,1801.891845703125,1353.2642822265625,0.6540677547454834,1781.554443359375,1360.04345703125,0.7206211090087891,1855.5599365234375,1371.3419189453125,0.5556198358535767,1837.482177734375,1382.0755615234375,0.6473701596260071,1825.0538330078125,1392.8092041015625,0.6922569870948792,1808.6708984375,1408.627197265625,0.6336774826049805,1869.68310546875,1388.289794921875,0.5601762533187866,1860.079345703125,1400.1531982421875,0.653840184211731,1850.4755859375,1413.1466064453125,0.632297158241272,1836.9173583984375,1428.9644775390625,0.657025158405304,1886.630859375,1399.5882568359375,0.5342608690261841,1882.1114501953125,1410.3218994140625,0.5638275742530823,1879.286865234375,1417.10107421875,0.5293517112731934,1874.7674560546875,1429.5294189453125,0.5049494504928589
DJI_20260917132118_0044_D.JPG,Cam 8,5,SWASTIKAPADAM,CORRECT,,LEFT,rtmw_l_wholebody,coco_wholebody_133,OK,405.13,153.5,1,1,2012.6025390625,875.151123046875,0.8030285835266113,1994.990234375,851.668212890625,0.8578048944473267,1977.3779296875,845.79736328125,0.7924589514732361,2006.73193359375,851.668212890625,0.866063117980957,1977.3779296875,851.668212890625,0.8531089425086975,1989.11962890625,845.79736328125,0.8235728740692139,1959.765869140625,851.668212890625,0.8670255541801453,1877.57568359375,875.151123046875,0.7952983379364014,1983.248779296875,875.151123046875,0.7745237350463867,2006.73193359375,904.5048828125,0.8266210556030273,1971.50732421875,910.37548828125,0.8427621126174927,1801.256103515625,1063.0146484375,0.696635365486145,2112.405029296875,1057.14404296875,0.6929557919502258,2288.527099609375,1262.61962890625,0.6943843364715576,1631.004638671875,1262.61962890625,0.7689821124076843,1871.704833984375,1491.578369140625,0.736559271812439,2006.73193359375,1485.70751953125,0.7021777033805847,1871.704833984375,1814.46875,0.7370112538337708,1930.412109375,1820.33935546875,0.7150057554244995,1883.4462890625,2131.48828125,0.7745582461357117,1942.15380859375,2131.48828125,0.7316531538963318,1871.704833984375,2184.3251953125,0.7646350264549255,1959.765869140625,2184.3251953125,0.7484301328659058,1883.4462890625,2243.0322265625,0.6763514280319214,1948.0244140625,2237.16162109375,0.6955603957176208,1775.7987060546875,1365.844482421875,0.17875048518180847,2126.486328125,1344.4827880859375,0.22789624333381653,2092.663818359375,1336.47216796875,0.23353970050811768,2073.08203125,1320.450927734375,0.2786842882633209,2052.610595703125,1303.53955078125,0.33579614758491516,2081.0927734375,1350.7132568359375,0.23065203428268433,2061.51123046875,1354.2735595703125,0.2345738410949707,2041.9298095703125,1348.0430908203125,0.23137950897216797,2027.6885986328125,1348.9332275390625,0.2119089961051941,2098.894287109375,1366.734619140625,0.28112471103668213,2071.302001953125,1384.5360107421875,0.24853390455245972,2056.170654296875,1392.546630859375,0.21523073315620422,2038.3695068359375,1415.6884765625,0.19752733409404755,2113.13525390625,1385.426025390625,0.3410632610321045,2098.894287109375,1398.777099609375,0.2825457453727722,2076.642333984375,1412.128173828125,0.28137704730033875,2068.6318359375,1425.479248046875,0.24502156674861908,2128.2666015625,1399.667236328125,0.3622055649757385,2122.926025390625,1407.6778564453125,0.32278814911842346,2118.475830078125,1418.358642578125,0.33715546131134033,2114.025390625,1428.1494140625,0.378926157951355,1805.2259521484375,1372.0260009765625,0.2732577621936798,1824.7601318359375,1348.6934814453125,0.276342511177063,1836.1551513671875,1329.701904296875,0.31448251008987427,1856.7745361328125,1318.8494873046875,0.3712539076805115,1877.39404296875,1309.0823974609375,0.4308854341506958,1864.3712158203125,1345.437744140625,0.35107165575027466,1889.3316650390625,1347.6082763671875,0.45421141386032104,1908.3232421875,1356.2900390625,0.5187720656394958,1924.6016845703125,1368.770263671875,0.6917693614959717,1858.945068359375,1362.801513671875,0.30705583095550537,1883.9053955078125,1372.0260009765625,0.5025766491889954,1902.3543701171875,1386.6766357421875,0.5702943205833435,1920.2608642578125,1401.3272705078125,0.7843894958496094,1848.0926513671875,1378.537353515625,0.3024561405181885,1867.0843505859375,1386.134033203125,0.46589797735214233,1885.5333251953125,1399.1568603515625,0.5351325273513794,1901.811767578125,1413.264892578125,0.6846722960472107,1831.814208984375,1392.6453857421875,0.27634334564208984,1845.379638671875,1396.986328125,0.4294034242630005,1857.85986328125,1401.8699951171875,0.5023057460784912,1873.0531005859375,1407.8387451171875,0.5577149391174316
DJI_20260917132120_0045_D.JPG,Cam 8,5,SWASTIKAPADAM,CORRECT,,LEFT,rtmw_l_wholebody,coco_wholebody_133,OK,415.9,179.03,1,1,2000.83544921875,879.304931640625,0.788138747215271,1977.478759765625,855.9482421875,0.8357168436050415,1930.76513671875,850.10888671875,0.7744811177253723,1989.156982421875,855.9482421875,0.8406209945678711,1977.478759765625,855.9482421875,0.8267215490341187,2006.674560546875,850.10888671875,0.8164582252502441,1971.639404296875,861.787353515625,0.8393456339836121,1872.373291015625,885.14404296875,0.8392367362976074,2018.35302734375,885.14404296875,0.8260124921798706,1994.996337890625,908.5009765625,0.8014731407165527,1971.639404296875,908.5009765625,0.8077384233474731,1802.302978515625,1060.31982421875,0.7209513187408447,2117.619384765625,1060.31982421875,0.7276198863983154,1638.805419921875,1258.852294921875,0.6819028854370117,2286.955810546875,1270.53076171875,0.7985011339187622,1878.21240234375,1492.419921875,0.7429611682891846,2035.87060546875,1480.74169921875,0.7193286418914795,1872.373291015625,1819.414794921875,0.7299051284790039,1994.996337890625,1819.414794921875,0.7043293714523315,1884.051513671875,2146.409423828125,0.7379697561264038,1959.961181640625,2134.73095703125,0.7179248332977295,1878.21240234375,2187.28369140625,0.7245043516159058,1977.478759765625,2181.444580078125,0.7407670617103577,1913.24755859375,2245.67578125,0.6588460206985474,1977.478759765625,2228.158203125,0.6864244341850281,1811.01318359375,1374.2557373046875,0.3020029067993164,1827.35986328125,1349.9993896484375,0.2989881634712219,1837.9061279296875,1331.01611328125,0.3511345684528351,1857.4166259765625,1318.887939453125,0.3879774510860443,1879.0364990234375,1307.8143310546875,0.4202660918235779,1866.9083251953125,1345.2535400390625,0.37606048583984375,1890.637451171875,1348.4173583984375,0.4648740589618683,1909.0933837890625,1357.9090576171875,0.5197116136550903,1924.385498046875,1370.5645751953125,0.6933683156967163,1860.05322265625,1361.6002197265625,0.32159796357154846,1885.3642578125,1372.146484375,0.5127509832382202,1902.23828125,1386.9112548828125,0.5814388990402222,1919.1123046875,1402.203369140625,0.7806947231292725,1848.452392578125,1377.9468994140625,0.3179147243499756,1867.962890625,1386.3839111328125,0.5082769989967346,1885.3642578125,1400.0941162109375,0.5669241547584534,1901.7109375,1414.85888671875,0.7091780304908752,1833.1602783203125,1392.711669921875,0.29879340529441833,1848.452392578125,1396.93017578125,0.4517787992954254,1860.05322265625,1402.730712890625,0.5275527238845825,1874.2906494140625,1409.058349609375,0.5628211498260498,1802.50537109375,1372.7784423828125,0.17966359853744507,1829.641357421875,1347.4515380859375,0.20684874057769775,1856.77734375,1329.36083984375,0.23441851139068604,1871.25,1314.8883056640625,0.271691232919693,1885.722412109375,1300.415771484375,0.34693652391433716,1871.25,1345.6424560546875,0.23241136968135834,1894.767822265625,1346.5469970703125,0.1951863169670105,1913.762939453125,1347.4515380859375,0.17710021138191223,1944.51708984375,1362.82861328125,0.1260460615158081,1858.58642578125,1362.82861328125,0.2404470443725586,1888.43603515625,1370.0648193359375,0.1982358694076538,1910.144775390625,1377.3011474609375,0.16596689820289612,1917.381103515625,1401.7235107421875,0.12382128834724426,1853.1591796875,1381.82373046875,0.2783125638961792,1880.295166015625,1393.582763671875,0.21474114060401917,1900.195068359375,1409.8642578125,0.2083456963300705,1908.335693359375,1418.90966796875,0.1558055579662323,1835.068603515625,1399.0098876953125,0.26046159863471985,1855.872802734375,1405.3416748046875,0.25139015913009644,1865.82275390625,1415.29150390625,0.23803095519542694,2105.524169921875,1426.1458740234375,0.224205881357193
DJI_20260917132154_0046_D.JPG,Cam 8,6,ARAMANDI,INCORRECT,INSUFFICIENT_KNEE_BEND,,rtmw_l_wholebody,coco_wholebody_133,OK,406.33,165.79,1,1,1862.757080078125,767.448486328125,0.7619127035140991,1856.487060546875,742.3681640625,0.8468817472457886,1806.326416015625,736.097900390625,0.8049371242523193,1862.757080078125,742.3681640625,0.8685665130615234,1843.94677734375,742.3681640625,0.831119179725647,1881.567138671875,736.097900390625,0.8023228645324707,1843.94677734375,748.63818359375,0.8523468375205994,1762.435791015625,767.448486328125,0.8655264973640442,1919.187744140625,767.448486328125,0.813808798789978,1869.027099609375,792.52880859375,0.8063443899154663,1843.94677734375,798.798828125,0.8050925731658936,1706.0048828125,955.551025390625,0.7349519729614258,2013.239013671875,961.821044921875,0.7337307333946228,1511.63232421875,1156.193603515625,0.7832330465316772,2188.80126953125,1168.733642578125,0.8344826698303223,1756.16552734375,1419.536865234375,0.7394098043441772,1937.997802734375,1419.536865234375,0.707825779914856,1718.545166015625,1808.281982421875,0.7735846042633057,1981.888427734375,1795.741943359375,0.7512863874435425,1774.975830078125,2178.216552734375,0.832915723323822,1919.187744140625,2165.676513671875,0.8029905557632446,1806.326416015625,2234.647705078125,0.8198153972625732,1894.107421875,2234.647705078125,0.8332619667053223,1643.303955078125,2190.757080078125,0.8204533457756042,2025.779052734375,2178.216552734375,0.7926708459854126,1706.977294921875,1265.578857421875,0.3190501630306244,1714.510986328125,1242.977294921875,0.33589667081832886,1726.68115234375,1227.909423828125,0.3923344910144806,1739.4306640625,1217.47802734375,0.44490858912467957,1758.55517578125,1204.14892578125,0.4410261809825897,1751.600830078125,1249.931640625,0.4339839518070221,1770.72509765625,1254.56787109375,0.41773301362991333,1786.37255859375,1262.1015625,0.48209017515182495,1803.75830078125,1273.11279296875,0.5876814723014832,1742.328369140625,1270.215087890625,0.4217182397842407,1756.237060546875,1280.646484375,0.47807949781417847,1766.0888671875,1293.396240234375,0.5221638679504395,1777.679443359375,1310.202392578125,0.5389853715896606,1726.68115234375,1284.123779296875,0.371860533952713,1734.79443359375,1293.396240234375,0.440971702337265,1740.01025390625,1305.566162109375,0.5226425528526306,1748.12353515625,1320.634033203125,0.5722630023956299,1709.295166015625,1291.657470703125,0.36543744802474976,1712.19287109375,1299.19140625,0.3978734016418457,1715.090576171875,1304.986572265625,0.4434308409690857,1718.567626953125,1310.781982421875,0.42825672030448914,2051.15234375,1243.9603271484375,0.2145048975944519,2051.15234375,1229.9078369140625,0.2163703292608261,1737.8626708984375,1227.427978515625,0.1915043294429779,1745.30224609375,1212.5487060546875,0.2628522217273712,1764.3145751953125,1196.016357421875,0.32664063572883606,1972.623291015625,1248.093505859375,0.16076552867889404,1940.385009765625,1253.05322265625,0.14683344960212708,1799.03271484375,1261.3194580078125,0.15222780406475067,1814.738525390625,1273.71875,0.11363613605499268,1976.75634765625,1261.3194580078125,0.2116853892803192,1959.397216796875,1277.851806640625,0.1574767529964447,1763.4879150390625,1290.251220703125,0.17468363046646118,1770.100830078125,1313.3966064453125,0.18097417056560516,1997.421875,1272.0655517578125,0.23161444067955017,1976.75634765625,1286.1180419921875,0.1696605384349823,1746.9554443359375,1301.8238525390625,0.17601272463798523,1756.875,1314.2232666015625,0.17193174362182617,2051.15234375,1285.29150390625,0.22307145595550537,2004.034912109375,1293.5576171875,0.22985613346099854,2000.728515625,1301.8238525390625,0.25763535499572754,1990.80908203125,1311.743408203125,0.25402820110321045
DJI_20260917132156_0047_D.JPG,Cam 8,6,ARAMANDI,INCORRECT,INSUFFICIENT_KNEE_BEND,,rtmw_l_wholebody,coco_wholebody_133,OK,423.55,169.68,1,1,1878.610107421875,785.6845703125,0.7690378427505493,1866.264892578125,760.994140625,0.8518224954605103,1816.8837890625,754.8212890625,0.7894043922424316,1878.610107421875,760.994140625,0.8710793256759644,1853.91943359375,760.994140625,0.8438525199890137,1884.782470703125,754.8212890625,0.8062906265258789,1847.746826171875,760.994140625,0.8621891736984253,1755.157470703125,785.6845703125,0.8606778979301453,1903.300537109375,791.857177734375,0.811234712600708,1878.610107421875,810.375,0.8202947378158569,1847.746826171875,816.547607421875,0.8255634307861328,1693.43115234375,977.0361328125,0.7327709197998047,2008.235107421875,977.0361328125,0.7333334684371948,1508.25244140625,1174.56005859375,0.7879622578620911,2181.068603515625,1186.9052734375,0.8413383960723877,1748.98486328125,1439.98291015625,0.7411291599273682,1934.16357421875,1433.810302734375,0.7225935459136963,1711.948974609375,1835.031005859375,0.7819703817367554,1977.3720703125,1822.685791015625,0.769079327583313,1767.502685546875,2193.04345703125,0.8329691290855408,1915.645751953125,2186.87060546875,0.8071265816688538,1792.193115234375,2254.76953125,0.8244102597236633,1890.955322265625,2242.42431640625,0.8370835781097412,1631.704833984375,2211.56103515625,0.8205327391624451,2026.753173828125,2199.2158203125,0.8110945224761963,1705.5279541015625,1273.599365234375,0.3550914525985718,1711.5625,1251.6556396484375,0.4113365411758423,1722.534423828125,1240.1351318359375,0.45161283016204834,1735.152099609375,1229.7119140625,0.5379074215888977,1753.8043212890625,1216.545654296875,0.4843783974647522,1746.672607421875,1260.43310546875,0.502453088760376,1766.4219970703125,1267.016357421875,0.5090392827987671,1781.7825927734375,1274.1480712890625,0.53328537940979,1796.5946044921875,1284.022705078125,0.5954866409301758,1737.89501953125,1279.6339111328125,0.4645938277244568,1750.5126953125,1291.7030029296875,0.5308964252471924,1760.387451171875,1303.7720947265625,0.5694223642349243,1770.8106689453125,1317.4869384765625,0.6366907954216003,1721.98583984375,1292.80029296875,0.4228602945804596,1731.8604736328125,1304.8692626953125,0.4949352741241455,1737.346435546875,1315.8411865234375,0.5924617648124695,1743.9295654296875,1330.1046142578125,0.5917452573776245,1704.4307861328125,1299.38330078125,0.39445000886917114,1708.27099609375,1308.70947265625,0.4349792003631592,1710.46533203125,1314.7440185546875,0.47986888885498047,1716.4998779296875,1324.070068359375,0.42933189868927,2044.4718017578125,1265.4610595703125,0.17932815849781036,1712.08544921875,1244.953857421875,0.19861850142478943,1731.7381591796875,1232.136962890625,0.2110747992992401,1743.7005615234375,1221.8834228515625,0.29532527923583984,1758.2264404296875,1205.6485595703125,0.3852231502532959,1756.517578125,1256.9163818359375,0.28594452142715454,1776.170166015625,1262.8975830078125,0.27827388048171997,1790.696044921875,1268.0244140625,0.29459667205810547,1806.076416015625,1282.55029296875,0.2608683109283447,1736.0103759765625,1273.1512451171875,0.30241262912750244,1753.9542236328125,1287.6771240234375,0.29062506556510925,1765.0621337890625,1304.766357421875,0.3035946786403656,1775.3157958984375,1323.5645751953125,0.32186421751976013,1718.921142578125,1286.8226318359375,0.30344200134277344,1728.3203125,1302.2030029296875,0.27834606170654297,1736.8648681640625,1318.437744140625,0.2814188003540039,1749.681884765625,1330.4002685546875,0.24492010474205017,1700.1229248046875,1299.6395263671875,0.27467676997184753,1706.104248046875,1312.45654296875,0.23644496500492096,1707.8131103515625,1321.0010986328125,0.2429550141096115,1711.23095703125,1329.5457763671875,0.20469585061073303
DJI_20260917132232_0048_D.JPG,Cam 8,7,ARAMANDI,INCORRECT,FEET_TOO_FAR_APART,,rtmw_l_wholebody,coco_wholebody_133,OK,421.75,143.27,1,1,1891.302001953125,872.3157958984375,0.8007410764694214,1879.689453125,843.2840576171875,0.866538941860199,1885.495849609375,843.2840576171875,0.8217442631721497,1891.302001953125,843.2840576171875,0.9027684926986694,1850.65771484375,849.0902099609375,0.8700363636016846,1844.851318359375,849.0902099609375,0.8213763236999512,1827.43212890625,849.0902099609375,0.8728786110877991,1873.883056640625,872.3157958984375,0.7654469013214111,1763.56201171875,883.9285888671875,0.7933321595191956,1891.302001953125,912.9603271484375,0.8714990615844727,1844.851318359375,918.7667236328125,0.8712570667266846,1978.397705078125,1081.3450927734375,0.6871871948242188,1676.466552734375,1069.7325439453125,0.6662238836288452,2170.008056640625,1284.5682373046875,0.7614707350730896,1484.856201171875,1278.7618408203125,0.8051681518554688,1914.527587890625,1528.4359130859375,0.6360076665878296,1751.949462890625,1528.4359130859375,0.6393018960952759,1571.95166015625,1795.5289306640625,0.7353879809379578,2100.33154296875,1795.5289306640625,0.7048982381820679,1699.69189453125,2178.74951171875,0.7883926630020142,2013.236083984375,2172.943359375,0.7831306457519531,1746.142822265625,2231.0068359375,0.7823241949081421,1990.010498046875,2225.20068359375,0.7198343873023987,1560.339111328125,2196.16845703125,0.7733663320541382,2152.589111328125,2196.16845703125,0.7437156438827515,1979.801025390625,1379.0836181640625,0.325112909078598,1976.0126953125,1355.8123779296875,0.361517071723938,1965.72998046875,1342.8238525390625,0.445361852645874,1953.28271484375,1329.2940673828125,0.4845852553844452,1937.588134765625,1316.3055419921875,0.5005085468292236,1945.164794921875,1359.6007080078125,0.4586132764816284,1922.97607421875,1361.2242431640625,0.522865891456604,1905.657958984375,1367.1773681640625,0.5235509276390076,1887.2574462890625,1375.83642578125,0.6436290740966797,1954.364990234375,1378.001220703125,0.4895191192626953,1935.42333984375,1387.74267578125,0.5186586380004883,1922.434814453125,1399.107666015625,0.565609335899353,1907.82275390625,1415.34326171875,0.576583981513977,1967.894775390625,1392.0721435546875,0.4563276767730713,1957.071044921875,1402.89599609375,0.49725857377052307,1946.247314453125,1413.7197265625,0.5138347148895264,1932.717529296875,1429.414306640625,0.5540837049484253,1984.130615234375,1402.354736328125,0.44038450717926025,1982.5068359375,1412.6373291015625,0.45250096917152405,1979.801025390625,1420.7552490234375,0.48896998167037964,1974.38916015625,1432.1202392578125,0.536515474319458,1688.2896728515625,1381.6341552734375,0.2824176549911499,1692.9866943359375,1359.91015625,0.29340943694114685,1708.2523193359375,1345.2318115234375,0.34450966119766235,1723.517822265625,1332.9019775390625,0.40091562271118164,1744.0675048828125,1322.920654296875,0.45561349391937256,1725.2791748046875,1368.7171630859375,0.43171238899230957,1742.893310546875,1379.28564453125,0.4330621063709259,1756.3973388671875,1391.615478515625,0.4572486877441406,1769.9014892578125,1404.532470703125,0.5858248472213745,1714.7108154296875,1386.91845703125,0.37467238306999207,1729.976318359375,1400.422607421875,0.4957357943058014,1741.1318359375,1415.6881103515625,0.5008838772773743,1754.048828125,1433.8892822265625,0.5362834930419922,1700.0323486328125,1401.0096435546875,0.3522019386291504,1711.7750244140625,1412.165283203125,0.44359713792800903,1723.517822265625,1426.8436279296875,0.5091245174407959,1737.02197265625,1441.5220947265625,0.5418837070465088,1685.35400390625,1411.578125,0.32374656200408936,1691.8125,1422.1466064453125,0.42458295822143555,1697.683837890625,1430.366455078125,0.4906120300292969,1707.6651611328125,1440.9349365234375,0.5076610445976257
DJI_20260917132234_0049_D.JPG,Cam 8,7,ARAMANDI,INCORRECT,FEET_TOO_FAR_APART,,rtmw_l_wholebody,coco_wholebody_133,OK,400.79,198.01,1,1,1882.9949951171875,891.494140625,0.7954593300819397,1865.6470947265625,868.36376953125,0.8376766443252563,1848.2989501953125,862.5810546875,0.7867404818534851,1882.9949951171875,868.36376953125,0.8560136556625366,1848.2989501953125,868.36376953125,0.837965726852417,1859.8643798828125,862.5810546875,0.8191260695457458,1830.9512939453125,868.36376953125,0.8460524082183838,1744.2115478515625,897.27685546875,0.8086050748825073,1842.5162353515625,897.27685546875,0.7679213285446167,1877.2122802734375,920.407470703125,0.8316556215286255,1842.5162353515625,926.18994140625,0.8380916118621826,1669.0372314453125,1088.10400390625,0.6944421529769897,1981.2999267578125,1088.10400390625,0.6818027496337891,1501.3406982421875,1284.7138671875,0.7459361553192139,2148.99658203125,1290.496337890625,0.8014556169509888,1726.8636474609375,1533.3671875,0.6931635141372681,1929.2559814453125,1533.3671875,0.682336688041687,1570.7322998046875,1810.93408203125,0.7554821968078613,2091.169921875,1799.36865234375,0.6889952421188354,1703.7330322265625,2181.02294921875,0.8517849445343018,2015.9957275390625,2175.240234375,0.8343470692634583,1749.9942626953125,2233.06689453125,0.8240461945533752,1981.2999267578125,2227.2841796875,0.7774248123168945,1559.1671142578125,2198.37109375,0.828231930732727,2160.5615234375,2186.8056640625,0.7795166969299316,1683.243896484375,1377.774169921875,0.1701817810535431,1698.4910888671875,1358.7152099609375,0.215770423412323,1723.267822265625,1345.3739013671875,0.24167287349700928,1736.609130859375,1333.9384765625,0.34891384840011597,1752.809326171875,1321.5501708984375,0.4301406741142273,1736.609130859375,1372.0565185546875,0.29481828212738037,1754.7152099609375,1383.491943359375,0.28856194019317627,1764.2447509765625,1391.115478515625,0.2914977967739105,1778.5389404296875,1402.5509033203125,0.21392934024333954,1717.5501708984375,1388.2567138671875,0.31057801842689514,1737.5621337890625,1401.5980224609375,0.2658745050430298,1749.950439453125,1424.46875,0.26757538318634033,1760.432861328125,1444.480712890625,0.2452186942100525,1701.3499755859375,1402.5509033203125,0.3111511766910553,1711.8323974609375,1417.798095703125,0.28802213072776794,1722.31494140625,1435.9041748046875,0.2917446494102478,1739.468017578125,1449.2454833984375,0.24466444551944733,1686.102783203125,1417.798095703125,0.28672102093696594,1695.63232421875,1429.2335205078125,0.2747143805027008,1700.3970947265625,1438.7630615234375,0.29204878211021423,1708.9736328125,1447.339599609375,0.24361732602119446,2075.385986328125,1718.3236083984375,0.3173428475856781,2075.385986328125,1101.02783203125,0.3023548126220703,2075.385986328125,1718.3236083984375,0.27943384647369385,2075.385986328125,1718.3236083984375,0.27951669692993164,2075.385986328125,1718.3236083984375,0.25862568616867065,2075.385986328125,1101.02783203125,0.2711620032787323,2075.385986328125,1718.3236083984375,0.2769198417663574,2075.385986328125,1718.3236083984375,0.2585407495498657,2075.385986328125,1101.02783203125,0.22155368328094482,2075.385986328125,1101.02783203125,0.27853262424468994,2075.385986328125,1718.3236083984375,0.24230308830738068,2075.385986328125,1718.3236083984375,0.24751609563827515,2075.385986328125,1718.3236083984375,0.2220337986946106,2075.385986328125,1718.3236083984375,0.2694939076900482,2075.385986328125,1718.3236083984375,0.21980971097946167,2075.385986328125,1718.3236083984375,0.23970100283622742,2075.385986328125,1718.3236083984375,0.28706061840057373,2075.385986328125,1718.3236083984375,0.28255242109298706,2075.385986328125,1718.3236083984375,0.2791517674922943,2075.385986328125,1718.3236083984375,0.2720721960067749,2075.385986328125,1718.3236083984375,0.21742968261241913
DJI_20260917132249_0050_D.JPG,Cam 8,8,ARAMANDI,INCORRECT,FEET_NOT_IN_LINE,,rtmw_l_wholebody,coco_wholebody_133,OK,538.02,206.65,1,1,1871.673583984375,901.2825927734375,0.7772606611251831,1848.665771484375,872.5230712890625,0.8261398077011108,1802.650146484375,872.5230712890625,0.7780801057815552,1860.169677734375,878.2747802734375,0.8473373651504517,1848.665771484375,872.5230712890625,0.8235981464385986,1877.425537109375,866.7711181640625,0.8118947744369507,1842.913818359375,878.2747802734375,0.8381822109222412,1750.8828125,901.2825927734375,0.8512970209121704,1900.43310546875,901.2825927734375,0.8297141194343567,1865.921630859375,924.2904052734375,0.8081502914428711,1837.161865234375,930.0423583984375,0.8151484727859497,1687.611572265625,1073.8406982421875,0.7384475469589233,1986.712158203125,1073.8406982421875,0.714608907699585,1509.301513671875,1269.4066162109375,0.7839336395263672,2159.270263671875,1286.6624755859375,0.8141664862632751,1756.634765625,1493.7322998046875,0.7366670966148376,1934.944580078125,1499.4840087890625,0.7353590130805969,1750.8828125,1815.8406982421875,0.7141293287277222,1940.69677734375,1804.3367919921875,0.7188875675201416,1791.146240234375,2155.20458984375,0.7300399541854858,1923.44091796875,2143.701171875,0.7941460013389587,1819.906005859375,2218.47607421875,0.7113921046257019,1906.18505859375,2201.22021484375,0.7914338111877441,1722.123046875,2160.95654296875,0.757061243057251,1986.712158203125,2149.45263671875,0.8021954894065857,1701.1416015625,1379.847412109375,0.3125957250595093,1702.751708984375,1358.9150390625,0.2959396243095398,1715.633056640625,1344.423583984375,0.3888254463672638,1726.904296875,1329.93212890625,0.4561959207057953,1742.469482421875,1319.197509765625,0.501523494720459,1729.05126953125,1364.819091796875,0.4425058960914612,1743.542724609375,1372.333251953125,0.44559967517852783,1753.203857421875,1381.994384765625,0.45703867077827454,1763.401611328125,1393.80224609375,0.5661264061927795,1717.243408203125,1381.45751953125,0.4134407639503479,1727.441162109375,1392.192138671875,0.4753398895263672,1734.955322265625,1404.53662109375,0.50059974193573,1745.153076171875,1419.56494140625,0.4938613772392273,1703.28857421875,1394.3388671875,0.39271098375320435,1709.729248046875,1401.31640625,0.47803518176078796,1717.243408203125,1411.51416015625,0.5426907539367676,1727.441162109375,1424.93212890625,0.570344090461731,1689.870361328125,1404.0,0.38659805059432983,1691.48046875,1410.440673828125,0.47158727049827576,1694.700927734375,1416.3447265625,0.524084746837616,1700.068115234375,1424.3955078125,0.5417879819869995,1981.377685546875,1374.62158203125,0.24459734559059143,1968.23388671875,1357.58349609375,0.18096107244491577,1970.18115234375,1338.111083984375,0.23236271739006042,1964.826171875,1322.046630859375,0.2743511199951172,1954.603271484375,1307.4423828125,0.30055180191993713,1955.090087890625,1354.66259765625,0.36513853073120117,1936.591552734375,1350.28125,0.45223891735076904,1921.013671875,1352.71533203125,0.48236018419265747,1906.896484375,1358.55712890625,0.48076218366622925,1968.23388671875,1369.266845703125,0.42077505588531494,1957.037353515625,1373.648193359375,0.4659591317176819,1944.8671875,1384.35791015625,0.5262531042098999,1929.289306640625,1398.475341796875,0.5587308406829834,1980.890869140625,1386.30517578125,0.41937196254730225,1976.02294921875,1392.633544921875,0.44274571537971497,1967.7470703125,1403.34326171875,0.5134127736091614,1957.524169921875,1416.487060546875,0.5254142880439758,1992.57421875,1398.475341796875,0.4208519160747528,1994.03466796875,1407.724609375,0.4411602020263672,1995.00830078125,1414.539794921875,0.44974467158317566,1995.4951171875,1422.815673828125,0.4704864025115967
DJI_20260917132251_0051_D.JPG,Cam 8,8,ARAMANDI,INCORRECT,FEET_NOT_IN_LINE,,rtmw_l_wholebody,coco_wholebody_133,OK,437.79,418.46,1,1,1835.2694091796875,912.817626953125,0.7667142152786255,1817.9591064453125,883.96728515625,0.807242751121521,1766.0286865234375,883.96728515625,0.8039303421974182,1823.7291259765625,889.7373046875,0.8228499293327332,1823.7291259765625,883.96728515625,0.7987977862358093,1875.6597900390625,878.197265625,0.8157089352607727,1829.4991455078125,889.7373046875,0.8037678003311157,1737.1783447265625,912.817626953125,0.9115582704544067,1892.9698486328125,912.817626953125,0.9232240915298462,1835.2694091796875,930.127685546875,0.7740523815155029,1823.7291259765625,935.897705078125,0.7881729602813721,1679.4779052734375,1085.919189453125,0.8150991797447205,1973.7506103515625,1091.689208984375,0.788304328918457,1500.6063232421875,1282.10107421875,0.8806346654891968,2158.39208984375,1287.87109375,0.863572359085083,1742.9483642578125,1501.36279296875,0.7540237903594971,1927.5899658203125,1495.5927734375,0.7641788125038147,1742.9483642578125,1824.48583984375,0.7323563694953918,1927.5899658203125,1818.7158203125,0.7336970567703247,1789.1090087890625,2164.9189453125,0.7462352514266968,1916.0499267578125,2141.8388671875,0.8310607671737671,1817.9591064453125,2228.3896484375,0.7249799966812134,1910.2799072265625,2205.30908203125,0.8170751333236694,1725.6383056640625,2164.9189453125,0.7666479349136353,1979.5206298828125,2147.60888671875,0.8170456290245056,1695.6590576171875,1385.3343505859375,0.29584771394729614,1697.2840576171875,1362.5848388671875,0.2890915274620056,1707.5755615234375,1350.126708984375,0.38808003067970276,1718.9503173828125,1336.043701171875,0.49300694465637207,1734.6583251953125,1324.1273193359375,0.5435406565666199,1721.6585693359375,1370.16796875,0.4264727830886841,1735.199951171875,1375.5845947265625,0.4098057150840759,1745.491455078125,1385.8759765625,0.46345776319503784,1755.7828369140625,1397.79248046875,0.5723547339439392,1710.2838134765625,1386.9593505859375,0.38247835636138916,1719.491943359375,1395.6258544921875,0.4722551107406616,1726.533447265625,1408.083984375,0.49790817499160767,1736.2833251953125,1423.250244140625,0.523396372795105,1696.2008056640625,1398.3341064453125,0.35815221071243286,1702.158935546875,1405.3756103515625,0.43497031927108765,1709.7421875,1415.6671142578125,0.48829954862594604,1717.866943359375,1428.6668701171875,0.46988868713378906,1683.2010498046875,1408.6256103515625,0.35234200954437256,1684.825927734375,1414.583740234375,0.4506303668022156,1688.075927734375,1421.0836181640625,0.518596351146698,1692.9508056640625,1428.6668701171875,0.5057491660118103,1973.1658935546875,1377.87060546875,0.2427922785282135,1966.6026611328125,1356.6663818359375,0.24130165576934814,1965.0880126953125,1341.5205078125,0.33034688234329224,1958.0201416015625,1324.860107421875,0.36908456683158875,1950.4471435546875,1312.2386474609375,0.3483318090438843,1953.4761962890625,1356.6663818359375,0.34836089611053467,1933.2818603515625,1353.63720703125,0.3836238980293274,1914.6019287109375,1357.1712646484375,0.4239360988140106,1901.98046875,1360.705322265625,0.4451075792312622,1963.0687255859375,1372.8218994140625,0.39184415340423584,1947.9227294921875,1380.3948974609375,0.44008129835128784,1936.3109130859375,1389.9871826171875,0.5117940902709961,1921.6700439453125,1403.6185302734375,0.524286150932312,1973.6707763671875,1389.4822998046875,0.4146248698234558,1968.1173095703125,1398.0650634765625,0.4423666298389435,1960.5443115234375,1407.1524658203125,0.508719265460968,1948.9324951171875,1420.7838134765625,0.5679298639297485,1984.7777099609375,1401.5989990234375,0.4217727780342102,1986.2923583984375,1409.6767578125,0.45276737213134766,1987.3018798828125,1417.754638671875,0.485604465007782,1987.3018798828125,1424.8226318359375,0.50076824426651
DJI_20260917132329_0052_D.JPG,Cam 8,9,SAMAPADHAM,INCORRECT,FEET_TOO_FAR_APART,,rtmw_l_wholebody,coco_wholebody_133,OK,556.01,207.07,1,1,1829.478271484375,744.524658203125,0.777119517326355,1823.094482421875,718.989501953125,0.85076904296875,1778.40771484375,712.605712890625,0.8323402404785156,1829.478271484375,718.989501953125,0.8793150782585144,1823.094482421875,718.989501953125,0.8465667963027954,1874.1650390625,712.605712890625,0.8294407725334167,1829.478271484375,725.373291015625,0.8537440299987793,1746.488525390625,738.140869140625,0.9099760055541992,1906.083984375,738.140869140625,0.9058223366737366,1842.245849609375,763.676025390625,0.8022111654281616,1823.094482421875,770.06005859375,0.813615620136261,1682.650390625,923.271728515625,0.8207376003265381,1995.457763671875,929.655517578125,0.8152762651443481,1497.51953125,1140.321533203125,0.8860937356948853,2174.204345703125,1140.321533203125,0.873782217502594,1740.104736328125,1382.90673828125,0.7642860412597656,1938.003173828125,1382.90673828125,0.7586244344711304,1714.569580078125,1804.239013671875,0.8354470729827881,1989.07373046875,1797.855224609375,0.8197547197341919,1720.953369140625,2180.88427734375,0.8514485955238342,1982.68994140625,2168.11669921875,0.877112090587616,1727.337158203125,2244.72265625,0.8517601490020752,1969.922119140625,2225.571044921875,0.867018461227417,1746.488525390625,2174.50048828125,0.7516494989395142,1963.538330078125,2174.50048828125,0.7774094343185425,1691.121826171875,1238.700927734375,0.1901916265487671,1698.383056640625,1216.9169921875,0.20643113553524017,1707.878662109375,1198.484375,0.25923940539360046,1719.0499267578125,1185.078857421875,0.36625319719314575,1735.806884765625,1168.8804931640625,0.4921966791152954,1736.365478515625,1213.5655517578125,0.34941720962524414,1754.239501953125,1216.3583984375,0.38250431418418884,1767.64501953125,1221.944091796875,0.44208186864852905,1782.726318359375,1233.1153564453125,0.6250029802322388,1730.77978515625,1231.4395751953125,0.2780512273311615,1749.21240234375,1239.259521484375,0.44524335861206055,1764.293701171875,1250.9893798828125,0.512161374092102,1780.4920654296875,1265.511962890625,0.6564937829971313,1719.6085205078125,1245.9622802734375,0.259909987449646,1731.89697265625,1252.1064453125,0.4332951605319977,1745.861083984375,1262.71923828125,0.5133711099624634,1761.5008544921875,1274.4490966796875,0.6067545413970947,1704.52734375,1258.250732421875,0.2297525405883789,1712.90576171875,1263.27783203125,0.3569931089878082,1721.8427734375,1267.746337890625,0.4707588851451874,1733.5726318359375,1275.007568359375,0.5208555459976196,1990.003173828125,1233.173095703125,0.205625981092453,1983.793212890625,1211.4381103515625,0.21745941042900085,1978.1005859375,1193.8431396484375,0.21025678515434265,1975.51318359375,1169.003173828125,0.26942306756973267,1969.30322265625,1147.7857666015625,0.28917744755744934,1949.12060546875,1203.6756591796875,0.3163871467113495,1927.3857421875,1197.983154296875,0.38662391901016235,1910.8258056640625,1199.53564453125,0.4440975785255432,1892.7132568359375,1206.26318359375,0.5762239694595337,1957.918212890625,1222.3056640625,0.28065162897109985,1940.840576171875,1226.445556640625,0.3650742173194885,1927.3857421875,1233.6905517578125,0.44939887523651123,1910.8258056640625,1245.593017578125,0.46906232833862305,1971.373046875,1238.34814453125,0.27946093678474426,1961.023193359375,1245.593017578125,0.30369246006011963,1948.603271484375,1254.9080810546875,0.39375466108322144,1934.11328125,1268.363037109375,0.42490512132644653,1987.93310546875,1250.25048828125,0.27439767122268677,1983.275634765625,1254.9080810546875,0.3088635802268982,1977.5830078125,1260.6005859375,0.36744046211242676,1967.233154296875,1268.8804931640625,0.38205429911613464
DJI_20260917132332_0053_D.JPG,Cam 8,9,SAMAPADHAM,INCORRECT,FEET_TOO_FAR_APART,,rtmw_l_wholebody,coco_wholebody_133,OK,474.46,171.49,1,1,1848.833984375,761.8603515625,0.7687914967536926,1836.21826171875,736.62841796875,0.8419778347015381,1785.754150390625,736.62841796875,0.8105400800704956,1842.526123046875,736.62841796875,0.8662599325180054,1836.21826171875,736.62841796875,0.8411836624145508,1886.68212890625,730.3203125,0.8208209276199341,1842.526123046875,742.9365234375,0.8407121896743774,1741.59814453125,755.55224609375,0.9106966257095337,1911.9140625,761.8603515625,0.9275717735290527,1848.833984375,787.09228515625,0.7959028482437134,1836.21826171875,787.09228515625,0.80103600025177,1684.826171875,944.7919921875,0.8373863101005554,1987.60986328125,951.10009765625,0.8308137655258179,1495.586669921875,1152.955810546875,0.9073572158813477,2183.15771484375,1159.263671875,0.891370952129364,1741.59814453125,1398.967529296875,0.7662703990936279,1943.4541015625,1398.967529296875,0.7691001892089844,1716.3662109375,1827.910888671875,0.8341643810272217,1987.60986328125,1827.910888671875,0.8300570249557495,1728.982421875,2206.39013671875,0.850961446762085,1981.3017578125,2193.7744140625,0.8872289657592773,1735.290283203125,2269.47021484375,0.8492702841758728,1974.994140625,2250.54638671875,0.8822246789932251,1735.290283203125,2193.7744140625,0.777001142501831,1968.68603515625,2181.158203125,0.797021746635437,1695.843994140625,1255.225341796875,0.21496684849262238,1701.5013427734375,1236.55615234375,0.22553977370262146,1709.421630859375,1216.7554931640625,0.2936840057373047,1720.1705322265625,1201.4808349609375,0.38188835978507996,1734.8795166015625,1183.943115234375,0.5007731914520264,1736.010986328125,1228.6358642578125,0.3436470329761505,1755.8115234375,1230.3331298828125,0.3475527763366699,1769.954833984375,1237.6876220703125,0.38723355531692505,1783.532470703125,1247.870849609375,0.4975496232509613,1729.7879638671875,1246.7393798828125,0.2820061445236206,1749.0228271484375,1254.0938720703125,0.4011135995388031,1765.4290771484375,1266.5399169921875,0.49112898111343384,1781.26953125,1280.1175537109375,0.6289666891098022,1720.7362060546875,1263.1455078125,0.2582595944404602,1734.8795166015625,1269.934326171875,0.3896545469760895,1747.891357421875,1279.5517578125,0.4697032570838928,1762.600341796875,1290.3006591796875,0.5222672820091248,1705.46142578125,1276.1573486328125,0.2527008652687073,1716.2103271484375,1280.6832275390625,0.35310253500938416,1726.3935546875,1285.2091064453125,0.40942010283470154,1736.010986328125,1290.3006591796875,0.4390772581100464,1990.0020751953125,1249.455810546875,0.28451669216156006,1984.7052001953125,1229.32763671875,0.2628823220729828,1980.4676513671875,1211.8480224609375,0.3271619975566864,1976.7598876953125,1187.4822998046875,0.3996186852455139,1972.5223388671875,1163.6463623046875,0.4358922243118286,1951.3348388671875,1220.8526611328125,0.3694544732570648,1930.6768798828125,1213.9666748046875,0.42954081296920776,1912.6676025390625,1214.4964599609375,0.49297523498535156,1893.5987548828125,1220.8526611328125,0.6265139579772949,1961.3988037109375,1238.3323974609375,0.3559013903141022,1942.8597412109375,1242.5699462890625,0.43234333395957947,1929.0877685546875,1249.9854736328125,0.5231145620346069,1913.7269287109375,1261.638671875,0.5769281983375549,1973.5816650390625,1254.2230224609375,0.3710862696170807,1962.4583740234375,1261.638671875,0.4043133854866028,1950.8050537109375,1271.173095703125,0.46281343698501587,1935.9737548828125,1285.474609375,0.501839280128479,1989.4722900390625,1266.935546875,0.3769160211086273,1984.1754150390625,1272.232421875,0.39060431718826294,1977.8192138671875,1278.5887451171875,0.43291139602661133,1966.6956787109375,1288.6527099609375,0.45639950037002563
DJI_20260917132546_0054_D.JPG,Cam 8,10,SAMAPADHAM,INCORRECT,FEET_NOT_ALIGNED,,rtmw_l_wholebody,coco_wholebody_133,OK,423.78,158.83,1,1,1868.04296875,769.550048828125,0.7657420635223389,1849.312744140625,744.576171875,0.8498289585113525,1805.6083984375,738.332763671875,0.8059736490249634,1861.7998046875,744.576171875,0.8749236464500427,1849.312744140625,738.332763671875,0.8438204526901245,1893.01708984375,738.332763671875,0.8051442503929138,1849.312744140625,744.576171875,0.8520733118057251,1768.1474609375,763.306640625,0.9125220775604248,1924.234375,763.306640625,0.8934615850448608,1868.04296875,788.280517578125,0.8174805641174316,1849.312744140625,794.524169921875,0.8251268267631531,1711.9560546875,950.611083984375,0.809531569480896,2005.39990234375,950.611083984375,0.8043668270111084,1518.40771484375,1150.40283203125,0.8834550976753235,2192.70458984375,1137.915771484375,0.8449460864067078,1761.90380859375,1387.655517578125,0.7687305808067322,1955.4521484375,1387.655517578125,0.7567004561424255,1774.390869140625,1774.751708984375,0.7793558835983276,1955.4521484375,1762.2646484375,0.7767105102539062,1811.851806640625,2143.117431640625,0.8217736482620239,1917.9912109375,2136.873779296875,0.8406591415405273,1824.3388671875,2199.308837890625,0.7769292593002319,1911.74755859375,2199.308837890625,0.8430951833724976,1749.4169921875,2149.36083984375,0.7619369029998779,1980.42578125,2130.63037109375,0.8307195901870728,1720.64990234375,1239.2608642578125,0.2822943925857544,1726.168701171875,1217.7374267578125,0.29067304730415344,1734.9989013671875,1201.7327880859375,0.3429209291934967,1741.069580078125,1185.7281494140625,0.4001183807849884,1749.347900390625,1164.756591796875,0.4928750693798065,1762.041259765625,1216.081787109375,0.40297049283981323,1785.2203369140625,1221.6005859375,0.39364945888519287,1799.5693359375,1230.4307861328125,0.4080114960670471,1812.8145751953125,1241.4683837890625,0.5153615474700928,1755.970458984375,1233.7420654296875,0.36410534381866455,1777.4940185546875,1240.3646240234375,0.4426068961620331,1794.6024169921875,1251.40234375,0.48275601863861084,1812.2626953125,1262.4400634765625,0.5592979192733765,1744.932861328125,1248.6429443359375,0.34698769450187683,1760.9375,1254.713623046875,0.44415128231048584,1775.2864990234375,1262.991943359375,0.48945510387420654,1792.3948974609375,1271.2701416015625,0.5272558927536011,1728.92822265625,1262.4400634765625,0.330690860748291,1734.447021484375,1265.7513427734375,0.3774205148220062,1741.069580078125,1269.0626220703125,0.4525753855705261,1752.1072998046875,1274.0296630859375,0.49224987626075745,2006.1934814453125,1237.299072265625,0.2889097332954407,2001.8233642578125,1214.3551025390625,0.2916939854621887,1993.6290283203125,1199.6053466796875,0.39714568853378296,1985.4346923828125,1183.216796875,0.46794912219047546,1976.1478271484375,1163.550537109375,0.5961511135101318,1969.5924072265625,1214.3551025390625,0.4142531156539917,1947.7410888671875,1212.7161865234375,0.4792991876602173,1929.7137451171875,1215.993896484375,0.5217043161392212,1911.1400146484375,1223.6419677734375,0.6531862020492554,1978.3331298828125,1230.74365234375,0.39973366260528564,1959.7593994140625,1236.7528076171875,0.4276205599308014,1947.7410888671875,1244.4007568359375,0.4781550467014313,1932.9913330078125,1254.23388671875,0.5161211490631104,1989.8050537109375,1246.0396728515625,0.368360310792923,1978.3331298828125,1253.6876220703125,0.43343061208724976,1966.3148193359375,1261.3355712890625,0.4460797905921936,1949.9261474609375,1273.3538818359375,0.5281156897544861,2005.1009521484375,1258.057861328125,0.37055709958076477,2003.4622802734375,1262.4281005859375,0.39158764481544495,2000.1844482421875,1265.1595458984375,0.4478222131729126,1994.7215576171875,1270.076171875,0.5280507206916809
DJI_20260917132548_0055_D.JPG,Cam 8,10,SAMAPADHAM,INCORRECT,FEET_NOT_ALIGNED,,rtmw_l_wholebody,coco_wholebody_133,OK,423.14,190.0,1,1,1890.6280517578125,776.8370361328125,0.7685275077819824,1866.0589599609375,752.2679443359375,0.8545416593551636,1829.2052001953125,752.2679443359375,0.7901502847671509,1878.3436279296875,752.2679443359375,0.8794537782669067,1859.9166259765625,752.2679443359375,0.8473936915397644,1890.6280517578125,746.1256103515625,0.817367434501648,1853.7745361328125,758.4102783203125,0.8602665066719055,1761.6400146484375,776.8370361328125,0.8869659900665283,1909.0550537109375,776.8370361328125,0.8557709455490112,1884.4859619140625,801.4063720703125,0.8353248238563538,1853.7745361328125,807.5487060546875,0.8468331098556519,1706.3594970703125,961.1058349609375,0.7893727421760559,1995.0469970703125,961.1058349609375,0.7716972231864929,1522.0906982421875,1163.8016357421875,0.8724265098571777,2179.31591796875,1145.3746337890625,0.8175038695335388,1767.7823486328125,1397.2086181640625,0.7637775540351868,1958.1934814453125,1403.3509521484375,0.7499780654907227,1767.7823486328125,1802.5999755859375,0.7860419750213623,1945.9088134765625,1778.0306396484375,0.7651524543762207,1810.7784423828125,2164.9951171875,0.8310192823410034,1921.3394775390625,2146.568359375,0.8447538614273071,1823.0631103515625,2226.41845703125,0.7887075543403625,1915.1973876953125,2207.9912109375,0.8429402112960815,1755.4976806640625,2171.1376953125,0.7798027992248535,1976.6202392578125,2140.42626953125,0.8289437294006348,1717.16943359375,1253.4833984375,0.23851549625396729,1724.881591796875,1233.6519775390625,0.2466203272342682,1730.941162109375,1216.0240478515625,0.28229379653930664,1738.1025390625,1198.396240234375,0.3223226070404053,1745.263916015625,1177.463134765625,0.4482424855232239,1757.383056640625,1229.7958984375,0.3760736584663391,1782.1722412109375,1235.85546875,0.4244624078273773,1797.0457763671875,1245.771240234375,0.38936084508895874,1811.9193115234375,1257.3394775390625,0.4892027676105499,1748.0181884765625,1246.8729248046875,0.3289777636528015,1775.010986328125,1254.5850830078125,0.42040637135505676,1792.087890625,1265.6025390625,0.450958788394928,1810.817626953125,1277.1708984375,0.47454482316970825,1738.6534423828125,1261.7464599609375,0.34009140729904175,1759.03564453125,1268.35693359375,0.42489394545555115,1773.3582763671875,1277.1708984375,0.47466927766799927,1789.3336181640625,1285.4339599609375,0.5039176344871521,1723.7799072265625,1274.9674072265625,0.28858238458633423,1733.1446533203125,1279.92529296875,0.3539317846298218,1739.2042236328125,1282.128662109375,0.378273606300354,1747.46728515625,1285.4339599609375,0.41986754536628723,2001.895751953125,1250.246826171875,0.28115594387054443,1996.738037109375,1228.0684814453125,0.2931264042854309,1987.969970703125,1214.142578125,0.3653510808944702,1980.2333984375,1198.6693115234375,0.416451096534729,1970.43359375,1178.5540771484375,0.5555235147476196,1964.244384765625,1228.584228515625,0.377676784992218,1943.61328125,1226.5211181640625,0.45215559005737305,1927.1083984375,1229.6158447265625,0.49139124155044556,1908.5406494140625,1236.836669921875,0.6247603893280029,1972.49658203125,1244.5732421875,0.34686920046806335,1954.444580078125,1250.7625732421875,0.3993629813194275,1942.581787109375,1257.9833984375,0.4536658823490143,1927.624267578125,1267.783203125,0.5030508041381836,1984.359619140625,1260.0465087890625,0.3079110383987427,1973.012451171875,1267.267333984375,0.3943083882331848,1961.66552734375,1275.0040283203125,0.42995280027389526,1945.676513671875,1285.835205078125,0.49785786867141724,1999.31689453125,1271.3935546875,0.31347936391830444,1996.222412109375,1276.55126953125,0.34048011898994446,1993.127685546875,1280.1617431640625,0.37808525562286377,1987.4541015625,1286.35107421875,0.42198124527931213
DJI_20260917132607_0056_D.JPG,Cam 8,11,SAMAPADHAM,INCORRECT,WEIGHT_ON_ONE_LEG,,rtmw_l_wholebody,coco_wholebody_133,OK,421.51,181.64,1,1,1944.722900390625,744.641845703125,0.7717359066009521,1919.189208984375,712.724853515625,0.8596601486206055,1880.888427734375,712.724853515625,0.7971458435058594,1931.955810546875,719.108154296875,0.8842862248420715,1906.422119140625,712.724853515625,0.857857346534729,1938.339599609375,712.724853515625,0.8156331777572632,1906.422119140625,719.108154296875,0.8751081228256226,1804.286865234375,731.875,0.8612661957740784,1957.48974609375,738.258544921875,0.8139985799789429,1931.955810546875,763.792236328125,0.8163217306137085,1906.422119140625,770.17578125,0.8186393976211548,1746.836181640625,923.37841796875,0.7493983507156372,2059.624755859375,929.761962890625,0.7573261857032776,1548.94921875,1127.648681640625,0.7851862907409668,2231.977783203125,1140.41552734375,0.8396297693252563,1797.903564453125,1395.753173828125,0.7466530203819275,1983.0234375,1402.13671875,0.7132264971733093,1765.986328125,1804.293701171875,0.8050359487533569,1989.406982421875,1817.060791015625,0.7660529613494873,1778.753173828125,2174.533447265625,0.8425182700157166,1925.572509765625,2174.533447265625,0.8661457300186157,1791.520263671875,2238.367919921875,0.8557848930358887,1912.8056640625,2238.367919921875,0.8825181722640991,1695.7685546875,2142.616455078125,0.8573683500289917,1944.722900390625,2168.150146484375,0.784604549407959,1741.558349609375,1238.4783935546875,0.3626616299152374,1750.6356201171875,1215.2177734375,0.3560858964920044,1760.2802734375,1198.1978759765625,0.3837999701499939,1771.0595703125,1181.7452392578125,0.46047520637512207,1782.4061279296875,1161.3212890625,0.5665420293807983,1788.0794677734375,1214.6505126953125,0.4432402551174164,1810.772705078125,1220.89111328125,0.42567574977874756,1827.225341796875,1231.10302734375,0.45115581154823303,1840.27392578125,1244.1517333984375,0.5722991228103638,1782.4061279296875,1232.23779296875,0.3891429305076599,1804.5321044921875,1240.7476806640625,0.47629719972610474,1822.6866455078125,1254.3636474609375,0.49040642380714417,1840.27392578125,1267.412353515625,0.62447589635849,1770.4921875,1248.6904296875,0.388277530670166,1787.51220703125,1254.3636474609375,0.5111328959465027,1804.5321044921875,1262.8736572265625,0.5274463891983032,1823.8212890625,1271.950927734375,0.5707447528839111,1755.17431640625,1263.44091796875,0.3894730806350708,1767.0882568359375,1265.7103271484375,0.45683979988098145,1776.73291015625,1268.5469970703125,0.49098578095436096,1789.214111328125,1271.950927734375,0.46319127082824707,2041.7872314453125,1239.01171875,0.33034747838974,2038.6824951171875,1216.2431640625,0.31856828927993774,2035.5775146484375,1200.718994140625,0.38259416818618774,2034.0252685546875,1181.5726318359375,0.4958920180797577,2027.2982177734375,1159.8389892578125,0.5085659623146057,2009.7042236328125,1213.65576171875,0.45947176218032837,1991.0753173828125,1213.1383056640625,0.5003782510757446,1975.5511474609375,1217.7955322265625,0.5141496062278748,1959.5096435546875,1226.0750732421875,0.5982540845870972,2020.0535888671875,1231.7672119140625,0.4619559049606323,2004.5294189453125,1237.976806640625,0.4896886944770813,1992.6275634765625,1246.7738037109375,0.5062928199768066,1979.1734619140625,1258.675537109375,0.5512478947639465,2032.9903564453125,1247.8087158203125,0.435324490070343,2025.2281494140625,1255.57080078125,0.5062562823295593,2017.4661865234375,1262.2978515625,0.5279326438903809,2005.5643310546875,1273.6822509765625,0.5647508502006531,2047.9969482421875,1260.7454833984375,0.42943429946899414,2044.8919677734375,1268.5074462890625,0.4529607892036438,2041.7872314453125,1274.7171630859375,0.4774186611175537,2037.1300048828125,1284.549072265625,0.45970016717910767
DJI_20260917132608_0057_D.JPG,Cam 8,11,SAMAPADHAM,INCORRECT,WEIGHT_ON_ONE_LEG,,rtmw_l_wholebody,coco_wholebody_133,OK,422.44,168.37,1,1,1917.6025390625,738.2799072265625,0.7625155448913574,1904.794677734375,706.2606201171875,0.8482824563980103,1853.56396484375,706.2606201171875,0.8006455302238464,1917.6025390625,706.2606201171875,0.8761671185493469,1898.39111328125,706.2606201171875,0.8437862396240234,1930.41015625,699.8568115234375,0.8099393248558044,1891.987060546875,712.6644287109375,0.85941082239151,1802.3330078125,731.8758544921875,0.8593989610671997,1956.025634765625,731.8758544921875,0.817607045173645,1924.00634765625,757.4913330078125,0.7978776693344116,1891.987060546875,763.8953857421875,0.8030129671096802,1744.698486328125,917.5877685546875,0.7613658308982849,2058.487060546875,923.9915771484375,0.7591502666473389,1546.17919921875,1128.9146728515625,0.8002741932868958,2231.39111328125,1141.7222900390625,0.8385284543037415,1795.92919921875,1391.4725341796875,0.7468940019607544,1988.044921875,1397.8763427734375,0.7166623473167419,1763.91015625,1788.5111083984375,0.8072646856307983,1988.044921875,1807.7225341796875,0.7607147693634033,1776.7177734375,2172.7421875,0.8467232584953308,1924.00634765625,2159.9345703125,0.8627224564552307,1789.525390625,2236.78076171875,0.8556101322174072,1904.794677734375,2243.1845703125,0.8777703046798706,1693.4677734375,2127.9150390625,0.8428951501846313,1936.81396484375,2166.33837890625,0.7752697467803955,1738.8232421875,1240.2410888671875,0.28480064868927,1747.7109375,1215.7996826171875,0.2947033643722534,1757.709716796875,1198.024169921875,0.3583793640136719,1768.8194580078125,1182.4705810546875,0.41737210750579834,1781.5955810546875,1160.806640625,0.5399551391601562,1789.9278564453125,1215.7996826171875,0.3674071431159973,1811.036376953125,1221.9100341796875,0.40208011865615845,1826.034423828125,1231.9088134765625,0.4317054748535156,1842.1435546875,1244.1295166015625,0.5578848719596863,1784.373046875,1234.1307373046875,0.3149068057537079,1804.926025390625,1241.907470703125,0.4525110721588135,1821.0350341796875,1254.6837158203125,0.5300841331481934,1840.47705078125,1268.015380859375,0.6836469769477844,1773.8187255859375,1250.7952880859375,0.30811557173728943,1788.81689453125,1255.794677734375,0.4795895218849182,1803.8150634765625,1264.126953125,0.5403112173080444,1822.14599609375,1273.0147705078125,0.6342485547065735,1757.1541748046875,1264.126953125,0.3090038299560547,1769.3748779296875,1266.348876953125,0.42876729369163513,1780.484619140625,1269.1263427734375,0.44819632172584534,1791.5943603515625,1272.459228515625,0.4605996608734131,2042.565185546875,1231.7642822265625,0.2611370086669922,2038.5947265625,1214.89013671875,0.2319905310869217,2035.616943359375,1199.008544921875,0.26963722705841064,2034.128173828125,1178.1640625,0.37030482292175293,2028.17236328125,1158.808349609375,0.3455921709537506,2010.802001953125,1213.8975830078125,0.3835223317146301,1992.935302734375,1212.905029296875,0.4446457028388977,1976.557373046875,1218.3642578125,0.4673834443092346,1960.67578125,1227.7939453125,0.5340484380722046,2021.224365234375,1230.771728515625,0.3806045651435852,2005.3427734375,1238.7125244140625,0.42981189489364624,1994.92041015625,1247.6458740234375,0.4820486903190613,1981.520263671875,1258.564453125,0.4831009805202484,2034.128173828125,1246.6533203125,0.36456117033958435,2026.187255859375,1255.586669921875,0.4137897491455078,2019.239013671875,1263.5274658203125,0.4339204430580139,2007.82421875,1273.94970703125,0.5063278079032898,2048.520751953125,1258.068115234375,0.35843777656555176,2046.53564453125,1266.5052490234375,0.3733956217765808,2044.55029296875,1273.4534912109375,0.3871614933013916,2040.083740234375,1280.401611328125,0.3954010009765625
DJI_20260917132638_0058_D.JPG,Cam 8,12,MUZHUMANDI,INCORRECT,KNEES_FACING_FORWARD,,rtmw_l_wholebody,coco_wholebody_133,OK,420.67,197.37,1,1,1863.184814453125,1347.1949462890625,0.7569996118545532,1850.76953125,1309.9493408203125,0.6996276378631592,1809.385498046875,1314.0877685546875,0.7533600330352783,1850.76953125,1314.0877685546875,0.6808538436889648,1859.04638671875,1314.0877685546875,0.68028724193573,1900.430419921875,1314.0877685546875,0.7821649312973022,1871.461669921875,1318.2259521484375,0.6629294157028198,1776.278076171875,1351.3333740234375,0.81709885597229,1925.2607421875,1351.3333740234375,0.8317378759384155,1863.184814453125,1363.7484130859375,0.6676832437515259,1863.184814453125,1372.0252685546875,0.6587982177734375,1701.786865234375,1512.7310791015625,0.7804386019706726,1999.752197265625,1521.0079345703125,0.7383530139923096,1499.005126953125,1723.7896728515625,0.8098870515823364,2198.395263671875,1727.9281005859375,0.8467854261398315,1739.032470703125,1947.2635498046875,0.6848337650299072,1933.53759765625,1959.6785888671875,0.6576278805732727,1594.1884765625,1914.1561279296875,0.6015648245811462,2090.796875,1947.2635498046875,0.6016048192977905,1730.755859375,2278.3359375,0.5687955617904663,1941.814208984375,2299.02783203125,0.6029719114303589,1743.171142578125,2327.99658203125,0.5106425881385803,1929.399169921875,2344.55029296875,0.5600461363792419,1776.278076171875,2336.2734375,0.48397576808929443,2036.997802734375,2311.44287109375,0.6184817552566528,1704.03125,1809.9337158203125,0.48317956924438477,1711.2569580078125,1794.370849609375,0.5807632803916931,1720.705810546875,1781.0311279296875,0.6629505157470703,1734.0455322265625,1772.69384765625,0.7275149822235107,1752.3875732421875,1762.13330078125,0.7130798697471619,1741.8270263671875,1810.489501953125,0.6604707837104797,1755.1666259765625,1828.83154296875,0.690406322479248,1766.8388671875,1844.9503173828125,0.7834413051605225,1777.955322265625,1863.8482666015625,0.815437912940979,1732.3780517578125,1829.387451171875,0.6509952545166016,1745.7177734375,1846.6177978515625,0.7101958990097046,1758.5015869140625,1863.8482666015625,0.7568858861923218,1775.1761474609375,1884.41357421875,0.8497064113616943,1719.59423828125,1843.282958984375,0.629662036895752,1730.15478515625,1857.7342529296875,0.7271525859832764,1739.603759765625,1871.629638671875,0.8084544539451599,1756.2783203125,1891.0833740234375,0.8224157094955444,1704.03125,1853.28759765625,0.6195170879364014,1710.145263671875,1867.18310546875,0.7113760709762573,1714.591796875,1876.0762939453125,0.7484949827194214,1722.92919921875,1888.860107421875,0.6884810924530029,1991.4044189453125,1813.66943359375,0.5568903684616089,1989.7908935546875,1795.9217529296875,0.6606617569923401,1981.7237548828125,1780.3253173828125,0.7347655296325684,1975.2701416015625,1767.9556884765625,0.8139612078666687,1960.7491455078125,1749.13232421875,0.8181624412536621,1961.8248291015625,1808.2913818359375,0.8347617387771606,1945.1527099609375,1814.7451171875,0.9243102073669434,1932.2452392578125,1822.812255859375,1.0039454698562622,1914.4976806640625,1835.181884765625,0.8967043161392212,1969.8919677734375,1830.341552734375,0.8249315023422241,1959.1358642578125,1849.1649169921875,0.9526233673095703,1952.1444091796875,1864.7613525390625,0.9585894346237183,1936.5477294921875,1887.88720703125,0.9969451427459717,1982.7994384765625,1845.4002685546875,0.836000919342041,1977.4212646484375,1863.14794921875,1.008943796157837,1974.1944580078125,1880.895751953125,1.0343306064605713,1965.5894775390625,1904.021484375,0.900943398475647,2000.0093994140625,1855.080810546875,0.7614927291870117,1998.9337158203125,1872.290771484375,0.9873960614204407,1998.9337158203125,1885.1981201171875,1.0138514041900635,1995.1690673828125,1902.9459228515625,1.0289204120635986
DJI_20260917132640_0059_D.JPG,Cam 8,12,MUZHUMANDI,INCORRECT,KNEES_FACING_FORWARD,,rtmw_l_wholebody,coco_wholebody_133,OK,392.8,190.89,1,1,1861.4248046875,1351.00048828125,0.7424502372741699,1853.171630859375,1317.98779296875,0.6981658339500427,1807.779296875,1317.98779296875,0.7430173754692078,1853.171630859375,1317.98779296875,0.681422233581543,1857.298095703125,1317.98779296875,0.6776314973831177,1898.564208984375,1317.98779296875,0.7718967795372009,1869.677978515625,1322.1142578125,0.6622283458709717,1774.7666015625,1355.126953125,0.8038225173950195,1923.323486328125,1355.126953125,0.807361364364624,1865.55126953125,1371.63330078125,0.666516900062561,1857.298095703125,1375.760009765625,0.6611346006393433,1700.488037109375,1516.063720703125,0.7631659507751465,2001.728515625,1524.31689453125,0.7287640571594238,1498.285400390625,1730.64599609375,0.7854272127151489,2199.804443359375,1730.64599609375,0.831583559513092,1741.75390625,1945.228515625,0.6782289743423462,1935.703369140625,1957.608154296875,0.6546691656112671,1601.449951171875,1916.34228515625,0.6108739376068115,2088.386962890625,1941.101806640625,0.5907092094421387,1721.120849609375,2271.228515625,0.6085238456726074,1943.956298828125,2291.861328125,0.5854964256286621,1729.374267578125,2324.8740234375,0.5644781589508057,1935.703369140625,2337.25390625,0.5397596955299377,1646.842529296875,2345.5068359375,0.4988214075565338,2034.741455078125,2316.620849609375,0.5762141942977905,1700.74072265625,1813.6822509765625,0.4197230339050293,1709.05419921875,1799.272216796875,0.4972587823867798,1718.4761962890625,1785.9705810546875,0.563619077205658,1730.669189453125,1777.1029052734375,0.641553521156311,1749.5130615234375,1766.572509765625,0.6277532577514648,1741.1995849609375,1814.7906494140625,0.5860162973403931,1755.055419921875,1833.6346435546875,0.6151236295700073,1766.14013671875,1849.707275390625,0.7332016825675964,1777.7789306640625,1868.5511474609375,0.7377188205718994,1732.3319091796875,1834.7430419921875,0.5522691011428833,1745.633544921875,1851.3699951171875,0.6815189123153687,1756.7181396484375,1868.5511474609375,0.7037354111671448,1771.128173828125,1889.612060546875,0.7776774168014526,1720.1387939453125,1848.598876953125,0.5250426530838013,1730.669189453125,1864.1173095703125,0.6406189203262329,1738.982666015625,1877.4189453125,0.7407362461090088,1754.501220703125,1896.2628173828125,0.7625676393508911,1704.620361328125,1858.5750732421875,0.4989682734012604,1709.6083984375,1871.8765869140625,0.6320114135742188,1714.042236328125,1880.1900634765625,0.6546936631202698,1720.693115234375,1892.9373779296875,0.5941640734672546,1989.931640625,1817.7454833984375,0.5889432430267334,1988.83154296875,1800.693115234375,0.7175338268280029,1981.680419921875,1785.291015625,0.8024137616157532,1974.529541015625,1771.5390625,0.8987674713134766,1958.5771484375,1752.83642578125,0.8996217846870422,1960.777587890625,1812.2447509765625,0.9312427043914795,1944.275146484375,1821.0460205078125,1.0130949020385742,1931.62353515625,1829.297119140625,1.1030046939849854,1914.02099609375,1843.049072265625,0.9763051271438599,1970.678955078125,1834.7978515625,0.9129561185836792,1960.2275390625,1853.50048828125,1.048612356185913,1952.5263671875,1871.10302734375,1.018072247505188,1936.57421875,1894.7562255859375,1.0160877704620361,1983.880859375,1849.099853515625,0.9230813384056091,1978.380126953125,1867.802490234375,1.042023777961731,1974.529541015625,1886.505126953125,1.0627295970916748,1965.17822265625,1910.158447265625,0.928917646408081,2000.383056640625,1858.451171875,0.7635799646377563,1999.282958984375,1877.703857421875,0.9661535024642944,1998.73291015625,1890.90576171875,1.013439655303955,1994.88232421875,1909.6083984375,1.037212610244751
DJI_20260917132713_0060_D.JPG,Cam 8,13,MUZHUMANDI,INCORRECT,BACK_BENT_FORWARD,,rtmw_l_wholebody,coco_wholebody_133,OK,420.28,165.19,1,1,1847.56494140625,1369.974609375,0.6663949489593506,1834.3466796875,1343.53759765625,0.668579638004303,1794.691162109375,1343.53759765625,0.7174127697944641,1834.3466796875,1339.13134765625,0.6543923020362854,1843.158935546875,1343.53759765625,0.6532763242721558,1900.43896484375,1339.13134765625,0.6945617198944092,1851.97119140625,1347.94384765625,0.6515967845916748,1781.47265625,1378.786865234375,0.8171699643135071,1935.68798828125,1378.786865234375,0.7916110754013062,1847.56494140625,1383.19287109375,0.6316335201263428,1847.56494140625,1387.59912109375,0.6262120008468628,1724.19287109375,1510.971435546875,0.760198712348938,2014.998779296875,1519.78369140625,0.7479467391967773,1525.916015625,1709.248046875,0.7537297010421753,2213.275390625,1713.654296875,0.7970051169395447,1759.44189453125,1925.1494140625,0.6801211833953857,1957.71875,1925.1494140625,0.6782861351966858,1495.072998046875,1938.367919921875,0.6140024662017822,1931.28173828125,1942.774169921875,0.4730645716190338,1741.8173828125,2246.798583984375,0.4827401041984558,1992.968017578125,2312.890625,0.44115757942199707,1755.035888671875,2361.3583984375,0.469975084066391,2014.998779296875,2387.79541015625,0.43859463930130005,1728.598876953125,2321.703125,0.4609437882900238,2019.40478515625,2370.1708984375,0.3886335492134094,1730.5870361328125,1805.2294921875,0.3261975646018982,1732.610107421875,1782.47021484375,0.3891449272632599,1740.7022705078125,1766.285888671875,0.5079674124717712,1751.3232421875,1752.6302490234375,0.638075053691864,1769.02490234375,1740.997802734375,0.6458284258842468,1755.369384765625,1785.5047607421875,0.4842495024204254,1769.02490234375,1795.1142578125,0.5191949605941772,1780.657470703125,1806.2410888671875,0.5216706991195679,1793.301513671875,1819.8966064453125,0.5885688066482544,1745.254150390625,1804.218017578125,0.4635612964630127,1758.90966796875,1813.32177734375,0.5686753392219543,1773.071044921875,1824.448486328125,0.6169978380203247,1789.25537109375,1839.621337890625,0.696621298789978,1732.610107421875,1819.8966064453125,0.46206003427505493,1742.725341796875,1827.98876953125,0.5371501445770264,1753.3463134765625,1837.092529296875,0.6317499876022339,1765.484619140625,1850.2423095703125,0.665736198425293,1717.9429931640625,1831.5291748046875,0.40932130813598633,1720.4718017578125,1839.621337890625,0.5612131357192993,1724.0120849609375,1846.1962890625,0.6595851182937622,1731.5985107421875,1856.8172607421875,0.6956989169120789,2008.0120849609375,1814.3546142578125,0.684711217880249,2005.3599853515625,1789.426513671875,0.7342708110809326,1999.5257568359375,1767.6806640625,0.9614747762680054,1993.6915283203125,1748.056396484375,1.0558750629425049,1979.9014892578125,1726.8408203125,0.9612658023834229,1981.4927978515625,1786.244140625,0.8807439804077148,1962.3988037109375,1785.183349609375,0.9276213645935059,1948.0782470703125,1785.183349609375,0.8985676765441895,1930.0452880859375,1787.8353271484375,0.8827372789382935,1988.9180908203125,1806.92919921875,0.9905784130096436,1975.6583251953125,1812.233154296875,0.9978569746017456,1965.5811767578125,1819.6585693359375,0.9776651859283447,1950.1998291015625,1829.73583984375,0.8695039749145508,2001.1170654296875,1823.901611328125,0.9744789600372314,1993.1612548828125,1831.857421875,1.0524344444274902,1985.2054443359375,1842.4652099609375,0.9637329578399658,1971.4154052734375,1857.3160400390625,0.8848958611488342,2015.4373779296875,1838.2220458984375,0.887232780456543,2010.6639404296875,1846.1778564453125,0.9124607443809509,2008.5423583984375,1852.0120849609375,0.9472262859344482,2002.1778564453125,1861.55908203125,0.8337082862854004
DJI_20260917132714_0061_D.JPG,Cam 8,13,MUZHUMANDI,INCORRECT,BACK_BENT_FORWARD,,rtmw_l_wholebody,coco_wholebody_133,OK,425.66,174.94,1,1,1858.176513671875,1361.9334716796875,0.6545419096946716,1853.72998046875,1326.3616943359375,0.6753100156784058,1818.158447265625,1330.8079833984375,0.6623134613037109,1853.72998046875,1326.3616943359375,0.6606384515762329,1853.72998046875,1330.8079833984375,0.6799908876419067,1893.748046875,1330.8079833984375,0.6716831922531128,1853.72998046875,1330.8079833984375,0.670838475227356,1782.586669921875,1375.2728271484375,0.7183408737182617,1933.766357421875,1379.7191162109375,0.7214364409446716,1862.623046875,1375.2728271484375,0.6338257789611816,1849.28369140625,1379.7191162109375,0.638675332069397,1729.229248046875,1513.1129150390625,0.6746792793273926,2009.35595703125,1522.0057373046875,0.6764944791793823,1520.24560546875,1704.3106689453125,0.6693135499954224,2205.000244140625,1717.6502685546875,0.6848890781402588,1751.46142578125,1931.0799560546875,0.6356518268585205,1960.445068359375,1922.1873779296875,0.6288560628890991,1493.56689453125,1944.4195556640625,0.5417896509170532,1924.873291015625,1935.5267333984375,0.45329761505126953,1742.568603515625,2282.3505859375,0.4682700037956238,1964.8916015625,2317.92236328125,0.4161366820335388,1747.01513671875,2366.8330078125,0.4778338372707367,2000.463134765625,2389.0654296875,0.4470061659812927,1733.675537109375,2340.154296875,0.45147550106048584,1973.784423828125,2384.619140625,0.38472265005111694,1623.912353515625,2158.08544921875,0.2870752513408661,1623.912353515625,2158.08544921875,0.26564931869506836,1623.912353515625,2158.08544921875,0.26336348056793213,1623.912353515625,2158.08544921875,0.2696882486343384,1623.912353515625,2158.08544921875,0.24858468770980835,1623.912353515625,1478.30419921875,0.2557034194469452,1623.912353515625,2158.08544921875,0.24515214562416077,1623.912353515625,2158.08544921875,0.21059074997901917,1784.878173828125,1478.30419921875,0.2096863090991974,1623.912353515625,1478.30419921875,0.2737109661102295,1623.912353515625,2158.08544921875,0.21250009536743164,1623.912353515625,2158.08544921875,0.20369818806648254,1799.511474609375,1852.1171875,0.19724027812480927,1623.912353515625,2158.08544921875,0.2444252073764801,1750.29052734375,1478.30419921875,0.20071880519390106,1623.912353515625,2158.08544921875,0.21041668951511383,1623.912353515625,2158.08544921875,0.23622316122055054,1623.912353515625,2158.08544921875,0.26372236013412476,1623.912353515625,2158.08544921875,0.2531749904155731,1623.912353515625,2158.08544921875,0.23219072818756104,1729.005615234375,2158.08544921875,0.20168538391590118,1561.0986328125,2154.425048828125,0.19229444861412048,1561.0986328125,2154.425048828125,0.1986238956451416,1561.0986328125,2154.425048828125,0.19278553128242493,1561.0986328125,2154.425048828125,0.1891016662120819,1561.0986328125,2154.425048828125,0.16375002264976501,1561.0986328125,1480.2818603515625,0.1699063628911972,1766.903564453125,2154.425048828125,0.18041542172431946,1778.77685546875,1765.242431640625,0.17362487316131592,1781.41552734375,1480.2818603515625,0.16549864411354065,1747.114501953125,1787.669921875,0.21308860182762146,1764.26513671875,1800.862548828125,0.22062832117080688,1780.09619140625,1825.9287109375,0.23644259572029114,1790.650390625,1844.398193359375,0.21118634939193726,1737.8798828125,1807.458984375,0.2236396223306656,1752.3916015625,1825.9287109375,0.25244247913360596,1766.903564453125,1844.398193359375,0.2584925591945648,1774.819091796875,1860.2294921875,0.24207280576229095,1561.0986328125,1829.886474609375,0.18918418884277344,1561.0986328125,1844.398193359375,0.20277461409568787,1749.753173828125,1854.952392578125,0.2050345540046692,1756.349365234375,1869.46435546875,0.20021942257881165
DJI_20260917132754_0062_D.JPG,Cam 8,14,MUZHUMANDI,INCORRECT,FEET_APART_HEEL_DOWN,,rtmw_l_wholebody,coco_wholebody_133,OK,425.16,164.46,1,1,1910.156494140625,1368.829345703125,0.7126674652099609,1894.31005859375,1345.059814453125,0.6426789164543152,1854.694091796875,1345.059814453125,0.7453150749206543,1894.31005859375,1345.059814453125,0.6472967267036438,1906.19482421875,1349.021240234375,0.6345735192298889,1957.695556640625,1341.09814453125,0.7222424149513245,1910.156494140625,1349.021240234375,0.6388275623321533,1838.84765625,1380.714111328125,0.8553057909011841,1989.388427734375,1380.714111328125,0.8407763242721558,1906.19482421875,1392.598876953125,0.6099134683609009,1906.19482421875,1392.598876953125,0.611483097076416,1771.500244140625,1531.255126953125,0.7782512903213501,2064.658935546875,1535.216552734375,0.7485830783843994,1605.113037109375,1725.37353515625,0.7539154291152954,2231.046142578125,1729.335205078125,0.860724687576294,1807.15478515625,1986.83935546875,0.6654543876647949,2005.23486328125,1967.031494140625,0.6576589345932007,1569.458740234375,1875.91455078125,0.7892789244651794,2262.739013671875,1895.722412109375,0.6563752889633179,1731.88427734375,2184.919677734375,0.7352734804153442,2092.39013671875,2173.03466796875,0.6685233116149902,1751.6923828125,2224.535400390625,0.6760353446006775,2092.39013671875,2212.650634765625,0.5952359437942505,1613.036376953125,2192.842529296875,0.7653149366378784,2187.468505859375,2192.842529296875,0.6921941637992859,1767.5311279296875,1833.958251953125,0.41044676303863525,1772.51953125,1814.4583740234375,0.4920254349708557,1783.403076171875,1800.853759765625,0.5367625951766968,1797.9146728515625,1790.423583984375,0.5994652509689331,1817.8680419921875,1778.179443359375,0.680648922920227,1796.55419921875,1826.2489013671875,0.5235652327537537,1817.41455078125,1835.318603515625,0.5633130669593811,1835.1004638671875,1846.65576171875,0.6237967610359192,1853.693359375,1860.2603759765625,0.6511304378509521,1787.93798828125,1846.65576171875,0.4694112539291382,1801.54248046875,1863.434814453125,0.543674111366272,1814.693603515625,1877.9462890625,0.6160006523132324,1832.3795166015625,1896.99267578125,0.6727887392044067,1775.2403564453125,1862.0743408203125,0.4968981146812439,1785.6705322265625,1876.13232421875,0.6016559600830078,1795.1937255859375,1887.469482421875,0.6725964546203613,1810.6123046875,1903.341552734375,0.6753073930740356,1760.7288818359375,1872.051025390625,0.5050685405731201,1762.9962158203125,1886.1090087890625,0.6497929096221924,1766.170654296875,1896.085693359375,0.7176346778869629,1772.51953125,1911.05078125,0.7339011430740356,2067.066162109375,1835.2119140625,0.4531174898147583,2063.206298828125,1815.430908203125,0.5119948983192444,2053.55712890625,1796.13232421875,0.6529359817504883,2047.767578125,1781.658203125,0.7775731086730957,2032.32861328125,1767.184326171875,0.8236971497535706,2044.872802734375,1822.185302734375,0.6920952200889587,2027.986328125,1824.115234375,0.7732640504837036,2013.994873046875,1828.45751953125,0.7919894456863403,1996.626220703125,1836.659423828125,0.8492865562438965,2057.416748046875,1842.931396484375,0.7457813024520874,2050.662353515625,1857.8876953125,0.7427705526351929,2043.42529296875,1872.36181640625,0.7886898517608643,2029.916259765625,1893.107666015625,0.7815735340118408,2069.9609375,1855.9580078125,0.7792428731918335,2067.066162109375,1870.914306640625,0.8459373116493225,2063.688720703125,1885.38818359375,0.8615707159042358,2054.03955078125,1906.13427734375,0.7410123348236084,2084.917236328125,1866.089599609375,0.6987913846969604,2087.81201171875,1879.1162109375,0.7248182892799377,2089.259521484375,1887.318115234375,0.7905131578445435,2088.294677734375,1900.8271484375,0.8169898390769958
DJI_20260917132756_0063_D.JPG,Cam 8,14,MUZHUMANDI,INCORRECT,FEET_APART_HEEL_DOWN,,rtmw_l_wholebody,coco_wholebody_133,OK,399.11,264.42,1,1,1905.7646484375,1365.036376953125,0.684309720993042,1890.91015625,1346.468505859375,0.6115986704826355,1853.774169921875,1342.754638671875,0.7309881448745728,1887.196533203125,1346.468505859375,0.6149911880493164,1898.33740234375,1346.468505859375,0.6025380492210388,1950.327880859375,1339.041259765625,0.7008697986602783,1902.051025390625,1346.468505859375,0.6065758466720581,1842.633544921875,1379.890869140625,0.8339022994041443,1980.03662109375,1372.463623046875,0.7836331725120544,1894.623779296875,1383.604248046875,0.5804179906845093,1898.33740234375,1391.031494140625,0.5687576532363892,1775.78857421875,1521.007568359375,0.7476229667663574,2072.87646484375,1524.72119140625,0.7190632820129395,1597.535888671875,1714.114501953125,0.7834528684616089,2236.27490234375,1721.541748046875,0.8725109100341797,1805.497314453125,2000.061767578125,0.6420484781265259,2013.458984375,1970.35302734375,0.6233621835708618,1567.8271484375,1866.372314453125,0.7524042129516602,2254.843017578125,1892.367431640625,0.7061309814453125,1738.652587890625,2185.74169921875,0.7467814087867737,2098.871826171875,2159.74658203125,0.6812038421630859,1757.220703125,2219.1640625,0.6481199264526367,2098.871826171875,2211.737060546875,0.6013129949569702,1612.390380859375,2189.455322265625,0.8014105558395386,2176.857421875,2185.74169921875,0.716342031955719,1768.5191650390625,1831.2861328125,0.4266654849052429,1771.9202880859375,1810.879150390625,0.5390774011611938,1783.5814208984375,1795.3310546875,0.5951918363571167,1798.6436767578125,1783.669921875,0.7088369727134705,1819.5364990234375,1768.607666015625,0.8236682415008545,1796.2142333984375,1820.11083984375,0.594380259513855,1818.078857421875,1827.8848876953125,0.612262487411499,1836.542236328125,1838.5743408203125,0.6632940769195557,1855.9774169921875,1853.150634765625,0.6805682182312012,1787.954345703125,1841.003662109375,0.5487591028213501,1802.0447998046875,1856.5518798828125,0.6066750288009644,1815.6495361328125,1871.128173828125,0.6618962287902832,1834.5987548828125,1891.04931640625,0.7221256494522095,1776.7791748046875,1856.5518798828125,0.5944950580596924,1786.9825439453125,1869.6705322265625,0.6997741460800171,1796.7001953125,1882.303466796875,0.7327536940574646,1812.7342529296875,1899.795166015625,0.7503241300582886,1762.2027587890625,1868.2130126953125,0.5983263254165649,1765.6038818359375,1881.8175048828125,0.7290929555892944,1768.5191650390625,1891.53515625,0.797374963760376,1775.807373046875,1906.111572265625,0.8204147815704346,2074.3330078125,1824.9736328125,0.3916222155094147,2071.491943359375,1806.98046875,0.4729846715927124,2061.07470703125,1789.460693359375,0.6013662219047546,2054.44580078125,1773.361572265625,0.7242001891136169,2038.3466796875,1757.262451171875,0.7925724983215332,2048.2900390625,1812.6624755859375,0.6262851357460022,2030.7705078125,1814.5565185546875,0.7117440700531006,2017.038818359375,1818.344482421875,0.7655928730964661,1999.045654296875,1826.86767578125,0.8204991817474365,2060.127685546875,1834.4437255859375,0.6397519111633301,2051.604736328125,1850.5428466796875,0.6858246326446533,2044.028564453125,1864.748046875,0.7477545142173767,2031.243896484375,1886.0557861328125,0.7650155425071716,2073.385986328125,1848.6488037109375,0.6508015394210815,2069.597900390625,1863.3275146484375,0.7628939747810364,2065.33642578125,1878.4796142578125,0.768156111240387,2055.8662109375,1898.3668212890625,0.719035804271698,2089.95849609375,1858.5924072265625,0.6375559568405151,2089.95849609375,1871.3770751953125,0.7335563898086548,2090.43212890625,1879.4266357421875,0.7756062746047974,2089.485107421875,1893.1583251953125,0.7637919783592224
DJI_20260917132812_0064_D.JPG,Cam 8,15,SWASTIKAPADAM,INCORRECT,OVERCROSSING_SHINS,RIGHT,rtmw_l_wholebody,coco_wholebody_133,OK,424.86,300.85,1,1,1708.3751220703125,873.8966064453125,0.8145732879638672,1702.4632568359375,850.2484130859375,0.8737187385559082,1655.1668701171875,844.3365478515625,0.8257224559783936,1708.3751220703125,844.3365478515625,0.8773647546768188,1708.3751220703125,850.2484130859375,0.8576316833496094,1749.7591552734375,844.3365478515625,0.832423210144043,1708.3751220703125,856.1605224609375,0.8441378474235535,1619.6947021484375,873.8966064453125,0.894142746925354,1779.3192138671875,873.8966064453125,0.8738369941711426,1714.2869873046875,897.5447998046875,0.8018124103546143,1702.4632568359375,897.5447998046875,0.8238650560379028,1548.7506103515625,1057.1693115234375,0.7863318920135498,1862.0877685546875,1057.1693115234375,0.7594847679138184,1371.3900146484375,1264.0897216796875,0.8131446838378906,2033.5360107421875,1270.0018310546875,0.7524532079696655,1625.6068115234375,1471.0106201171875,0.7340975999832153,1814.7913818359375,1476.9224853515625,0.741631031036377,1643.3428955078125,1813.9075927734375,0.6822644472122192,1791.1434326171875,1813.9075927734375,0.713863730430603,1678.8150634765625,2139.06884765625,0.683247447013855,1678.8150634765625,2139.06884765625,0.6822754144668579,1838.4393310546875,2180.45263671875,0.6782375574111938,1808.8792724609375,2192.27685546875,0.699593186378479,1666.9910888671875,2227.7490234375,0.6536186933517456,1631.5189208984375,2263.22119140625,0.6666151285171509,1555.41357421875,1364.275634765625,0.2670167088508606,1567.95556640625,1340.2366943359375,0.28597545623779297,1579.9749755859375,1326.126953125,0.3751831352710724,1596.6976318359375,1314.630126953125,0.45090869069099426,1617.60107421875,1302.0880126953125,0.5056778788566589,1599.3106689453125,1348.075439453125,0.3897944688796997,1622.3043212890625,1356.436767578125,0.45125970244407654,1636.9366455078125,1366.8885498046875,0.5038244128227234,1651.0465087890625,1378.3853759765625,0.5939788818359375,1590.94921875,1365.8433837890625,0.33947211503982544,1612.8978271484375,1376.2950439453125,0.507853090763092,1630.6656494140625,1389.8822021484375,0.549293041229248,1647.9110107421875,1404.5145263671875,0.6901082992553711,1581.0201416015625,1380.998291015625,0.3444926142692566,1597.7427978515625,1390.40478515625,0.4811123013496399,1612.375244140625,1400.3338623046875,0.5904496908187866,1629.097900390625,1411.830810546875,0.6462016701698303,1565.865234375,1392.4951171875,0.3402828574180603,1573.7039794921875,1401.3790283203125,0.44195038080215454,1581.0201416015625,1408.6951904296875,0.5185763835906982,1589.3814697265625,1416.011474609375,0.5789819955825806,1866.54345703125,1366.4873046875,0.2767476439476013,1859.21240234375,1341.74560546875,0.30367064476013184,1846.841552734375,1325.709228515625,0.37459754943847656,1836.761474609375,1306.00732421875,0.41463205218315125,1825.30712890625,1279.432861328125,0.48883235454559326,1810.645263671875,1336.247314453125,0.46337389945983887,1784.070556640625,1332.123779296875,0.4876871705055237,1761.61962890625,1332.58203125,0.51968914270401,1740.085205078125,1339.45458984375,0.649242639541626,1814.310546875,1356.407470703125,0.4049944281578064,1792.31787109375,1361.905517578125,0.46717751026153564,1775.365234375,1369.694580078125,0.49664291739463806,1756.57958984375,1382.065673828125,0.6300475001335144,1827.597900390625,1372.44384765625,0.3563075661659241,1812.47802734375,1379.774658203125,0.4881378412246704,1795.9833984375,1389.396484375,0.5073681473731995,1776.73974609375,1403.60009765625,0.6108238697052002,1846.841552734375,1386.6474609375,0.35767287015914917,1837.677978515625,1392.1455078125,0.42099881172180176,1829.888916015625,1399.018310546875,0.4720991253852844,1816.143310546875,1407.265625,0.5761001110076904
DJI_20260917132813_0065_D.JPG,Cam 8,15,SWASTIKAPADAM,INCORRECT,OVERCROSSING_SHINS,RIGHT,rtmw_l_wholebody,coco_wholebody_133,OK,435.89,191.4,1,1,1704.792236328125,872.9090576171875,0.7935018539428711,1692.99951171875,849.3233642578125,0.8513014912605286,1645.828125,843.4268798828125,0.8399792909622192,1698.895751953125,849.3233642578125,0.8526931405067444,1698.895751953125,849.3233642578125,0.8405288457870483,1751.963623046875,843.4268798828125,0.8208814859390259,1710.688720703125,855.2198486328125,0.8283000588417053,1610.449462890625,872.9090576171875,0.9334650039672852,1781.446044921875,878.8055419921875,0.9386810660362244,1710.688720703125,890.5982666015625,0.8066375255584717,1698.895751953125,902.3912353515625,0.817520022392273,1551.485107421875,1061.5948486328125,0.8524696826934814,1852.202880859375,1061.5948486328125,0.817800760269165,1362.799560546875,1273.8658447265625,0.842726469039917,2034.991943359375,1273.8658447265625,0.8078687191009521,1610.449462890625,1486.1373291015625,0.7641592025756836,1805.031494140625,1480.2408447265625,0.7799727916717529,1616.345947265625,1834.0264892578125,0.7539962530136108,1799.135009765625,1816.3370361328125,0.7591556310653687,1657.620849609375,2170.12255859375,0.7663193941116333,1787.342041015625,2140.64013671875,0.7935408353805542,1663.517333984375,2217.2939453125,0.7233144640922546,1781.446044921875,2193.7080078125,0.7918667197227478,1651.724365234375,2305.740234375,0.7197426557540894,1828.6171875,2199.6044921875,0.7331223487854004,1561.0709228515625,1368.22119140625,0.2282787710428238,1566.6820068359375,1342.9715576171875,0.25823861360549927,1578.4652099609375,1328.9439697265625,0.342546284198761,1594.176025390625,1316.599609375,0.40917539596557617,1614.375732421875,1305.3775634765625,0.47706425189971924,1598.103759765625,1350.265869140625,0.3711181879043579,1617.742431640625,1358.121337890625,0.4077697694301605,1632.8922119140625,1368.7822265625,0.44147318601608276,1648.60302734375,1381.6876220703125,0.5660933256149292,1589.1260986328125,1368.7822265625,0.30827492475509644,1609.3258056640625,1378.882080078125,0.44748032093048096,1626.158935546875,1391.7874755859375,0.48801112174987793,1644.6754150390625,1405.8150634765625,0.5882523059844971,1576.7818603515625,1383.3709716796875,0.29245424270629883,1594.176025390625,1392.3486328125,0.4198712706565857,1608.7647705078125,1402.448486328125,0.5292364954948425,1625.0367431640625,1413.109375,0.5711331367492676,1561.632080078125,1395.1541748046875,0.2791486382484436,1569.487548828125,1403.5706787109375,0.3931957483291626,1576.7818603515625,1410.864990234375,0.4694066047668457,1585.759521484375,1418.1593017578125,0.5427075624465942,1857.1390380859375,1372.1668701171875,0.35421115159988403,1853.7269287109375,1346.8192138671875,0.3789822459220886,1843.977783203125,1326.8336181640625,0.4806687831878662,1835.6910400390625,1305.873046875,0.578296422958374,1824.4796142578125,1278.5755615234375,0.6478217840194702,1809.85595703125,1338.5325927734375,0.5528427362442017,1782.071044921875,1335.120361328125,0.6736142635345459,1759.16064453125,1336.09521484375,0.6611732244491577,1735.275390625,1343.4071044921875,0.7822498679161072,1813.26806640625,1358.5181884765625,0.5269610285758972,1789.8702392578125,1364.36767578125,0.6399952173233032,1772.3218994140625,1372.1668701171875,0.6834242939949036,1752.82373046875,1384.353271484375,0.8574097156524658,1825.4544677734375,1375.0916748046875,0.49988752603530884,1809.85595703125,1382.8909912109375,0.595255434513092,1792.7950439453125,1392.152587890625,0.6310874819755554,1773.2967529296875,1407.263671875,0.7292580604553223,1843.4903564453125,1389.71533203125,0.4898512363433838,1833.7412109375,1395.5648193359375,0.5719385147094727,1826.9168701171875,1402.38916015625,0.6331907510757446,1812.7806396484375,1411.163330078125,0.6909301280975342
DJI_20260917132845_0066_D.JPG,Cam 8,16,SWASTIKAPADAM,INCORRECT,OVERCROSSING_SHINS,LEFT,rtmw_l_wholebody,coco_wholebody_133,OK,621.75,324.12,1,1,2048.81298828125,835.3922119140625,0.7859295606613159,2036.7442626953125,811.2550048828125,0.8793665766716003,2048.81298828125,811.2550048828125,0.8263733386993408,2054.84716796875,811.2550048828125,0.90577232837677,2012.6070556640625,811.2550048828125,0.8838827610015869,2006.5723876953125,811.2550048828125,0.8164769411087036,1994.5040283203125,811.2550048828125,0.8711731433868408,2036.7442626953125,835.3922119140625,0.7963569164276123,1922.0919189453125,841.4266357421875,0.8335046768188477,2054.84716796875,871.5982666015625,0.851564884185791,2006.5723876953125,871.5982666015625,0.8640679717063904,2133.29345703125,1040.5596923828125,0.7998875379562378,1831.5770263671875,1022.4566650390625,0.7658298015594482,2326.39208984375,1227.6239013671875,0.8671395182609558,1656.5811767578125,1233.6583251953125,0.8013887405395508,2072.9501953125,1450.8941650390625,0.7024073004722595,1903.9888916015625,1450.8941650390625,0.7291241884231567,2054.84716796875,1794.8511962890625,0.6179499626159668,1910.0230712890625,1812.9542236328125,0.6765010356903076,1922.0919189453125,2090.533203125,0.7241398692131042,2072.9501953125,2156.91064453125,0.7453634738922119,1903.9888916015625,2144.84228515625,0.7318502068519592,2109.15625,2187.08251953125,0.7424723505973816,1861.7486572265625,2187.08251953125,0.6863986253738403,2139.32763671875,2313.8037109375,0.7403539419174194,2139.03173828125,1336.2957763671875,0.29797589778900146,2134.280029296875,1314.120361328125,0.2681429982185364,2125.30419921875,1295.640869140625,0.41580134630203247,2117.912353515625,1279.8013916015625,0.5258057117462158,2107.352783203125,1262.9058837890625,0.5685162544250488,2106.82470703125,1313.064453125,0.41322723031044006,2084.121337890625,1309.3685302734375,0.4755806624889374,2064.5859375,1313.5924072265625,0.505469560623169,2045.57861328125,1321.51220703125,0.5575411319732666,2115.800537109375,1329.9599609375,0.40884238481521606,2096.26513671875,1337.879638671875,0.4402206838130951,2084.121337890625,1345.7994384765625,0.5082510709762573,2067.225830078125,1356.88720703125,0.5949552059173584,2128.47216796875,1345.271484375,0.404274046421051,2117.384521484375,1353.71923828125,0.4478607475757599,2106.296875,1362.6949462890625,0.4796569347381592,2092.041259765625,1374.838623046875,0.5593600273132324,2143.255859375,1357.4151611328125,0.4234210252761841,2140.087890625,1367.44677734375,0.42549824714660645,2137.447998046875,1374.838623046875,0.4586343765258789,2133.22412109375,1385.3983154296875,0.5019641518592834,1828.9097900390625,1345.0006103515625,0.32941359281539917,1845.9765625,1319.400390625,0.34591901302337646,1860.0316162109375,1303.337646484375,0.4132750928401947,1883.6239013671875,1292.79638671875,0.5002632737159729,1907.21630859375,1283.259033203125,0.5893749594688416,1893.1612548828125,1318.8984375,0.5029346942901611,1918.259521484375,1318.396484375,0.6058998107910156,1939.342041015625,1325.424072265625,0.6934272646903992,1957.41259765625,1336.96923828125,0.7861577272415161,1889.1455078125,1336.46728515625,0.4345940947532654,1911.23193359375,1346.0045166015625,0.5871645212173462,1928.298828125,1358.0517578125,0.6132485866546631,1944.361572265625,1372.608642578125,0.7007263898849487,1879.608154296875,1350.020263671875,0.42496544122695923,1895.671142578125,1357.5498046875,0.5809149146080017,1910.22802734375,1368.0909423828125,0.6715370416641235,1926.79296875,1379.63623046875,0.7613266706466675,1860.5335693359375,1362.0673828125,0.38596028089523315,1870.0709228515625,1364.5772705078125,0.5405203104019165,1880.1102294921875,1368.0909423828125,0.5835350155830383,1893.6632080078125,1373.110595703125,0.5988073348999023
DJI_20260917132847_0067_D.JPG,Cam 8,16,SWASTIKAPADAM,INCORRECT,OVERCROSSING_SHINS,LEFT,rtmw_l_wholebody,coco_wholebody_133,OK,504.53,173.9,1,1,2044.1015625,844.499755859375,0.8027920722961426,2032.052734375,820.401611328125,0.8779777884483337,2038.0771484375,814.376953125,0.8200815916061401,2044.1015625,820.401611328125,0.9008424282073975,2007.95458984375,820.401611328125,0.8800221681594849,2007.95458984375,814.376953125,0.8257249593734741,1989.880859375,820.401611328125,0.8846194744110107,2013.97900390625,838.47509765625,0.7510546445846558,1935.66015625,844.499755859375,0.7808651924133301,2038.0771484375,874.622314453125,0.8425127267837524,2001.929931640625,880.64697265625,0.8454018831253052,2140.494384765625,1037.284912109375,0.7205796241760254,1821.19384765625,1031.260498046875,0.696913480758667,2321.23046875,1236.0947265625,0.7591795921325684,1646.482177734375,1242.119384765625,0.753530740737915,1893.48828125,1452.978271484375,0.6839892864227295,1893.48828125,1452.978271484375,0.6901228427886963,1875.41455078125,1802.4013671875,0.6932791471481323,1899.5126953125,1814.450439453125,0.6753069162368774,1905.537353515625,2121.701904296875,0.7139099836349487,2068.199951171875,2139.775634765625,0.7253572344779968,1887.463623046875,2169.898193359375,0.7292636036872864,2092.2978515625,2169.898193359375,0.7441218495368958,1863.36572265625,2206.045654296875,0.6375584006309509,2116.39599609375,2296.413818359375,0.7386322021484375,2139.0517578125,1340.3392333984375,0.2473909556865692,2135.96728515625,1315.1497802734375,0.26212960481643677,2126.71435546875,1299.7276611328125,0.34290122985839844,2120.03125,1280.70703125,0.39280965924263,2109.75,1259.630126953125,0.4801000654697418,2103.5810546875,1312.5794677734375,0.3869583010673523,2082.50390625,1310.009033203125,0.42628997564315796,2063.99755859375,1314.1217041015625,0.4338458180427551,2044.4627685546875,1323.3748779296875,0.526427149772644,2112.3203125,1331.0860595703125,0.36829715967178345,2095.35595703125,1337.7689208984375,0.42594194412231445,2081.47607421875,1345.9940185546875,0.49699872732162476,2065.53955078125,1357.3035888671875,0.5470621585845947,2126.2001953125,1347.022216796875,0.3509344458580017,2115.9189453125,1355.7613525390625,0.3894127905368805,2105.123046875,1365.0146484375,0.42602741718292236,2089.701171875,1377.866455078125,0.460829496383667,2141.6220703125,1357.3035888671875,0.33667898178100586,2140.080078125,1366.556884765625,0.35833972692489624,2136.99560546875,1373.2398681640625,0.3899834454059601,2132.88330078125,1383.0072021484375,0.4123343229293823,1824.153076171875,1342.6705322265625,0.32004138827323914,1842.5406494140625,1316.7392578125,0.3494880795478821,1855.7420654296875,1304.00927734375,0.4068395495414734,1878.3729248046875,1294.1082763671875,0.49002403020858765,1903.3612060546875,1282.7928466796875,0.5630041360855103,1887.802490234375,1319.0965576171875,0.49330955743789673,1916.0911865234375,1318.6251220703125,0.5921556949615479,1935.89306640625,1324.75439453125,0.6645902395248413,1953.337890625,1336.541259765625,0.7886992692947388,1884.502197265625,1336.541259765625,0.41660091280937195,1906.66162109375,1345.9708251953125,0.5734565258026123,1923.163330078125,1357.7578125,0.6118910312652588,1940.60791015625,1372.8450927734375,0.690271258354187,1873.658203125,1351.1571044921875,0.4083138704299927,1891.102783203125,1358.229248046875,0.5551667809486389,1906.1900634765625,1368.601806640625,0.6372830867767334,1922.2203369140625,1380.388671875,0.7256710529327393,1854.32763671875,1363.886962890625,0.3738052546977997,1865.64306640625,1366.244384765625,0.5212133526802063,1876.487060546875,1370.01611328125,0.5651407837867737,1890.63134765625,1375.6739501953125,0.6644576787948608
DJI_20260917132902_0068_D.JPG,Cam 8,17,SWASTIKAPADAM,INCORRECT,INSUFFICIENT_ARAMANDI,RIGHT,rtmw_l_wholebody,coco_wholebody_133,OK,424.28,147.41,1,1,1786.323974609375,785.638671875,0.7949628829956055,1780.131591796875,754.6767578125,0.8708325028419495,1780.131591796875,754.6767578125,0.7997052669525146,1798.708740234375,754.6767578125,0.8953237533569336,1761.554443359375,760.869140625,0.8714471459388733,1761.554443359375,754.6767578125,0.8107467889785767,1736.784912109375,760.869140625,0.8970401287078857,1730.592529296875,785.638671875,0.7458880543708801,1718.207763671875,785.638671875,0.7463365197181702,1792.516357421875,810.408203125,0.8397699594497681,1749.169677734375,816.6005859375,0.8512285947799683,1928.748779296875,977.6025390625,0.72819983959198,1594.360107421875,971.41015625,0.6904634237289429,2102.13525390625,1181.950927734375,0.8016597032546997,1408.5888671875,1188.143310546875,0.8164449334144592,1873.017333984375,1417.261474609375,0.6770418286323547,1718.207763671875,1417.261474609375,0.672450065612793,1916.36376953125,1770.227294921875,0.7323471903800964,1730.592529296875,1776.419677734375,0.6937193274497986,1798.708740234375,2135.57763671875,0.7600027322769165,1811.093505859375,2135.57763671875,0.7656252384185791,1749.169677734375,2191.30908203125,0.7310938835144043,1817.285888671875,2203.69384765625,0.7383711934089661,1773.939208984375,2234.65576171875,0.6688500046730042,1922.55615234375,2228.46337890625,0.7001797556877136,1915.08837890625,1296.384521484375,0.4008708596229553,1909.85009765625,1273.0498046875,0.40820449590682983,1895.5634765625,1258.286865234375,0.5035003423690796,1883.181640625,1245.428955078125,0.6042817234992981,1866.037841796875,1229.237548828125,0.7005219459533691,1870.32373046875,1278.764404296875,0.5096532106399536,1848.893798828125,1279.24072265625,0.5401681661605835,1829.36865234375,1284.955322265625,0.5365327596664429,1808.891357421875,1296.86083984375,0.5851718783378601,1879.84814453125,1298.765625,0.473427951335907,1866.513916015625,1306.38525390625,0.5291903018951416,1857.4658203125,1315.90966796875,0.5879077911376953,1841.75048828125,1330.672607421875,0.6797138452529907,1896.9921875,1314.0048828125,0.48555096983909607,1890.324951171875,1324.481689453125,0.5686481595039368,1885.086669921875,1335.910888671875,0.6064623594284058,1876.038330078125,1349.721435546875,0.6261765956878662,1914.135986328125,1323.529296875,0.518180251121521,1912.231201171875,1335.434814453125,0.5502267479896545,1908.897705078125,1345.435302734375,0.54154372215271,1903.182861328125,1360.1982421875,0.5382434129714966,1610.5523681640625,1291.049560546875,0.177655428647995,1616.661376953125,1268.8349609375,0.2188705950975418,1629.4346923828125,1256.0616455078125,0.2908806800842285,1644.4295654296875,1246.0650634765625,0.34004586935043335,1664.422607421875,1236.0684814453125,0.38140857219696045,1646.095703125,1279.9422607421875,0.27845299243927,1661.6458740234375,1287.71728515625,0.32198435068130493,1674.974609375,1299.935302734375,0.3814104497432709,1687.1925048828125,1315.4854736328125,0.4559512138366699,1634.9884033203125,1297.7138671875,0.24731025099754333,1647.2064208984375,1311.0426025390625,0.3322320580482483,1657.202880859375,1327.148193359375,0.3678523302078247,1668.8656005859375,1347.1412353515625,0.4161022901535034,1619.438232421875,1310.4873046875,0.2376958131790161,1630.54541015625,1322.7052001953125,0.3242013454437256,1637.76513671875,1336.033935546875,0.40712279081344604,1649.4278564453125,1354.3609619140625,0.41420841217041016,1603.8880615234375,1316.59619140625,0.2363925278186798,1607.22021484375,1326.5927734375,0.29079481959342957,1611.1077880859375,1336.033935546875,0.36407262086868286,1617.216796875,1346.030517578125,0.37494194507598877
DJI_20260917132904_0069_D.JPG,Cam 8,17,SWASTIKAPADAM,INCORRECT,INSUFFICIENT_ARAMANDI,RIGHT,rtmw_l_wholebody,coco_wholebody_133,OK,436.18,180.0,1,1,1777.7060546875,791.8009033203125,0.799222469329834,1765.515380859375,767.4195556640625,0.8715677261352539,1722.847900390625,761.3240966796875,0.8025268316268921,1777.7060546875,767.4195556640625,0.8886181116104126,1759.420166015625,767.4195556640625,0.8587431907653809,1789.89697265625,761.3240966796875,0.8248130083084106,1759.420166015625,773.5150146484375,0.8746802806854248,1667.98974609375,797.8963623046875,0.8706785440444946,1820.37353515625,797.8963623046875,0.8298093676567078,1783.80126953125,816.1824951171875,0.8307024836540222,1759.420166015625,822.2777099609375,0.8465268611907959,1594.845458984375,986.8524169921875,0.7597663998603821,1923.99462890625,992.9476318359375,0.7290366888046265,1411.98486328125,1187.9989013671875,0.7891818881034851,2088.5693359375,1200.1898193359375,0.800563395023346,1661.89453125,1437.9085693359375,0.7443798780441284,1844.7548828125,1425.7178955078125,0.7210515141487122,1710.6572265625,1791.4390869140625,0.6982176303863525,1905.70849609375,1785.3436279296875,0.6991899609565735,1777.7060546875,2144.9697265625,0.7456549406051636,1808.182861328125,2144.9697265625,0.7498995065689087,1747.2294921875,2199.82763671875,0.7098507881164551,1802.08740234375,2212.0185546875,0.734257698059082,1747.2294921875,2224.20947265625,0.6763166785240173,1905.70849609375,2230.3046875,0.6900779604911804,1607.9378662109375,1293.7005615234375,0.19141361117362976,1614.3897705078125,1271.118896484375,0.2541763186454773,1627.29345703125,1259.29052734375,0.3194006681442261,1642.885498046875,1250.68798828125,0.39300206303596497,1665.467041015625,1241.01025390625,0.42266809940338135,1644.49853515625,1280.7967529296875,0.37122154235839844,1661.165771484375,1289.9368896484375,0.37598544359207153,1675.1448974609375,1302.8406982421875,0.43126457929611206,1689.1239013671875,1317.89501953125,0.5601529479026794,1633.745361328125,1299.0770263671875,0.29773691296577454,1646.1114501953125,1311.443115234375,0.4100359380245209,1656.326904296875,1328.648193359375,0.4266042113304138,1667.61767578125,1347.466064453125,0.5263335108757019,1619.2286376953125,1311.443115234375,0.26563096046447754,1629.444091796875,1323.2716064453125,0.3470401167869568,1637.5089111328125,1336.7130126953125,0.37953317165374756,1650.4127197265625,1355.531005859375,0.42731407284736633,1604.7119140625,1321.1209716796875,0.2634698450565338,1609.01318359375,1329.723388671875,0.3364407420158386,1613.314453125,1338.325927734375,0.40351274609565735,1620.303955078125,1349.61669921875,0.43489858508110046,1909.0528564453125,1301.5235595703125,0.3550955057144165,1906.088134765625,1276.8177490234375,0.43010324239730835,1892.2529296875,1264.46484375,0.5093367099761963,1880.3941650390625,1250.135498046875,0.572015643119812,1865.0765380859375,1232.3472900390625,0.6845532655715942,1867.547119140625,1281.2647705078125,0.525727391242981,1844.81787109375,1282.2530517578125,0.5617550611495972,1827.0296630859375,1289.664794921875,0.5575008392333984,1809.241455078125,1300.5352783203125,0.6466494202613831,1877.923583984375,1301.0294189453125,0.49450334906578064,1867.052978515625,1309.4293212890625,0.5562026500701904,1856.6766357421875,1319.3116455078125,0.6262466907501221,1842.3472900390625,1334.6292724609375,0.6565529704093933,1895.711669921875,1316.841064453125,0.48138707876205444,1889.2882080078125,1327.217529296875,0.5183126926422119,1883.8529052734375,1339.5704345703125,0.5458019971847534,1875.9471435546875,1354.3939208984375,0.5787340402603149,1911.029296875,1325.2410888671875,0.48614081740379333,1910.53515625,1337.099853515625,0.5219550728797913,1908.0645751953125,1347.476318359375,0.5438022017478943,1904.6058349609375,1360.8173828125,0.5511507391929626
DJI_20260917132926_0070_D.JPG,Cam 8,18,SWASTIKAPADAM,INCORRECT,INSUFFICIENT_ARAMANDI,LEFT,rtmw_l_wholebody,coco_wholebody_133,OK,413.99,169.57,1,1,2042.554443359375,781.584716796875,0.7998754978179932,2023.9384765625,756.763671875,0.8761746883392334,2023.9384765625,756.763671875,0.8190217018127441,2036.34912109375,756.763671875,0.9024195671081543,2005.32275390625,756.763671875,0.8804101943969727,2005.32275390625,756.763671875,0.8324591517448425,1986.70703125,762.968994140625,0.8949497938156128,1912.244140625,787.789794921875,0.772611141204834,1943.270263671875,787.789794921875,0.7793892621994019,2042.554443359375,812.611083984375,0.8481500744819641,2005.32275390625,818.816162109375,0.8454306125640869,2141.838623046875,973.947509765625,0.7217109799385071,2135.63330078125,973.947509765625,0.7095978260040283,2296.969970703125,1172.515869140625,0.7676570415496826,1639.212646484375,1172.515869140625,0.7832481265068054,1887.4228515625,1402.110595703125,0.708449125289917,1912.244140625,1402.110595703125,0.6956970691680908,1974.296630859375,1768.220703125,0.7192390561103821,1906.03857421875,1774.426025390625,0.7243921756744385,1949.4755859375,2097.099365234375,0.755752444267273,1937.06494140625,2097.099365234375,0.7523458003997803,1930.85986328125,2152.94677734375,0.7403808832168579,1974.296630859375,2165.357177734375,0.7523073554039001,1992.912353515625,2252.23095703125,0.7172106504440308,2005.32275390625,2233.615234375,0.7366625666618347,2111.217529296875,1283.3936767578125,0.30306652188301086,2106.61572265625,1261.407958984375,0.3136932849884033,2097.412353515625,1245.04638671875,0.42976582050323486,2090.765625,1230.72998046875,0.5253028869628906,2079.005615234375,1214.368408203125,0.5477365255355835,2079.005615234375,1261.919189453125,0.4415311813354492,2060.087646484375,1262.9417724609375,0.47068196535110474,2044.748779296875,1269.077392578125,0.4918992221355438,2028.8984375,1279.3033447265625,0.6321680545806885,2092.299560546875,1280.325927734375,0.42500919103622437,2083.09619140625,1290.5518798828125,0.47901737689971924,2076.44921875,1299.243896484375,0.5364950895309448,2065.20068359375,1314.5828857421875,0.5949583053588867,2107.638427734375,1296.1761474609375,0.4487762451171875,2103.548095703125,1307.93603515625,0.4686041474342346,2098.9462890625,1320.2071533203125,0.5108916163444519,2092.810791015625,1333.5009765625,0.5716789960861206,2122.466064453125,1305.3795166015625,0.47207534313201904,2123.488525390625,1316.1168212890625,0.4786151647567749,2122.977294921875,1325.3201904296875,0.5172606706619263,2122.466064453125,1336.057373046875,0.5485894680023193,1813.44970703125,1269.8551025390625,0.37601137161254883,1828.0374755859375,1249.2310791015625,0.4166264235973358,1842.1221923828125,1236.1524658203125,0.46311572194099426,1859.2249755859375,1225.5889892578125,0.544727623462677,1880.8551025390625,1213.516357421875,0.6157574653625488,1865.7642822265625,1258.2855224609375,0.480965256690979,1884.376220703125,1269.35205078125,0.5494059324264526,1897.9578857421875,1282.9337158203125,0.6357643008232117,1910.5335693359375,1298.5274658203125,0.7013080716133118,1857.7159423828125,1275.891357421875,0.4085642099380493,1872.3035888671875,1288.467041015625,0.5255152583122253,1884.8792724609375,1304.5638427734375,0.6045323610305786,1897.454833984375,1321.6666259765625,0.7208980917930603,1844.63720703125,1289.4730224609375,0.3657538890838623,1856.206787109375,1301.0426025390625,0.5232366919517517,1866.7703857421875,1313.115234375,0.623257040977478,1879.8489990234375,1327.199951171875,0.6910645961761475,1828.5404052734375,1299.030517578125,0.36551395058631897,1836.5888671875,1307.0789794921875,0.46312415599823,1843.128173828125,1312.1092529296875,0.4990603029727936,1850.673583984375,1318.6485595703125,0.5249661207199097
DJI_20260917132929_0071_D.JPG,Cam 8,18,SWASTIKAPADAM,INCORRECT,INSUFFICIENT_ARAMANDI,LEFT,rtmw_l_wholebody,coco_wholebody_133,OK,420.97,188.99,1,1,2013.7666015625,785.67724609375,0.7973089218139648,1994.95068359375,754.3173828125,0.8788828253746033,2001.22265625,748.04541015625,0.8193888664245605,2013.7666015625,754.3173828125,0.8941419124603271,1976.134765625,754.3173828125,0.8816319704055786,1976.134765625,754.3173828125,0.8325198888778687,1957.319091796875,754.3173828125,0.8977648019790649,1932.2314453125,779.4052734375,0.772917628288269,1932.2314453125,785.67724609375,0.7781620621681213,2007.49462890625,810.764892578125,0.8370770215988159,1969.863037109375,817.036865234375,0.8491967916488647,2126.66162109375,967.563720703125,0.7261002063751221,1800.520263671875,967.563720703125,0.7006126046180725,2289.732666015625,1168.266357421875,0.756181538105011,1637.44970703125,1168.266357421875,0.7503710985183716,1863.23974609375,1400.328369140625,0.7167929410934448,1976.134765625,1400.328369140625,0.6920872330665588,1969.863037109375,1764.101806640625,0.7257777452468872,1925.95947265625,1764.101806640625,0.7196954488754272,1925.95947265625,2102.787109375,0.7558039426803589,1925.95947265625,2096.515380859375,0.7526395320892334,1907.1435546875,2146.69091796875,0.7538574934005737,1925.95947265625,2159.23486328125,0.74891597032547,1988.678955078125,2240.770263671875,0.714451789855957,2001.22265625,2228.226318359375,0.7313947677612305,2113.02099609375,1277.449951171875,0.33851563930511475,2105.4482421875,1252.711669921875,0.3439663052558899,2095.855712890625,1238.57568359375,0.4335521459579468,2086.768310546875,1225.44921875,0.5093810558319092,2073.13720703125,1209.293701171875,0.5582208633422852,2076.671142578125,1257.76025390625,0.41712382435798645,2058.49609375,1257.76025390625,0.48243582248687744,2043.350341796875,1263.313720703125,0.5335010290145874,2025.175537109375,1273.410888671875,0.6188637018203735,2090.80712890625,1276.440185546875,0.43418967723846436,2080.7099609375,1286.032470703125,0.4767923653125763,2074.146728515625,1296.129638671875,0.540787935256958,2061.525390625,1310.265869140625,0.5913500785827637,2105.952880859375,1292.0908203125,0.43581974506378174,2100.904296875,1304.20751953125,0.510398268699646,2097.370361328125,1316.323974609375,0.5377868413925171,2090.30224609375,1330.965087890625,0.5509582757949829,2120.089111328125,1302.69287109375,0.45815372467041016,2119.584228515625,1316.323974609375,0.46581757068634033,2118.574462890625,1327.430908203125,0.4794932007789612,2114.53564453125,1341.567138671875,0.44616106152534485,1808.0015869140625,1268.195556640625,0.3595770001411438,1819.4976806640625,1247.04296875,0.40390461683273315,1832.3731689453125,1233.2476806640625,0.46269989013671875,1850.766845703125,1222.2115478515625,0.5519845485687256,1873.299072265625,1209.3359375,0.622146487236023,1859.0439453125,1254.400390625,0.4595872759819031,1878.817138671875,1265.4365234375,0.54390949010849,1893.072265625,1278.77197265625,0.6308223605155945,1905.94775390625,1296.2459716796875,0.7274585366249084,1849.84716796875,1271.41455078125,0.399991512298584,1864.5621337890625,1284.7498779296875,0.553551435470581,1877.4376220703125,1299.9246826171875,0.6411468982696533,1890.7730712890625,1316.4788818359375,0.7888527512550354,1837.431396484375,1284.2900390625,0.38595521450042725,1848.0078125,1294.8663330078125,0.518315315246582,1859.5037841796875,1309.1214599609375,0.6081282496452332,1873.299072265625,1324.2962646484375,0.7573494911193848,1822.2567138671875,1293.0269775390625,0.3817852735519409,1828.6944580078125,1299.9246826171875,0.47421911358833313,1835.592041015625,1306.822265625,0.5194804072380066,1843.409423828125,1315.099365234375,0.5404993891716003
DJI_20260917133328_0072_D.JPG,Cam 8,19,PATAKA,INCORRECT,ELBOWS_NOT_ALIGNED,,rtmw_l_wholebody,coco_wholebody_133,OK,417.17,211.36,1,1,1846.6563720703125,728.314453125,0.7932937145233154,1827.6536865234375,696.643310546875,0.8167200088500977,1776.9798583984375,696.643310546875,0.8350447416305542,1827.6536865234375,696.643310546875,0.8260740041732788,1833.9879150390625,696.643310546875,0.8203593492507935,1884.6617431640625,690.30908203125,0.8340563774108887,1840.3221435546875,696.643310546875,0.8272873163223267,1745.3084716796875,721.980224609375,0.9509372711181641,1909.9989013671875,721.980224609375,0.9551091194152832,1840.3221435546875,747.3173828125,0.8192826509475708,1833.9879150390625,753.6513671875,0.8205171823501587,1675.6322021484375,937.34423828125,0.9023889899253845,2005.0120849609375,931.010009765625,0.8888232707977295,1599.6212158203125,1197.0478515625,0.961810827255249,2087.357421875,1203.382080078125,0.9240826368331909,1751.6429443359375,1387.074951171875,0.7688820362091064,1948.0042724609375,1387.074951171875,0.786134660243988,1751.6429443359375,1817.802734375,0.8147445917129517,1960.6727294921875,1811.46875,0.8102145195007324,1808.6510009765625,2204.191162109375,0.8600422739982605,1916.3328857421875,2172.52001953125,0.8577721118927002,1821.3194580078125,2267.533447265625,0.8569037318229675,1903.6644287109375,2242.196533203125,0.8504425287246704,1783.3138427734375,2210.525390625,0.7857617735862732,1903.6644287109375,2191.522705078125,0.8094944953918457,1563.78369140625,1028.45458984375,0.33577197790145874,1586.5458984375,1015.9896240234375,0.34611180424690247,1602.8046875,999.7308349609375,0.3041892647743225,1607.140380859375,977.510498046875,0.30045264959335327,1604.4305419921875,955.8321533203125,0.21323463320732117,1596.30126953125,965.04541015625,0.4368327856063843,1599.552978515625,935.7796630859375,0.5856625437736511,1599.010986328125,916.2691650390625,0.6044731140136719,1597.3851318359375,896.7586669921875,0.6643657684326172,1577.3326416015625,958.0,0.4426653981208801,1582.2103271484375,928.1922607421875,0.5593292117118835,1583.294189453125,905.971923828125,0.5926318168640137,1583.836181640625,885.91943359375,0.6189466714859009,1559.989990234375,960.1678466796875,0.451943576335907,1566.493408203125,932.5279541015625,0.523469865322113,1569.7452392578125,910.849609375,0.5559089183807373,1572.9969482421875,891.339111328125,0.6087668538093567,1544.273193359375,964.5035400390625,0.4480498433113098,1548.60888671875,946.076904296875,0.5146345496177673,1551.860595703125,928.7342529296875,0.5432751178741455,1556.73828125,913.0174560546875,0.6046116352081299,2088.333740234375,1056.268310546875,0.4534856677055359,2061.193603515625,1034.869384765625,0.32269522547721863,2035.097412109375,1006.1635131835938,0.3687107264995575,2026.74658203125,978.5014038085938,0.3843187093734741,2012.654541015625,961.7998657226562,0.3562878966331482,2057.018310546875,973.8041381835938,0.5372060537338257,2057.018310546875,943.5324096679688,0.6662649512290955,2058.062255859375,923.1773071289062,0.6933175325393677,2060.14990234375,904.9099731445312,0.8741652369499207,2076.8515625,968.5848999023438,0.6271092891693115,2074.241943359375,937.7913208007812,0.7151986360549927,2074.763671875,915.8704223632812,0.7742179036140442,2075.28564453125,897.0811157226562,1.089775800704956,2091.9873046875,972.2383422851562,0.7023556232452393,2087.81201171875,943.0105590820312,0.7530477643013,2087.2900390625,922.6554565429688,0.784248948097229,2087.2900390625,901.7783813476562,0.9634308815002441,2107.64501953125,980.5891723632812,0.6823327541351318,2103.991455078125,960.2340698242188,0.6828818917274475,2100.860107421875,943.0105590820312,0.7057709693908691,2098.772216796875,928.9185180664062,0.8993344306945801
DJI_20260917133331_0073_D.JPG,Cam 8,19,PATAKA,INCORRECT,ELBOWS_NOT_ALIGNED,,rtmw_l_wholebody,coco_wholebody_133,OK,419.56,194.31,1,1,1844.89306640625,735.397216796875,0.7860815525054932,1832.10791015625,703.434326171875,0.8284411430358887,1787.359619140625,703.434326171875,0.8537650108337402,1832.10791015625,709.826904296875,0.8400334119796753,1838.50048828125,703.434326171875,0.8272542357444763,1889.641357421875,697.04150390625,0.8444839715957642,1844.89306640625,709.826904296875,0.8314977288246155,1755.396728515625,729.004638671875,0.9374706149101257,1921.604248046875,729.004638671875,0.9543642997741699,1844.89306640625,754.574951171875,0.8047356605529785,1838.50048828125,754.574951171875,0.8067208528518677,1685.078369140625,939.960205078125,0.9113215804100037,2011.100341796875,946.352783203125,0.8881528377532959,1608.3671875,1202.056396484375,0.9639952182769775,2100.596923828125,1221.234130859375,0.9016681909561157,1749.004150390625,1393.834228515625,0.7636561989784241,1953.567138671875,1400.226806640625,0.7800195217132568,1755.396728515625,1822.137939453125,0.8246606588363647,1972.744873046875,1815.745361328125,0.8242201805114746,1819.32275390625,2218.478515625,0.8776912689208984,1927.996826171875,2186.515625,0.8619440197944641,1832.10791015625,2282.404541015625,0.8794376850128174,1915.211669921875,2256.834228515625,0.8730317950248718,1780.967041015625,2218.478515625,0.8033668994903564,1921.604248046875,2199.30078125,0.815191388130188,1573.7242431640625,1040.0159912109375,0.30055636167526245,1596.6505126953125,1028.552734375,0.3208523690700531,1610.1072998046875,1007.6199340820312,0.25845083594322205,1614.5928955078125,985.6903686523438,0.25807350873947144,1611.6025390625,960.2720336914062,0.20658689737319946,1605.1234130859375,978.2144165039062,0.392975777387619,1608.6121826171875,948.3103637695312,0.5997959971427917,1609.110595703125,928.3744506835938,0.6267706155776978,1607.116943359375,908.4384155273438,0.7121982574462891,1585.1873779296875,973.2304077148438,0.4301372766494751,1591.6666259765625,941.8312377929688,0.6328509449958801,1592.663330078125,918.9048461914062,0.655407190322876,1592.1649169921875,897.4736938476562,0.7164791822433472,1568.740234375,974.7255249023438,0.4091644585132599,1575.2193603515625,946.8152465820312,0.5538053512573242,1579.20654296875,923.8888549804688,0.5923143625259399,1580.7017822265625,904.9496459960938,0.6559237241744995,1552.29296875,979.7095336914062,0.4011213779449463,1557.2769775390625,960.2720336914062,0.5066279768943787,1560.7657470703125,943.3263549804688,0.550408124923706,1564.7530517578125,926.3807983398438,0.628831148147583,2099.800537109375,1217.060791015625,0.14985451102256775,2054.375,1217.060791015625,0.12059944868087769,2022.8551025390625,1124.819091796875,0.07314733415842056,2007.5587158203125,1116.939208984375,0.07284079492092133,1942.6651611328125,1098.8616943359375,0.0984681025147438,2029.3446044921875,1091.4451904296875,0.077674001455307,2019.6104736328125,1055.7537841796875,0.10474158823490143,2017.7564697265625,1047.4102783203125,0.11985626071691513,1942.6651611328125,980.1990356445312,0.1824348419904709,2061.327880859375,1083.101806640625,0.11288952827453613,2046.0313720703125,1052.509033203125,0.14598873257637024,2040.9327392578125,1020.5258178710938,0.14395660161972046,2030.7352294921875,980.1990356445312,0.17568644881248474,2078.94189453125,1083.5653076171875,0.11405550688505173,2069.2080078125,1054.3631591796875,0.11791850626468658,2054.375,1030.7232666015625,0.1200454831123352,2042.7867431640625,980.1990356445312,0.15900778770446777,2112.779296875,1091.4451904296875,0.08964173495769501,2112.779296875,1061.3160400390625,0.10229022800922394,2110.92529296875,1051.58203125,0.09490188956260681,2078.94189453125,980.1990356445312,0.07923279702663422
DJI_20260917133338_0074_D.JPG,Cam 8,20,ALAPADMA,INCORRECT,ELBOWS_NOT_ALIGNED,,rtmw_l_wholebody,coco_wholebody_133,OK,411.03,204.62,1,1,1850.76953125,726.1519775390625,0.7820810675621033,1837.966064453125,700.5452880859375,0.8416259288787842,1793.154296875,700.5452880859375,0.8514567613601685,1844.36767578125,700.5452880859375,0.8480222225189209,1844.36767578125,700.5452880859375,0.8339153528213501,1895.5810546875,694.1436767578125,0.8469867706298828,1850.76953125,706.9471435546875,0.8328243494033813,1761.14599609375,726.1519775390625,0.9390937089920044,1921.18798828125,726.1519775390625,0.9625909328460693,1857.171142578125,751.7586669921875,0.8082947134971619,1844.36767578125,751.7586669921875,0.8177189826965332,1690.7275390625,931.0057373046875,0.9292367696762085,2004.40966796875,937.4075927734375,0.9082556962966919,1613.9072265625,1193.4749755859375,0.9745930433273315,2087.6318359375,1206.2781982421875,0.9312969446182251,1761.14599609375,1391.9271240234375,0.785953164100647,1953.1962890625,1398.3287353515625,0.7973488569259644,1748.342529296875,1814.4381103515625,0.8355074524879456,1972.4013671875,1808.0364990234375,0.8236551284790039,1805.95751953125,2204.94091796875,0.8796621561050415,1921.18798828125,2160.12890625,0.8722863793373108,1818.760986328125,2268.95751953125,0.8660421371459961,1908.384521484375,2230.54736328125,0.8799939751625061,1793.154296875,2204.94091796875,0.8082917928695679,1908.384521484375,2198.5390625,0.8278607130050659,1659.71875,1021.3092651367188,0.12272930890321732,1613.194580078125,1022.8916625976562,0.11563244462013245,1595.47119140625,1021.9421997070312,0.14573051035404205,1543.25048828125,1024.47412109375,0.1938617080450058,1543.25048828125,1022.8916625976562,0.2377658188343048,1604.966064453125,1050.42626953125,0.08150182664394379,1599.585693359375,1086.82275390625,0.06547299772500992,1601.16796875,1149.80419921875,0.08509679138660431,1599.585693359375,1149.80419921875,0.1391386240720749,1630.6015625,1072.897216796875,0.08346493542194366,1624.271728515625,1093.468994140625,0.082867830991745,1629.335693359375,1149.80419921875,0.09535833448171616,1615.7265625,1149.80419921875,0.15085238218307495,1634.716064453125,1076.06201171875,0.06714749336242676,1632.18408203125,1095.367919921875,0.07704422622919083,1629.335693359375,1149.80419921875,0.09219536185264587,1704.976806640625,1149.80419921875,0.13563957810401917,1704.976806640625,1069.09912109375,0.05449584871530533,1704.976806640625,1149.80419921875,0.09759485721588135,1543.25048828125,1149.80419921875,0.14453452825546265,1704.976806640625,1149.80419921875,0.155206561088562,2026.136962890625,1225.9075927734375,0.16347837448120117,2017.02197265625,1225.9075927734375,0.12376496195793152,2004.868896484375,1225.9075927734375,0.12378683686256409,1999.804931640625,1225.9075927734375,0.11169517785310745,1990.690185546875,1118.2169189453125,0.12444089353084564,2017.02197265625,1225.9075927734375,0.08262846618890762,2013.30859375,1225.9075927734375,0.10440463572740555,2013.30859375,1225.9075927734375,0.11239972710609436,2010.60791015625,1053.4000244140625,0.15887008607387543,2035.251708984375,1225.9075927734375,0.08039236068725586,2031.538330078125,1225.9075927734375,0.1007174625992775,2029.512939453125,1225.9075927734375,0.10817651450634003,2029.512939453125,1053.4000244140625,0.175895094871521,2054.15673828125,1225.9075927734375,0.07413323223590851,2049.430419921875,1225.9075927734375,0.08401808887720108,2033.9013671875,1225.9075927734375,0.09770570695400238,2034.239013671875,1053.4000244140625,0.11869138479232788,2065.634765625,1225.9075927734375,0.09871815145015717,2065.634765625,1225.9075927734375,0.0776308923959732,1954.5682373046875,1225.9075927734375,0.0881437212228775,1954.5682373046875,1225.9075927734375,0.08316468447446823
DJI_20260917133340_0075_D.JPG,Cam 8,20,ALAPADMA,INCORRECT,ELBOWS_NOT_ALIGNED,,rtmw_l_wholebody,coco_wholebody_133,OK,442.53,177.42,1,1,1842.693359375,731.347900390625,0.7695431709289551,1829.88232421875,699.320068359375,0.831457793712616,1791.448974609375,699.320068359375,0.8484327793121338,1842.693359375,699.320068359375,0.8410743474960327,1836.28759765625,699.320068359375,0.8236217498779297,1893.937744140625,692.91455078125,0.8350369930267334,1842.693359375,705.7255859375,0.8245745301246643,1759.42138671875,724.942138671875,0.9456043243408203,1919.5595703125,724.942138671875,0.9585524797439575,1849.098876953125,750.564453125,0.800895094871521,1836.28759765625,750.564453125,0.8082517981529236,1688.96044921875,929.91943359375,0.9324019551277161,2002.831787109375,929.91943359375,0.9082049131393433,1612.093994140625,1192.546630859375,0.9816896915435791,2086.10400390625,1205.357666015625,0.9269903302192688,1753.015869140625,1391.1181640625,0.786583423614502,1951.58740234375,1397.523681640625,0.7943876385688782,1753.015869140625,1813.883544921875,0.8409420251846313,1970.80419921875,1801.072509765625,0.8300915956497192,1804.26025390625,2204.621337890625,0.8864884972572327,1919.5595703125,2172.593994140625,0.879509687423706,1817.0712890625,2268.677001953125,0.870640754699707,1906.748779296875,2236.649169921875,0.8873238563537598,1778.637939453125,2204.621337890625,0.8139699101448059,1906.748779296875,2191.810302734375,0.83079594373703,1662.96728515625,1154.538330078125,0.09877242147922516,1639.659423828125,1023.8124389648438,0.07417348027229309,1600.1376953125,1019.0834350585938,0.09688527882099152,1586.288330078125,1021.4479370117188,0.11496259272098541,1536.294921875,1019.7589721679688,0.17397962510585785,1610.947265625,1027.865966796875,0.06028120964765549,1594.733154296875,1022.7991333007812,0.07572808861732483,1536.294921875,1021.4479370117188,0.1396874189376831,1536.294921875,1018.0700073242188,0.18368196487426758,1629.18798828125,1043.7421875,0.04664701223373413,1617.703125,1154.538330078125,0.07038922607898712,1536.294921875,1154.538330078125,0.09734450280666351,1536.294921875,1154.538330078125,0.17230749130249023,1598.44873046875,1075.83251953125,0.03852909058332443,1592.706298828125,1154.538330078125,0.07699985802173615,1592.706298828125,1154.538330078125,0.10324528813362122,1536.294921875,1154.538330078125,0.15371361374855042,1595.74658203125,1154.538330078125,0.06240285933017731,1586.288330078125,1154.538330078125,0.1027267649769783,1536.294921875,1154.538330078125,0.14011958241462708,1536.294921875,1154.538330078125,0.1626853197813034,2042.2489013671875,1213.9271240234375,0.1971520185470581,2021.8546142578125,1213.9271240234375,0.17493371665477753,2001.7559814453125,1170.478515625,0.19597771763801575,1994.3665771484375,1138.5570068359375,0.18418744206428528,1980.7703857421875,1115.502685546875,0.21148326992988586,2019.4901123046875,1143.2861328125,0.08977506309747696,2016.2388916015625,1122.005126953125,0.07458416372537613,2015.0565185546875,1062.891357421875,0.1056549996137619,2028.9483642578125,1062.891357421875,0.17453399300575256,2041.9532470703125,1143.2861328125,0.0766209214925766,2028.6527099609375,1121.7095947265625,0.05823914334177971,2026.5836181640625,1062.891357421875,0.11275917291641235,2028.9483642578125,1062.891357421875,0.1760958433151245,2049.637939453125,1153.9266357421875,0.06547583639621735,2053.77587890625,1121.118408203125,0.05029488727450371,2026.5836181640625,1062.891357421875,0.07210762053728104,2030.1304931640625,1062.891357421875,0.11113812774419785,2060.573974609375,1213.9271240234375,0.07782910764217377,2070.327880859375,1153.9266357421875,0.039095692336559296,2110.229736328125,1062.891357421875,0.06084682419896126,2110.229736328125,1062.891357421875,0.09306015074253082
DJI_20260917133428_0076_D.JPG,Cam 8,21,ALAPADMA,CORRECT,,,rtmw_l_wholebody,coco_wholebody_133,OK,442.79,195.5,1,1,1834.2352294921875,701.4700927734375,0.7774109244346619,1827.7960205078125,675.7127685546875,0.7961272597312927,1769.8424072265625,669.2733154296875,0.8271282911300659,1827.7960205078125,669.2733154296875,0.8125944137573242,1834.2352294921875,669.2733154296875,0.803565502166748,1885.7496337890625,662.8341064453125,0.8120934963226318,1840.6744384765625,675.7127685546875,0.794989287853241,1744.0850830078125,701.4700927734375,0.9479012489318848,1911.5069580078125,695.0306396484375,0.952661395072937,1847.1138916015625,727.2271728515625,0.7791088223457336,1840.6744384765625,733.6663818359375,0.7868272066116333,1666.8135986328125,894.6488037109375,0.8852112293243408,2001.6568603515625,894.6488037109375,0.8700343370437622,1480.0738525390625,1036.3133544921875,0.9404814839363098,2201.27490234375,1062.0706787109375,0.909756064414978,1744.0850830078125,1358.2781982421875,0.7754944562911987,1943.7032470703125,1364.7176513671875,0.7784395217895508,1731.2066650390625,1796.1505126953125,0.8438851237297058,1963.0211181640625,1776.8323974609375,0.822830319404602,1782.7208251953125,2182.50830078125,0.8945150375366211,1898.6282958984375,2156.7509765625,0.8641115427017212,1795.5994873046875,2246.9013671875,0.8637046217918396,1885.7496337890625,2234.0224609375,0.876259446144104,1763.4029541015625,2188.94775390625,0.8221642971038818,1892.1890869140625,2176.06884765625,0.8119260668754578,1652.7314453125,1079.659912109375,0.1425628662109375,1689.273193359375,1084.0892333984375,0.11709851026535034,1710.865966796875,1093.50146484375,0.10398752987384796,1724.15380859375,1093.50146484375,0.10099280625581741,1734.11962890625,1004.9156494140625,0.06903636455535889,1732.458740234375,1055.298828125,0.1150551289319992,1737.995361328125,1017.09619140625,0.10716450214385986,1737.995361328125,991.0740966796875,0.11210665851831436,1742.424560546875,921.866455078125,0.12260916829109192,1734.11962890625,1048.1011962890625,0.13704325258731842,1740.763671875,1011.5595703125,0.1406005620956421,1742.978271484375,985.5374755859375,0.12348988652229309,1748.514892578125,921.866455078125,0.1308361291885376,1732.458740234375,1045.8865966796875,0.12482742965221405,1739.65625,1015.4351806640625,0.12101775407791138,1742.978271484375,990.5205078125,0.11778025329113007,1745.74658203125,971.6959228515625,0.10572455823421478,1732.458740234375,1047.547607421875,0.09743433445692062,1732.458740234375,1023.1865234375,0.10360272228717804,1733.0123291015625,1008.2376708984375,0.10388542711734772,1723.60009765625,985.5374755859375,0.07774375379085541,1905.712646484375,1142.8988037109375,0.3398328721523285,1905.712646484375,1142.8988037109375,0.3261517286300659,1905.712646484375,1142.8988037109375,0.29805898666381836,1905.712646484375,1142.8988037109375,0.308207631111145,1905.712646484375,1142.8988037109375,0.22748008370399475,1905.712646484375,1142.8988037109375,0.3092527389526367,1905.712646484375,1142.8988037109375,0.27943456172943115,1905.712646484375,1142.8988037109375,0.24760837852954865,1905.712646484375,939.755859375,0.21257805824279785,1905.712646484375,1142.8988037109375,0.3113340735435486,1905.712646484375,1142.8988037109375,0.2681888937950134,1905.712646484375,1142.8988037109375,0.2475195825099945,1905.712646484375,939.755859375,0.21649616956710815,1905.712646484375,1142.8988037109375,0.3347027599811554,1905.712646484375,1142.8988037109375,0.2757922410964966,1905.712646484375,1142.8988037109375,0.29263001680374146,1905.712646484375,1142.8988037109375,0.26349562406539917,1905.712646484375,1142.8988037109375,0.33312416076660156,1905.712646484375,1142.8988037109375,0.3398113250732422,1905.712646484375,1142.8988037109375,0.3173280358314514,1905.712646484375,1142.8988037109375,0.2719423472881317
DJI_20260917133429_0077_D.JPG,Cam 8,21,ALAPADMA,CORRECT,,,rtmw_l_wholebody,coco_wholebody_133,OK,417.51,185.14,1,1,1837.524658203125,706.3416748046875,0.7830217480659485,1824.71728515625,680.7271728515625,0.8040273189544678,1773.488525390625,674.3236083984375,0.8249368667602539,1831.120849609375,674.3236083984375,0.8157866597175598,1831.120849609375,680.7271728515625,0.80879807472229,1882.349609375,674.3236083984375,0.8197140693664551,1837.524658203125,680.7271728515625,0.7999051213264465,1741.470458984375,706.3416748046875,0.9400304555892944,1907.964111328125,706.3416748046875,0.9543102979660034,1843.927978515625,731.9559326171875,0.7893202304840088,1837.524658203125,738.3594970703125,0.7944356203079224,1664.62744140625,904.8529052734375,0.8720468282699585,1997.6142578125,904.8529052734375,0.8545360565185547,1472.51953125,1045.7320556640625,0.9388177394866943,2202.529296875,1064.9427490234375,0.8976712226867676,1741.470458984375,1353.1043701171875,0.7666152715682983,1939.98193359375,1359.5081787109375,0.7625157833099365,1728.663330078125,1801.3560791015625,0.8329335451126099,1946.385498046875,1788.5489501953125,0.8017278909683228,1779.89208984375,2185.57177734375,0.8786846399307251,1888.753173828125,2172.7646484375,0.8700376749038696,1786.295654296875,2249.60791015625,0.849328339099884,1875.946044921875,2236.80078125,0.8779500722885132,1767.0849609375,2191.9755859375,0.8176952600479126,1895.156982421875,2191.9755859375,0.8123795986175537,1634.521728515625,1078.29150390625,0.15117788314819336,1673.27392578125,1075.807373046875,0.11632567644119263,1692.6500244140625,1096.673828125,0.11485088616609573,1700.59912109375,1103.62939453125,0.114372119307518,1713.5164794921875,1117.0435791015625,0.11271950602531433,1719.9752197265625,1071.3359375,0.09697768837213516,1731.89892578125,1040.532958984375,0.09954530000686646,1731.89892578125,1013.70458984375,0.10284445434808731,1729.414794921875,994.3284912109375,0.08421473950147629,1715.5037841796875,1071.3359375,0.11977153271436691,1726.433837890625,1099.65478515625,0.09791603684425354,1731.89892578125,1009.72998046875,0.08749636262655258,1726.433837890625,986.37939453125,0.07380145788192749,1712.0260009765625,1071.3359375,0.10523685812950134,1721.4656982421875,1099.65478515625,0.08777591586112976,1728.421142578125,1014.6982421875,0.08729963004589081,1717.4910888671875,988.3665771484375,0.08405986428260803,1697.6181640625,1052.4566650390625,0.08286765217781067,1715.5037841796875,1037.552001953125,0.08306339383125305,1716.9942626953125,1016.685546875,0.08694680780172348,1715.5037841796875,995.3221435546875,0.07107239961624146,2107.878173828125,1150.507080078125,0.2399873435497284,2107.878173828125,1150.507080078125,0.19007423520088196,2107.878173828125,1150.507080078125,0.13389325141906738,2107.878173828125,1150.507080078125,0.12925782799720764,1905.86083984375,948.4898681640625,0.12521865963935852,2107.878173828125,1150.507080078125,0.10052654147148132,2107.878173828125,1150.507080078125,0.11937781423330307,1905.86083984375,1150.507080078125,0.1077977865934372,1905.86083984375,948.4898681640625,0.15052613615989685,2107.878173828125,1150.507080078125,0.1015227735042572,2107.878173828125,1150.507080078125,0.10452289879322052,1905.86083984375,1150.507080078125,0.11660634726285934,1905.86083984375,948.4898681640625,0.1479552835226059,1905.86083984375,1150.507080078125,0.08735957741737366,1905.86083984375,1150.507080078125,0.10494816303253174,1905.86083984375,1150.507080078125,0.14452925324440002,1905.86083984375,1150.507080078125,0.15414462983608246,1905.86083984375,1150.507080078125,0.10545423626899719,1905.86083984375,1150.507080078125,0.14505460858345032,1905.86083984375,1150.507080078125,0.14822830259799957,1905.86083984375,1150.507080078125,0.15851883590221405
DJI_20260917133438_0078_D.JPG,Cam 8,22,MUSHTI,CORRECT,,,rtmw_l_wholebody,coco_wholebody_133,OK,543.6,183.92,1,1,1850.602783203125,716.6087646484375,0.7709757089614868,1837.900390625,684.8531494140625,0.8094660639762878,1793.442626953125,684.8531494140625,0.8315708637237549,1844.251708984375,684.8531494140625,0.8257905840873718,1850.602783203125,684.8531494140625,0.8054963946342468,1901.411865234375,678.5020751953125,0.814003050327301,1850.602783203125,691.2042236328125,0.8079541921615601,1761.686767578125,716.6087646484375,0.9478673338890076,1926.816162109375,710.2576904296875,0.9456150531768799,1863.304931640625,742.0133056640625,0.805858314037323,1850.602783203125,748.3643798828125,0.806766152381897,1691.824462890625,926.1964111328125,0.9091492891311646,2022.083251953125,913.4940185546875,0.8751102089881897,1507.641357421875,1059.5701904296875,0.9343824982643127,2193.564208984375,1072.2725830078125,0.9029945135116577,1768.037841796875,1389.8292236328125,0.7633771896362305,1964.923095703125,1383.4781494140625,0.7679755687713623,1755.335693359375,1809.0042724609375,0.8280516266822815,1983.9765625,1796.3018798828125,0.8080816864967346,1799.793701171875,2196.42333984375,0.8810522556304932,1920.46533203125,2177.3701171875,0.864311695098877,1812.495849609375,2259.93505859375,0.860271692276001,1907.762939453125,2253.583984375,0.8744641542434692,1787.09130859375,2202.7744140625,0.8253462910652161,1914.114013671875,2196.42333984375,0.8058163523674011,1587.9765625,1101.94287109375,0.20819193124771118,1587.9765625,1101.94287109375,0.14131857454776764,1587.9765625,1101.94287109375,0.10622445493936539,1587.9765625,1101.94287109375,0.10353019833564758,1587.9765625,1101.94287109375,0.13545149564743042,1587.9765625,1101.94287109375,0.07954029738903046,1587.9765625,1101.94287109375,0.0866161435842514,1678.030517578125,906.1229858398438,0.08185063302516937,1587.9765625,906.1229858398438,0.1574728637933731,1695.658203125,1101.94287109375,0.08345256745815277,1694.12548828125,1101.94287109375,0.0730506181716919,1679.946533203125,935.2468872070312,0.08748608827590942,1587.9765625,906.1229858398438,0.15306423604488373,1587.9765625,1101.94287109375,0.08320935070514679,1679.5634765625,1101.94287109375,0.059222493320703506,1587.9765625,1101.94287109375,0.0724598616361618,1587.9765625,1101.94287109375,0.14401841163635254,1587.9765625,1101.94287109375,0.1138681024312973,1587.9765625,1101.94287109375,0.1177951842546463,1587.9765625,1101.94287109375,0.13492394983768463,1587.9765625,1101.94287109375,0.14290133118629456,1941.3077392578125,1127.3114013671875,0.2503357231616974,1941.3077392578125,1127.3114013671875,0.2187868356704712,1941.3077392578125,1127.3114013671875,0.20867758989334106,1941.3077392578125,1127.3114013671875,0.22692981362342834,1941.3077392578125,1127.3114013671875,0.23095153272151947,1941.3077392578125,1127.3114013671875,0.20741276443004608,2110.994873046875,1127.3114013671875,0.2264372855424881,2110.994873046875,1127.3114013671875,0.22944216430187225,2110.994873046875,1127.3114013671875,0.2412373423576355,1941.3077392578125,1127.3114013671875,0.22633127868175507,1941.3077392578125,1127.3114013671875,0.2357516586780548,1941.3077392578125,1127.3114013671875,0.2515603005886078,1941.3077392578125,1127.3114013671875,0.23177939653396606,1941.3077392578125,1127.3114013671875,0.21771152317523956,1941.3077392578125,1127.3114013671875,0.2337397336959839,1941.3077392578125,1127.3114013671875,0.2746845483779907,1941.3077392578125,1127.3114013671875,0.29268279671669006,1941.3077392578125,1127.3114013671875,0.19067546725273132,1941.3077392578125,1127.3114013671875,0.22456198930740356,1941.3077392578125,1127.3114013671875,0.24803152680397034,1941.3077392578125,1127.3114013671875,0.24070292711257935
DJI_20260917133440_0079_D.JPG,Cam 8,22,MUSHTI,CORRECT,,,rtmw_l_wholebody,coco_wholebody_133,OK,519.33,184.43,1,1,1848.25927734375,724.0361328125,0.768905520439148,1835.483154296875,692.095703125,0.8010759353637695,1777.990478515625,692.095703125,0.8142942190170288,1841.871337890625,692.095703125,0.8213435411453247,1841.871337890625,692.095703125,0.8110548257827759,1886.587646484375,685.707763671875,0.8176567554473877,1841.871337890625,698.48388671875,0.8040138483047485,1746.050048828125,724.0361328125,0.9276288151741028,1912.139892578125,717.648193359375,0.9551953673362732,1854.647216796875,743.200439453125,0.7849196195602417,1848.25927734375,749.58837890625,0.791174054145813,1675.781494140625,922.066162109375,0.901524007320404,2001.572998046875,915.67822265625,0.88484787940979,1496.91552734375,1062.603759765625,0.9483264088630676,2180.438720703125,1068.991943359375,0.9159343242645264,1746.050048828125,1382.007080078125,0.7575891017913818,1944.080322265625,1375.619140625,0.7622998356819153,1739.662109375,1810.007568359375,0.8311049938201904,1963.244384765625,1797.231689453125,0.8233770132064819,1790.766845703125,2193.291748046875,0.8916859030723572,1905.751708984375,2186.90380859375,0.870299220085144,1803.542724609375,2257.172607421875,0.8745771646499634,1892.975830078125,2257.172607421875,0.8818824291229248,1784.378662109375,2206.06787109375,0.8188596963882446,1918.528076171875,2186.90380859375,0.8372978568077087,1679.3682861328125,1083.3414306640625,0.17481249570846558,1694.6055908203125,1084.865234375,0.17738592624664307,1700.1925048828125,1095.53125,0.1402556449174881,1722.54052734375,1016.8052978515625,0.1485229730606079,1720.0009765625,1000.0443115234375,0.1599634736776352,1735.23828125,1054.390625,0.17692996561527252,1738.2857666015625,1018.8369140625,0.15147411823272705,1735.23828125,1004.615478515625,0.15361496806144714,1731.6829833984375,988.3623046875,0.14431814849376678,1732.19091796875,1041.69287109375,0.18294046819210052,1731.6829833984375,1018.8369140625,0.17115381360054016,1736.254150390625,1003.599609375,0.14970409870147705,1738.2857666015625,985.82275390625,0.13133862614631653,1728.635498046875,1034.07421875,0.16244900226593018,1731.6829833984375,1017.821044921875,0.16977936029434204,1736.254150390625,1007.155029296875,0.15008093416690826,1702.2242431640625,989.378173828125,0.12496522068977356,1726.6038818359375,1030.010986328125,0.1339949369430542,1725.080078125,1018.8369140625,0.14839452505111694,1725.5880126953125,1010.202392578125,0.14725518226623535,1707.8111572265625,998.5205078125,0.14170239865779877,2095.2509765625,1126.7747802734375,0.19364401698112488,2095.2509765625,1126.7747802734375,0.13595899939537048,2095.2509765625,1126.7747802734375,0.11617748439311981,2095.2509765625,1126.7747802734375,0.11378529667854309,2095.2509765625,1126.7747802734375,0.12595918774604797,2095.2509765625,1126.7747802734375,0.10272838175296783,2095.2509765625,1126.7747802734375,0.12890693545341492,2095.2509765625,1126.7747802734375,0.13538876175880432,1908.13720703125,1126.7747802734375,0.13473394513130188,2095.2509765625,1126.7747802734375,0.1008995771408081,1908.13720703125,1126.7747802734375,0.11674168705940247,1908.13720703125,1126.7747802734375,0.11988651752471924,1908.13720703125,1126.7747802734375,0.12092123925685883,1908.13720703125,1126.7747802734375,0.08803831040859222,1908.13720703125,1126.7747802734375,0.11336622387170792,1908.13720703125,1126.7747802734375,0.1346309781074524,1908.13720703125,1126.7747802734375,0.15431270003318787,1908.13720703125,1126.7747802734375,0.09069128334522247,1908.13720703125,1126.7747802734375,0.13213244080543518,1908.13720703125,1126.7747802734375,0.14102192223072052,1908.13720703125,1126.7747802734375,0.1282101422548294
DJI_20260917133513_0080_D.JPG,Cam 8,23,KATAKAMUKHA,CORRECT,,,rtmw_l_wholebody,coco_wholebody_133,OK,407.04,234.93,1,1,1829.2550048828125,716.2493896484375,0.7836360931396484,1822.8421630859375,690.5980224609375,0.8080704808235168,1771.5399169921875,690.5980224609375,0.8423986434936523,1822.8421630859375,690.5980224609375,0.8305419683456421,1829.2550048828125,690.5980224609375,0.8218754529953003,1880.5574951171875,684.1851806640625,0.8335853815078735,1835.6678466796875,697.0108642578125,0.8118714094161987,1739.4757080078125,722.6619873046875,0.9474388957023621,1912.6214599609375,716.2493896484375,0.9703700542449951,1842.0804443359375,741.9005126953125,0.7900733351707458,1835.6678466796875,748.3133544921875,0.7963365316390991,1662.5220947265625,927.8719482421875,0.9245715141296387,1989.5750732421875,921.4588623046875,0.8946601152420044,1482.9635009765625,1062.5406494140625,0.9523450136184692,2188.3720703125,1049.7152099609375,0.9445546269416809,1745.8885498046875,1383.1810302734375,0.772843599319458,1944.6854248046875,1376.7679443359375,0.796001672744751,1726.6502685546875,1812.8387451171875,0.8433409929275513,1957.5111083984375,1800.0130615234375,0.8282305002212524,1771.5399169921875,2204.02001953125,0.8929696083068848,1906.2086181640625,2184.78125,0.8832157254219055,1784.3653564453125,2261.73486328125,0.8710100650787354,1893.3831787109375,2248.90966796875,0.8849296569824219,1765.1268310546875,2216.84521484375,0.8234179019927979,1893.3831787109375,2197.60693359375,0.8222864866256714,1731.6431884765625,1084.0238037109375,0.11184601485729218,1731.6431884765625,1002.43994140625,0.04402264952659607,1665.06787109375,958.1846923828125,0.05287705734372139,1656.9864501953125,945.8701171875,0.0782557874917984,1650.8291015625,944.715576171875,0.09491853415966034,1661.6043701171875,960.1087646484375,0.06482524424791336,1661.6043701171875,946.6397705078125,0.0796213150024414,1655.4471435546875,934.7100830078125,0.08268022537231445,1652.7532958984375,920.856201171875,0.07074491679668427,1645.826416015625,974.347412109375,0.08120808750391006,1658.9105224609375,960.1087646484375,0.07735411822795868,1620.8125,949.7183837890625,0.073783278465271,1620.8125,945.8701171875,0.0575232207775116,1645.826416015625,981.2744140625,0.07949156314134598,1645.826416015625,974.7322998046875,0.0693310797214508,1663.1436767578125,969.3447265625,0.0563664436340332,1661.6043701171875,949.3336181640625,0.03955051675438881,1640.8236083984375,992.4344482421875,0.06655585020780563,1624.2760009765625,992.4344482421875,0.05994284898042679,1663.1436767578125,993.2041015625,0.05120231211185455,1661.6043701171875,985.892333984375,0.03297442942857742,2089.03857421875,957.0062866210938,0.19191208481788635,2069.123291015625,961.6294555664062,0.15770378708839417,2045.651611328125,965.8970336914062,0.14722731709480286,2031.42626953125,965.5414428710938,0.15444228053092957,2015.067138671875,968.7421264648438,0.19852782785892487,2035.69384765625,959.4956665039062,0.15343263745307922,2011.866455078125,941.0027465820312,0.14939583837985992,2001.55322265625,929.9782104492188,0.15724943578243256,1998.708251953125,916.81982421875,0.16280639171600342,2036.049560546875,941.0027465820312,0.1791839599609375,2020.046142578125,928.9113159179688,0.17789243161678314,2012.933349609375,924.2880859375,0.18024510145187378,2005.109619140625,916.81982421875,0.14147581160068512,2044.22900390625,925.7106323242188,0.14441736042499542,2032.4931640625,917.1754760742188,0.14061403274536133,2025.736083984375,907.9290161132812,0.15212059020996094,2021.113037109375,896.1931762695312,0.14923982322216034,2055.96484375,916.4641723632812,0.1465408354997635,2047.07421875,908.28466796875,0.1736631989479065,2039.96142578125,897.6156616210938,0.18687626719474792,2034.626953125,888.3692626953125,0.16328702867031097
DJI_20260917133515_0081_D.JPG,Cam 8,23,KATAKAMUKHA,CORRECT,,,rtmw_l_wholebody,coco_wholebody_133,OK,418.01,185.03,1,1,1829.3267822265625,725.4681396484375,0.776583194732666,1816.5191650390625,699.8526611328125,0.8016705513000488,1771.6920166015625,693.4488525390625,0.841060996055603,1822.9229736328125,693.4488525390625,0.8219411373138428,1829.3267822265625,699.8526611328125,0.8113894462585449,1880.5577392578125,687.0450439453125,0.822237491607666,1835.7305908203125,699.8526611328125,0.8050001859664917,1746.0767822265625,725.4681396484375,0.9447553157806396,1918.9810791015625,719.0643310546875,0.9673988819122314,1835.7305908203125,744.6798095703125,0.7808117866516113,1829.3267822265625,751.0836181640625,0.7849489450454712,1669.2303466796875,930.3917236328125,0.9233283996582031,2002.2310791015625,923.9879150390625,0.9008141756057739,1489.9222412109375,1064.8729248046875,0.9568792581558228,2187.94287109375,1052.0650634765625,0.9407796859741211,1746.0767822265625,1391.4698486328125,0.7719548344612122,1951.0001220703125,1385.0660400390625,0.789272665977478,1739.6729736328125,1814.1246337890625,0.8520576357841492,1963.8077392578125,1801.3170166015625,0.8276462554931641,1778.0958251953125,2204.76025390625,0.8872746229171753,1912.5770263671875,2191.95263671875,0.8816114664077759,1790.9036865234375,2268.798828125,0.8634494543075562,1899.7694091796875,2255.9912109375,0.8857463598251343,1778.0958251953125,2211.1640625,0.813730776309967,1906.1729736328125,2198.3564453125,0.8179984092712402,1551.1944580078125,1085.18896484375,0.1839088499546051,1551.1944580078125,1085.18896484375,0.09917563199996948,1551.1944580078125,1085.18896484375,0.09052733331918716,1551.1944580078125,1085.18896484375,0.09815887361764908,1551.1944580078125,1085.18896484375,0.06761100888252258,1679.3798828125,1085.18896484375,0.07728859782218933,1675.401611328125,1085.18896484375,0.07032866775989532,1657.2789306640625,1085.18896484375,0.06761196255683899,1656.3948974609375,859.3175659179688,0.062304671853780746,1672.74951171875,972.474365234375,0.08816678822040558,1658.60498046875,950.3734130859375,0.06460116803646088,1657.2789306640625,1085.18896484375,0.05714183300733566,1656.3948974609375,859.3175659179688,0.05918758362531662,1674.517578125,988.8289794921875,0.07592365145683289,1655.06884765625,972.474365234375,0.059562597423791885,1652.416748046875,1085.18896484375,0.04408785700798035,1777.06591796875,1085.18896484375,0.06051693856716156,1677.169677734375,1085.18896484375,0.07377612590789795,1551.1944580078125,1085.18896484375,0.08187668770551682,1551.1944580078125,1085.18896484375,0.1121281310915947,1551.1944580078125,1085.18896484375,0.08987276256084442,1943.408203125,1042.5325927734375,0.2848617434501648,1943.408203125,1042.5325927734375,0.25158753991127014,1943.408203125,1042.5325927734375,0.24717293679714203,1943.408203125,1042.5325927734375,0.24288055300712585,1943.408203125,1042.5325927734375,0.2298865020275116,1943.408203125,1042.5325927734375,0.2282172590494156,1943.408203125,1042.5325927734375,0.20339208841323853,1943.408203125,1042.5325927734375,0.18992111086845398,1943.408203125,1042.5325927734375,0.1867436170578003,1943.408203125,1042.5325927734375,0.20807722210884094,1943.408203125,1042.5325927734375,0.16687974333763123,2013.197265625,1042.5325927734375,0.16440504789352417,2012.1396484375,1042.5325927734375,0.17543724179267883,1943.408203125,1042.5325927734375,0.18472641706466675,2027.6484375,1042.5325927734375,0.14933985471725464,2025.53369140625,1042.5325927734375,0.16070696711540222,2022.361328125,1042.5325927734375,0.1814502775669098,1943.408203125,1042.5325927734375,0.190969318151474,1943.408203125,1042.5325927734375,0.1778189092874527,1943.408203125,1042.5325927734375,0.17756640911102295,2027.6484375,1042.5325927734375,0.15841135382652283
DJI_20260917133530_0082_D.JPG,Cam 8,24,PATAKA,INCORRECT,FINGERS_TOO_FAR_APART,,rtmw_l_wholebody,coco_wholebody_133,OK,428.4,189.78,1,1,1844.817626953125,700.318359375,0.7755599021911621,1831.849853515625,667.898193359375,0.814927339553833,1779.977783203125,667.898193359375,0.8323057293891907,1838.333740234375,667.898193359375,0.8277170658111572,1838.333740234375,667.898193359375,0.8166113495826721,1896.689697265625,661.414306640625,0.8130346536636353,1844.817626953125,674.38232421875,0.8049935102462769,1754.041748046875,700.318359375,0.9413347244262695,1929.109619140625,693.834228515625,0.9553583860397339,1851.3017578125,719.770263671875,0.7868261337280273,1844.817626953125,726.25439453125,0.7893562316894531,1682.717529296875,894.838623046875,0.8968585133552551,2013.402099609375,894.838623046875,0.8785864114761353,1488.197265625,1037.486572265625,0.9499787092208862,2194.954345703125,1043.970703125,0.9203386902809143,1754.041748046875,1361.687255859375,0.7567934989929199,1961.530029296875,1361.687255859375,0.7798290252685547,1741.073486328125,1802.599609375,0.8454108238220215,1955.0458984375,1776.663818359375,0.8470161557197571,1786.461669921875,2191.64013671875,0.8905773162841797,1909.65771484375,2159.22021484375,0.8868718147277832,1792.945556640625,2249.99609375,0.8657341003417969,1896.689697265625,2230.544189453125,0.8867315053939819,1767.009521484375,2191.64013671875,0.8226734399795532,1896.689697265625,2178.672119140625,0.8251780271530151,1840.7657470703125,1121.1231689453125,0.33082008361816406,1840.7657470703125,1121.1231689453125,0.3233720660209656,1840.7657470703125,1121.1231689453125,0.33009034395217896,1840.7657470703125,1121.1231689453125,0.3604001998901367,1840.7657470703125,1121.1231689453125,0.3300444483757019,1840.7657470703125,1121.1231689453125,0.32985520362854004,1840.7657470703125,1121.1231689453125,0.36413151025772095,1840.7657470703125,1121.1231689453125,0.36769455671310425,1840.7657470703125,1121.1231689453125,0.3191967010498047,1840.7657470703125,1121.1231689453125,0.3241731524467468,1840.7657470703125,1121.1231689453125,0.35898327827453613,1840.7657470703125,1121.1231689453125,0.3574526309967041,1840.7657470703125,1121.1231689453125,0.30520594120025635,1840.7657470703125,1121.1231689453125,0.32562538981437683,1840.7657470703125,1121.1231689453125,0.3290739953517914,1840.7657470703125,1121.1231689453125,0.3659374713897705,1840.7657470703125,1121.1231689453125,0.3612845540046692,1840.7657470703125,1121.1231689453125,0.3117115795612335,1840.7657470703125,1121.1231689453125,0.369572252035141,1840.7657470703125,1121.1231689453125,0.3700622618198395,1840.7657470703125,1121.1231689453125,0.3342975378036499,2105.334228515625,1147.3270263671875,0.20645153522491455,2105.334228515625,1063.4814453125,0.15909239649772644,2105.334228515625,1059.48876953125,0.1609669327735901,2105.334228515625,1059.48876953125,0.1638670414686203,2105.334228515625,1045.5145263671875,0.13914191722869873,2105.334228515625,1054.29833984375,0.16554835438728333,2105.334228515625,1061.485107421875,0.16274969279766083,2105.334228515625,1147.3270263671875,0.1582169532775879,2105.334228515625,943.302734375,0.1507132202386856,2105.334228515625,1058.690185546875,0.17241966724395752,2105.334228515625,1067.4739990234375,0.15515069663524628,2105.334228515625,1147.3270263671875,0.1440822184085846,2105.334228515625,943.302734375,0.14067402482032776,2105.334228515625,1063.4814453125,0.16420920193195343,2105.334228515625,1147.3270263671875,0.1493934988975525,2105.334228515625,1147.3270263671875,0.14549340307712555,2105.334228515625,1147.3270263671875,0.1317533552646637,2105.334228515625,1147.3270263671875,0.13069351017475128,2105.334228515625,1147.3270263671875,0.16573746502399445,2105.334228515625,1147.3270263671875,0.16685914993286133,2105.334228515625,1147.3270263671875,0.11407380551099777
DJI_20260917133533_0083_D.JPG,Cam 8,24,PATAKA,INCORRECT,FINGERS_TOO_FAR_APART,,rtmw_l_wholebody,coco_wholebody_133,OK,457.1,221.16,1,1,1843.557861328125,695.33349609375,0.7811537981033325,1837.07861328125,669.41650390625,0.8175580501556396,1785.24462890625,662.937255859375,0.8364896774291992,1837.07861328125,669.41650390625,0.8360790610313416,1843.557861328125,669.41650390625,0.8262101411819458,1895.391845703125,662.937255859375,0.8178737163543701,1850.037109375,669.41650390625,0.8149807453155518,1752.848388671875,701.812744140625,0.9414755702018738,1927.7880859375,695.33349609375,0.9618535041809082,1850.037109375,721.25048828125,0.7948933839797974,1850.037109375,727.729736328125,0.7960458397865295,1688.055908203125,896.190185546875,0.8945236206054688,2012.01806640625,902.66943359375,0.8847849369049072,1487.19921875,1045.212646484375,0.9491373896598816,2199.916259765625,1058.171142578125,0.9271565675735474,1752.848388671875,1362.69580078125,0.7673170566558838,1953.705078125,1362.69580078125,0.7859855890274048,1739.889892578125,1803.284423828125,0.8473703861236572,1966.66357421875,1790.325927734375,0.8395788073539734,1778.765380859375,2185.56005859375,0.8869524002075195,1914.82958984375,2172.6015625,0.8741528391838074,1791.723876953125,2243.873046875,0.8618049621582031,1901.87109375,2237.39404296875,0.8807907700538635,1778.765380859375,2198.5185546875,0.8226262927055359,1895.391845703125,2179.080810546875,0.8188422322273254,1844.3447265625,1174.658935546875,0.336567223072052,1844.3447265625,1174.658935546875,0.3283049762248993,1844.3447265625,1174.658935546875,0.3178917169570923,1844.3447265625,1174.658935546875,0.33086085319519043,1844.3447265625,1174.658935546875,0.3252645432949066,1844.3447265625,1174.658935546875,0.3203105032444,1844.3447265625,1174.658935546875,0.35425621271133423,1844.3447265625,1174.658935546875,0.3597869277000427,1844.3447265625,1174.658935546875,0.32142174243927,1844.3447265625,1174.658935546875,0.3204214572906494,1844.3447265625,1174.658935546875,0.33909597992897034,1844.3447265625,1174.658935546875,0.334842324256897,1844.3447265625,1174.658935546875,0.3139113783836365,1844.3447265625,1174.658935546875,0.31721413135528564,1844.3447265625,1174.658935546875,0.3261675238609314,1844.3447265625,1174.658935546875,0.3680086135864258,1844.3447265625,1174.658935546875,0.3636094331741333,1844.3447265625,1174.658935546875,0.3033546209335327,1844.3447265625,1174.658935546875,0.3632626533508301,1844.3447265625,1174.658935546875,0.35972198843955994,1844.3447265625,1174.658935546875,0.33402812480926514,1976.9232177734375,1150.1214599609375,0.15280009806156158,1992.1888427734375,1070.5794677734375,0.10494831204414368,2000.2235107421875,1065.7587890625,0.09226399660110474,2108.2880859375,1058.929443359375,0.10147909820079803,2108.2880859375,1043.2620849609375,0.11004482209682465,2108.2880859375,1047.6810302734375,0.10263070464134216,2108.2880859375,1021.970458984375,0.12750206887722015,2108.2880859375,1009.918701171875,0.13798950612545013,2108.2880859375,1000.2772216796875,0.11590827256441116,2108.2880859375,1047.6810302734375,0.10509280115365982,2108.2880859375,1023.1756591796875,0.10619385540485382,2108.2880859375,1011.1239013671875,0.11706525087356567,2108.2880859375,944.8388671875,0.1215057447552681,2108.2880859375,1062.9466552734375,0.09628458321094513,2108.2880859375,1030.0050048828125,0.09613718837499619,2108.2880859375,1020.7652587890625,0.09925927221775055,2108.2880859375,1150.1214599609375,0.09933879971504211,1972.5042724609375,1067.7674560546875,0.07657551765441895,2108.2880859375,1068.5709228515625,0.11921077966690063,2108.2880859375,1150.1214599609375,0.12645107507705688,2108.2880859375,1010.3204345703125,0.08640854060649872
DJI_20260917133617_0084_D.JPG,Cam 8,25,KATAKAMUKHA,INCORRECT,FINGERS_BENT,,rtmw_l_wholebody,coco_wholebody_133,OK,457.62,205.15,1,1,1832.385986328125,720.9583740234375,0.7783598899841309,1825.9677734375,695.2852783203125,0.8269424438476562,1774.621826171875,695.2852783203125,0.8393155932426453,1825.9677734375,695.2852783203125,0.8417547941207886,1832.385986328125,695.2852783203125,0.8319634795188904,1883.73193359375,688.8673095703125,0.8313318490982056,1838.80419921875,695.2852783203125,0.8204895853996277,1742.53076171875,720.9583740234375,0.9295400381088257,1909.40478515625,720.9583740234375,0.9607937335968018,1838.80419921875,746.6312255859375,0.7959069013595581,1832.385986328125,746.6312255859375,0.8007524609565735,1678.348388671875,919.9234619140625,0.9178440570831299,1999.260009765625,919.9234619140625,0.8898314237594604,1492.2197265625,1080.3795166015625,0.9666768312454224,2166.13427734375,1080.3795166015625,0.9036542177200317,1748.948974609375,1375.6182861328125,0.7567471265792847,1954.33251953125,1375.6182861328125,0.7804040908813477,1736.112548828125,1812.0579833984375,0.8390402793884277,1960.75048828125,1799.2215576171875,0.8332494497299194,1787.45849609375,2197.15185546875,0.8725221753120422,1915.8232421875,2184.3154296875,0.8622161149978638,1800.294921875,2267.75244140625,0.8617483377456665,1909.40478515625,2261.33447265625,0.87204909324646,1781.0400390625,2203.5703125,0.8083914518356323,1902.986328125,2190.73388671875,0.8103444576263428,1577.21728515625,1203.649658203125,0.18759843707084656,1577.21728515625,1203.649658203125,0.12955725193023682,1577.21728515625,1101.959228515625,0.1067660003900528,1577.21728515625,1101.959228515625,0.13119927048683167,1577.21728515625,959.6880493164062,0.1499902904033661,1577.21728515625,959.6880493164062,0.10674609988927841,1577.21728515625,1203.649658203125,0.14377714693546295,1577.21728515625,1203.649658203125,0.1451963186264038,1577.21728515625,959.6880493164062,0.15723559260368347,1577.21728515625,959.6880493164062,0.09917735308408737,1577.21728515625,1203.649658203125,0.13278591632843018,1577.21728515625,1203.649658203125,0.14345526695251465,1577.21728515625,959.6880493164062,0.1380692720413208,1577.21728515625,1100.527099609375,0.09712563455104828,1577.21728515625,1203.649658203125,0.11303392052650452,1577.21728515625,1203.649658203125,0.16051742434501648,1577.21728515625,1203.649658203125,0.16288931667804718,1577.21728515625,1203.649658203125,0.10696451365947723,1577.21728515625,1203.649658203125,0.17005743086338043,1577.21728515625,1203.649658203125,0.18848006427288055,1821.178955078125,1203.649658203125,0.1446433961391449,2076.04931640625,1176.72900390625,0.1904650777578354,2076.04931640625,1176.72900390625,0.18453927338123322,2076.04931640625,1036.4339599609375,0.16821032762527466,2076.04931640625,1036.4339599609375,0.20362693071365356,2076.04931640625,991.0015869140625,0.20957139134407043,2076.04931640625,991.0015869140625,0.19875071942806244,2076.04931640625,991.0015869140625,0.1787290871143341,2076.04931640625,1030.6185302734375,0.18099786341190338,2076.04931640625,991.0015869140625,0.19263210892677307,2076.04931640625,991.0015869140625,0.1841040551662445,2076.04931640625,991.0015869140625,0.16151870787143707,2076.04931640625,991.0015869140625,0.14963850378990173,2076.04931640625,991.0015869140625,0.17160850763320923,2076.04931640625,991.0015869140625,0.17830637097358704,2076.04931640625,991.0015869140625,0.15926313400268555,2076.04931640625,1176.72900390625,0.16210773587226868,2076.04931640625,1176.72900390625,0.17691585421562195,2076.04931640625,991.0015869140625,0.16675658524036407,2076.04931640625,1176.72900390625,0.17305871844291687,2076.04931640625,1176.72900390625,0.18985474109649658,2076.04931640625,1176.72900390625,0.16311967372894287
DJI_20260917133619_0085_D.JPG,Cam 8,25,KATAKAMUKHA,INCORRECT,FINGERS_BENT,,rtmw_l_wholebody,coco_wholebody_133,OK,462.33,182.49,1,1,1825.995361328125,731.240234375,0.7812148332595825,1819.60986328125,705.6982421875,0.8334294557571411,1774.91162109375,699.31298828125,0.8451612591743469,1819.60986328125,699.31298828125,0.8480348587036133,1825.995361328125,705.6982421875,0.8327632546424866,1877.0791015625,699.31298828125,0.8293775916099548,1832.380859375,705.6982421875,0.8242964744567871,1742.984375,731.240234375,0.9254240989685059,1909.00634765625,731.240234375,0.9492372274398804,1838.766357421875,756.7822265625,0.8023608922958374,1825.995361328125,756.7822265625,0.8042175769805908,1679.129638671875,935.5751953125,0.9057621955871582,1998.40283203125,922.80419921875,0.8664746284484863,1493.951171875,1082.44091796875,0.9482055306434631,2164.42529296875,1082.44091796875,0.8943607807159424,1755.75537109375,1382.55810546875,0.7530034780502319,1947.3193359375,1382.55810546875,0.7619026899337769,1736.598876953125,1816.769775390625,0.8293491005897522,1966.4755859375,1803.998779296875,0.8137539625167847,1787.6826171875,2199.89794921875,0.864337146282196,1921.77734375,2187.126953125,0.8520575761795044,1794.068115234375,2270.13818359375,0.8545308709144592,1909.00634765625,2263.75244140625,0.8597817420959473,1800.45361328125,2219.05419921875,0.7877056002616882,1909.00634765625,2206.283203125,0.7916187047958374,1573.41455078125,1197.6990966796875,0.0930454358458519,1667.260986328125,1095.9912109375,0.04980744421482086,1665.295654296875,1092.0604248046875,0.04807521402835846,1665.7869873046875,1038.504150390625,0.06740489602088928,1662.8388671875,1017.86767578125,0.07874958962202072,1718.360595703125,1065.03662109375,0.07969217002391815,1738.505615234375,1019.341796875,0.09973876178264618,1739.48828125,1007.549560546875,0.10677238553762436,1824.4906005859375,946.623046875,0.12195183336734772,1718.360595703125,1066.019287109375,0.10134582221508026,1737.0316162109375,1026.7119140625,0.08241651207208633,1739.48828125,1008.0408935546875,0.08510196208953857,1824.4906005859375,946.623046875,0.11465859413146973,1720.8173828125,1072.40673828125,0.08484715223312378,1735.0662841796875,1043.908935546875,0.06601563841104507,1824.4906005859375,1012.462890625,0.07666946947574615,1824.4906005859375,996.2486572265625,0.10630085319280624,1731.135498046875,1092.5517578125,0.06983745098114014,1824.4906005859375,1089.603759765625,0.0792345479130745,1824.4906005859375,1039.48681640625,0.10114351660013199,1824.4906005859375,946.623046875,0.11625441908836365,2074.8642578125,1153.1246337890625,0.1462869793176651,2074.8642578125,1088.037841796875,0.09973209351301193,2074.8642578125,1073.690673828125,0.0761147290468216,2074.8642578125,1043.94677734375,0.11612193286418915,2074.8642578125,1040.4473876953125,0.11468309164047241,2074.8642578125,1030.9993896484375,0.10183697938919067,2074.8642578125,1014.902587890625,0.15149304270744324,2074.8642578125,1029.9495849609375,0.15788912773132324,2074.8642578125,1040.79736328125,0.1466151624917984,2074.8642578125,1044.9964599609375,0.09478593617677689,2074.8642578125,1008.25390625,0.12452897429466248,2074.8642578125,1030.6494140625,0.14648711681365967,2074.8642578125,1039.3975830078125,0.1469789743423462,2074.8642578125,1063.542724609375,0.09229521453380585,2074.8642578125,1008.25390625,0.11420826613903046,2074.8642578125,1029.2496337890625,0.12349936366081238,2074.8642578125,1037.298095703125,0.13904735445976257,2074.8642578125,1079.6395263671875,0.08928051590919495,2074.8642578125,1027.5,0.10041026771068573,2074.8642578125,1028.199951171875,0.12048845738172531,2074.8642578125,1039.0477294921875,0.09030237048864365
DJI_20260917133654_0086_D.JPG,Cam 8,26,MUSHTI,INCORRECT,PINKY_DROPPED,,rtmw_l_wholebody,coco_wholebody_133,OK,454.07,239.12,1,1,1823.151123046875,728.3668212890625,0.7851293087005615,1816.756591796875,702.7884521484375,0.8291704654693604,1765.599365234375,696.3936767578125,0.8491549491882324,1816.756591796875,696.3936767578125,0.8423823118209839,1823.151123046875,696.3936767578125,0.8282190561294556,1874.30810546875,689.9991455078125,0.8264083862304688,1829.545654296875,702.7884521484375,0.8225089907646179,1740.02099609375,728.3668212890625,0.9453186988830566,1912.67578125,728.3668212890625,0.960135281085968,1829.545654296875,753.9454345703125,0.8014119863510132,1823.151123046875,753.9454345703125,0.8055229187011719,1669.68017578125,932.9947509765625,0.932424783706665,1989.411376953125,926.6002197265625,0.8974077701568604,1497.025146484375,1118.4390869140625,0.9531216621398926,2136.48779296875,1118.4390869140625,0.9041472673416138,1746.415771484375,1380.6187744140625,0.7562069892883301,1944.649169921875,1374.2239990234375,0.7823410630226135,1740.02099609375,1815.4530029296875,0.8343679904937744,1963.832763671875,1802.6636962890625,0.8385951519012451,1791.177978515625,2199.13037109375,0.8918243646621704,1919.070556640625,2199.13037109375,0.8816361427307129,1803.96728515625,2269.47119140625,0.8732337355613708,1906.28125,2275.86572265625,0.8895273208618164,1778.388916015625,2205.52490234375,0.8201283812522888,1925.465087890625,2192.73583984375,0.8293205499649048,1664.0341796875,1108.0771484375,0.11308123171329498,1681.0205078125,1100.3560791015625,0.11305805295705795,1689.77099609375,1079.7667236328125,0.08568115532398224,1730.94970703125,1039.617431640625,0.11227409541606903,1726.831787109375,1024.690185546875,0.13210612535476685,1721.169677734375,1079.7667236328125,0.12013839185237885,1722.19921875,1033.440673828125,0.12361012399196625,1734.0380859375,1023.66064453125,0.13903075456619263,1742.2738037109375,1016.9691162109375,0.13948872685432434,1717.566650390625,1075.6488037109375,0.14341188967227936,1728.8907470703125,1040.64697265625,0.15370264649391174,1734.0380859375,1023.14599609375,0.14942066371440887,1744.332763671875,1007.189208984375,0.13859376311302185,1701.0950927734375,1079.7667236328125,0.13321202993392944,1721.169677734375,1044.25,0.1411181390285492,1732.493896484375,1029.8375244140625,0.1448100209236145,1693.8887939453125,1008.7333984375,0.13906407356262207,1689.77099609375,1084.3992919921875,0.11004602164030075,1684.10888671875,1051.456298828125,0.10094599425792694,1740.7296142578125,1038.0732421875,0.12406265735626221,1726.831787109375,1019.5428466796875,0.12189492583274841,2062.1513671875,1166.818603515625,0.15210497379302979,2062.1513671875,1166.818603515625,0.10922738164663315,2062.1513671875,1166.818603515625,0.0886061042547226,2062.1513671875,1166.818603515625,0.1097298189997673,2062.1513671875,1166.818603515625,0.11038927733898163,2062.1513671875,1166.818603515625,0.09004388749599457,2062.1513671875,1166.818603515625,0.113059401512146,2062.1513671875,1166.818603515625,0.12140463292598724,2062.1513671875,989.322509765625,0.11776931583881378,2062.1513671875,1166.818603515625,0.08298106491565704,2062.1513671875,1166.818603515625,0.1054832860827446,2062.1513671875,1166.818603515625,0.1254638135433197,2062.1513671875,989.322509765625,0.10719337314367294,2062.1513671875,1166.818603515625,0.07011894136667252,2062.1513671875,1166.818603515625,0.0800233781337738,2062.1513671875,1166.818603515625,0.11391163617372513,2062.1513671875,1166.818603515625,0.11927475035190582,2062.1513671875,1166.818603515625,0.06552708148956299,2062.1513671875,1166.818603515625,0.11084900796413422,2062.1513671875,1166.818603515625,0.12322549521923065,2062.1513671875,1166.818603515625,0.08444813638925552
DJI_20260917133656_0087_D.JPG,Cam 8,26,MUSHTI,INCORRECT,PINKY_DROPPED,,rtmw_l_wholebody,coco_wholebody_133,OK,458.05,199.66,1,1,1823.4896240234375,739.3807373046875,0.7827160358428955,1810.7301025390625,713.8614501953125,0.8337664604187012,1772.4508056640625,713.8614501953125,0.8567028045654297,1817.1097412109375,713.8614501953125,0.8439230918884277,1823.4896240234375,713.8614501953125,0.8296020030975342,1874.5284423828125,707.4815673828125,0.8269867897033691,1829.8695068359375,720.2413330078125,0.8213188648223877,1740.5513916015625,739.3807373046875,0.9371143579483032,1912.8077392578125,739.3807373046875,0.9552409648895264,1829.8695068359375,764.9002685546875,0.7970502376556396,1823.4896240234375,771.2801513671875,0.8024359941482544,1683.1329345703125,937.1566162109375,0.9185453057289124,1995.7457275390625,943.5362548828125,0.8908233642578125,1504.4967041015625,1122.1722412109375,0.9494894742965698,2142.482421875,1122.1722412109375,0.9293524026870728,1746.9312744140625,1396.5062255859375,0.7630244493484497,1944.7069091796875,1383.7464599609375,0.7824947834014893,1734.1715087890625,1830.3363037109375,0.8438645601272583,1970.2264404296875,1811.1966552734375,0.8363021612167358,1785.2105712890625,2213.1279296875,0.8841642141342163,1912.8077392578125,2200.3681640625,0.8695118427276611,1797.9703369140625,2283.30615234375,0.8653874397277832,1900.0479736328125,2276.92626953125,0.8787354230880737,1772.4508056640625,2213.1279296875,0.8178282976150513,1919.1876220703125,2206.748046875,0.8213219046592712,1669.452880859375,1100.49853515625,0.2214767187833786,1668.024169921875,1068.11328125,0.1550624668598175,1661.832763671875,1042.3955078125,0.13116087019443512,1668.024169921875,1031.441650390625,0.12280787527561188,1699.456787109375,1018.5828247070312,0.16113099455833435,1698.028076171875,1020.4878540039062,0.1621452122926712,1726.603271484375,1000.9613647460938,0.15689295530319214,1733.7470703125,1001.4375610351562,0.16567456722259521,1737.0810546875,953.8121948242188,0.13530373573303223,1699.93310546875,1023.8215942382812,0.1966283619403839,1722.317138671875,1006.2001342773438,0.20529133081436157,1733.27099609375,990.4838256835938,0.19876909255981445,1737.55712890625,953.8121948242188,0.1377931833267212,1706.12451171875,1028.10791015625,0.17757675051689148,1727.07958984375,1015.2489624023438,0.2055433690547943,1738.033447265625,1011.9152221679688,0.21652214229106903,1748.9873046875,991.4363403320312,0.1998623013496399,1719.935791015625,1039.537841796875,0.16719023883342743,1726.603271484375,1029.53662109375,0.193379744887352,1733.7470703125,1027.1552734375,0.1730266511440277,1700.8857421875,1025.7265625,0.13065199553966522,2067.29638671875,1170.0262451171875,0.21993368864059448,2067.29638671875,1170.0262451171875,0.19010083377361298,2067.29638671875,1170.0262451171875,0.15901416540145874,2067.29638671875,1170.0262451171875,0.16744326055049896,2067.29638671875,1170.0262451171875,0.15419399738311768,2067.29638671875,1170.0262451171875,0.16126658022403717,2067.29638671875,1170.0262451171875,0.1559772491455078,2067.29638671875,1170.0262451171875,0.16983860731124878,2067.29638671875,1170.0262451171875,0.1730724275112152,2067.29638671875,1170.0262451171875,0.16521760821342468,2067.29638671875,1170.0262451171875,0.16140033304691315,2067.29638671875,1170.0262451171875,0.20006513595581055,2067.29638671875,1170.0262451171875,0.18016082048416138,2067.29638671875,1170.0262451171875,0.15648025274276733,2067.29638671875,1170.0262451171875,0.1426960527896881,2067.29638671875,1170.0262451171875,0.20525825023651123,2067.29638671875,1170.0262451171875,0.19999535381793976,2067.29638671875,1170.0262451171875,0.13997167348861694,2067.29638671875,1170.0262451171875,0.17447683215141296,2067.29638671875,1170.0262451171875,0.20804741978645325,2067.29638671875,1170.0262451171875,0.18502607941627502
