image_name,camera,variation_id,ground_truth_posture,ground_truth_status,ground_truth_error,ground_truth_side,model_name,model_layout,landmark_detection_status,detect_ms,pose_ms,hand_refined_left,hand_refined_right,00_nose_x,00_nose_y,00_nose_score,01_left_eye_inner_x,01_left_eye_inner_y,01_left_eye_inner_score,02_left_eye_x,02_left_eye_y,02_left_eye_score,03_left_eye_outer_x,03_left_eye_outer_y,03_left_eye_outer_score,04_right_eye_inner_x,04_right_eye_inner_y,04_right_eye_inner_score,05_right_eye_x,05_right_eye_y,05_right_eye_score,06_right_eye_outer_x,06_right_eye_outer_y,06_right_eye_outer_score,07_left_ear_x,07_left_ear_y,07_left_ear_score,08_right_ear_x,08_right_ear_y,08_right_ear_score,09_mouth_left_x,09_mouth_left_y,09_mouth_left_score,10_mouth_right_x,10_mouth_right_y,10_mouth_right_score,11_left_shoulder_x,11_left_shoulder_y,11_left_shoulder_score,12_right_shoulder_x,12_right_shoulder_y,12_right_shoulder_score,13_left_elbow_x,13_left_elbow_y,13_left_elbow_score,14_right_elbow_x,14_right_elbow_y,14_right_elbow_score,15_left_hip_x,15_left_hip_y,15_left_hip_score,16_right_hip_x,16_right_hip_y,16_right_hip_score,17_left_knee_x,17_left_knee_y,17_left_knee_score,18_right_knee_x,18_right_knee_y,18_right_knee_score,19_left_ankle_x,19_left_ankle_y,19_left_ankle_score,20_right_ankle_x,20_right_ankle_y,20_right_ankle_score,21_left_heel_x,21_left_heel_y,21_left_heel_score,22_right_heel_x,22_right_heel_y,22_right_heel_score,23_left_foot_index_x,23_left_foot_index_y,23_left_foot_index_score,24_right_foot_index_x,24_right_foot_index_y,24_right_foot_index_score,25_left_hand_wrist_x,25_left_hand_wrist_y,25_left_hand_wrist_score,26_left_hand_thumb_cmc_x,26_left_hand_thumb_cmc_y,26_left_hand_thumb_cmc_score,27_left_hand_thumb_mcp_x,27_left_hand_thumb_mcp_y,27_left_hand_thumb_mcp_score,28_left_hand_thumb_ip_x,28_left_hand_thumb_ip_y,28_left_hand_thumb_ip_score,29_left_hand_thumb_tip_x,29_left_hand_thumb_tip_y,29_left_hand_thumb_tip_score,30_left_hand_index_mcp_x,30_left_hand_index_mcp_y,30_left_hand_index_mcp_score,31_left_hand_index_pip_x,31_left_hand_index_pip_y,31_left_hand_index_pip_score,32_left_hand_index_dip_x,32_left_hand_index_dip_y,32_left_hand_index_dip_score,33_left_hand_index_tip_x,33_left_hand_index_tip_y,33_left_hand_index_tip_score,34_left_hand_middle_mcp_x,34_left_hand_middle_mcp_y,34_left_hand_middle_mcp_score,35_left_hand_middle_pip_x,35_left_hand_middle_pip_y,35_left_hand_middle_pip_score,36_left_hand_middle_dip_x,36_left_hand_middle_dip_y,36_left_hand_middle_dip_score,37_left_hand_middle_tip_x,37_left_hand_middle_tip_y,37_left_hand_middle_tip_score,38_left_hand_ring_mcp_x,38_left_hand_ring_mcp_y,38_left_hand_ring_mcp_score,39_left_hand_ring_pip_x,39_left_hand_ring_pip_y,39_left_hand_ring_pip_score,40_left_hand_ring_dip_x,40_left_hand_ring_dip_y,40_left_hand_ring_dip_score,41_left_hand_ring_tip_x,41_left_hand_ring_tip_y,41_left_hand_ring_tip_score,42_left_hand_pinky_mcp_x,42_left_hand_pinky_mcp_y,42_left_hand_pinky_mcp_score,43_left_hand_pinky_pip_x,43_left_hand_pinky_pip_y,43_left_hand_pinky_pip_score,44_left_hand_pinky_dip_x,44_left_hand_pinky_dip_y,44_left_hand_pinky_dip_score,45_left_hand_pinky_tip_x,45_left_hand_pinky_tip_y,45_left_hand_pinky_tip_score,46_right_hand_wrist_x,46_right_hand_wrist_y,46_right_hand_wrist_score,47_right_hand_thumb_cmc_x,47_right_hand_thumb_cmc_y,47_right_hand_thumb_cmc_score,48_right_hand_thumb_mcp_x,48_right_hand_thumb_mcp_y,48_right_hand_thumb_mcp_score,49_right_hand_thumb_ip_x,49_right_hand_thumb_ip_y,49_right_hand_thumb_ip_score,50_right_hand_thumb_tip_x,50_right_hand_thumb_tip_y,50_right_hand_thumb_tip_score,51_right_hand_index_mcp_x,51_right_hand_index_mcp_y,51_right_hand_index_mcp_score,52_right_hand_index_pip_x,52_right_hand_index_pip_y,52_right_hand_index_pip_score,53_right_hand_index_dip_x,53_right_hand_index_dip_y,53_right_hand_index_dip_score,54_right_hand_index_tip_x,54_right_hand_index_tip_y,54_right_hand_index_tip_score,55_right_hand_middle_mcp_x,55_right_hand_middle_mcp_y,55_right_hand_middle_mcp_score,56_right_hand_middle_pip_x,56_right_hand_middle_pip_y,56_right_hand_middle_pip_score,57_right_hand_middle_dip_x,57_right_hand_middle_dip_y,57_right_hand_middle_dip_score,58_right_hand_middle_tip_x,58_right_hand_middle_tip_y,58_right_hand_middle_tip_score,59_right_hand_ring_mcp_x,59_right_hand_ring_mcp_y,59_right_hand_ring_mcp_score,60_right_hand_ring_pip_x,60_right_hand_ring_pip_y,60_right_hand_ring_pip_score,61_right_hand_ring_dip_x,61_right_hand_ring_dip_y,61_right_hand_ring_dip_score,62_right_hand_ring_tip_x,62_right_hand_ring_tip_y,62_right_hand_ring_tip_score,63_right_hand_pinky_mcp_x,63_right_hand_pinky_mcp_y,63_right_hand_pinky_mcp_score,64_right_hand_pinky_pip_x,64_right_hand_pinky_pip_y,64_right_hand_pinky_pip_score,65_right_hand_pinky_dip_x,65_right_hand_pinky_dip_y,65_right_hand_pinky_dip_score,66_right_hand_pinky_tip_x,66_right_hand_pinky_tip_y,66_right_hand_pinky_tip_score
DJI_20260917131455_0056_D.JPG,Cam 5,1,ARAMANDI,CORRECT,,,rtmpose_m_halpe26,halpe_26,OK,126.35,33.32,0,0,1592.55078125,895.384765625,0.9600476622581482,,,0.0,1627.72509765625,860.21044921875,0.9870415329933167,,,0.0,,,0.0,1563.239013671875,866.072998046875,1.0410116910934448,,,0.0,1680.486572265625,907.109619140625,1.0176279544830322,1528.064697265625,912.97216796875,1.1122260093688965,,,0.0,,,0.0,1762.56005859375,1112.29296875,0.953963041305542,1451.853759765625,1124.017578125,0.9447845816612244,1938.431396484375,1299.88916015625,0.9663295745849609,1270.119873046875,1323.3388671875,0.9380935430526733,1715.660888671875,1569.55859375,0.7922085523605347,1522.2021484375,1581.283447265625,0.7933069467544556,1903.257080078125,1868.5400390625,0.902242124080658,1346.330810546875,1891.98974609375,0.8027189373970032,1739.1103515625,2161.6591796875,0.8613989353179932,1539.78955078125,2185.10888671875,0.8896658420562744,1698.07373046875,2202.69580078125,0.8193012475967407,1586.6884765625,2226.1455078125,0.8587731122970581,1873.9453125,2243.732421875,0.8474355936050415,1387.36767578125,2284.76904296875,0.7756725549697876,,,0.0,,,0.0,,,0.0,,,0.0,,,0.0,,,0.0,,,0.0,,,0.0,,,0.0,,,0.0,,,0.0,,,0.0,,,0.0,,,0.0,,,0.0,,,0.0,,,0.0,,,0.0,,,0.0,,,0.0,,,0.0,,,0.0,,,0.0,,,0.0,,,0.0,,,0.0,,,0.0,,,0.0,,,0.0,,,0.0,,,0.0,,,0.0,,,0.0,,,0.0,,,0.0,,,0.0,,,0.0,,,0.0,,,0.0,,,0.0,,,0.0,,,0.0
DJI_20260917131459_0057_D.JPG,Cam 5,1,ARAMANDI,CORRECT,,,rtmpose_m_halpe26,halpe_26,OK,178.1,21.05,0,0,1597.3719482421875,887.0802001953125,0.9555751085281372,,,0.0,1626.7227783203125,857.7293701171875,0.9931927919387817,,,0.0,,,0.0,1562.1510009765625,857.7293701171875,1.0468952655792236,,,0.0,1679.5538330078125,904.6905517578125,1.019248604774475,1526.9302978515625,910.5606689453125,1.1153059005737305,,,0.0,,,0.0,1761.7359619140625,1110.1453857421875,0.9524841904640198,1450.6182861328125,1121.8856201171875,0.946866512298584,1937.8399658203125,1292.1197509765625,0.9595098495483398,1274.5142822265625,1315.6002197265625,0.933021068572998,1708.9044189453125,1568.0162353515625,0.8002686500549316,1526.9302978515625,1579.7564697265625,0.7989692687988281,1896.7491455078125,1867.3931884765625,0.9204311966896057,1350.8260498046875,1896.7440185546875,0.8175705075263977,1738.2552490234375,2160.900390625,0.8811897039413452,1538.6705322265625,2178.5107421875,0.891481876373291,1697.1641845703125,2201.9912109375,0.8290680646896362,1585.6314697265625,2219.6015625,0.8421065807342529,1879.1385498046875,2243.08251953125,0.8672131299972534,1397.7872314453125,2284.17333984375,0.7667192220687866,,,0.0,,,0.0,,,0.0,,,0.0,,,0.0,,,0.0,,,0.0,,,0.0,,,0.0,,,0.0,,,0.0,,,0.0,,,0.0,,,0.0,,,0.0,,,0.0,,,0.0,,,0.0,,,0.0,,,0.0,,,0.0,,,0.0,,,0.0,,,0.0,,,0.0,,,0.0,,,0.0,,,0.0,,,0.0,,,0.0,,,0.0,,,0.0,,,0.0,,,0.0,,,0.0,,,0.0,,,0.0,,,0.0,,,0.0,,,0.0,,,0.0,,,0.0
DJI_20260917131827_0058_D.JPG,Cam 5,2,SAMAPADHAM,CORRECT,,,rtmpose_m_halpe26,halpe_26,OK,188.29,54.66,0,0,1600.9161376953125,753.458251953125,0.947237491607666,,,0.0,1633.1048583984375,714.83154296875,0.9603574872016907,,,0.0,,,0.0,1568.7274169921875,721.26953125,0.9919754266738892,,,0.0,1684.6070556640625,759.89599609375,1.0027250051498413,1530.1009521484375,766.333740234375,1.1131657361984253,,,0.0,,,0.0,1768.2977294921875,978.77978515625,0.9458791017532349,1446.4100341796875,985.217529296875,0.9351791143417358,1922.8040771484375,1184.7880859375,0.9769273996353149,1272.5904541015625,1191.2255859375,0.9586940407752991,1710.3577880859375,1442.29833984375,0.8098686933517456,1530.1009521484375,1455.173828125,0.7968752384185791,1723.2335205078125,1822.1259765625,0.9301750659942627,1549.4139404296875,1835.00146484375,0.8839702606201172,1703.9202880859375,2189.078125,0.9664350152015686,1613.7916259765625,2189.078125,0.9774229526519775,1697.4825439453125,2253.45556640625,0.9033108353614807,1633.1048583984375,2253.45556640625,0.9259616136550903,1716.7957763671875,2311.3955078125,0.9054448008537292,1620.2293701171875,2330.708984375,0.9354327917098999,,,0.0,,,0.0,,,0.0,,,0.0,,,0.0,,,0.0,,,0.0,,,0.0,,,0.0,,,0.0,,,0.0,,,0.0,,,0.0,,,0.0,,,0.0,,,0.0,,,0.0,,,0.0,,,0.0,,,0.0,,,0.0,,,0.0,,,0.0,,,0.0,,,0.0,,,0.0,,,0.0,,,0.0,,,0.0,,,0.0,,,0.0,,,0.0,,,0.0,,,0.0,,,0.0,,,0.0,,,0.0,,,0.0,,,0.0,,,0.0,,,0.0,,,0.0
DJI_20260917131830_0059_D.JPG,Cam 5,2,SAMAPADHAM,CORRECT,,,rtmpose_m_halpe26,halpe_26,OK,230.93,29.76,0,0,1601.8583984375,748.869384765625,0.9422245025634766,,,0.0,1634.017333984375,716.71044921875,0.9547204971313477,,,0.0,,,0.0,1563.267822265625,716.71044921875,0.9829626083374023,,,0.0,1679.039794921875,761.73291015625,0.9976381659507751,1524.67724609375,768.16455078125,1.1145977973937988,,,0.0,,,0.0,1762.65283203125,980.4130859375,0.9430451989173889,1441.064208984375,986.8447265625,0.9379473924636841,1923.447021484375,1179.7978515625,0.9751886129379272,1267.406494140625,1192.66162109375,0.9543322324752808,1711.19873046875,1449.93212890625,0.8128969669342041,1531.109130859375,1456.364013671875,0.8008841276168823,1724.06201171875,1822.974853515625,0.919216513633728,1550.404296875,1835.838623046875,0.8798999786376953,1698.3349609375,2189.5859375,0.9574304819107056,1608.290283203125,2189.5859375,0.9744532704353333,1685.471435546875,2247.471923828125,0.9016879200935364,1621.15380859375,2253.903564453125,0.9085466265678406,1717.63037109375,2305.357666015625,0.9024319648742676,1634.017333984375,2324.653076171875,0.9270519018173218,,,0.0,,,0.0,,,0.0,,,0.0,,,0.0,,,0.0,,,0.0,,,0.0,,,0.0,,,0.0,,,0.0,,,0.0,,,0.0,,,0.0,,,0.0,,,0.0,,,0.0,,,0.0,,,0.0,,,0.0,,,0.0,,,0.0,,,0.0,,,0.0,,,0.0,,,0.0,,,0.0,,,0.0,,,0.0,,,0.0,,,0.0,,,0.0,,,0.0,,,0.0,,,0.0,,,0.0,,,0.0,,,0.0,,,0.0,,,0.0,,,0.0,,,0.0
DJI_20260917131942_0060_D.JPG,Cam 5,3,MUZHUMANDI,CORRECT,,,rtmpose_m_halpe26,halpe_26,OK,184.25,33.64,0,0,1628.21923828125,1353.23095703125,1.0013525485992432,,,0.0,1658.94482421875,1322.50537109375,1.0678719282150269,,,0.0,,,0.0,1593.104248046875,1326.894775390625,1.1321641206741333,,,0.0,1707.2275390625,1348.841552734375,1.0568137168884277,1553.60009765625,1353.23095703125,1.080212116241455,,,0.0,,,0.0,1781.8466796875,1528.80517578125,0.9586368799209595,1483.370361328125,1541.97314453125,0.9172378182411194,1957.4208984375,1695.600830078125,0.9922184944152832,1299.017578125,1752.662353515625,0.9506432414054871,1746.731689453125,1980.908935546875,0.8095401525497437,1544.8212890625,1994.076904296875,0.7982476353645325,2058.3759765625,2143.31494140625,0.9239445924758911,1215.61962890625,2231.10205078125,0.898716926574707,1768.678466796875,2125.757568359375,0.6342501640319824,1496.53857421875,2134.536376953125,0.5855558514595032,1742.34228515625,2086.253173828125,0.5575942397117615,1483.370361328125,2112.589599609375,0.4704647660255432,1786.23583984375,2296.9423828125,0.5266834497451782,1509.70654296875,2305.720947265625,0.38596194982528687,,,0.0,,,0.0,,,0.0,,,0.0,,,0.0,,,0.0,,,0.0,,,0.0,,,0.0,,,0.0,,,0.0,,,0.0,,,0.0,,,0.0,,,0.0,,,0.0,,,0.0,,,0.0,,,0.0,,,0.0,,,0.0,,,0.0,,,0.0,,,0.0,,,0.0,,,0.0,,,0.0,,,0.0,,,0.0,,,0.0,,,0.0,,,0.0,,,0.0,,,0.0,,,0.0,,,0.0,,,0.0,,,0.0,,,0.0,,,0.0,,,0.0,,,0.0
DJI_20260917131944_0061_D.JPG,Cam 5,3,MUZHUMANDI,CORRECT,,,rtmpose_m_halpe26,halpe_26,OK,225.32,43.78,0,0,1618.613525390625,1349.197021484375,0.9877297878265381,,,0.0,1653.6083984375,1318.576416015625,1.0484964847564697,,,0.0,,,0.0,1587.992919921875,1318.576416015625,1.1149235963821411,,,0.0,1701.726806640625,1349.197021484375,1.0457792282104492,1548.623291015625,1349.197021484375,1.0588147640228271,,,0.0,,,0.0,1776.091064453125,1524.17236328125,0.957200825214386,1483.0078125,1541.669677734375,0.9158989787101746,1951.066162109375,1694.77294921875,0.9997372627258301,1303.658203125,1747.265625,0.9574955105781555,1741.095947265625,1983.48193359375,0.8072655200958252,1539.874755859375,1996.60498046875,0.7926210165023804,2051.677001953125,2136.585205078125,0.9056329727172852,1216.170654296875,2232.821533203125,0.9015028476715088,1762.968017578125,2123.4619140625,0.6201027631759644,1500.505126953125,2127.83642578125,0.5893768072128296,1736.7216796875,2079.71826171875,0.5467275381088257,1491.756591796875,2097.2158203125,0.467542827129364,1776.091064453125,2285.31396484375,0.5183779001235962,1518.002685546875,2307.18603515625,0.3739258050918579,,,0.0,,,0.0,,,0.0,,,0.0,,,0.0,,,0.0,,,0.0,,,0.0,,,0.0,,,0.0,,,0.0,,,0.0,,,0.0,,,0.0,,,0.0,,,0.0,,,0.0,,,0.0,,,0.0,,,0.0,,,0.0,,,0.0,,,0.0,,,0.0,,,0.0,,,0.0,,,0.0,,,0.0,,,0.0,,,0.0,,,0.0,,,0.0,,,0.0,,,0.0,,,0.0,,,0.0,,,0.0,,,0.0,,,0.0,,,0.0,,,0.0,,,0.0
DJI_20260917132031_0062_D.JPG,Cam 5,4,SWASTIKAPADAM,CORRECT,,RIGHT,rtmpose_m_halpe26,halpe_26,OK,251.93,34.23,0,0,1704.289306640625,909.41943359375,0.9682937860488892,,,0.0,1733.564208984375,874.28955078125,0.9875830411911011,,,0.0,,,0.0,1675.014404296875,880.14453125,1.040438175201416,,,0.0,1786.2587890625,909.41943359375,0.9996851682662964,1639.884765625,921.12939453125,1.1212835311889648,,,0.0,,,0.0,1874.08349609375,1120.198486328125,0.9531409740447998,1569.625,1126.053466796875,0.9336111545562744,2038.02294921875,1289.99267578125,0.9694170951843262,1405.685791015625,1313.41259765625,0.9401508569717407,1809.6787109375,1565.176513671875,0.7824171185493469,1645.73974609375,1565.176513671875,0.7732017040252686,1838.95361328125,1887.199951171875,0.7527298331260681,1470.09033203125,1893.054931640625,0.6705783605575562,1715.999267578125,2197.513427734375,0.800053596496582,1698.434326171875,2056.994140625,0.579853892326355,1675.014404296875,2244.353271484375,0.8349688053131104,1704.289306640625,2109.68896484375,0.4843582510948181,1833.0986328125,2267.773193359375,0.8056025505065918,1715.999267578125,2244.353271484375,0.5009657144546509,,,0.0,,,0.0,,,0.0,,,0.0,,,0.0,,,0.0,,,0.0,,,0.0,,,0.0,,,0.0,,,0.0,,,0.0,,,0.0,,,0.0,,,0.0,,,0.0,,,0.0,,,0.0,,,0.0,,,0.0,,,0.0,,,0.0,,,0.0,,,0.0,,,0.0,,,0.0,,,0.0,,,0.0,,,0.0,,,0.0,,,0.0,,,0.0,,,0.0,,,0.0,,,0.0,,,0.0,,,0.0,,,0.0,,,0.0,,,0.0,,,0.0,,,0.0
DJI_20260917132033_0063_D.JPG,Cam 5,4,SWASTIKAPADAM,CORRECT,,RIGHT,rtmpose_m_halpe26,halpe_26,OK,183.55,31.83,0,0,1720.371337890625,910.13330078125,0.9627338647842407,,,0.0,1749.541259765625,875.12939453125,0.9925140142440796,,,0.0,,,0.0,1685.367431640625,880.96337890625,1.0206677913665771,,,0.0,1790.379150390625,915.96728515625,1.0043431520462036,1644.529541015625,921.80126953125,1.122140884399414,,,0.0,,,0.0,1872.054443359375,1120.15625,0.9514315128326416,1568.68798828125,1131.82421875,0.9297915697097778,2035.406005859375,1295.175537109375,0.9678612947463989,1405.336669921875,1318.511474609375,0.9410805702209473,1813.715087890625,1557.704345703125,0.7872448563575745,1662.031494140625,1563.538330078125,0.7662778496742249,1860.38671875,1878.57275390625,0.7536543011665344,1743.707275390625,1878.57275390625,0.5640313625335693,1714.537353515625,2187.7734375,0.796116828918457,1702.869384765625,2135.267578125,0.5515967607498169,1673.699462890625,2234.445068359375,0.8336296081542969,1685.367431640625,2187.7734375,0.46223223209381104,1842.884765625,2263.614990234375,0.8145201206207275,1796.213134765625,2257.781005859375,0.5056642293930054,,,0.0,,,0.0,,,0.0,,,0.0,,,0.0,,,0.0,,,0.0,,,0.0,,,0.0,,,0.0,,,0.0,,,0.0,,,0.0,,,0.0,,,0.0,,,0.0,,,0.0,,,0.0,,,0.0,,,0.0,,,0.0,,,0.0,,,0.0,,,0.0,,,0.0,,,0.0,,,0.0,,,0.0,,,0.0,,,0.0,,,0.0,,,0.0,,,0.0,,,0.0,,,0.0,,,0.0,,,0.0,,,0.0,,,0.0,,,0.0,,,0.0,,,0.0
DJI_20260917132059_0064_D.JPG,Cam 5,5,SWASTIKAPADAM,CORRECT,,LEFT,rtmpose_m_halpe26,halpe_26,OK,189.73,29.63,0,0,1494.6473388671875,879.199462890625,0.9468111991882324,,,0.0,1530.4735107421875,843.373046875,0.9818893074989319,,,0.0,,,0.0,1458.8211669921875,849.34423828125,1.0319790840148926,,,0.0,1578.2420654296875,891.1416015625,0.9944018125534058,1422.9947509765625,903.08349609375,1.1092135906219482,,,0.0,,,0.0,1661.8367919921875,1094.156982421875,0.9493921995162964,1345.3712158203125,1118.041015625,0.9248805642127991,1829.0257568359375,1303.1435546875,0.9887936115264893,1154.2977294921875,1315.085693359375,0.936714768409729,1608.0972900390625,1577.8115234375,0.7704450488090515,1434.9368896484375,1583.78271484375,0.8019127249717712,1620.0394287109375,1924.13232421875,0.6615747213363647,1375.2264404296875,1965.9296875,0.8221300840377808,1578.2420654296875,2216.71337890625,0.7322487831115723,1614.0682373046875,2198.80029296875,0.8169777989387512,1584.2130126953125,2276.423828125,0.6407173871994019,1661.8367919921875,2240.59765625,0.7266858816146851,1500.6185302734375,2306.279052734375,0.6569133996963501,1506.5892333984375,2312.25,0.6444697380065918,,,0.0,,,0.0,,,0.0,,,0.0,,,0.0,,,0.0,,,0.0,,,0.0,,,0.0,,,0.0,,,0.0,,,0.0,,,0.0,,,0.0,,,0.0,,,0.0,,,0.0,,,0.0,,,0.0,,,0.0,,,0.0,,,0.0,,,0.0,,,0.0,,,0.0,,,0.0,,,0.0,,,0.0,,,0.0,,,0.0,,,0.0,,,0.0,,,0.0,,,0.0,,,0.0,,,0.0,,,0.0,,,0.0,,,0.0,,,0.0,,,0.0,,,0.0
DJI_20260917132100_0065_D.JPG,Cam 5,5,SWASTIKAPADAM,CORRECT,,LEFT,rtmpose_m_halpe26,halpe_26,OK,177.1,57.64,0,0,1495.8399658203125,880.6439208984375,0.9705715179443359,,,0.0,1531.6383056640625,844.8455810546875,0.9995576739311218,,,0.0,,,0.0,1466.0079345703125,850.8118896484375,1.039778470993042,,,0.0,1585.3360595703125,892.5765380859375,1.0090808868408203,1430.2095947265625,904.5093994140625,1.107215166091919,,,0.0,,,0.0,1680.7984619140625,1107.3670654296875,0.9245070815086365,1346.6802978515625,1113.3333740234375,0.9267900586128235,1835.9246826171875,1292.3250732421875,0.9554978609085083,1161.7218017578125,1310.2244873046875,0.9393258094787598,1615.1680908203125,1590.6448974609375,0.7707232236862183,1436.1761474609375,1596.6114501953125,0.808380126953125,1609.2017822265625,1936.6961669921875,0.6620539426803589,1370.5457763671875,1972.4945068359375,0.8355115652084351,1579.3697509765625,2217.11669921875,0.6826125979423523,1609.2017822265625,2193.25146484375,0.7927414178848267,1591.3023681640625,2270.814453125,0.5836546421051025,1662.8992919921875,2229.0498046875,0.7014532089233398,1495.8399658203125,2312.5791015625,0.6417528986930847,1495.8399658203125,2318.54541015625,0.6705107092857361,,,0.0,,,0.0,,,0.0,,,0.0,,,0.0,,,0.0,,,0.0,,,0.0,,,0.0,,,0.0,,,0.0,,,0.0,,,0.0,,,0.0,,,0.0,,,0.0,,,0.0,,,0.0,,,0.0,,,0.0,,,0.0,,,0.0,,,0.0,,,0.0,,,0.0,,,0.0,,,0.0,,,0.0,,,0.0,,,0.0,,,0.0,,,0.0,,,0.0,,,0.0,,,0.0,,,0.0,,,0.0,,,0.0,,,0.0,,,0.0,,,0.0,,,0.0
DJI_20260917132133_0066_D.JPG,Cam 5,6,ARAMANDI,INCORRECT,INSUFFICIENT_KNEE_BEND,,rtmpose_m_halpe26,halpe_26,OK,205.64,43.27,0,0,1608.450439453125,793.16748046875,0.9638394713401794,,,0.0,1639.589599609375,755.800537109375,0.9706040024757385,,,0.0,,,0.0,1571.083740234375,762.0283203125,1.0355547666549683,,,0.0,1689.412109375,793.16748046875,0.9970988035202026,1539.944580078125,805.623046875,1.1202434301376343,,,0.0,,,0.0,1782.829345703125,1004.9130859375,0.9631661772727966,1458.983154296875,1023.596435546875,0.9528882503509521,1944.752685546875,1197.975341796875,0.9668259620666504,1290.83203125,1222.886474609375,0.9358731508255005,1733.007080078125,1465.771240234375,0.7938512563705444,1546.172607421875,1478.22705078125,0.7853783369064331,1801.512939453125,1820.7568359375,0.835512638092041,1483.894287109375,1826.984619140625,0.7884408235549927,1751.690185546875,2175.742431640625,0.8954856395721436,1614.678466796875,2175.742431640625,0.849962592124939,1720.551513671875,2238.020263671875,0.8322980403900146,1652.045166015625,2231.792724609375,0.7914190888404846,1863.791015625,2256.703857421875,0.8136001825332642,1477.66650390625,2269.159423828125,0.6934206485748291,,,0.0,,,0.0,,,0.0,,,0.0,,,0.0,,,0.0,,,0.0,,,0.0,,,0.0,,,0.0,,,0.0,,,0.0,,,0.0,,,0.0,,,0.0,,,0.0,,,0.0,,,0.0,,,0.0,,,0.0,,,0.0,,,0.0,,,0.0,,,0.0,,,0.0,,,0.0,,,0.0,,,0.0,,,0.0,,,0.0,,,0.0,,,0.0,,,0.0,,,0.0,,,0.0,,,0.0,,,0.0,,,0.0,,,0.0,,,0.0,,,0.0,,,0.0
DJI_20260917132135_0067_D.JPG,Cam 5,6,ARAMANDI,INCORRECT,INSUFFICIENT_KNEE_BEND,,rtmpose_m_halpe26,halpe_26,OK,194.45,36.17,0,0,1609.552001953125,775.2403564453125,0.9662978649139404,,,0.0,1647.263916015625,743.8135986328125,0.9730402231216431,,,0.0,,,0.0,1578.125732421875,750.0989990234375,1.0428109169006348,,,0.0,1691.260986328125,787.8109130859375,1.0006957054138184,1540.413818359375,794.0963134765625,1.1343921422958374,,,0.0,,,0.0,1785.540771484375,1001.5113525390625,0.9697403907775879,1458.704833984375,1014.0821533203125,0.965100884437561,1948.958984375,1190.0706787109375,0.975389838218689,1289.001220703125,1208.9266357421875,0.9502865076065063,1735.258544921875,1472.9097900390625,0.8027265071868896,1552.984375,1485.4803466796875,0.794344425201416,1798.111572265625,1818.6016845703125,0.823368489742279,1490.13134765625,1824.8870849609375,0.775634765625,1747.828857421875,2164.29345703125,0.8891658782958984,1615.837646484375,2170.5791015625,0.8453025817871094,1716.402587890625,2227.14697265625,0.8194515705108643,1653.54931640625,2227.14697265625,0.7697762250900269,1860.964599609375,2252.2880859375,0.8142703771591187,1471.275390625,2271.14404296875,0.6790679693222046,,,0.0,,,0.0,,,0.0,,,0.0,,,0.0,,,0.0,,,0.0,,,0.0,,,0.0,,,0.0,,,0.0,,,0.0,,,0.0,,,0.0,,,0.0,,,0.0,,,0.0,,,0.0,,,0.0,,,0.0,,,0.0,,,0.0,,,0.0,,,0.0,,,0.0,,,0.0,,,0.0,,,0.0,,,0.0,,,0.0,,,0.0,,,0.0,,,0.0,,,0.0,,,0.0,,,0.0,,,0.0,,,0.0,,,0.0,,,0.0,,,0.0,,,0.0
DJI_20260917132212_0068_D.JPG,Cam 5,7,ARAMANDI,INCORRECT,FEET_TOO_FAR_APART,,rtmpose_m_halpe26,halpe_26,OK,186.89,27.82,0,0,1632.6514892578125,911.42431640625,0.9930672645568848,,,0.0,1667.7427978515625,876.3330078125,1.0177942514419556,,,0.0,,,0.0,1603.4088134765625,882.181640625,1.082275629043579,,,0.0,1720.3797607421875,923.121337890625,1.0243467092514038,1568.3175048828125,934.818359375,1.086655616760254,,,0.0,,,0.0,1808.1080322265625,1127.8203125,0.9448261260986328,1492.2864990234375,1139.517578125,0.9265172481536865,1971.8670654296875,1309.125244140625,0.9644932746887207,1316.8302001953125,1338.367919921875,0.9541366100311279,1755.4710693359375,1595.703857421875,0.7886797189712524,1556.6204833984375,1601.55224609375,0.8163691759109497,1960.1700439453125,1876.433837890625,0.8717644810676575,1346.0728759765625,1917.37353515625,0.8868963718414307,1831.5020751953125,2192.25537109375,0.9475860595703125,1533.2264404296875,2209.80078125,0.9581468105316162,1784.7137451171875,2233.19482421875,0.9119086265563965,1585.8634033203125,2239.04345703125,0.893329381942749,1989.4127197265625,2262.4375,0.9737122058868408,1369.4671630859375,2320.92333984375,0.8665385246276855,,,0.0,,,0.0,,,0.0,,,0.0,,,0.0,,,0.0,,,0.0,,,0.0,,,0.0,,,0.0,,,0.0,,,0.0,,,0.0,,,0.0,,,0.0,,,0.0,,,0.0,,,0.0,,,0.0,,,0.0,,,0.0,,,0.0,,,0.0,,,0.0,,,0.0,,,0.0,,,0.0,,,0.0,,,0.0,,,0.0,,,0.0,,,0.0,,,0.0,,,0.0,,,0.0,,,0.0,,,0.0,,,0.0,,,0.0,,,0.0,,,0.0,,,0.0
DJI_20260917132213_0069_D.JPG,Cam 5,7,ARAMANDI,INCORRECT,FEET_TOO_FAR_APART,,rtmpose_m_halpe26,halpe_26,OK,169.08,31.41,0,0,1629.35595703125,897.7957763671875,1.0053943395614624,,,0.0,1664.5966796875,868.4285888671875,1.0274723768234253,,,0.0,,,0.0,1599.989013671875,874.3021240234375,1.0858263969421387,,,0.0,1717.45751953125,909.5423583984375,1.0167872905731201,1564.74853515625,921.2894287109375,1.0807063579559326,,,0.0,,,0.0,1805.55859375,1120.9854736328125,0.9359722137451172,1494.267578125,1132.7322998046875,0.9160977602005005,1970.01416015625,1308.9346923828125,0.9578889608383179,1312.191650390625,1332.4283447265625,0.9431431293487549,1758.5712890625,1579.1116943359375,0.771258533000946,1558.875,1584.9852294921875,0.7998377084732056,1964.140625,1872.7825927734375,0.8700897097587585,1341.55859375,1908.0230712890625,0.8850024938583374,1829.05224609375,2184.07373046875,0.9418825507164001,1535.38134765625,2201.69384765625,0.9457667469978333,1787.9384765625,2219.31396484375,0.9095431566238403,1582.36865234375,2231.06103515625,0.9049739837646484,1987.63427734375,2254.5546875,0.9632929563522339,1370.92578125,2307.41552734375,0.8837039470672607,,,0.0,,,0.0,,,0.0,,,0.0,,,0.0,,,0.0,,,0.0,,,0.0,,,0.0,,,0.0,,,0.0,,,0.0,,,0.0,,,0.0,,,0.0,,,0.0,,,0.0,,,0.0,,,0.0,,,0.0,,,0.0,,,0.0,,,0.0,,,0.0,,,0.0,,,0.0,,,0.0,,,0.0,,,0.0,,,0.0,,,0.0,,,0.0,,,0.0,,,0.0,,,0.0,,,0.0,,,0.0,,,0.0,,,0.0,,,0.0,,,0.0,,,0.0
DJI_20260917132228_0070_D.JPG,Cam 5,8,ARAMANDI,INCORRECT,FEET_NOT_IN_LINE,,rtmpose_m_halpe26,halpe_26,OK,181.84,21.5,0,0,1627.80078125,894.994140625,0.9978883266448975,,,0.0,1663.552001953125,865.201171875,1.0121405124664307,,,0.0,,,0.0,1598.008056640625,865.201171875,1.0788812637329102,,,0.0,1723.137939453125,900.95263671875,1.0157426595687866,1562.256591796875,906.9111328125,1.1172783374786377,,,0.0,,,0.0,1812.516357421875,1121.419677734375,0.9352807998657227,1478.83642578125,1127.378173828125,0.9340176582336426,1991.2734375,1312.09375,1.0274388790130615,1300.079345703125,1335.92822265625,0.9777916669845581,1758.889404296875,1586.18798828125,0.7677534818649292,1568.215087890625,1592.146484375,0.7707253694534302,1824.433349609375,1913.9091796875,0.7736650109291077,1472.8779296875,1955.619140625,0.7404769659042358,1746.97216796875,2235.671875,0.897352397441864,1639.718017578125,2241.63037109375,0.8732646107673645,1711.220703125,2277.3818359375,0.8950638175010681,1669.5107421875,2277.3818359375,0.8459196090698242,1878.060546875,2342.92626953125,0.8763206005096436,1544.380615234375,2360.8017578125,0.8116307258605957,,,0.0,,,0.0,,,0.0,,,0.0,,,0.0,,,0.0,,,0.0,,,0.0,,,0.0,,,0.0,,,0.0,,,0.0,,,0.0,,,0.0,,,0.0,,,0.0,,,0.0,,,0.0,,,0.0,,,0.0,,,0.0,,,0.0,,,0.0,,,0.0,,,0.0,,,0.0,,,0.0,,,0.0,,,0.0,,,0.0,,,0.0,,,0.0,,,0.0,,,0.0,,,0.0,,,0.0,,,0.0,,,0.0,,,0.0,,,0.0,,,0.0,,,0.0
DJI_20260917132230_0071_D.JPG,Cam 5,8,ARAMANDI,INCORRECT,FEET_NOT_IN_LINE,,rtmpose_m_halpe26,halpe_26,OK,182.35,37.2,0,0,1632.220458984375,905.0313720703125,0.9904003143310547,,,0.0,1667.661865234375,869.5897216796875,1.0101115703582764,,,0.0,,,0.0,1602.685546875,875.4967041015625,1.0764533281326294,,,0.0,1720.82421875,910.9383544921875,1.0157431364059448,1567.243896484375,916.8453369140625,1.1269199848175049,,,0.0,,,0.0,1815.335205078125,1129.4949951171875,0.9441279172897339,1484.546875,1135.4019775390625,0.9403908252716064,1992.543212890625,1324.4237060546875,1.0222108364105225,1295.52490234375,1348.0516357421875,0.9809290766716003,1756.265869140625,1602.0496826171875,0.7656830549240112,1567.243896484375,1607.9569091796875,0.7784079313278198,1838.963134765625,1932.8382568359375,0.7515115737915039,1460.919189453125,1968.2796630859375,0.7489829063415527,1750.359130859375,2245.90576171875,0.8950618505477905,1644.0341796875,2239.9990234375,0.8589223623275757,1714.91748046875,2287.25439453125,0.8714158535003662,1673.56884765625,2281.34765625,0.8012454509735107,1880.3115234375,2358.1376953125,0.8788416385650635,1543.6162109375,2375.8583984375,0.774275004863739,,,0.0,,,0.0,,,0.0,,,0.0,,,0.0,,,0.0,,,0.0,,,0.0,,,0.0,,,0.0,,,0.0,,,0.0,,,0.0,,,0.0,,,0.0,,,0.0,,,0.0,,,0.0,,,0.0,,,0.0,,,0.0,,,0.0,,,0.0,,,0.0,,,0.0,,,0.0,,,0.0,,,0.0,,,0.0,,,0.0,,,0.0,,,0.0,,,0.0,,,0.0,,,0.0,,,0.0,,,0.0,,,0.0,,,0.0,,,0.0,,,0.0,,,0.0
DJI_20260917132310_0072_D.JPG,Cam 5,9,SAMAPADHAM,INCORRECT,FEET_TOO_FAR_APART,,rtmpose_m_halpe26,halpe_26,OK,184.25,30.12,0,0,1634.7978515625,774.0792236328125,0.9685536026954651,,,0.0,1666.651611328125,735.8546142578125,0.9692332744598389,,,0.0,,,0.0,1602.94384765625,735.8546142578125,1.041813850402832,,,0.0,1711.246826171875,780.4498291015625,1.0130656957626343,1564.71923828125,786.8206787109375,1.1610169410705566,,,0.0,,,0.0,1800.4375,990.6851806640625,0.9397373795509338,1481.8994140625,1003.4263916015625,0.9440042972564697,1959.70654296875,1194.5494384765625,0.9509484767913818,1309.888671875,1207.2911376953125,0.9437483549118042,1755.84228515625,1462.1214599609375,0.8222943544387817,1564.71923828125,1474.8629150390625,0.8119322061538696,1806.80810546875,1831.6256103515625,0.9023234248161316,1545.60693359375,1857.1090087890625,0.8651593327522278,1806.80810546875,2175.64697265625,0.9570263028144836,1564.71923828125,2201.1298828125,0.9330402612686157,1794.06689453125,2226.61279296875,0.8852565288543701,1577.4609375,2252.09619140625,0.8464322090148926,1851.40380859375,2322.17431640625,0.9275355935096741,1551.977783203125,2341.28662109375,0.9083118438720703,,,0.0,,,0.0,,,0.0,,,0.0,,,0.0,,,0.0,,,0.0,,,0.0,,,0.0,,,0.0,,,0.0,,,0.0,,,0.0,,,0.0,,,0.0,,,0.0,,,0.0,,,0.0,,,0.0,,,0.0,,,0.0,,,0.0,,,0.0,,,0.0,,,0.0,,,0.0,,,0.0,,,0.0,,,0.0,,,0.0,,,0.0,,,0.0,,,0.0,,,0.0,,,0.0,,,0.0,,,0.0,,,0.0,,,0.0,,,0.0,,,0.0,,,0.0
DJI_20260917132312_0073_D.JPG,Cam 5,9,SAMAPADHAM,INCORRECT,FEET_TOO_FAR_APART,,rtmpose_m_halpe26,halpe_26,OK,169.06,30.34,0,0,1630.7255859375,761.5291748046875,0.9610412120819092,,,0.0,1662.783447265625,729.4715576171875,0.9597731828689575,,,0.0,,,0.0,1598.66796875,729.4715576171875,1.0372157096862793,,,0.0,1714.075439453125,774.3524169921875,1.01222825050354,1566.610107421875,780.7640380859375,1.1540825366973877,,,0.0,,,0.0,1803.837158203125,985.9329833984375,0.9396491050720215,1483.260498046875,992.3446044921875,0.9402068853378296,1964.12548828125,1178.2791748046875,0.9427717328071594,1310.14892578125,1191.1021728515625,0.9420697093009949,1752.544677734375,1460.3865966796875,0.8221882581710815,1566.610107421875,1473.2098388671875,0.8153606653213501,1797.425537109375,1832.2557373046875,0.9091452956199646,1547.375732421875,1845.0787353515625,0.871861457824707,1810.24853515625,2172.0673828125,0.9481140375137329,1566.610107421875,2191.3017578125,0.9292215704917908,1791.013916015625,2216.94775390625,0.8815156817436218,1579.433349609375,2242.59423828125,0.8504573106765747,1848.7177734375,2313.12109375,0.9307217597961426,1560.19873046875,2332.35546875,0.9053816199302673,,,0.0,,,0.0,,,0.0,,,0.0,,,0.0,,,0.0,,,0.0,,,0.0,,,0.0,,,0.0,,,0.0,,,0.0,,,0.0,,,0.0,,,0.0,,,0.0,,,0.0,,,0.0,,,0.0,,,0.0,,,0.0,,,0.0,,,0.0,,,0.0,,,0.0,,,0.0,,,0.0,,,0.0,,,0.0,,,0.0,,,0.0,,,0.0,,,0.0,,,0.0,,,0.0,,,0.0,,,0.0,,,0.0,,,0.0,,,0.0,,,0.0,,,0.0
DJI_20260917132527_0074_D.JPG,Cam 5,10,SAMAPADHAM,INCORRECT,FEET_NOT_ALIGNED,,rtmpose_m_halpe26,halpe_26,OK,269.3,33.97,0,0,1636.9844970703125,742.1646728515625,0.9623239040374756,,,0.0,1669.4620361328125,709.6871337890625,0.9906662702560425,,,0.0,,,0.0,1598.0108642578125,709.6871337890625,1.0166666507720947,,,0.0,1714.9310302734375,755.1558837890625,1.0092202425003052,1559.0377197265625,761.6514892578125,1.1255302429199219,,,0.0,,,0.0,1805.8687744140625,982.5001220703125,0.9308598637580872,1474.5955810546875,982.5001220703125,0.9380987286567688,1968.2574462890625,1190.3580322265625,1.0084998607635498,1292.7200927734375,1190.3580322265625,0.955316424369812,1740.9132080078125,1456.6754150390625,0.8008827567100525,1552.5421142578125,1463.1710205078125,0.7985342741012573,1747.4088134765625,1846.4083251953125,0.9053884148597717,1572.0289306640625,1859.3995361328125,0.8728156089782715,1727.9219970703125,2216.65478515625,0.9518531560897827,1630.4888916015625,2229.64599609375,0.9671757221221924,1695.4444580078125,2268.619140625,0.918109655380249,1656.4710693359375,2288.10595703125,0.939669132232666,1818.8597412109375,2353.0615234375,0.9267593622207642,1572.0289306640625,2372.54833984375,0.8899345397949219,,,0.0,,,0.0,,,0.0,,,0.0,,,0.0,,,0.0,,,0.0,,,0.0,,,0.0,,,0.0,,,0.0,,,0.0,,,0.0,,,0.0,,,0.0,,,0.0,,,0.0,,,0.0,,,0.0,,,0.0,,,0.0,,,0.0,,,0.0,,,0.0,,,0.0,,,0.0,,,0.0,,,0.0,,,0.0,,,0.0,,,0.0,,,0.0,,,0.0,,,0.0,,,0.0,,,0.0,,,0.0,,,0.0,,,0.0,,,0.0,,,0.0,,,0.0
DJI_20260917132528_0075_D.JPG,Cam 5,10,SAMAPADHAM,INCORRECT,FEET_NOT_ALIGNED,,rtmpose_m_halpe26,halpe_26,OK,180.98,31.73,0,0,1623.7666015625,729.012451171875,0.9855103492736816,,,0.0,1656.352294921875,696.426513671875,1.0036474466323853,,,0.0,,,0.0,1584.66357421875,702.94384765625,1.0474112033843994,,,0.0,1708.48974609375,742.046875,1.0112823247909546,1545.560302734375,748.56396484375,1.129746913909912,,,0.0,,,0.0,1799.73046875,963.630859375,0.933329701423645,1467.35400390625,970.148193359375,0.9366687536239624,1962.65966796875,1178.69775390625,0.9767873287200928,1284.873291015625,1185.215087890625,0.9542950391769409,1734.55859375,1445.902099609375,0.802770733833313,1545.560302734375,1458.9365234375,0.7955499887466431,1747.5927734375,1836.932861328125,0.9153010845184326,1571.62890625,1849.967041015625,0.8669484853744507,1728.04150390625,2208.411865234375,0.9521785974502563,1630.28369140625,2214.928955078125,0.9662423729896545,1701.97265625,2260.549560546875,0.9310715198516846,1656.352294921875,2273.583740234375,0.9494271874427795,1819.28173828125,2345.272705078125,0.9232984781265259,1571.62890625,2364.824462890625,0.8922306299209595,,,0.0,,,0.0,,,0.0,,,0.0,,,0.0,,,0.0,,,0.0,,,0.0,,,0.0,,,0.0,,,0.0,,,0.0,,,0.0,,,0.0,,,0.0,,,0.0,,,0.0,,,0.0,,,0.0,,,0.0,,,0.0,,,0.0,,,0.0,,,0.0,,,0.0,,,0.0,,,0.0,,,0.0,,,0.0,,,0.0,,,0.0,,,0.0,,,0.0,,,0.0,,,0.0,,,0.0,,,0.0,,,0.0,,,0.0,,,0.0,,,0.0,,,0.0
DJI_20260917132546_0076_D.JPG,Cam 5,11,SAMAPADHAM,INCORRECT,WEIGHT_ON_ONE_LEG,,rtmpose_m_halpe26,halpe_26,OK,174.33,31.7,0,0,1592.36279296875,785.1990966796875,0.9784161448478699,,,0.0,1617.53759765625,753.7303466796875,0.9769251942634583,,,0.0,,,0.0,1554.600341796875,760.0240478515625,1.0411888360977173,,,0.0,1661.593994140625,797.7864990234375,0.9934204816818237,1510.544189453125,810.3741455078125,1.1316447257995605,,,0.0,,,0.0,1756.0,1011.7738037109375,0.9444562196731567,1428.725341796875,1011.7738037109375,0.9472296237945557,1913.343505859375,1200.5860595703125,0.9785473942756653,1258.79443359375,1213.1734619140625,0.9442705512046814,1711.943603515625,1477.5106201171875,0.8082304000854492,1529.42529296875,1490.0980224609375,0.7961118221282959,1762.293701171875,1842.5474853515625,0.9144774079322815,1560.89404296875,1861.4288330078125,0.8488292694091797,1762.293701171875,2194.9970703125,0.9488080739974976,1630.125244140625,2207.58447265625,0.9783471822738647,1730.824951171875,2245.3466796875,0.9208853244781494,1655.300048828125,2264.22802734375,0.9264401197433472,1856.699951171875,2320.87158203125,0.907913327217102,1604.9501953125,2346.046875,0.893043041229248,,,0.0,,,0.0,,,0.0,,,0.0,,,0.0,,,0.0,,,0.0,,,0.0,,,0.0,,,0.0,,,0.0,,,0.0,,,0.0,,,0.0,,,0.0,,,0.0,,,0.0,,,0.0,,,0.0,,,0.0,,,0.0,,,0.0,,,0.0,,,0.0,,,0.0,,,0.0,,,0.0,,,0.0,,,0.0,,,0.0,,,0.0,,,0.0,,,0.0,,,0.0,,,0.0,,,0.0,,,0.0,,,0.0,,,0.0,,,0.0,,,0.0,,,0.0
DJI_20260917132548_0077_D.JPG,Cam 5,11,SAMAPADHAM,INCORRECT,WEIGHT_ON_ONE_LEG,,rtmpose_m_halpe26,halpe_26,OK,187.67,34.35,0,0,1595.0323486328125,785.592041015625,0.9767950773239136,,,0.0,1620.1212158203125,747.95849609375,0.9783066511154175,,,0.0,,,0.0,1557.3990478515625,754.23095703125,1.029855489730835,,,0.0,1664.0269775390625,791.8642578125,0.9894994497299194,1513.4935302734375,804.40869140625,1.1221177577972412,,,0.0,,,0.0,1745.5660400390625,1005.119873046875,0.9534502029418945,1431.9547119140625,1005.119873046875,0.9462921619415283,1908.6436767578125,1199.55908203125,0.9703518152236938,1262.6046142578125,1212.103515625,0.9287039041519165,1714.2047119140625,1462.992431640625,0.809922456741333,1532.3101806640625,1481.80908203125,0.792949914932251,1770.6549072265625,1833.0537109375,0.9154864549636841,1563.6715087890625,1851.87060546875,0.8490937948226929,1758.1104736328125,2184.298583984375,0.9494144916534424,1632.6658935546875,2196.843017578125,0.9825683832168579,1726.7491455078125,2240.74853515625,0.9148721694946289,1651.4825439453125,2253.29296875,0.9299936294555664,1858.4659423828125,2309.742919921875,0.9124059081077576,1607.5767822265625,2341.104248046875,0.8905043601989746,,,0.0,,,0.0,,,0.0,,,0.0,,,0.0,,,0.0,,,0.0,,,0.0,,,0.0,,,0.0,,,0.0,,,0.0,,,0.0,,,0.0,,,0.0,,,0.0,,,0.0,,,0.0,,,0.0,,,0.0,,,0.0,,,0.0,,,0.0,,,0.0,,,0.0,,,0.0,,,0.0,,,0.0,,,0.0,,,0.0,,,0.0,,,0.0,,,0.0,,,0.0,,,0.0,,,0.0,,,0.0,,,0.0,,,0.0,,,0.0,,,0.0,,,0.0
DJI_20260917132617_0078_D.JPG,Cam 5,12,MUZHUMANDI,INCORRECT,KNEES_FACING_FORWARD,,rtmpose_m_halpe26,halpe_26,OK,199.75,26.21,0,0,1665.916015625,1387.125,0.9814975261688232,,,0.0,1700.27880859375,1352.762451171875,1.053837537765503,,,0.0,,,0.0,1631.553466796875,1357.057861328125,1.1056585311889648,,,0.0,1743.23193359375,1378.534423828125,1.0272841453552246,1584.3046875,1382.829833984375,1.0549485683441162,,,0.0,,,0.0,1811.957275390625,1554.64306640625,0.9618399143218994,1515.57958984375,1571.824462890625,0.9179611206054688,1996.656494140625,1735.046875,0.9962978363037109,1335.175537109375,1786.5908203125,0.9571162462234497,1786.185302734375,1992.766845703125,0.8228511214256287,1584.3046875,2005.652587890625,0.8208268880844116,2039.60986328125,2224.714599609375,0.9271395802497864,1317.994140625,2297.735107421875,0.886234700679779,1824.84326171875,2181.761474609375,0.7054363489151001,1567.12353515625,2203.238037109375,0.6590584516525269,1790.480712890625,2160.28466796875,0.6397808790206909,1567.12353515625,2177.466064453125,0.5773032307624817,1794.77587890625,2327.802490234375,0.5410404801368713,1580.009521484375,2323.507080078125,0.5216224193572998,,,0.0,,,0.0,,,0.0,,,0.0,,,0.0,,,0.0,,,0.0,,,0.0,,,0.0,,,0.0,,,0.0,,,0.0,,,0.0,,,0.0,,,0.0,,,0.0,,,0.0,,,0.0,,,0.0,,,0.0,,,0.0,,,0.0,,,0.0,,,0.0,,,0.0,,,0.0,,,0.0,,,0.0,,,0.0,,,0.0,,,0.0,,,0.0,,,0.0,,,0.0,,,0.0,,,0.0,,,0.0,,,0.0,,,0.0,,,0.0,,,0.0,,,0.0
DJI_20260917132619_0079_D.JPG,Cam 5,12,MUZHUMANDI,INCORRECT,KNEES_FACING_FORWARD,,rtmpose_m_halpe26,halpe_26,OK,188.49,30.56,0,0,1663.4249267578125,1384.2286376953125,1.003669023513794,,,0.0,1697.8614501953125,1349.7921142578125,1.0648444890975952,,,0.0,,,0.0,1628.9884033203125,1349.7921142578125,1.1238782405853271,,,0.0,1740.9071044921875,1371.3150634765625,1.0453734397888184,1585.9427490234375,1375.6195068359375,1.0701178312301636,,,0.0,,,0.0,1814.0845947265625,1547.8018798828125,0.9632312059402466,1517.0697021484375,1565.0201416015625,0.9238601922988892,1999.1805419921875,1728.5933837890625,0.9986233711242676,1336.2781982421875,1780.2481689453125,0.9619742631912231,1783.9525146484375,1986.8673095703125,0.8199466466903687,1590.2474365234375,1999.7808837890625,0.8198089599609375,2042.2264404296875,2219.3134765625,0.9151389002799988,1323.3646240234375,2288.1865234375,0.8707009553909302,1822.6937255859375,2184.876953125,0.7194268703460693,1573.0291748046875,2189.181640625,0.647788941860199,1792.5616455078125,2167.65869140625,0.670759916305542,1577.3338623046875,2171.96337890625,0.5678205490112305,1801.1707763671875,2331.23193359375,0.6092641353607178,1590.2474365234375,2322.623046875,0.5105182528495789,,,0.0,,,0.0,,,0.0,,,0.0,,,0.0,,,0.0,,,0.0,,,0.0,,,0.0,,,0.0,,,0.0,,,0.0,,,0.0,,,0.0,,,0.0,,,0.0,,,0.0,,,0.0,,,0.0,,,0.0,,,0.0,,,0.0,,,0.0,,,0.0,,,0.0,,,0.0,,,0.0,,,0.0,,,0.0,,,0.0,,,0.0,,,0.0,,,0.0,,,0.0,,,0.0,,,0.0,,,0.0,,,0.0,,,0.0,,,0.0,,,0.0,,,0.0
DJI_20260917132650_0080_D.JPG,Cam 5,13,MUZHUMANDI,INCORRECT,BACK_BENT_FORWARD,,rtmpose_m_halpe26,halpe_26,OK,194.24,33.32,0,0,1645.335693359375,1473.1890869140625,0.9749616384506226,,,0.0,1681.640869140625,1428.8160400390625,1.038466453552246,,,0.0,,,0.0,1609.0302734375,1432.8499755859375,1.092890977859497,,,0.0,1730.0478515625,1436.8839111328125,1.0182538032531738,1556.58935546875,1444.9517822265625,1.0360133647918701,,,0.0,,,0.0,1798.624755859375,1590.1729736328125,0.8837735652923584,1475.910888671875,1622.4444580078125,0.8711062669754028,1992.2529296875,1747.4959716796875,0.9588747620582581,1310.52001953125,1812.0386962890625,0.9628839492797852,1766.353271484375,2005.6668701171875,0.7641026377677917,1552.555419921875,2021.8026123046875,0.768800675868988,2101.168701171875,2090.37939453125,0.9287641048431396,1221.7738037109375,2162.98974609375,0.8920027613639832,1750.217529296875,2130.71826171875,0.5559782385826111,1552.555419921875,2130.71826171875,0.5106096267700195,1641.301513671875,2102.48095703125,0.43562477827072144,1564.6572265625,2106.5146484375,0.3422425389289856,,,0.0,,,0.0,,,0.0,,,0.0,,,0.0,,,0.0,,,0.0,,,0.0,,,0.0,,,0.0,,,0.0,,,0.0,,,0.0,,,0.0,,,0.0,,,0.0,,,0.0,,,0.0,,,0.0,,,0.0,,,0.0,,,0.0,,,0.0,,,0.0,,,0.0,,,0.0,,,0.0,,,0.0,,,0.0,,,0.0,,,0.0,,,0.0,,,0.0,,,0.0,,,0.0,,,0.0,,,0.0,,,0.0,,,0.0,,,0.0,,,0.0,,,0.0,,,0.0,,,0.0
DJI_20260917132653_0081_D.JPG,Cam 5,13,MUZHUMANDI,INCORRECT,BACK_BENT_FORWARD,,rtmpose_m_halpe26,halpe_26,OK,182.8,27.82,0,0,1654.6651611328125,1469.29541015625,0.9732593297958374,,,0.0,1690.9210205078125,1424.98291015625,1.0527596473693848,,,0.0,,,0.0,1618.4093017578125,1429.01123046875,1.0959076881408691,,,0.0,1739.2623291015625,1437.068115234375,1.016787052154541,1566.0399169921875,1441.096435546875,1.055506944656372,,,0.0,,,0.0,1807.7454833984375,1586.119873046875,0.8941134214401245,1485.4713134765625,1622.375732421875,0.8710209131240845,1993.0533447265625,1751.28564453125,0.9576278924942017,1320.3057861328125,1807.68359375,0.9484307765960693,1775.5181884765625,2009.10498046875,0.7719144821166992,1557.9830322265625,2021.1904296875,0.7655414342880249,2101.82080078125,2097.73046875,0.91632479429245,1231.6802978515625,2174.2705078125,0.8997145891189575,1763.4327392578125,2129.9580078125,0.5531668066978455,1541.8692626953125,2138.0146484375,0.5354253053665161,1682.8643798828125,2105.787109375,0.429525762796402,1553.9544677734375,2105.787109375,0.3809819519519806,1739.2623291015625,2279.009765625,0.30465731024742126,1557.9830322265625,2283.0380859375,0.3099334239959717,,,0.0,,,0.0,,,0.0,,,0.0,,,0.0,,,0.0,,,0.0,,,0.0,,,0.0,,,0.0,,,0.0,,,0.0,,,0.0,,,0.0,,,0.0,,,0.0,,,0.0,,,0.0,,,0.0,,,0.0,,,0.0,,,0.0,,,0.0,,,0.0,,,0.0,,,0.0,,,0.0,,,0.0,,,0.0,,,0.0,,,0.0,,,0.0,,,0.0,,,0.0,,,0.0,,,0.0,,,0.0,,,0.0,,,0.0,,,0.0,,,0.0,,,0.0
DJI_20260917132733_0082_D.JPG,Cam 5,14,MUZHUMANDI,INCORRECT,FEET_APART_HEEL_DOWN,,rtmpose_m_halpe26,halpe_26,OK,215.41,46.23,0,0,1581.322509765625,1410.9488525390625,1.0034561157226562,,,0.0,1617.541015625,1369.5565185546875,1.0185909271240234,,,0.0,,,0.0,1545.10400390625,1374.7305908203125,1.0641167163848877,,,0.0,1669.28125,1395.4268798828125,0.9814151525497437,1503.711669921875,1400.6007080078125,1.0247896909713745,,,0.0,,,0.0,1746.89208984375,1571.3446044921875,0.8908107280731201,1436.448974609375,1592.0408935546875,0.9063465595245361,1959.02880859375,1778.3067626953125,0.9481839537620544,1234.66064453125,1845.5697021484375,0.9222150444984436,1715.847900390625,2037.0098876953125,0.8050515651702881,1514.059814453125,2047.3580322265625,0.7907193899154663,2046.987548828125,2037.0098876953125,0.9331109523773193,1146.70166015625,2135.31689453125,0.8962733745574951,1752.06640625,2212.927734375,0.7331591844558716,1508.8857421875,2218.1015625,0.6601818799972534,1710.673828125,2238.7978515625,0.6547533869743347,1514.059814453125,2243.97216796875,0.5208044052124023,1979.724853515625,2311.23486328125,0.5767961740493774,1348.489990234375,2311.23486328125,0.6411204934120178,,,0.0,,,0.0,,,0.0,,,0.0,,,0.0,,,0.0,,,0.0,,,0.0,,,0.0,,,0.0,,,0.0,,,0.0,,,0.0,,,0.0,,,0.0,,,0.0,,,0.0,,,0.0,,,0.0,,,0.0,,,0.0,,,0.0,,,0.0,,,0.0,,,0.0,,,0.0,,,0.0,,,0.0,,,0.0,,,0.0,,,0.0,,,0.0,,,0.0,,,0.0,,,0.0,,,0.0,,,0.0,,,0.0,,,0.0,,,0.0,,,0.0,,,0.0
DJI_20260917132735_0083_D.JPG,Cam 5,14,MUZHUMANDI,INCORRECT,FEET_APART_HEEL_DOWN,,rtmpose_m_halpe26,halpe_26,OK,194.19,29.52,0,0,1581.947998046875,1499.4468994140625,0.9742856025695801,,,0.0,1611.162109375,1455.6260986328125,0.983599066734314,,,0.0,,,0.0,1538.127197265625,1460.4949951171875,1.0398286581039429,,,0.0,1654.98291015625,1436.1500244140625,0.927573025226593,1489.437255859375,1445.8880615234375,1.025235652923584,,,0.0,,,0.0,1737.755859375,1572.4818115234375,0.9101583361625671,1426.14013671875,1601.6959228515625,0.8893963098526001,1942.253662109375,1767.2418212890625,0.9321846961975098,1236.24951171875,1850.0145263671875,0.922943115234375,1718.280029296875,2039.9053955078125,0.8048913478851318,1513.7822265625,2054.51220703125,0.8128101825714111,2039.6337890625,2025.2984619140625,0.9291495680809021,1158.345458984375,2137.28515625,0.9267403483390808,1786.44580078125,2210.3203125,0.8364253044128418,1484.568115234375,2224.92724609375,0.8131816387176514,1737.755859375,2244.4033203125,0.7291346788406372,1518.651123046875,2244.4033203125,0.6840689182281494,1966.5986328125,2302.8310546875,0.7090200185775757,1328.76025390625,2332.044921875,0.6989827156066895,,,0.0,,,0.0,,,0.0,,,0.0,,,0.0,,,0.0,,,0.0,,,0.0,,,0.0,,,0.0,,,0.0,,,0.0,,,0.0,,,0.0,,,0.0,,,0.0,,,0.0,,,0.0,,,0.0,,,0.0,,,0.0,,,0.0,,,0.0,,,0.0,,,0.0,,,0.0,,,0.0,,,0.0,,,0.0,,,0.0,,,0.0,,,0.0,,,0.0,,,0.0,,,0.0,,,0.0,,,0.0,,,0.0,,,0.0,,,0.0,,,0.0,,,0.0
DJI_20260917132751_0084_D.JPG,Cam 5,15,SWASTIKAPADAM,INCORRECT,OVERCROSSING_SHINS,RIGHT,rtmpose_m_halpe26,halpe_26,OK,181.91,35.36,0,0,1779.983154296875,905.9388427734375,0.9621356725692749,,,0.0,1809.313720703125,870.7420654296875,0.9798291921615601,,,0.0,,,0.0,1744.786376953125,876.6080322265625,1.018320083618164,,,0.0,1862.109130859375,905.9388427734375,0.9869493842124939,1709.589599609375,911.8048095703125,1.0878937244415283,,,0.0,,,0.0,1938.368896484375,1117.1197509765625,0.9373318552970886,1639.19580078125,1117.1197509765625,0.9224609732627869,2120.218994140625,1298.9698486328125,0.9694613218307495,1480.810302734375,1316.5684814453125,0.9214919805526733,1885.573486328125,1562.9459228515625,0.7788444757461548,1721.32177734375,1568.8121337890625,0.7648085355758667,1926.636474609375,1897.3157958984375,0.7249610424041748,1750.652587890625,1897.3157958984375,0.6332916617393494,1779.983154296875,2202.35498046875,0.7302742004394531,1750.652587890625,2190.62255859375,0.6299555897712708,1733.053955078125,2249.28369140625,0.7466638684272766,1727.187744140625,2231.685546875,0.540099561214447,1891.439697265625,2296.212890625,0.7727747559547424,1891.439697265625,2290.3466796875,0.6147779822349548,,,0.0,,,0.0,,,0.0,,,0.0,,,0.0,,,0.0,,,0.0,,,0.0,,,0.0,,,0.0,,,0.0,,,0.0,,,0.0,,,0.0,,,0.0,,,0.0,,,0.0,,,0.0,,,0.0,,,0.0,,,0.0,,,0.0,,,0.0,,,0.0,,,0.0,,,0.0,,,0.0,,,0.0,,,0.0,,,0.0,,,0.0,,,0.0,,,0.0,,,0.0,,,0.0,,,0.0,,,0.0,,,0.0,,,0.0,,,0.0,,,0.0,,,0.0
DJI_20260917132753_0085_D.JPG,Cam 5,15,SWASTIKAPADAM,INCORRECT,OVERCROSSING_SHINS,RIGHT,rtmpose_m_halpe26,halpe_26,OK,174.9,24.61,0,0,1775.1114501953125,901.0850830078125,0.9731543064117432,,,0.0,1804.5198974609375,865.7947998046875,0.9955098628997803,,,0.0,,,0.0,1739.8214111328125,865.7947998046875,1.0462027788162231,,,0.0,1857.4552001953125,906.9666748046875,0.9850379228591919,1704.5308837890625,906.9666748046875,1.1081902980804443,,,0.0,,,0.0,1939.7991943359375,1106.9447021484375,0.9370522499084473,1639.8321533203125,1112.8262939453125,0.9209555983543396,2110.36865234375,1295.1590576171875,0.9699051976203918,1475.1446533203125,1306.9224853515625,0.9182027578353882,1880.9820556640625,1565.7174072265625,0.7894304990768433,1722.1761474609375,1571.5989990234375,0.768610954284668,1922.1539306640625,1900.9744873046875,0.7325835824012756,1763.3480224609375,1900.9744873046875,0.5823135375976562,1757.4664306640625,2206.8232421875,0.7722740173339844,1816.2833251953125,2159.76953125,0.5513662099838257,1716.2945556640625,2253.87646484375,0.7785091400146484,1786.8748779296875,2206.8232421875,0.4331057369709015,1886.8638916015625,2289.1669921875,0.7806620597839355,1904.5089111328125,2277.4033203125,0.5791405439376831,,,0.0,,,0.0,,,0.0,,,0.0,,,0.0,,,0.0,,,0.0,,,0.0,,,0.0,,,0.0,,,0.0,,,0.0,,,0.0,,,0.0,,,0.0,,,0.0,,,0.0,,,0.0,,,0.0,,,0.0,,,0.0,,,0.0,,,0.0,,,0.0,,,0.0,,,0.0,,,0.0,,,0.0,,,0.0,,,0.0,,,0.0,,,0.0,,,0.0,,,0.0,,,0.0,,,0.0,,,0.0,,,0.0,,,0.0,,,0.0,,,0.0,,,0.0
DJI_20260917132825_0086_D.JPG,Cam 5,16,SWASTIKAPADAM,INCORRECT,OVERCROSSING_SHINS,LEFT,rtmpose_m_halpe26,halpe_26,OK,197.13,35.06,0,0,1491.712646484375,890.051513671875,0.9490753412246704,,,0.0,1527.56005859375,854.2041015625,0.9693000316619873,,,0.0,,,0.0,1461.83984375,860.1787109375,1.0260233879089355,,,0.0,1581.331298828125,896.026123046875,0.9736464619636536,1425.992431640625,907.975341796875,1.079765796661377,,,0.0,,,0.0,1664.975341796875,1105.13623046875,0.9338107109069824,1348.322998046875,1117.085205078125,0.9331082105636597,1832.26318359375,1302.297119140625,0.9867048263549805,1163.111083984375,1320.220947265625,0.9303854703903198,1593.280517578125,1583.102294921875,0.7519316077232361,1431.966796875,1583.102294921875,0.7624070048332214,1587.305908203125,1905.729248046875,0.622326135635376,1461.83984375,1917.67822265625,0.6626443862915039,1509.63623046875,2138.737548828125,0.6239209175109863,1623.1533203125,2216.406982421875,0.7081975936889648,1485.738037109375,2198.483154296875,0.5782219171524048,1659.000732421875,2264.20361328125,0.6462575197219849,1497.687255859375,2258.22900390625,0.6261839866638184,1503.661865234375,2323.94921875,0.6604039669036865,,,0.0,,,0.0,,,0.0,,,0.0,,,0.0,,,0.0,,,0.0,,,0.0,,,0.0,,,0.0,,,0.0,,,0.0,,,0.0,,,0.0,,,0.0,,,0.0,,,0.0,,,0.0,,,0.0,,,0.0,,,0.0,,,0.0,,,0.0,,,0.0,,,0.0,,,0.0,,,0.0,,,0.0,,,0.0,,,0.0,,,0.0,,,0.0,,,0.0,,,0.0,,,0.0,,,0.0,,,0.0,,,0.0,,,0.0,,,0.0,,,0.0,,,0.0
DJI_20260917132826_0087_D.JPG,Cam 5,16,SWASTIKAPADAM,INCORRECT,OVERCROSSING_SHINS,LEFT,rtmpose_m_halpe26,halpe_26,OK,188.39,25.23,0,0,1496.7940673828125,897.1776123046875,0.9454380869865417,,,0.0,1526.6483154296875,855.3817138671875,0.9585462808609009,,,0.0,,,0.0,1460.9691162109375,861.3524169921875,1.0255160331726074,,,0.0,1580.3856201171875,897.1776123046875,0.9745820760726929,1425.1439208984375,909.1192626953125,1.0797443389892578,,,0.0,,,0.0,1663.9774169921875,1106.1566162109375,0.9371316432952881,1353.4940185546875,1112.1275634765625,0.9334022998809814,1831.1607666015625,1297.2235107421875,0.9845715761184692,1162.4273681640625,1315.1358642578125,0.9322769641876221,1598.2982177734375,1571.8817138671875,0.7581847906112671,1437.0858154296875,1577.8524169921875,0.7639820575714111,1580.3856201171875,1900.2774658203125,0.6335117816925049,1472.9105224609375,1912.2191162109375,0.6913368701934814,1520.6773681640625,2157.0234375,0.6014766097068787,1628.1522216796875,2222.70263671875,0.7247732877731323,1490.8231201171875,2216.7314453125,0.559272825717926,1669.9481201171875,2264.49853515625,0.6927053332328796,1502.7650146484375,2264.49853515625,0.6231861114501953,1490.8231201171875,2330.177734375,0.6905677914619446,,,0.0,,,0.0,,,0.0,,,0.0,,,0.0,,,0.0,,,0.0,,,0.0,,,0.0,,,0.0,,,0.0,,,0.0,,,0.0,,,0.0,,,0.0,,,0.0,,,0.0,,,0.0,,,0.0,,,0.0,,,0.0,,,0.0,,,0.0,,,0.0,,,0.0,,,0.0,,,0.0,,,0.0,,,0.0,,,0.0,,,0.0,,,0.0,,,0.0,,,0.0,,,0.0,,,0.0,,,0.0,,,0.0,,,0.0,,,0.0,,,0.0,,,0.0
DJI_20260917132841_0088_D.JPG,Cam 5,17,SWASTIKAPADAM,INCORRECT,INSUFFICIENT_ARAMANDI,RIGHT,rtmpose_m_halpe26,halpe_26,OK,223.54,30.41,0,0,1738.47705078125,856.900634765625,0.97322678565979,,,0.0,1768.69091796875,820.64404296875,0.9744149446487427,,,0.0,,,0.0,1702.22021484375,820.64404296875,1.0226908922195435,,,0.0,1817.033203125,862.943603515625,0.9978893995285034,1665.96337890625,868.986328125,1.1289913654327393,,,0.0,,,0.0,1895.58935546875,1068.3984375,0.9646437168121338,1593.449951171875,1074.441162109375,0.9393060207366943,2064.78759765625,1243.639404296875,0.977249264717102,1436.33740234375,1267.810546875,0.9397457242012024,1847.2470703125,1509.522216796875,0.8133732080459595,1690.134765625,1515.56494140625,0.7833389043807983,1835.16162109375,1866.046630859375,0.7973846197128296,1726.391357421875,1853.961181640625,0.6445544958114624,1738.47705078125,2198.400146484375,0.8265993595123291,1732.43408203125,2150.057861328125,0.5917393565177917,1696.17724609375,2252.785400390625,0.8407132625579834,1714.3056640625,2210.48583984375,0.5095970034599304,1841.204345703125,2301.127685546875,0.8514453768730164,1823.075927734375,2276.95654296875,0.5721531510353088,,,0.0,,,0.0,,,0.0,,,0.0,,,0.0,,,0.0,,,0.0,,,0.0,,,0.0,,,0.0,,,0.0,,,0.0,,,0.0,,,0.0,,,0.0,,,0.0,,,0.0,,,0.0,,,0.0,,,0.0,,,0.0,,,0.0,,,0.0,,,0.0,,,0.0,,,0.0,,,0.0,,,0.0,,,0.0,,,0.0,,,0.0,,,0.0,,,0.0,,,0.0,,,0.0,,,0.0,,,0.0,,,0.0,,,0.0,,,0.0,,,0.0,,,0.0
DJI_20260917132842_0089_D.JPG,Cam 5,17,SWASTIKAPADAM,INCORRECT,INSUFFICIENT_ARAMANDI,RIGHT,rtmpose_m_halpe26,halpe_26,OK,183.02,28.28,0,0,1739.908203125,855.34814453125,0.9697717428207397,,,0.0,1770.14697265625,825.109130859375,0.9675092697143555,,,0.0,,,0.0,1703.62158203125,825.109130859375,1.014915108680725,,,0.0,1812.481689453125,861.39599609375,0.9939014911651611,1661.287109375,867.443603515625,1.1244890689849854,,,0.0,,,0.0,1891.10302734375,1067.020751953125,0.9493368864059448,1588.713623046875,1079.1162109375,0.9337471723556519,2054.39306640625,1254.502197265625,0.965347170829773,1431.47119140625,1278.693115234375,0.9562570452690125,1842.720458984375,1514.556884765625,0.8068305850028992,1685.47802734375,1520.604736328125,0.7864582538604736,1854.816162109375,1889.51953125,0.7976062297821045,1733.8603515625,1877.424072265625,0.6572415828704834,1733.8603515625,2210.052001953125,0.8304749727249146,1733.8603515625,2204.004150390625,0.6663557887077332,1685.47802734375,2270.530029296875,0.8202926516532898,1715.717041015625,2258.434326171875,0.5616123676300049,1842.720458984375,2324.960205078125,0.8198201656341553,1848.768310546875,2306.816650390625,0.6564410924911499,,,0.0,,,0.0,,,0.0,,,0.0,,,0.0,,,0.0,,,0.0,,,0.0,,,0.0,,,0.0,,,0.0,,,0.0,,,0.0,,,0.0,,,0.0,,,0.0,,,0.0,,,0.0,,,0.0,,,0.0,,,0.0,,,0.0,,,0.0,,,0.0,,,0.0,,,0.0,,,0.0,,,0.0,,,0.0,,,0.0,,,0.0,,,0.0,,,0.0,,,0.0,,,0.0,,,0.0,,,0.0,,,0.0,,,0.0,,,0.0,,,0.0,,,0.0
DJI_20260917132906_0090_D.JPG,Cam 5,18,SWASTIKAPADAM,INCORRECT,INSUFFICIENT_ARAMANDI,LEFT,rtmpose_m_halpe26,halpe_26,OK,172.71,33.3,0,0,1503.415771484375,798.0130615234375,0.9652366638183594,,,0.0,1540.929931640625,760.4989013671875,0.9820748567581177,,,0.0,,,0.0,1472.153564453125,766.7510986328125,1.041018009185791,,,0.0,1590.948974609375,810.5177001953125,0.9762421250343323,1434.639404296875,816.7701416015625,1.1202118396759033,,,0.0,,,0.0,1684.734619140625,1023.0985107421875,0.954387903213501,1359.61083984375,1041.8558349609375,0.958055853843689,1853.548828125,1216.9222412109375,0.9864165186882019,1184.544189453125,1248.1844482421875,0.9506864547729492,1634.715576171875,1510.7840576171875,0.7955199480056763,1465.9013671875,1523.2889404296875,0.8055205345153809,1628.463134765625,1860.9173583984375,0.7246436476707458,1509.66796875,1873.4222412109375,0.7766838073730469,1615.958251953125,2179.7890625,0.702491283416748,1628.463134765625,2192.29345703125,0.8102527856826782,1634.715576171875,2248.56494140625,0.6520068645477295,1684.734619140625,2248.56494140625,0.7597496509552002,1572.191650390625,2304.83642578125,0.678987979888916,1540.929931640625,2329.84619140625,0.8033514022827148,,,0.0,,,0.0,,,0.0,,,0.0,,,0.0,,,0.0,,,0.0,,,0.0,,,0.0,,,0.0,,,0.0,,,0.0,,,0.0,,,0.0,,,0.0,,,0.0,,,0.0,,,0.0,,,0.0,,,0.0,,,0.0,,,0.0,,,0.0,,,0.0,,,0.0,,,0.0,,,0.0,,,0.0,,,0.0,,,0.0,,,0.0,,,0.0,,,0.0,,,0.0,,,0.0,,,0.0,,,0.0,,,0.0,,,0.0,,,0.0,,,0.0,,,0.0
DJI_20260917132909_0091_D.JPG,Cam 5,18,SWASTIKAPADAM,INCORRECT,INSUFFICIENT_ARAMANDI,LEFT,rtmpose_m_halpe26,halpe_26,OK,182.61,22.51,0,0,1527.2557373046875,798.4700927734375,0.9863222241401672,,,0.0,1558.5101318359375,760.9647216796875,0.9913843274116516,,,0.0,,,0.0,1496.0013427734375,767.2154541015625,1.0541677474975586,,,0.0,1614.7684326171875,810.9718017578125,0.9843690395355225,1458.4957275390625,817.2227783203125,1.1047344207763672,,,0.0,,,0.0,1708.5318603515625,1029.7535400390625,0.9365741014480591,1389.7357177734375,1036.0045166015625,0.9522310495376587,1871.0555419921875,1223.5313720703125,0.9122400879859924,1220.9615478515625,1248.5352783203125,0.9392665028572083,1646.0228271484375,1511.0731201171875,0.7936221957206726,1477.2484130859375,1517.3238525390625,0.8076388835906982,1633.5208740234375,1854.8726806640625,0.7306128740310669,1514.7537841796875,1867.3746337890625,0.7747924327850342,1614.7684326171875,2173.6689453125,0.7048882246017456,1627.2703857421875,2192.42138671875,0.7925645112991333,1614.7684326171875,2236.177734375,0.667940616607666,1671.0264892578125,2248.6796875,0.7504748106002808,1583.5137939453125,2298.68701171875,0.6778325438499451,1546.0084228515625,2323.6904296875,0.7887453436851501,,,0.0,,,0.0,,,0.0,,,0.0,,,0.0,,,0.0,,,0.0,,,0.0,,,0.0,,,0.0,,,0.0,,,0.0,,,0.0,,,0.0,,,0.0,,,0.0,,,0.0,,,0.0,,,0.0,,,0.0,,,0.0,,,0.0,,,0.0,,,0.0,,,0.0,,,0.0,,,0.0,,,0.0,,,0.0,,,0.0,,,0.0,,,0.0,,,0.0,,,0.0,,,0.0,,,0.0,,,0.0,,,0.0,,,0.0,,,0.0,,,0.0,,,0.0
DJI_20260917133308_0092_D.JPG,Cam 5,19,PATAKA,INCORRECT,ELBOWS_NOT_ALIGNED,,rtmpose_m_halpe26,halpe_26,OK,165.15,24.48,0,0,1654.446044921875,774.2340087890625,0.9569048881530762,,,0.0,1685.989990234375,742.6900634765625,0.9616058468818665,,,0.0,,,0.0,1622.90234375,742.6900634765625,1.0185540914535522,,,0.0,1736.460205078125,786.8516845703125,0.9920700788497925,1572.43212890625,793.1602783203125,1.048823356628418,,,0.0,,,0.0,1812.165283203125,1001.3497314453125,0.9360778331756592,1503.03564453125,1013.9674072265625,0.9516628980636597,1894.179443359375,1228.4654541015625,0.98386549949646,1446.256591796875,1253.7008056640625,0.9429397583007812,1768.004150390625,1474.5074462890625,0.7953517436981201,1578.740966796875,1487.1251220703125,0.7974097728729248,1768.004150390625,1840.4161376953125,0.8873484134674072,1597.667236328125,1846.7252197265625,0.8700088262557983,1736.460205078125,2187.3984375,0.961872935295105,1654.446044921875,2181.08984375,0.9600284099578857,1730.151611328125,2237.86865234375,0.8526782989501953,1667.063720703125,2225.2509765625,0.8853398561477661,1742.768798828125,2300.95654296875,0.8940582275390625,1641.82861328125,2307.26513671875,0.8835192918777466,,,0.0,,,0.0,,,0.0,,,0.0,,,0.0,,,0.0,,,0.0,,,0.0,,,0.0,,,0.0,,,0.0,,,0.0,,,0.0,,,0.0,,,0.0,,,0.0,,,0.0,,,0.0,,,0.0,,,0.0,,,0.0,,,0.0,,,0.0,,,0.0,,,0.0,,,0.0,,,0.0,,,0.0,,,0.0,,,0.0,,,0.0,,,0.0,,,0.0,,,0.0,,,0.0,,,0.0,,,0.0,,,0.0,,,0.0,,,0.0,,,0.0,,,0.0
DJI_20260917133309_0093_D.JPG,Cam 5,19,PATAKA,INCORRECT,ELBOWS_NOT_ALIGNED,,rtmpose_m_halpe26,halpe_26,OK,186.39,23.94,0,0,1658.573486328125,767.8779296875,0.9416278600692749,,,0.0,1690.118408203125,736.333251953125,0.9561749696731567,,,0.0,,,0.0,1620.719970703125,736.333251953125,1.0076799392700195,,,0.0,1734.280517578125,780.495849609375,0.9889358282089233,1570.248779296875,786.8046875,1.0511188507080078,,,0.0,,,0.0,1816.296630859375,1001.307861328125,0.9315619468688965,1500.8505859375,1007.616943359375,0.9509440064430237,1885.69482421875,1222.120361328125,0.9785560369491577,1437.761474609375,1253.664794921875,0.9651621580123901,1759.516357421875,1474.477294921875,0.8115599155426025,1576.5576171875,1487.094970703125,0.8178155422210693,1765.825439453125,1834.085693359375,0.8918765783309937,1601.793212890625,1846.70361328125,0.8837629556655884,1740.589599609375,2168.458740234375,0.9639662504196167,1652.2646484375,2168.458740234375,0.9778428077697754,1727.971923828125,2218.93017578125,0.8555060625076294,1664.882568359375,2212.62109375,0.8753693103790283,1740.589599609375,2294.63720703125,0.9098854064941406,1652.2646484375,2307.255126953125,0.9033339023590088,,,0.0,,,0.0,,,0.0,,,0.0,,,0.0,,,0.0,,,0.0,,,0.0,,,0.0,,,0.0,,,0.0,,,0.0,,,0.0,,,0.0,,,0.0,,,0.0,,,0.0,,,0.0,,,0.0,,,0.0,,,0.0,,,0.0,,,0.0,,,0.0,,,0.0,,,0.0,,,0.0,,,0.0,,,0.0,,,0.0,,,0.0,,,0.0,,,0.0,,,0.0,,,0.0,,,0.0,,,0.0,,,0.0,,,0.0,,,0.0,,,0.0,,,0.0
DJI_20260917133318_0094_D.JPG,Cam 5,20,ALAPADMA,INCORRECT,ELBOWS_NOT_ALIGNED,,rtmpose_m_halpe26,halpe_26,OK,179.75,33.87,0,0,1647.415771484375,765.568603515625,0.9671643972396851,,,0.0,1678.997314453125,733.987060546875,0.9665670394897461,,,0.0,,,0.0,1609.517822265625,740.30322265625,1.0208711624145508,,,0.0,1729.52783203125,778.201171875,0.9978703260421753,1565.303466796875,784.517578125,1.0517760515213013,,,0.0,,,0.0,1805.323974609375,992.956298828125,0.9270123243331909,1495.82373046875,1005.589111328125,0.9457256197929382,1862.170654296875,1220.34423828125,0.9673416614532471,1445.293212890625,1245.609619140625,0.9560889005661011,1754.793212890625,1472.997314453125,0.8041484355926514,1571.61962890625,1479.313720703125,0.7975429892539978,1773.7421875,1833.028076171875,0.9009132981300354,1596.885009765625,1839.344482421875,0.8676989078521729,1735.84423828125,2161.477294921875,0.9362462759017944,1653.73193359375,2167.793701171875,0.9515975713729858,1723.211669921875,2205.691650390625,0.8537690043449402,1660.04833984375,2212.0078125,0.8625019788742065,1735.84423828125,2287.803955078125,0.8852430582046509,1666.364501953125,2300.4365234375,0.8721306920051575,,,0.0,,,0.0,,,0.0,,,0.0,,,0.0,,,0.0,,,0.0,,,0.0,,,0.0,,,0.0,,,0.0,,,0.0,,,0.0,,,0.0,,,0.0,,,0.0,,,0.0,,,0.0,,,0.0,,,0.0,,,0.0,,,0.0,,,0.0,,,0.0,,,0.0,,,0.0,,,0.0,,,0.0,,,0.0,,,0.0,,,0.0,,,0.0,,,0.0,,,0.0,,,0.0,,,0.0,,,0.0,,,0.0,,,0.0,,,0.0,,,0.0,,,0.0
DJI_20260917133319_0095_D.JPG,Cam 5,20,ALAPADMA,INCORRECT,ELBOWS_NOT_ALIGNED,,rtmpose_m_halpe26,halpe_26,OK,184.21,32.29,0,0,1650.153564453125,765.19921875,0.9770208597183228,,,0.0,1681.740966796875,733.611572265625,0.9773943424224854,,,0.0,,,0.0,1612.248291015625,739.92919921875,1.0320122241973877,,,0.0,1732.281005859375,777.834228515625,1.0034284591674805,1568.025634765625,784.15185546875,1.056566596031189,,,0.0,,,0.0,1808.09130859375,992.629638671875,0.9255844354629517,1504.8505859375,1005.264892578125,0.9447871446609497,1864.948974609375,1226.377685546875,0.9673125147819519,1454.310546875,1245.330322265625,0.953415036201477,1763.86865234375,1466.443115234375,0.800373911857605,1574.34326171875,1472.7607421875,0.7950032353401184,1770.186279296875,1832.859130859375,0.895432710647583,1599.61328125,1839.176513671875,0.8701508641242981,1732.281005859375,2167.687255859375,0.9436207413673401,1656.470947265625,2174.004638671875,0.9575772881507874,1725.963623046875,2211.909912109375,0.8584506511688232,1662.788330078125,2218.227294921875,0.8786872625350952,1744.916259765625,2294.037353515625,0.8818989992141724,1656.470947265625,2300.355224609375,0.8744363188743591,,,0.0,,,0.0,,,0.0,,,0.0,,,0.0,,,0.0,,,0.0,,,0.0,,,0.0,,,0.0,,,0.0,,,0.0,,,0.0,,,0.0,,,0.0,,,0.0,,,0.0,,,0.0,,,0.0,,,0.0,,,0.0,,,0.0,,,0.0,,,0.0,,,0.0,,,0.0,,,0.0,,,0.0,,,0.0,,,0.0,,,0.0,,,0.0,,,0.0,,,0.0,,,0.0,,,0.0,,,0.0,,,0.0,,,0.0,,,0.0,,,0.0,,,0.0
DJI_20260917133408_0096_D.JPG,Cam 5,21,ALAPADMA,CORRECT,,,rtmpose_m_halpe26,halpe_26,OK,165.52,30.61,0,0,1642.712646484375,782.310546875,0.9580913782119751,,,0.0,1674.12646484375,750.896728515625,0.9459884166717529,,,0.0,,,0.0,1611.298583984375,757.179443359375,1.0150830745697021,,,0.0,1724.388671875,788.593505859375,0.9979970455169678,1573.601806640625,801.158935546875,1.1432480812072754,,,0.0,,,0.0,1812.347900390625,983.359619140625,0.9395926594734192,1504.4912109375,995.92529296875,0.9495208263397217,2044.810791015625,1071.318603515625,0.9753837585449219,1284.59375,1115.298095703125,0.9183013439178467,1755.802734375,1448.285888671875,0.821773886680603,1579.884521484375,1454.568603515625,0.8037313222885132,1768.3681640625,1818.969970703125,0.8869202733039856,1598.733154296875,1831.53564453125,0.8544764518737793,1762.085205078125,2158.240478515625,0.9661053419113159,1661.560791015625,2164.523193359375,0.9656163454055786,1755.802734375,2208.502685546875,0.893258273601532,1674.12646484375,2221.068115234375,0.8602274060249329,1736.954345703125,2296.461669921875,0.9185237884521484,1667.843505859375,2309.027099609375,0.8791813850402832,,,0.0,,,0.0,,,0.0,,,0.0,,,0.0,,,0.0,,,0.0,,,0.0,,,0.0,,,0.0,,,0.0,,,0.0,,,0.0,,,0.0,,,0.0,,,0.0,,,0.0,,,0.0,,,0.0,,,0.0,,,0.0,,,0.0,,,0.0,,,0.0,,,0.0,,,0.0,,,0.0,,,0.0,,,0.0,,,0.0,,,0.0,,,0.0,,,0.0,,,0.0,,,0.0,,,0.0,,,0.0,,,0.0,,,0.0,,,0.0,,,0.0,,,0.0
DJI_20260917133409_0097_D.JPG,Cam 5,21,ALAPADMA,CORRECT,,,rtmpose_m_halpe26,halpe_26,OK,183.29,31.93,0,0,1639.037841796875,795.09326171875,0.9617823362350464,,,0.0,1670.346923828125,757.5224609375,0.9406254291534424,,,0.0,,,0.0,1607.728759765625,763.7841796875,1.0155563354492188,,,0.0,1726.703125,795.09326171875,0.9999757409095764,1570.157958984375,807.616943359375,1.1395474672317505,,,0.0,,,0.0,1808.106689453125,989.209228515625,0.9337066411972046,1501.278076171875,1001.732666015625,0.9433634281158447,2033.531494140625,1076.874267578125,0.943117618560791,1282.114990234375,1120.70703125,0.9129238724708557,1751.75048828125,1458.844482421875,0.8138093948364258,1570.157958984375,1465.106201171875,0.7975585460662842,1770.535888671875,1828.290771484375,0.8759022951126099,1595.205322265625,1840.814453125,0.8417074084281921,1758.011962890625,2166.428466796875,0.9601783752441406,1657.823486328125,2166.428466796875,0.9497412443161011,1758.011962890625,2210.260986328125,0.8906314969062805,1670.346923828125,2222.784423828125,0.827325701713562,1739.226806640625,2304.187744140625,0.9210422039031982,1670.346923828125,2316.711669921875,0.8604426383972168,,,0.0,,,0.0,,,0.0,,,0.0,,,0.0,,,0.0,,,0.0,,,0.0,,,0.0,,,0.0,,,0.0,,,0.0,,,0.0,,,0.0,,,0.0,,,0.0,,,0.0,,,0.0,,,0.0,,,0.0,,,0.0,,,0.0,,,0.0,,,0.0,,,0.0,,,0.0,,,0.0,,,0.0,,,0.0,,,0.0,,,0.0,,,0.0,,,0.0,,,0.0,,,0.0,,,0.0,,,0.0,,,0.0,,,0.0,,,0.0,,,0.0,,,0.0
DJI_20260917133417_0098_D.JPG,Cam 5,22,MUSHTI,CORRECT,,,rtmpose_m_halpe26,halpe_26,OK,180.61,21.27,0,0,1644.07958984375,800.7978515625,0.9650382995605469,,,0.0,1675.296630859375,769.580810546875,0.9503103494644165,,,0.0,,,0.0,1612.86279296875,775.82421875,1.0142933130264282,,,0.0,1725.24365234375,813.28466796875,0.9951815605163574,1575.40234375,819.528076171875,1.1582603454589844,,,0.0,,,0.0,1812.651123046875,1006.829833984375,0.9395784139633179,1506.72509765625,1019.31640625,0.9414527416229248,2024.92626953125,1081.750244140625,0.9421919584274292,1288.206298828125,1112.96728515625,0.9039382934570312,1756.46044921875,1475.083984375,0.8249675035476685,1575.40234375,1481.327392578125,0.8021948337554932,1775.19091796875,1837.200439453125,0.8628478050231934,1594.13232421875,1849.687255859375,0.8289309144020081,1756.46044921875,2180.5869140625,0.9498550295829773,1656.56640625,2180.5869140625,0.9476845264434814,1750.21728515625,2230.5341796875,0.8774785995483398,1669.05322265625,2236.777587890625,0.8212285041809082,1737.73046875,2311.6982421875,0.8893892765045166,1656.56640625,2317.941650390625,0.8249565362930298,,,0.0,,,0.0,,,0.0,,,0.0,,,0.0,,,0.0,,,0.0,,,0.0,,,0.0,,,0.0,,,0.0,,,0.0,,,0.0,,,0.0,,,0.0,,,0.0,,,0.0,,,0.0,,,0.0,,,0.0,,,0.0,,,0.0,,,0.0,,,0.0,,,0.0,,,0.0,,,0.0,,,0.0,,,0.0,,,0.0,,,0.0,,,0.0,,,0.0,,,0.0,,,0.0,,,0.0,,,0.0,,,0.0,,,0.0,,,0.0,,,0.0,,,0.0
DJI_20260917133418_0099_D.JPG,Cam 5,22,MUSHTI,CORRECT,,,rtmpose_m_halpe26,halpe_26,OK,184.06,31.38,0,0,1652.6646728515625,793.8369140625,0.9845768213272095,,,0.0,1683.8931884765625,756.362548828125,0.9728567600250244,,,0.0,,,0.0,1615.1905517578125,762.6083984375,1.0366706848144531,,,0.0,1727.6131591796875,793.8369140625,1.0235671997070312,1583.9620361328125,806.328125,1.1645758152008057,,,0.0,,,0.0,1808.8072509765625,993.69921875,0.9418289661407471,1509.0137939453125,1006.1904296875,0.9416335821151733,2027.4068603515625,1068.6474609375,0.9186030626296997,1290.4141845703125,1099.8759765625,0.9401857852935791,1758.8416748046875,1462.12646484375,0.8236671090126038,1577.7164306640625,1468.372314453125,0.8018139004707336,1777.5787353515625,1830.622802734375,0.8909565806388855,1596.4534912109375,1843.1142578125,0.8465117812156677,1758.8416748046875,2161.644775390625,0.9736965894699097,1658.9105224609375,2167.890625,0.966397762298584,1752.5960693359375,2211.6103515625,0.8966827988624573,1671.4019775390625,2224.101806640625,0.838784396648407,1733.8590087890625,2299.05029296875,0.9142264723777771,1665.1561279296875,2311.54150390625,0.8596917390823364,,,0.0,,,0.0,,,0.0,,,0.0,,,0.0,,,0.0,,,0.0,,,0.0,,,0.0,,,0.0,,,0.0,,,0.0,,,0.0,,,0.0,,,0.0,,,0.0,,,0.0,,,0.0,,,0.0,,,0.0,,,0.0,,,0.0,,,0.0,,,0.0,,,0.0,,,0.0,,,0.0,,,0.0,,,0.0,,,0.0,,,0.0,,,0.0,,,0.0,,,0.0,,,0.0,,,0.0,,,0.0,,,0.0,,,0.0,,,0.0,,,0.0,,,0.0
DJI_20260917133452_0100_D.JPG,Cam 5,23,KATAKAMUKHA,CORRECT,,,rtmpose_m_halpe26,halpe_26,OK,162.95,33.9,0,0,1647.0767822265625,776.0087890625,0.9497768878936768,,,0.0,1678.5921630859375,744.493408203125,0.949427604675293,,,0.0,,,0.0,1615.5614013671875,750.79638671875,0.997138261795044,,,0.0,1722.7135009765625,782.311767578125,1.0064562559127808,1577.7430419921875,794.91796875,1.1641621589660645,,,0.0,,,0.0,1804.6531982421875,971.40380859375,0.9383924007415771,1508.4095458984375,984.009765625,0.9272640943527222,2031.5633544921875,1053.34326171875,0.952345073223114,1268.8929443359375,1065.94970703125,0.9346860647201538,1760.5318603515625,1450.436279296875,0.823891282081604,1577.7430419921875,1456.7392578125,0.8038356304168701,1779.4410400390625,1822.31689453125,0.9151716232299805,1596.6522216796875,1834.9228515625,0.8752621412277222,1766.8348388671875,2162.68212890625,0.9754018783569336,1640.7738037109375,2175.2880859375,0.967334508895874,1760.5318603515625,2206.8037109375,0.8955960273742676,1653.3797607421875,2225.712890625,0.8395305871963501,1741.6226806640625,2301.349609375,0.9044452905654907,1665.9859619140625,2320.2587890625,0.9316961169242859,,,0.0,,,0.0,,,0.0,,,0.0,,,0.0,,,0.0,,,0.0,,,0.0,,,0.0,,,0.0,,,0.0,,,0.0,,,0.0,,,0.0,,,0.0,,,0.0,,,0.0,,,0.0,,,0.0,,,0.0,,,0.0,,,0.0,,,0.0,,,0.0,,,0.0,,,0.0,,,0.0,,,0.0,,,0.0,,,0.0,,,0.0,,,0.0,,,0.0,,,0.0,,,0.0,,,0.0,,,0.0,,,0.0,,,0.0,,,0.0,,,0.0,,,0.0
DJI_20260917133454_0101_D.JPG,Cam 5,23,KATAKAMUKHA,CORRECT,,,rtmpose_m_halpe26,halpe_26,OK,178.6,27.35,0,0,1641.673095703125,789.114501953125,0.9555730819702148,,,0.0,1679.35986328125,757.708984375,0.9500042796134949,,,0.0,,,0.0,1610.267578125,763.989990234375,0.9985560178756714,,,0.0,1729.6083984375,795.395751953125,0.9975903034210205,1578.862060546875,807.957763671875,1.1340880393981934,,,0.0,,,0.0,1804.981689453125,977.547607421875,0.921746551990509,1509.77001953125,990.109619140625,0.9119933843612671,2037.382568359375,1065.483154296875,0.9522601366043091,1277.369140625,1071.76416015625,0.9164618253707886,1761.01416015625,1454.911376953125,0.8001095056533813,1572.5810546875,1461.192626953125,0.7813523411750793,1786.138427734375,1825.496337890625,0.8844993114471436,1591.42431640625,1844.339599609375,0.8540522456169128,1767.294921875,2177.238037109375,0.9466158151626587,1641.673095703125,2183.519287109375,0.9469505548477173,1754.73291015625,2221.205810546875,0.8870022296905518,1654.2353515625,2233.767822265625,0.8592658042907715,1742.1708984375,2309.141357421875,0.8971112966537476,1666.797607421875,2327.984619140625,0.9185716509819031,,,0.0,,,0.0,,,0.0,,,0.0,,,0.0,,,0.0,,,0.0,,,0.0,,,0.0,,,0.0,,,0.0,,,0.0,,,0.0,,,0.0,,,0.0,,,0.0,,,0.0,,,0.0,,,0.0,,,0.0,,,0.0,,,0.0,,,0.0,,,0.0,,,0.0,,,0.0,,,0.0,,,0.0,,,0.0,,,0.0,,,0.0,,,0.0,,,0.0,,,0.0,,,0.0,,,0.0,,,0.0,,,0.0,,,0.0,,,0.0,,,0.0,,,0.0
DJI_20260917133505_0102_D.JPG,Cam 5,24,PATAKA,INCORRECT,FINGERS_TOO_FAR_APART,,rtmpose_m_halpe26,halpe_26,OK,165.38,35.38,0,0,1647.2314453125,805.3570556640625,0.9766815900802612,,,0.0,1678.374755859375,774.2135009765625,0.9708850383758545,,,0.0,,,0.0,1616.087890625,774.2135009765625,1.0243793725967407,,,0.0,1728.2041015625,805.3570556640625,1.0195426940917969,1572.4873046875,811.5855712890625,1.151537299156189,,,0.0,,,0.0,1809.1767578125,979.7598876953125,0.9246402978897095,1497.7431640625,985.9884033203125,0.9297987818717957,2027.180419921875,1085.6470947265625,0.9546191692352295,1279.739501953125,1116.7906494140625,0.9438118934631348,1765.576171875,1471.8250732421875,0.8165143728256226,1578.7158203125,1478.0538330078125,0.7989590167999268,1784.26220703125,1845.5455322265625,0.8868203163146973,1597.40185546875,1851.7740478515625,0.8622579574584961,1765.576171875,2181.8935546875,0.9490382671356201,1641.00244140625,2181.8935546875,0.9586460590362549,1753.11865234375,2231.72314453125,0.8509768843650818,1659.688720703125,2231.72314453125,0.8555775880813599,1753.11865234375,2318.9248046875,0.8936312198638916,1665.917236328125,2331.3818359375,0.9304169416427612,,,0.0,,,0.0,,,0.0,,,0.0,,,0.0,,,0.0,,,0.0,,,0.0,,,0.0,,,0.0,,,0.0,,,0.0,,,0.0,,,0.0,,,0.0,,,0.0,,,0.0,,,0.0,,,0.0,,,0.0,,,0.0,,,0.0,,,0.0,,,0.0,,,0.0,,,0.0,,,0.0,,,0.0,,,0.0,,,0.0,,,0.0,,,0.0,,,0.0,,,0.0,,,0.0,,,0.0,,,0.0,,,0.0,,,0.0,,,0.0,,,0.0,,,0.0
DJI_20260917133510_0103_D.JPG,Cam 5,24,PATAKA,INCORRECT,FINGERS_TOO_FAR_APART,,rtmpose_m_halpe26,halpe_26,OK,148.69,40.29,0,0,1643.377685546875,801.2216796875,0.9686439037322998,,,0.0,1674.487548828125,770.112060546875,0.9629588723182678,,,0.0,,,0.0,1612.26806640625,776.333740234375,1.0124315023422241,,,0.0,1724.262939453125,801.2216796875,1.0159810781478882,1568.714599609375,813.66552734375,1.1375676393508911,,,0.0,,,0.0,1805.148193359375,975.435791015625,0.9252685904502869,1494.05126953125,981.657958984375,0.9249243140220642,2022.916015625,1087.430908203125,0.9439634084701538,1282.50537109375,1112.318603515625,0.9458785057067871,1755.372802734375,1466.968994140625,0.8116797208786011,1568.714599609375,1473.19091796875,0.7954862117767334,1780.260498046875,1834.063232421875,0.8843817710876465,1587.38037109375,1846.507080078125,0.8672077059745789,1755.372802734375,2182.491943359375,0.9457998275756836,1637.156005859375,2182.491943359375,0.9581731557846069,1742.928955078125,2232.267333984375,0.8584346771240234,1649.599853515625,2238.4892578125,0.8737518787384033,1761.594482421875,2313.152587890625,0.898086667060852,1662.043701171875,2325.596435546875,0.933556854724884,,,0.0,,,0.0,,,0.0,,,0.0,,,0.0,,,0.0,,,0.0,,,0.0,,,0.0,,,0.0,,,0.0,,,0.0,,,0.0,,,0.0,,,0.0,,,0.0,,,0.0,,,0.0,,,0.0,,,0.0,,,0.0,,,0.0,,,0.0,,,0.0,,,0.0,,,0.0,,,0.0,,,0.0,,,0.0,,,0.0,,,0.0,,,0.0,,,0.0,,,0.0,,,0.0,,,0.0,,,0.0,,,0.0,,,0.0,,,0.0,,,0.0,,,0.0
DJI_20260917133555_0104_D.JPG,Cam 5,25,KATAKAMUKHA,INCORRECT,FINGERS_BENT,,rtmpose_m_halpe26,halpe_26,OK,173.54,29.02,0,0,1840.4090576171875,796.5933837890625,0.9701415300369263,,,0.0,1871.6939697265625,759.0516357421875,0.9638711214065552,,,0.0,,,0.0,1809.1243896484375,765.3087158203125,1.0241304636001587,,,0.0,1921.7496337890625,796.5933837890625,1.0013480186462402,1771.5826416015625,802.8502197265625,1.155869483947754,,,0.0,,,0.0,2003.0902099609375,978.0452880859375,0.9439334273338318,1709.0130615234375,990.5592041015625,0.9404785633087158,2222.083984375,1071.8995361328125,0.9768475294113159,1496.2762451171875,1103.1844482421875,0.9268745183944702,1953.0345458984375,1459.8311767578125,0.8263314962387085,1771.5826416015625,1466.0882568359375,0.8097443580627441,1978.0623779296875,1828.9920654296875,0.908284068107605,1790.3533935546875,1841.5059814453125,0.8834073543548584,1965.5482177734375,2160.61083984375,0.965762734413147,1840.4090576171875,2166.86767578125,0.9695961475372314,1953.0345458984375,2204.40966796875,0.8885902762413025,1859.1800537109375,2216.92333984375,0.8606777191162109,1971.8055419921875,2298.26416015625,0.9203426241874695,1859.1800537109375,2310.77783203125,0.9035583734512329,,,0.0,,,0.0,,,0.0,,,0.0,,,0.0,,,0.0,,,0.0,,,0.0,,,0.0,,,0.0,,,0.0,,,0.0,,,0.0,,,0.0,,,0.0,,,0.0,,,0.0,,,0.0,,,0.0,,,0.0,,,0.0,,,0.0,,,0.0,,,0.0,,,0.0,,,0.0,,,0.0,,,0.0,,,0.0,,,0.0,,,0.0,,,0.0,,,0.0,,,0.0,,,0.0,,,0.0,,,0.0,,,0.0,,,0.0,,,0.0,,,0.0,,,0.0
DJI_20260917133558_0105_D.JPG,Cam 5,25,KATAKAMUKHA,INCORRECT,FINGERS_BENT,,rtmpose_m_halpe26,halpe_26,OK,177.84,35.65,0,0,1842.039794921875,800.9642333984375,0.9751719236373901,,,0.0,1873.25390625,763.5069580078125,0.9643981456756592,,,0.0,,,0.0,1810.825439453125,769.7498779296875,1.0242531299591064,,,0.0,1923.19677734375,800.9642333984375,1.0052207708358765,1773.368408203125,813.4498291015625,1.1487038135528564,,,0.0,,,0.0,2004.353759765625,988.2496337890625,0.9422600269317627,1710.939697265625,994.4927978515625,0.9382181763648987,2229.096435546875,1075.6497802734375,0.9735002517700195,1504.925537109375,1106.8638916015625,0.9288167953491211,1960.65380859375,1462.7066650390625,0.821360170841217,1773.368408203125,1475.1922607421875,0.8043807148933411,1979.382568359375,1837.2777099609375,0.9114186763763428,1792.096923828125,1849.7633056640625,0.8833432197570801,1966.896728515625,2161.90576171875,0.9648323655128479,1842.039794921875,2168.14892578125,0.9661680459976196,1948.168212890625,2199.36328125,0.8953131437301636,1854.525390625,2218.091796875,0.8801945447921753,1979.382568359375,2305.49169921875,0.9255567789077759,1873.25390625,2317.97705078125,0.923798680305481,,,0.0,,,0.0,,,0.0,,,0.0,,,0.0,,,0.0,,,0.0,,,0.0,,,0.0,,,0.0,,,0.0,,,0.0,,,0.0,,,0.0,,,0.0,,,0.0,,,0.0,,,0.0,,,0.0,,,0.0,,,0.0,,,0.0,,,0.0,,,0.0,,,0.0,,,0.0,,,0.0,,,0.0,,,0.0,,,0.0,,,0.0,,,0.0,,,0.0,,,0.0,,,0.0,,,0.0,,,0.0,,,0.0,,,0.0,,,0.0,,,0.0,,,0.0
DJI_20260917133633_0106_D.JPG,Cam 5,26,MUSHTI,INCORRECT,PINKY_DROPPED,,rtmpose_m_halpe26,halpe_26,OK,181.79,31.11,0,0,1834.0693359375,793.3485107421875,0.98403000831604,,,0.0,1865.3056640625,762.1121826171875,0.9717047214508057,,,0.0,,,0.0,1802.832763671875,768.3594970703125,1.0329761505126953,,,0.0,1921.531005859375,799.5958251953125,0.9864391684532166,1771.596435546875,812.0902099609375,1.1197500228881836,,,0.0,,,0.0,2002.745361328125,993.2611083984375,0.9434531927108765,1709.123779296875,1005.7554931640625,0.9376523494720459,2208.905517578125,1105.7120361328125,0.9560790061950684,1521.705810546875,1136.9483642578125,0.9369783401489258,1952.767333984375,1455.5592041015625,0.8088759183883667,1771.596435546875,1461.8062744140625,0.7999500036239624,1971.509033203125,1830.3951416015625,0.8940966129302979,1784.091064453125,1836.6427001953125,0.8716785311698914,1952.767333984375,2161.50048828125,0.9694792032241821,1834.0693359375,2167.748046875,0.9465251564979553,1940.27294921875,2205.2314453125,0.9010385274887085,1852.811279296875,2217.72607421875,0.8836089372634888,1959.014892578125,2298.9404296875,0.9256607294082642,1840.316650390625,2298.9404296875,0.8699632883071899,,,0.0,,,0.0,,,0.0,,,0.0,,,0.0,,,0.0,,,0.0,,,0.0,,,0.0,,,0.0,,,0.0,,,0.0,,,0.0,,,0.0,,,0.0,,,0.0,,,0.0,,,0.0,,,0.0,,,0.0,,,0.0,,,0.0,,,0.0,,,0.0,,,0.0,,,0.0,,,0.0,,,0.0,,,0.0,,,0.0,,,0.0,,,0.0,,,0.0,,,0.0,,,0.0,,,0.0,,,0.0,,,0.0,,,0.0,,,0.0,,,0.0,,,0.0
DJI_20260917133635_0107_D.JPG,Cam 5,26,MUSHTI,INCORRECT,PINKY_DROPPED,,rtmpose_m_halpe26,halpe_26,OK,185.51,21.89,0,0,1823.9605712890625,782.539794921875,0.9946653842926025,,,0.0,1855.4722900390625,751.0283203125,0.9758255481719971,,,0.0,,,0.0,1792.4488525390625,751.0283203125,1.0451393127441406,,,0.0,1905.8907470703125,788.84228515625,0.9858513474464417,1760.9371337890625,795.14453125,1.125793218612671,,,0.0,,,0.0,1987.8209228515625,984.21435546875,0.9358239769935608,1691.6116943359375,990.5166015625,0.9401824474334717,2195.7978515625,1097.65625,0.9338017702102661,1508.8443603515625,1135.47021484375,0.9240226745605469,1950.0069580078125,1444.283935546875,0.816556453704834,1767.2396240234375,1450.58642578125,0.7987549304962158,1968.9141845703125,1809.81884765625,0.900066077709198,1779.8443603515625,1822.42333984375,0.8744951486587524,1950.0069580078125,2156.446533203125,0.9609595537185669,1830.2628173828125,2162.7490234375,0.9598495960235596,1931.1002197265625,2200.562744140625,0.8982582092285156,1849.1697998046875,2213.16748046875,0.8939797878265381,1962.6116943359375,2295.09765625,0.9108846187591553,1836.5650634765625,2301.400146484375,0.8967941999435425,,,0.0,,,0.0,,,0.0,,,0.0,,,0.0,,,0.0,,,0.0,,,0.0,,,0.0,,,0.0,,,0.0,,,0.0,,,0.0,,,0.0,,,0.0,,,0.0,,,0.0,,,0.0,,,0.0,,,0.0,,,0.0,,,0.0,,,0.0,,,0.0,,,0.0,,,0.0,,,0.0,,,0.0,,,0.0,,,0.0,,,0.0,,,0.0,,,0.0,,,0.0,,,0.0,,,0.0,,,0.0,,,0.0,,,0.0,,,0.0,,,0.0,,,0.0
DJI_20260917131549_0049_D.JPG,Cam 6,1,ARAMANDI,CORRECT,,,rtmpose_m_halpe26,halpe_26,OK,197.68,32.71,0,0,390.077392578125,832.7196044921875,0.9090214967727661,,,0.0,407.565673828125,815.231201171875,0.9668848514556885,,,0.0,,,0.0,368.216796875,797.7427978515625,0.9475634098052979,,,0.0,411.937744140625,823.9754638671875,0.7547088265419006,272.030517578125,780.25439453125,1.000889539718628,,,0.0,,,0.0,381.3331298828125,955.1383056640625,0.8259695172309875,171.47235107421875,911.4173583984375,0.8241514563560486,333.239990234375,1169.3712158203125,0.6464937329292297,311.3795166015625,1112.5340576171875,0.7733628749847412,258.914306640625,1309.2784423828125,0.6653531789779663,110.262939453125,1300.5340576171875,0.6960082650184631,215.193359375,1619.6976318359375,0.7055726051330566,228.3095703125,1606.5811767578125,0.6982382535934448,158.35601806640625,1921.3724365234375,0.7881739735603333,341.984130859375,1943.2327880859375,0.8282684683799744,149.61181640625,1973.8375244140625,0.7757513523101807,359.47265625,1973.8375244140625,0.8323789834976196,267.658447265625,2000.0701904296875,0.6132326126098633,280.7747802734375,2030.6746826171875,0.7116177678108215,,,0.0,,,0.0,,,0.0,,,0.0,,,0.0,,,0.0,,,0.0,,,0.0,,,0.0,,,0.0,,,0.0,,,0.0,,,0.0,,,0.0,,,0.0,,,0.0,,,0.0,,,0.0,,,0.0,,,0.0,,,0.0,,,0.0,,,0.0,,,0.0,,,0.0,,,0.0,,,0.0,,,0.0,,,0.0,,,0.0,,,0.0,,,0.0,,,0.0,,,0.0,,,0.0,,,0.0,,,0.0,,,0.0,,,0.0,,,0.0,,,0.0,,,0.0
DJI_20260917131553_0050_D.JPG,Cam 6,1,ARAMANDI,CORRECT,,,rtmpose_m_halpe26,halpe_26,OK,183.11,34.37,0,0,397.9688720703125,813.3973388671875,0.889016330242157,,,0.0,413.797607421875,797.5687255859375,0.9309612512588501,,,0.0,,,0.0,371.5880126953125,776.4639892578125,0.9193387627601624,,,0.0,408.5213623046875,802.8450927734375,0.7735800743103027,276.616455078125,765.9117431640625,0.97843337059021,,,0.0,,,0.0,382.140380859375,940.0262451171875,0.8496823310852051,181.6448974609375,897.8165283203125,0.8610762357711792,350.483154296875,1145.7977294921875,0.7080942392349243,302.9974365234375,1108.8643798828125,0.8548156023025513,255.5115966796875,1298.8074951171875,0.7328153848648071,123.6068115234375,1293.5311279296875,0.756706953048706,218.5782470703125,1599.5506591796875,0.8038783073425293,250.2354736328125,1604.8270263671875,0.820397138595581,171.092529296875,1889.7415771484375,0.8445473909378052,345.20703125,1916.1224365234375,0.8484683632850647,139.4354248046875,1937.2271728515625,0.8436195254325867,366.311767578125,1963.6082763671875,0.8584712147712708,255.5115966796875,1979.4368896484375,0.6839030981063843,324.1021728515625,2021.6463623046875,0.7462829351425171,,,0.0,,,0.0,,,0.0,,,0.0,,,0.0,,,0.0,,,0.0,,,0.0,,,0.0,,,0.0,,,0.0,,,0.0,,,0.0,,,0.0,,,0.0,,,0.0,,,0.0,,,0.0,,,0.0,,,0.0,,,0.0,,,0.0,,,0.0,,,0.0,,,0.0,,,0.0,,,0.0,,,0.0,,,0.0,,,0.0,,,0.0,,,0.0,,,0.0,,,0.0,,,0.0,,,0.0,,,0.0,,,0.0,,,0.0,,,0.0,,,0.0,,,0.0
DJI_20260917131859_0051_D.JPG,Cam 6,2,SAMAPADHAM,CORRECT,,,rtmpose_m_halpe26,halpe_26,OK,207.69,33.66,0,0,2125.28857421875,702.7806396484375,1.0213353633880615,,,0.0,2112.41845703125,670.6048583984375,1.0087320804595947,,,0.0,,,0.0,2099.54833984375,670.6048583984375,1.0409516096115112,,,0.0,1938.6695556640625,677.0399169921875,0.8047918081283569,2003.0211181640625,689.9102783203125,1.0406486988067627,,,0.0,,,0.0,1983.7156982421875,876.5296630859375,0.8056297302246094,1951.5399169921875,870.0946044921875,0.8744292259216309,1970.8453369140625,1101.7596435546875,0.6598676443099976,1938.6695556640625,1088.8895263671875,0.7351119518280029,1957.9752197265625,1378.4710693359375,0.7856219410896301,1945.1046142578125,1372.0360107421875,0.8211395740509033,1919.3641357421875,1738.8392333984375,0.8607335090637207,1906.4937744140625,1751.7095947265625,0.8763285279273987,1887.1885986328125,2073.466796875,0.8594701290130615,1880.7532958984375,2112.078125,0.9084656238555908,1835.7071533203125,2124.9482421875,0.921380341053009,1855.0128173828125,2163.55908203125,0.934767484664917,2041.6319580078125,2137.818359375,0.8790876865386963,2041.6319580078125,2176.42919921875,0.9264483451843262,,,0.0,,,0.0,,,0.0,,,0.0,,,0.0,,,0.0,,,0.0,,,0.0,,,0.0,,,0.0,,,0.0,,,0.0,,,0.0,,,0.0,,,0.0,,,0.0,,,0.0,,,0.0,,,0.0,,,0.0,,,0.0,,,0.0,,,0.0,,,0.0,,,0.0,,,0.0,,,0.0,,,0.0,,,0.0,,,0.0,,,0.0,,,0.0,,,0.0,,,0.0,,,0.0,,,0.0,,,0.0,,,0.0,,,0.0,,,0.0,,,0.0,,,0.0
DJI_20260917131902_0052_D.JPG,Cam 6,2,SAMAPADHAM,CORRECT,,,rtmpose_m_halpe26,halpe_26,OK,201.95,32.81,0,0,2136.14013671875,694.637939453125,1.0208353996276855,,,0.0,2123.2998046875,662.53662109375,1.0186262130737305,,,0.0,,,0.0,2104.0390625,662.53662109375,1.042556881904602,,,0.0,1943.5321044921875,681.79736328125,0.7873175144195557,2007.7349853515625,694.637939453125,1.0350418090820312,,,0.0,,,0.0,1988.4739990234375,880.82568359375,0.7929791212081909,1962.7930908203125,880.82568359375,0.8592476844787598,1982.0538330078125,1111.95556640625,0.6475969552993774,1956.3729248046875,1099.114990234375,0.7150102853775024,1969.2132568359375,1394.447509765625,0.7772328853607178,1956.3729248046875,1394.447509765625,0.8126204013824463,1930.6917724609375,1753.982666015625,0.8483715057373047,1911.4310302734375,1766.8232421875,0.8657948970794678,1892.1700439453125,2081.41650390625,0.8518753051757812,1885.7498779296875,2119.93798828125,0.9059009552001953,1847.2281494140625,2132.77880859375,0.9146602153778076,1860.0687255859375,2171.30029296875,0.9294753074645996,2052.6767578125,2152.03955078125,0.8849155306816101,2046.2567138671875,2184.140625,0.935767412185669,,,0.0,,,0.0,,,0.0,,,0.0,,,0.0,,,0.0,,,0.0,,,0.0,,,0.0,,,0.0,,,0.0,,,0.0,,,0.0,,,0.0,,,0.0,,,0.0,,,0.0,,,0.0,,,0.0,,,0.0,,,0.0,,,0.0,,,0.0,,,0.0,,,0.0,,,0.0,,,0.0,,,0.0,,,0.0,,,0.0,,,0.0,,,0.0,,,0.0,,,0.0,,,0.0,,,0.0,,,0.0,,,0.0,,,0.0,,,0.0,,,0.0,,,0.0
DJI_20260917132012_0053_D.JPG,Cam 6,3,MUZHUMANDI,CORRECT,,,rtmpose_m_halpe26,halpe_26,OK,192.77,25.02,0,0,2042.604248046875,1293.1134033203125,0.9657450914382935,,,0.0,2034.655517578125,1253.3699951171875,1.0183119773864746,,,0.0,,,0.0,2014.783935546875,1265.2930908203125,1.0300230979919434,,,0.0,1883.630615234375,1281.1905517578125,0.6386085748672485,1923.3740234375,1289.1392822265625,1.0120892524719238,,,0.0,,,0.0,1947.219970703125,1483.8817138671875,0.694590151309967,1863.7587890625,1495.8048095703125,0.7921078205108643,1979.014892578125,1710.4190673828125,0.48845359683036804,1867.7333984375,1797.8546142578125,0.6905235052108765,1939.271484375,1960.8026123046875,0.6052778363227844,1859.78466796875,2012.4688720703125,0.6725653409957886,2090.29638671875,1889.2645263671875,0.6713985800743103,2137.98828125,2282.72412109375,0.8003155589103699,1891.579345703125,2115.8017578125,0.5315710306167603,1800.16943359375,2163.49365234375,0.5448963642120361,1820.041259765625,2091.95556640625,0.43223315477371216,1776.323486328125,2095.93017578125,0.4897286891937256,1883.630615234375,2207.21142578125,0.4085004925727844,1669.01611328125,2270.80126953125,0.4559357762336731,,,0.0,,,0.0,,,0.0,,,0.0,,,0.0,,,0.0,,,0.0,,,0.0,,,0.0,,,0.0,,,0.0,,,0.0,,,0.0,,,0.0,,,0.0,,,0.0,,,0.0,,,0.0,,,0.0,,,0.0,,,0.0,,,0.0,,,0.0,,,0.0,,,0.0,,,0.0,,,0.0,,,0.0,,,0.0,,,0.0,,,0.0,,,0.0,,,0.0,,,0.0,,,0.0,,,0.0,,,0.0,,,0.0,,,0.0,,,0.0,,,0.0,,,0.0
DJI_20260917132014_0054_D.JPG,Cam 6,3,MUZHUMANDI,CORRECT,,,rtmpose_m_halpe26,halpe_26,OK,203.85,36.4,0,0,2051.3173828125,1301.569091796875,0.9534555673599243,,,0.0,2047.488525390625,1267.1083984375,0.9846829175949097,,,0.0,,,0.0,2028.343505859375,1270.937255859375,1.064030647277832,,,0.0,1913.474365234375,1286.253173828125,0.812332034111023,1932.619384765625,1290.082275390625,1.0556840896606445,,,0.0,,,0.0,1936.4482421875,1481.53076171875,0.7382317781448364,1871.355712890625,1485.359619140625,0.8437504172325134,1928.790283203125,1722.755859375,0.5190283060073853,1879.013671875,1803.164306640625,0.7392779588699341,1940.277099609375,1956.322998046875,0.6120989322662354,1863.69775390625,2002.270751953125,0.688621997833252,2101.093994140625,1887.401611328125,0.5885496139526367,2143.212646484375,2274.127685546875,0.7723270654678345,1886.671630859375,2120.968994140625,0.5053964853286743,1783.289306640625,2178.403564453125,0.5447820425033569,1829.237060546875,2124.7978515625,0.4277306795120239,1748.82861328125,2143.942626953125,0.463735431432724,1875.184814453125,2220.522216796875,0.39932698011398315,1637.78857421875,2266.469970703125,0.4429169297218323,,,0.0,,,0.0,,,0.0,,,0.0,,,0.0,,,0.0,,,0.0,,,0.0,,,0.0,,,0.0,,,0.0,,,0.0,,,0.0,,,0.0,,,0.0,,,0.0,,,0.0,,,0.0,,,0.0,,,0.0,,,0.0,,,0.0,,,0.0,,,0.0,,,0.0,,,0.0,,,0.0,,,0.0,,,0.0,,,0.0,,,0.0,,,0.0,,,0.0,,,0.0,,,0.0,,,0.0,,,0.0,,,0.0,,,0.0,,,0.0,,,0.0,,,0.0
DJI_20260917132102_0055_D.JPG,Cam 6,4,SWASTIKAPADAM,CORRECT,,RIGHT,rtmpose_m_halpe26,halpe_26,OK,183.88,33.55,0,0,2058.56884765625,861.1400146484375,0.9459943175315857,,,0.0,2053.38916015625,830.0611572265625,0.9455690383911133,,,0.0,,,0.0,2027.48974609375,830.0611572265625,0.928573727607727,,,0.0,1892.814453125,850.7803955078125,0.7550961971282959,1944.61279296875,855.9600830078125,0.9318556785583496,,,0.0,,,0.0,1986.05126953125,1032.0743408203125,0.7806984782218933,1882.45458984375,1016.5350341796875,0.8253974318504333,1949.79248046875,1254.8072509765625,0.6705062389373779,1841.01611328125,1239.2677001953125,0.7794524431228638,1949.79248046875,1498.2591552734375,0.7033544778823853,1877.27490234375,1493.0792236328125,0.715755820274353,2001.5908203125,1814.2286376953125,0.7008150219917297,2022.31005859375,1824.5885009765625,0.7688876390457153,1892.814453125,2078.39990234375,0.7081093192100525,1820.296630859375,2011.0623779296875,0.5944443941116333,1872.094970703125,2119.8388671875,0.6802577376365662,1778.858154296875,2104.29931640625,0.5475990772247314,2027.48974609375,2150.91748046875,0.6903907060623169,1960.152099609375,2166.45703125,0.578022301197052,,,0.0,,,0.0,,,0.0,,,0.0,,,0.0,,,0.0,,,0.0,,,0.0,,,0.0,,,0.0,,,0.0,,,0.0,,,0.0,,,0.0,,,0.0,,,0.0,,,0.0,,,0.0,,,0.0,,,0.0,,,0.0,,,0.0,,,0.0,,,0.0,,,0.0,,,0.0,,,0.0,,,0.0,,,0.0,,,0.0,,,0.0,,,0.0,,,0.0,,,0.0,,,0.0,,,0.0,,,0.0,,,0.0,,,0.0,,,0.0,,,0.0,,,0.0
DJI_20260917132104_0056_D.JPG,Cam 6,4,SWASTIKAPADAM,CORRECT,,RIGHT,rtmpose_m_halpe26,halpe_26,OK,170.05,25.02,0,0,2048.540771484375,880.846923828125,0.9669678211212158,,,0.0,2043.217529296875,848.906982421875,0.9652619957923889,,,0.0,,,0.0,2021.924072265625,848.906982421875,0.9464492797851562,,,0.0,1872.87109375,864.876953125,0.7574312686920166,1931.427734375,870.2001953125,0.9519676566123962,,,0.0,,,0.0,1958.044189453125,1045.869873046875,0.7851511836051941,1867.547607421875,1035.223388671875,0.8349852561950684,1920.781005859375,1274.773193359375,0.6962804794311523,1851.577880859375,1280.096435546875,0.7950950264930725,1931.427734375,1514.32275390625,0.7064698934555054,1867.547607421875,1514.32275390625,0.7214585542678833,2011.277587890625,1828.399169921875,0.7115175724029541,2027.24755859375,1839.045654296875,0.7898397445678711,1883.517822265625,2078.595458984375,0.70508873462677,1830.284423828125,1998.74560546875,0.6101039052009583,1840.93115234375,2115.858642578125,0.6841402053833008,1793.021240234375,2083.918701171875,0.5950331687927246,2005.954345703125,2147.798583984375,0.6895036697387695,1936.751220703125,2147.798583984375,0.6097559928894043,,,0.0,,,0.0,,,0.0,,,0.0,,,0.0,,,0.0,,,0.0,,,0.0,,,0.0,,,0.0,,,0.0,,,0.0,,,0.0,,,0.0,,,0.0,,,0.0,,,0.0,,,0.0,,,0.0,,,0.0,,,0.0,,,0.0,,,0.0,,,0.0,,,0.0,,,0.0,,,0.0,,,0.0,,,0.0,,,0.0,,,0.0,,,0.0,,,0.0,,,0.0,,,0.0,,,0.0,,,0.0,,,0.0,,,0.0,,,0.0,,,0.0,,,0.0
DJI_20260917132129_0057_D.JPG,Cam 6,5,SWASTIKAPADAM,CORRECT,,LEFT,rtmpose_m_halpe26,halpe_26,OK,178.06,32.46,0,0,2126.94384765625,831.26513671875,0.9775314927101135,,,0.0,2120.798828125,794.39501953125,0.9349883198738098,,,0.0,,,0.0,2102.36376953125,788.25,0.974942684173584,,,0.0,1918.0123291015625,800.5400390625,0.7902436256408691,2004.0430908203125,818.97509765625,0.9812136292457581,,,0.0,,,0.0,1961.0274658203125,1015.61669921875,0.7788301110267639,1954.8824462890625,1021.76171875,0.8099266886711121,1948.7374267578125,1261.41845703125,0.6326664686203003,1942.5924072265625,1285.99853515625,0.647560715675354,1930.3023681640625,1556.38037109375,0.752407968044281,1942.5924072265625,1562.525390625,0.7746909856796265,1954.8824462890625,1894.35791015625,0.7692722082138062,2120.798828125,1931.22802734375,0.8361129760742188,1874.9969482421875,2146.3046875,0.7671761512756348,1924.1573486328125,2140.15966796875,0.7991418838500977,1825.8365478515625,2183.175048828125,0.7661113142967224,1868.8519287109375,2177.030029296875,0.7530857920646667,2010.1881103515625,2232.335205078125,0.732157826423645,2022.4781494140625,2250.7705078125,0.8443635702133179,,,0.0,,,0.0,,,0.0,,,0.0,,,0.0,,,0.0,,,0.0,,,0.0,,,0.0,,,0.0,,,0.0,,,0.0,,,0.0,,,0.0,,,0.0,,,0.0,,,0.0,,,0.0,,,0.0,,,0.0,,,0.0,,,0.0,,,0.0,,,0.0,,,0.0,,,0.0,,,0.0,,,0.0,,,0.0,,,0.0,,,0.0,,,0.0,,,0.0,,,0.0,,,0.0,,,0.0,,,0.0,,,0.0,,,0.0,,,0.0,,,0.0,,,0.0
DJI_20260917132132_0058_D.JPG,Cam 6,5,SWASTIKAPADAM,CORRECT,,LEFT,rtmpose_m_halpe26,halpe_26,OK,175.48,32.47,0,0,2122.8525390625,843.72314453125,0.980350136756897,,,0.0,2116.72802734375,806.9755859375,0.9374824166297913,,,0.0,,,0.0,2098.35400390625,806.9755859375,0.9726521968841553,,,0.0,1902.3670654296875,813.10009765625,0.7852418422698975,1994.2359619140625,825.349365234375,0.9756906628608704,,,0.0,,,0.0,1957.4884033203125,1021.33642578125,0.7612528800964355,1939.1146240234375,1033.585693359375,0.8054662942886353,1951.3636474609375,1266.320556640625,0.6235867738723755,1926.8653564453125,1290.81884765625,0.6755027174949646,1939.1146240234375,1566.426025390625,0.7337120771408081,1939.1146240234375,1566.426025390625,0.7606005668640137,1951.3636474609375,1903.279296875,0.7415305972099304,2116.72802734375,1940.02685546875,0.8175337314605713,1883.9930419921875,2148.26318359375,0.7480380535125732,1914.6160888671875,2142.138671875,0.7637498378753662,1828.8717041015625,2185.0107421875,0.7536870241165161,1859.4947509765625,2172.761474609375,0.7179828882217407,2030.9837646484375,2240.13232421875,0.7699596881866455,2018.7344970703125,2258.506103515625,0.7962570786476135,,,0.0,,,0.0,,,0.0,,,0.0,,,0.0,,,0.0,,,0.0,,,0.0,,,0.0,,,0.0,,,0.0,,,0.0,,,0.0,,,0.0,,,0.0,,,0.0,,,0.0,,,0.0,,,0.0,,,0.0,,,0.0,,,0.0,,,0.0,,,0.0,,,0.0,,,0.0,,,0.0,,,0.0,,,0.0,,,0.0,,,0.0,,,0.0,,,0.0,,,0.0,,,0.0,,,0.0,,,0.0,,,0.0,,,0.0,,,0.0,,,0.0,,,0.0
DJI_20260917132204_0059_D.JPG,Cam 6,6,ARAMANDI,INCORRECT,INSUFFICIENT_KNEE_BEND,,rtmpose_m_halpe26,halpe_26,OK,183.01,30.58,0,0,2104.15625,728.25146484375,0.9830882549285889,,,0.0,2091.24267578125,702.42431640625,0.9426729679107666,,,0.0,,,0.0,2078.3291015625,695.9677734375,0.9966822862625122,,,0.0,1929.8248291015625,715.337890625,0.7706412076950073,1987.9351806640625,728.25146484375,1.0209875106811523,,,0.0,,,0.0,1955.6517333984375,909.03955078125,0.7846464514732361,1923.3682861328125,896.1259765625,0.8693903684616089,1936.2816162109375,1128.56787109375,0.6653532981872559,1903.9981689453125,1096.284423828125,0.7435244917869568,1942.7384033203125,1425.5771484375,0.7894300818443298,1916.9112548828125,1425.5771484375,0.8178755640983582,2000.8487548828125,1787.1533203125,0.7619084715843201,2007.3055419921875,1793.6103515625,0.8255130052566528,1897.5411376953125,2103.53271484375,0.7627971172332764,1897.5411376953125,2135.81640625,0.8382327556610107,1832.9739990234375,2142.27294921875,0.768571138381958,1871.7144775390625,2174.556640625,0.8376832604408264,2007.3055419921875,2213.296875,0.7176882028579712,1962.1085205078125,2277.8642578125,0.847649335861206,,,0.0,,,0.0,,,0.0,,,0.0,,,0.0,,,0.0,,,0.0,,,0.0,,,0.0,,,0.0,,,0.0,,,0.0,,,0.0,,,0.0,,,0.0,,,0.0,,,0.0,,,0.0,,,0.0,,,0.0,,,0.0,,,0.0,,,0.0,,,0.0,,,0.0,,,0.0,,,0.0,,,0.0,,,0.0,,,0.0,,,0.0,,,0.0,,,0.0,,,0.0,,,0.0,,,0.0,,,0.0,,,0.0,,,0.0,,,0.0,,,0.0,,,0.0
DJI_20260917132206_0060_D.JPG,Cam 6,6,ARAMANDI,INCORRECT,INSUFFICIENT_KNEE_BEND,,rtmpose_m_halpe26,halpe_26,OK,176.11,23.29,0,0,2086.158203125,728.15673828125,0.9687952995300293,,,0.0,2073.36767578125,696.18017578125,0.942966103553772,,,0.0,,,0.0,2060.5771484375,689.784912109375,0.9819025993347168,,,0.0,1926.27587890625,708.970703125,0.774060845375061,1977.4384765625,721.761474609375,1.0003098249435425,,,0.0,,,0.0,1945.4619140625,900.82958984375,0.784156084060669,1913.4853515625,888.0390625,0.8764106035232544,1926.27587890625,1124.6650390625,0.6688121557235718,1887.904296875,1092.6884765625,0.791476845741272,1939.06640625,1418.8486328125,0.7703077793121338,1919.880615234375,1412.453125,0.8011423945426941,2003.01953125,1783.38037109375,0.7171757221221924,2003.01953125,1789.775390625,0.8202277421951294,1894.299560546875,2103.14501953125,0.6881805658340454,1887.904296875,2128.72607421875,0.810792088508606,1823.951171875,2141.5166015625,0.6721374988555908,1862.322998046875,2160.70263671875,0.825946569442749,1990.22900390625,2205.4697265625,0.6486266255378723,1958.25244140625,2269.42236328125,0.8198351263999939,,,0.0,,,0.0,,,0.0,,,0.0,,,0.0,,,0.0,,,0.0,,,0.0,,,0.0,,,0.0,,,0.0,,,0.0,,,0.0,,,0.0,,,0.0,,,0.0,,,0.0,,,0.0,,,0.0,,,0.0,,,0.0,,,0.0,,,0.0,,,0.0,,,0.0,,,0.0,,,0.0,,,0.0,,,0.0,,,0.0,,,0.0,,,0.0,,,0.0,,,0.0,,,0.0,,,0.0,,,0.0,,,0.0,,,0.0,,,0.0,,,0.0,,,0.0
DJI_20260917132245_0061_D.JPG,Cam 6,7,ARAMANDI,INCORRECT,FEET_TOO_FAR_APART,,rtmpose_m_halpe26,halpe_26,OK,185.49,41.37,0,0,2102.9775390625,847.0146484375,0.9442400336265564,,,0.0,2090.7099609375,822.4794921875,0.9206117391586304,,,0.0,,,0.0,2072.30859375,816.345703125,0.9531663060188293,,,0.0,1912.82958984375,834.7470703125,0.7299913763999939,1974.167724609375,847.0146484375,0.998814582824707,,,0.0,,,0.0,1980.301513671875,1031.02880859375,0.7765756845474243,1918.963623046875,1024.89501953125,0.848003625869751,1968.033935546875,1251.845947265625,0.6556473970413208,1918.963623046875,1239.578369140625,0.7066050171852112,1955.766357421875,1527.866943359375,0.7753909826278687,1918.963623046875,1521.733154296875,0.8041331171989441,2017.104248046875,1871.360107421875,0.6888461112976074,2053.9072265625,1883.627685546875,0.81467604637146,1906.69580078125,2190.318115234375,0.6978908777236938,1906.69580078125,2208.719482421875,0.8173763155937195,1845.357666015625,2220.987060546875,0.6523876190185547,1869.89306640625,2251.656005859375,0.7995295524597168,2017.104248046875,2276.19140625,0.6172444820404053,1968.033935546875,2349.796875,0.7910524606704712,,,0.0,,,0.0,,,0.0,,,0.0,,,0.0,,,0.0,,,0.0,,,0.0,,,0.0,,,0.0,,,0.0,,,0.0,,,0.0,,,0.0,,,0.0,,,0.0,,,0.0,,,0.0,,,0.0,,,0.0,,,0.0,,,0.0,,,0.0,,,0.0,,,0.0,,,0.0,,,0.0,,,0.0,,,0.0,,,0.0,,,0.0,,,0.0,,,0.0,,,0.0,,,0.0,,,0.0,,,0.0,,,0.0,,,0.0,,,0.0,,,0.0,,,0.0
DJI_20260917132246_0062_D.JPG,Cam 6,7,ARAMANDI,INCORRECT,FEET_TOO_FAR_APART,,rtmpose_m_halpe26,halpe_26,OK,168.79,38.36,0,0,2094.96875,854.7159423828125,0.9408948421478271,,,0.0,2082.7509765625,830.2808837890625,0.915515661239624,,,0.0,,,0.0,2070.533447265625,818.0631103515625,0.9380643367767334,,,0.0,1899.4873046875,842.4984130859375,0.7191232442855835,1972.79296875,848.6070556640625,0.977944016456604,,,0.0,,,0.0,1978.901611328125,1031.8707275390625,0.7716525793075562,1917.81396484375,1019.6529541015625,0.8534829616546631,1966.68408203125,1251.7869873046875,0.6376960277557373,1905.59619140625,1227.3516845703125,0.733940839767456,1960.5751953125,1532.7911376953125,0.7612439393997192,1917.81396484375,1532.7911376953125,0.7922317981719971,2027.77197265625,1874.8829345703125,0.6934202909469604,2070.533447265625,1880.9918212890625,0.7995020151138306,1905.59619140625,2186.43115234375,0.7051398754119873,1905.59619140625,2204.75732421875,0.812497615814209,1844.50830078125,2210.8662109375,0.6700706481933594,1868.943359375,2241.41015625,0.8161821365356445,1991.119140625,2290.2802734375,0.6297457218170166,1972.79296875,2345.25927734375,0.8100613355636597,,,0.0,,,0.0,,,0.0,,,0.0,,,0.0,,,0.0,,,0.0,,,0.0,,,0.0,,,0.0,,,0.0,,,0.0,,,0.0,,,0.0,,,0.0,,,0.0,,,0.0,,,0.0,,,0.0,,,0.0,,,0.0,,,0.0,,,0.0,,,0.0,,,0.0,,,0.0,,,0.0,,,0.0,,,0.0,,,0.0,,,0.0,,,0.0,,,0.0,,,0.0,,,0.0,,,0.0,,,0.0,,,0.0,,,0.0,,,0.0,,,0.0,,,0.0
DJI_20260917132319_0063_D.JPG,Cam 6,8,ARAMANDI,INCORRECT,FEET_NOT_IN_LINE,,rtmpose_m_halpe26,halpe_26,OK,145.44,28.71,0,0,2165.55322265625,853.187255859375,0.9751553535461426,,,0.0,2153.5595703125,817.206298828125,0.9507840871810913,,,0.0,,,0.0,2135.569091796875,811.209228515625,0.9862488508224487,,,0.0,1967.6572265625,829.199951171875,0.7967997789382935,2039.619384765625,847.1904296875,0.9939005970954895,,,0.0,,,0.0,2015.6318359375,1033.093017578125,0.7586604356765747,1997.6416015625,1039.089599609375,0.8041290640830994,1955.66357421875,1272.967041015625,0.6263418197631836,2009.63525390625,1296.954345703125,0.6370207667350769,1973.654052734375,1530.831787109375,0.7477704286575317,1943.669921875,1530.831787109375,0.7878249883651733,2087.59423828125,1860.65869140625,0.6809169054031372,2153.5595703125,1866.655517578125,0.8109527826309204,1967.6572265625,2142.510986328125,0.7515252232551575,1961.66015625,2154.504638671875,0.804563045501709,1895.69482421875,2184.489013671875,0.7501137256622314,1913.685546875,2190.485595703125,0.7757949829101562,2099.587890625,2262.447998046875,0.7631783485412598,2093.591064453125,2256.450927734375,0.8253577351570129,,,0.0,,,0.0,,,0.0,,,0.0,,,0.0,,,0.0,,,0.0,,,0.0,,,0.0,,,0.0,,,0.0,,,0.0,,,0.0,,,0.0,,,0.0,,,0.0,,,0.0,,,0.0,,,0.0,,,0.0,,,0.0,,,0.0,,,0.0,,,0.0,,,0.0,,,0.0,,,0.0,,,0.0,,,0.0,,,0.0,,,0.0,,,0.0,,,0.0,,,0.0,,,0.0,,,0.0,,,0.0,,,0.0,,,0.0,,,0.0,,,0.0,,,0.0
DJI_20260917132321_0064_D.JPG,Cam 6,8,ARAMANDI,INCORRECT,FEET_NOT_IN_LINE,,rtmpose_m_halpe26,halpe_26,OK,183.99,24.16,0,0,2170.172607421875,853.8505859375,0.9612026214599609,,,0.0,2164.177978515625,823.876953125,0.9396783709526062,,,0.0,,,0.0,2140.198974609375,817.88232421875,0.972648024559021,,,0.0,1978.341064453125,829.871826171875,0.792320966720581,2050.278076171875,841.861328125,0.9758406281471252,,,0.0,,,0.0,2014.309326171875,1033.69287109375,0.7509377002716064,2002.320068359375,1033.69287109375,0.7953870296478271,1948.367431640625,1267.48779296875,0.6106036901473999,2002.320068359375,1291.466796875,0.6036941409111023,1978.341064453125,1525.26171875,0.7412292957305908,1954.362060546875,1531.25634765625,0.7778422832489014,2086.246337890625,1860.966796875,0.6757761240005493,2158.183349609375,1872.95654296875,0.8105102181434631,1966.3515625,2136.72509765625,0.7520015239715576,1960.356689453125,2148.71435546875,0.7963601350784302,1900.409423828125,2178.688232421875,0.759451150894165,1918.393798828125,2184.682861328125,0.7766143679618835,2104.230712890625,2256.619873046875,0.7759894132614136,2092.240966796875,2256.619873046875,0.8159565925598145,,,0.0,,,0.0,,,0.0,,,0.0,,,0.0,,,0.0,,,0.0,,,0.0,,,0.0,,,0.0,,,0.0,,,0.0,,,0.0,,,0.0,,,0.0,,,0.0,,,0.0,,,0.0,,,0.0,,,0.0,,,0.0,,,0.0,,,0.0,,,0.0,,,0.0,,,0.0,,,0.0,,,0.0,,,0.0,,,0.0,,,0.0,,,0.0,,,0.0,,,0.0,,,0.0,,,0.0,,,0.0,,,0.0,,,0.0,,,0.0,,,0.0,,,0.0
DJI_20260917132342_0065_D.JPG,Cam 6,9,SAMAPADHAM,INCORRECT,FEET_TOO_FAR_APART,,rtmpose_m_halpe26,halpe_26,OK,188.43,102.2,0,0,2124.043701171875,701.6484375,0.9808564186096191,,,0.0,2111.166259765625,663.01611328125,0.9678053855895996,,,0.0,,,0.0,2091.85009765625,669.45458984375,0.9980204105377197,,,0.0,1937.320556640625,682.332275390625,0.7800166606903076,2001.707763671875,695.209716796875,1.0129077434539795,,,0.0,,,0.0,1988.830322265625,881.932861328125,0.7968785762786865,1950.197998046875,875.494140625,0.8453197479248047,1969.51416015625,1107.28857421875,0.6619715690612793,1937.320556640625,1081.53369140625,0.7203425168991089,1969.51416015625,1390.5927734375,0.7722082138061523,1937.320556640625,1384.154052734375,0.8127509355545044,1918.004150390625,1751.16162109375,0.8796155452728271,1892.249267578125,1764.0390625,0.9079462289810181,1892.249267578125,2060.220947265625,0.8757122755050659,1866.494384765625,2131.046875,0.9201738834381104,1853.616943359375,2105.2919921875,0.9153764247894287,1840.739501953125,2188.99560546875,0.9184010028839111,2046.779052734375,2137.485595703125,0.9573272466659546,2021.024169921875,2208.311767578125,0.9042695760726929,,,0.0,,,0.0,,,0.0,,,0.0,,,0.0,,,0.0,,,0.0,,,0.0,,,0.0,,,0.0,,,0.0,,,0.0,,,0.0,,,0.0,,,0.0,,,0.0,,,0.0,,,0.0,,,0.0,,,0.0,,,0.0,,,0.0,,,0.0,,,0.0,,,0.0,,,0.0,,,0.0,,,0.0,,,0.0,,,0.0,,,0.0,,,0.0,,,0.0,,,0.0,,,0.0,,,0.0,,,0.0,,,0.0,,,0.0,,,0.0,,,0.0,,,0.0
DJI_20260917132344_0066_D.JPG,Cam 6,9,SAMAPADHAM,INCORRECT,FEET_TOO_FAR_APART,,rtmpose_m_halpe26,halpe_26,OK,198.15,22.34,0,0,2113.322021484375,699.6358642578125,0.9946761131286621,,,0.0,2106.877197265625,667.4102783203125,0.9833739995956421,,,0.0,,,0.0,2087.541748046875,673.8553466796875,1.0077368021011353,,,0.0,1919.968994140625,680.3004150390625,0.8119866251945496,1997.310302734375,693.1907958984375,1.0055986642837524,,,0.0,,,0.0,1945.749267578125,892.9891357421875,0.7689357995986938,1952.194580078125,899.4339599609375,0.8086975812911987,1900.633544921875,1144.3480224609375,0.635576069355011,1945.749267578125,1150.7933349609375,0.6638976335525513,1939.304443359375,1395.7071533203125,0.7427433729171753,1932.859130859375,1395.7071533203125,0.7746323347091675,1907.078857421875,1763.0780029296875,0.8268626928329468,1887.743408203125,1769.5233154296875,0.8536936044692993,1887.743408203125,2091.7783203125,0.828227698802948,1874.853271484375,2143.33935546875,0.9037491083145142,1849.072998046875,2130.44921875,0.8466513752937317,1842.627685546875,2207.79052734375,0.9101061224937439,2048.87109375,2149.78466796875,0.8661296963691711,2042.426025390625,2227.12548828125,0.9143157005310059,,,0.0,,,0.0,,,0.0,,,0.0,,,0.0,,,0.0,,,0.0,,,0.0,,,0.0,,,0.0,,,0.0,,,0.0,,,0.0,,,0.0,,,0.0,,,0.0,,,0.0,,,0.0,,,0.0,,,0.0,,,0.0,,,0.0,,,0.0,,,0.0,,,0.0,,,0.0,,,0.0,,,0.0,,,0.0,,,0.0,,,0.0,,,0.0,,,0.0,,,0.0,,,0.0,,,0.0,,,0.0,,,0.0,,,0.0,,,0.0,,,0.0,,,0.0
DJI_20260917132559_0067_D.JPG,Cam 6,10,SAMAPADHAM,INCORRECT,FEET_NOT_ALIGNED,,rtmpose_m_halpe26,halpe_26,OK,192.03,24.73,0,0,2197.7158203125,697.2388916015625,0.9883704781532288,,,0.0,2184.76953125,664.8729248046875,0.9757349491119385,,,0.0,,,0.0,2178.29638671875,664.8729248046875,1.0077697038650513,,,0.0,2009.9931640625,677.8194580078125,0.8032257556915283,2087.67138671875,690.7657470703125,1.009704828262329,,,0.0,,,0.0,2042.359375,878.4884033203125,0.7855534553527832,2048.832275390625,878.4884033203125,0.8438879251480103,1990.57373046875,1117.9964599609375,0.636501669883728,2016.46630859375,1111.5233154296875,0.6471648216247559,2016.46630859375,1383.3973388671875,0.7506207823753357,2003.52001953125,1383.3973388671875,0.7933062314987183,1971.154052734375,1765.3157958984375,0.7347367405891418,1958.20751953125,1771.7889404296875,0.7934907674789429,1951.734375,2101.921875,0.737113356590271,1951.734375,2140.76123046875,0.8407708406448364,1899.948974609375,2153.70751953125,0.762434720993042,1919.36865234375,2192.54638671875,0.8919610977172852,2107.091064453125,2166.65380859375,0.7091562747955322,2100.617919921875,2250.80517578125,0.8946657180786133,,,0.0,,,0.0,,,0.0,,,0.0,,,0.0,,,0.0,,,0.0,,,0.0,,,0.0,,,0.0,,,0.0,,,0.0,,,0.0,,,0.0,,,0.0,,,0.0,,,0.0,,,0.0,,,0.0,,,0.0,,,0.0,,,0.0,,,0.0,,,0.0,,,0.0,,,0.0,,,0.0,,,0.0,,,0.0,,,0.0,,,0.0,,,0.0,,,0.0,,,0.0,,,0.0,,,0.0,,,0.0,,,0.0,,,0.0,,,0.0,,,0.0,,,0.0
DJI_20260917132601_0068_D.JPG,Cam 6,10,SAMAPADHAM,INCORRECT,FEET_NOT_ALIGNED,,rtmpose_m_halpe26,halpe_26,OK,181.91,30.54,0,0,2210.91357421875,699.9256591796875,0.995898962020874,,,0.0,2204.40771484375,667.3956298828125,0.9808690547943115,,,0.0,,,0.0,2191.3955078125,667.3956298828125,1.0183594226837158,,,0.0,2022.2396240234375,680.4075927734375,0.82744961977005,2100.3115234375,693.4195556640625,1.0218119621276855,,,0.0,,,0.0,2041.7576904296875,875.5875244140625,0.7878153920173645,2061.275390625,875.5875244140625,0.8454127311706543,1976.6976318359375,1116.3092041015625,0.648309588432312,2035.2515869140625,1122.8150634765625,0.6560298204421997,2015.7337646484375,1376.5489501953125,0.7457718849182129,2009.2274169921875,1376.5489501953125,0.7914446592330933,1970.1917724609375,1760.4024658203125,0.740485429763794,1957.1795654296875,1773.4141845703125,0.8074374198913574,1950.6737060546875,2105.2197265625,0.7249315977096558,1950.6737060546875,2137.75,0.8529078960418701,1905.1317138671875,2150.76171875,0.7511143684387207,1924.6497802734375,2189.7978515625,0.9281905293464661,2106.8173828125,2170.27978515625,0.6788327693939209,2100.3115234375,2248.3515625,0.9112849235534668,,,0.0,,,0.0,,,0.0,,,0.0,,,0.0,,,0.0,,,0.0,,,0.0,,,0.0,,,0.0,,,0.0,,,0.0,,,0.0,,,0.0,,,0.0,,,0.0,,,0.0,,,0.0,,,0.0,,,0.0,,,0.0,,,0.0,,,0.0,,,0.0,,,0.0,,,0.0,,,0.0,,,0.0,,,0.0,,,0.0,,,0.0,,,0.0,,,0.0,,,0.0,,,0.0,,,0.0,,,0.0,,,0.0,,,0.0,,,0.0,,,0.0,,,0.0
DJI_20260917132635_0069_D.JPG,Cam 6,11,SAMAPADHAM,INCORRECT,WEIGHT_ON_ONE_LEG,,rtmpose_m_halpe26,halpe_26,OK,176.8,26.67,0,0,2115.608154296875,692.10595703125,1.0197618007659912,,,0.0,2102.75146484375,659.96484375,0.9896500706672668,,,0.0,,,0.0,2089.89501953125,659.96484375,1.0301133394241333,,,0.0,1916.332763671875,666.39306640625,0.793474555015564,1999.89990234375,679.24951171875,1.0418217182159424,,,0.0,,,0.0,1967.7587890625,872.0966796875,0.7888680696487427,1935.617431640625,865.66845703125,0.8549766540527344,1954.90234375,1084.228515625,0.6637084484100342,1909.904541015625,1064.94384765625,0.7501482963562012,1961.33056640625,1386.35546875,0.7727471590042114,1935.617431640625,1379.92724609375,0.8044815063476562,1942.045654296875,1746.3369140625,0.8194152116775513,1916.332763671875,1759.193359375,0.8462734222412109,1909.904541015625,2067.748779296875,0.8416140079498291,1890.619873046875,2112.74658203125,0.8818119764328003,1858.478515625,2119.1748046875,0.8720800280570984,1858.478515625,2170.6005859375,0.915945291519165,2057.75390625,2151.31591796875,0.8750237226486206,2044.8974609375,2196.313720703125,0.9019527435302734,,,0.0,,,0.0,,,0.0,,,0.0,,,0.0,,,0.0,,,0.0,,,0.0,,,0.0,,,0.0,,,0.0,,,0.0,,,0.0,,,0.0,,,0.0,,,0.0,,,0.0,,,0.0,,,0.0,,,0.0,,,0.0,,,0.0,,,0.0,,,0.0,,,0.0,,,0.0,,,0.0,,,0.0,,,0.0,,,0.0,,,0.0,,,0.0,,,0.0,,,0.0,,,0.0,,,0.0,,,0.0,,,0.0,,,0.0,,,0.0,,,0.0,,,0.0
DJI_20260917132637_0070_D.JPG,Cam 6,11,SAMAPADHAM,INCORRECT,WEIGHT_ON_ONE_LEG,,rtmpose_m_halpe26,halpe_26,OK,166.73,29.82,0,0,2119.91064453125,698.66748046875,1.0212690830230713,,,0.0,2107.054931640625,660.1005859375,0.9943623542785645,,,0.0,,,0.0,2094.199462890625,666.5283203125,1.0326347351074219,,,0.0,1933.504150390625,672.956298828125,0.8055874109268188,2004.2099609375,679.384033203125,1.0501372814178467,,,0.0,,,0.0,1984.926513671875,872.218505859375,0.8046327829360962,1939.931884765625,859.363037109375,0.8625938892364502,1978.498779296875,1084.336669921875,0.6633833646774292,1927.076171875,1071.480712890625,0.7169302701950073,1965.643310546875,1386.444091796875,0.7776241302490234,1933.504150390625,1380.01611328125,0.8140835762023926,1946.359619140625,1746.401611328125,0.8258719444274902,1907.792724609375,1759.25732421875,0.8541347980499268,1907.792724609375,2074.220458984375,0.8495002388954163,1888.50927734375,2119.215087890625,0.8879671096801758,1856.370361328125,2125.642822265625,0.8768037557601929,1856.370361328125,2170.6376953125,0.9221742749214172,2055.632568359375,2157.781982421875,0.8816950917243958,2049.204833984375,2196.348876953125,0.9028338193893433,,,0.0,,,0.0,,,0.0,,,0.0,,,0.0,,,0.0,,,0.0,,,0.0,,,0.0,,,0.0,,,0.0,,,0.0,,,0.0,,,0.0,,,0.0,,,0.0,,,0.0,,,0.0,,,0.0,,,0.0,,,0.0,,,0.0,,,0.0,,,0.0,,,0.0,,,0.0,,,0.0,,,0.0,,,0.0,,,0.0,,,0.0,,,0.0,,,0.0,,,0.0,,,0.0,,,0.0,,,0.0,,,0.0,,,0.0,,,0.0,,,0.0,,,0.0
DJI_20260917132649_0071_D.JPG,Cam 6,12,MUZHUMANDI,INCORRECT,KNEES_FACING_FORWARD,,rtmpose_m_halpe26,halpe_26,OK,196.46,34.61,0,0,2121.68408203125,1315.241455078125,0.918501615524292,,,0.0,2114.79833984375,1277.369873046875,0.9083700776100159,,,0.0,,,0.0,2097.583984375,1280.812744140625,1.0027434825897217,,,0.0,1970.19775390625,1298.027099609375,0.7560499310493469,2001.18359375,1304.912841796875,1.0079885721206665,,,0.0,,,0.0,1980.5263671875,1480.4990234375,0.6673873066902161,1946.09765625,1504.59912109375,0.8193713426589966,1946.09765625,1690.51416015625,0.49238842725753784,1928.88330078125,1811.0146484375,0.7044050693511963,1987.412109375,1945.28662109375,0.598873496055603,1918.5546875,2003.815185546875,0.6602209806442261,2207.755859375,1900.529296875,0.8057261109352112,2283.4990234375,2179.401611328125,0.7752179503440857,1956.42626953125,2124.315673828125,0.606398344039917,1897.8974609375,2155.301513671875,0.6387547254562378,1908.22607421875,2138.087158203125,0.47458416223526,1846.25439453125,2138.087158203125,0.4991316795349121,1980.5263671875,2244.816162109375,0.48315975069999695,1983.96923828125,2258.587646484375,0.51157146692276,,,0.0,,,0.0,,,0.0,,,0.0,,,0.0,,,0.0,,,0.0,,,0.0,,,0.0,,,0.0,,,0.0,,,0.0,,,0.0,,,0.0,,,0.0,,,0.0,,,0.0,,,0.0,,,0.0,,,0.0,,,0.0,,,0.0,,,0.0,,,0.0,,,0.0,,,0.0,,,0.0,,,0.0,,,0.0,,,0.0,,,0.0,,,0.0,,,0.0,,,0.0,,,0.0,,,0.0,,,0.0,,,0.0,,,0.0,,,0.0,,,0.0,,,0.0
DJI_20260917132651_0072_D.JPG,Cam 6,12,MUZHUMANDI,INCORRECT,KNEES_FACING_FORWARD,,rtmpose_m_halpe26,halpe_26,OK,177.22,36.15,0,0,2099.3154296875,1319.1021728515625,0.922383189201355,,,0.0,2095.745361328125,1276.2618408203125,0.9181883335113525,,,0.0,,,0.0,2077.895263671875,1283.4017333984375,1.0138784646987915,,,0.0,1952.944091796875,1294.1119384765625,0.7106336951255798,1981.50439453125,1297.6820068359375,0.9893686771392822,,,0.0,,,0.0,1952.944091796875,1483.3233642578125,0.6516125202178955,1945.803955078125,1504.7435302734375,0.7918263673782349,1970.794189453125,1718.9454345703125,0.4837866723537445,1920.81396484375,1811.7659912109375,0.7056673765182495,1963.654052734375,1958.1373291015625,0.5534988641738892,1913.673828125,2000.9776611328125,0.6338512897491455,2217.126220703125,1908.1568603515625,0.6104738712310791,2284.956787109375,2183.04931640625,0.6826392412185669,1931.52392578125,2133.06884765625,0.5664833784103394,1877.973388671875,2150.9189453125,0.5939385294914246,1877.973388671875,2147.3486328125,0.453169584274292,1831.563232421875,2136.638671875,0.5169311761856079,1992.214599609375,2240.16943359375,0.5155495405197144,1960.084228515625,2250.8798828125,0.5274134278297424,,,0.0,,,0.0,,,0.0,,,0.0,,,0.0,,,0.0,,,0.0,,,0.0,,,0.0,,,0.0,,,0.0,,,0.0,,,0.0,,,0.0,,,0.0,,,0.0,,,0.0,,,0.0,,,0.0,,,0.0,,,0.0,,,0.0,,,0.0,,,0.0,,,0.0,,,0.0,,,0.0,,,0.0,,,0.0,,,0.0,,,0.0,,,0.0,,,0.0,,,0.0,,,0.0,,,0.0,,,0.0,,,0.0,,,0.0,,,0.0,,,0.0,,,0.0
DJI_20260917132740_0073_D.JPG,Cam 6,13,MUZHUMANDI,INCORRECT,BACK_BENT_FORWARD,,rtmpose_m_halpe26,halpe_26,OK,173.12,31.24,0,0,2235.8369140625,1376.0555419921875,0.9448806047439575,,,0.0,2231.8046875,1339.7640380859375,0.9456590414047241,,,0.0,,,0.0,2219.70751953125,1343.7965087890625,1.009700059890747,,,0.0,2054.37939453125,1343.7965087890625,0.7672116756439209,2122.93017578125,1351.8612060546875,1.0025222301483154,,,0.0,,,0.0,1981.7965087890625,1488.9622802734375,0.7212271690368652,2034.2176513671875,1529.2862548828125,0.7805851101875305,1901.1488037109375,1714.7760009765625,0.512764036655426,1945.5050048828125,1803.4886474609375,0.6798679828643799,1868.8895263671875,1940.5897216796875,0.5629507899284363,1840.6629638671875,1972.8489990234375,0.6537801027297974,2114.865234375,2142.208984375,0.4038061499595642,2130.99462890625,2186.5654296875,0.7207577228546143,1856.7923583984375,2134.14453125,0.5208942890167236,1832.5980224609375,2154.30615234375,0.5465888381004333,1776.1446533203125,2122.04736328125,0.44680869579315186,1792.2742919921875,2109.9501953125,0.46512889862060547,1497.9100341796875,2222.85693359375,0.5226617455482483,1957.6021728515625,2263.1806640625,0.44667020440101624,,,0.0,,,0.0,,,0.0,,,0.0,,,0.0,,,0.0,,,0.0,,,0.0,,,0.0,,,0.0,,,0.0,,,0.0,,,0.0,,,0.0,,,0.0,,,0.0,,,0.0,,,0.0,,,0.0,,,0.0,,,0.0,,,0.0,,,0.0,,,0.0,,,0.0,,,0.0,,,0.0,,,0.0,,,0.0,,,0.0,,,0.0,,,0.0,,,0.0,,,0.0,,,0.0,,,0.0,,,0.0,,,0.0,,,0.0,,,0.0,,,0.0,,,0.0
DJI_20260917132742_0074_D.JPG,Cam 6,13,MUZHUMANDI,INCORRECT,BACK_BENT_FORWARD,,rtmpose_m_halpe26,halpe_26,OK,176.69,33.16,0,0,2239.8193359375,1383.0399169921875,0.960451602935791,,,0.0,2239.8193359375,1346.9161376953125,0.9519743919372559,,,0.0,,,0.0,2223.76416015625,1350.9298095703125,1.0156280994415283,,,0.0,2091.310546875,1346.9161376953125,0.7510986328125,2127.43408203125,1354.9437255859375,1.0149013996124268,,,0.0,,,0.0,1986.9532470703125,1495.4246826171875,0.7121760845184326,2031.1043701171875,1531.5482177734375,0.7791057825088501,1930.7608642578125,1728.2218017578125,0.5078129172325134,1942.8018798828125,1804.4830322265625,0.6963819265365601,1890.6234130859375,1940.9503173828125,0.5684596300125122,1838.4447021484375,1969.0465087890625,0.6668107509613037,2115.39306640625,1872.7166748046875,0.41230911016464233,2131.44775390625,2197.830078125,0.717506468296051,1862.5269775390625,2133.6103515625,0.5188106298446655,1842.4583740234375,2157.6923828125,0.5340396165847778,1782.2520751953125,2117.55517578125,0.4449540972709656,1810.3485107421875,2113.54150390625,0.45945867896080017,1938.7882080078125,2217.89892578125,0.4784170687198639,1497.2762451171875,2270.07763671875,0.46455156803131104,,,0.0,,,0.0,,,0.0,,,0.0,,,0.0,,,0.0,,,0.0,,,0.0,,,0.0,,,0.0,,,0.0,,,0.0,,,0.0,,,0.0,,,0.0,,,0.0,,,0.0,,,0.0,,,0.0,,,0.0,,,0.0,,,0.0,,,0.0,,,0.0,,,0.0,,,0.0,,,0.0,,,0.0,,,0.0,,,0.0,,,0.0,,,0.0,,,0.0,,,0.0,,,0.0,,,0.0,,,0.0,,,0.0,,,0.0,,,0.0,,,0.0,,,0.0
DJI_20260917132806_0075_D.JPG,Cam 6,14,MUZHUMANDI,INCORRECT,FEET_APART_HEEL_DOWN,,rtmpose_m_halpe26,halpe_26,OK,175.27,29.42,0,0,2207.3525390625,1362.002197265625,0.9506052732467651,,,0.0,2211.340087890625,1326.112060546875,0.9435875415802002,,,0.0,,,0.0,2191.4013671875,1326.112060546875,1.0306159257888794,,,0.0,2035.87744140625,1326.112060546875,0.7767468094825745,2095.6943359375,1326.112060546875,0.9713976383209229,,,0.0,,,0.0,1999.9873046875,1501.574951171875,0.6795040965080261,2027.90185546875,1529.489501953125,0.7616422176361084,2071.767578125,1756.793701171875,0.5027036070823669,2075.75537109375,1848.5126953125,0.6442629098892212,1900.29248046875,1976.1220703125,0.5683555006980896,1884.34130859375,2000.048828125,0.6550856232643127,2167.474609375,2079.804443359375,0.4831697940826416,2183.42578125,2147.596923828125,0.7606236934661865,1904.2802734375,2183.487060546875,0.60847008228302,1904.2802734375,2215.389404296875,0.7306052446365356,1860.41455078125,2155.572509765625,0.5064735412597656,1860.41455078125,2195.450439453125,0.6767425537109375,1999.9873046875,2259.255126953125,0.39530497789382935,1984.0361328125,2378.888916015625,0.7036030292510986,,,0.0,,,0.0,,,0.0,,,0.0,,,0.0,,,0.0,,,0.0,,,0.0,,,0.0,,,0.0,,,0.0,,,0.0,,,0.0,,,0.0,,,0.0,,,0.0,,,0.0,,,0.0,,,0.0,,,0.0,,,0.0,,,0.0,,,0.0,,,0.0,,,0.0,,,0.0,,,0.0,,,0.0,,,0.0,,,0.0,,,0.0,,,0.0,,,0.0,,,0.0,,,0.0,,,0.0,,,0.0,,,0.0,,,0.0,,,0.0,,,0.0,,,0.0
DJI_20260917132807_0076_D.JPG,Cam 6,14,MUZHUMANDI,INCORRECT,FEET_APART_HEEL_DOWN,,rtmpose_m_halpe26,halpe_26,OK,178.75,33.23,0,0,2212.295166015625,1377.6551513671875,0.914767861366272,,,0.0,2216.218017578125,1338.4229736328125,0.9230468273162842,,,0.0,,,0.0,2196.602294921875,1338.4229736328125,1.0012661218643188,,,0.0,2035.750732421875,1322.7301025390625,0.7696511745452881,2098.52197265625,1322.7301025390625,0.9388340711593628,,,0.0,,,0.0,2000.441650390625,1487.5047607421875,0.6725946664810181,2012.21142578125,1511.0440673828125,0.7631158232688904,2059.289794921875,1722.8973388671875,0.4920356869697571,2055.36669921875,1836.6702880859375,0.6385570764541626,1929.823974609375,1977.9061279296875,0.5661311149597168,1886.668701171875,2001.4451904296875,0.665988564491272,2165.216552734375,2013.2147216796875,0.4271396994590759,2184.83251953125,2134.83447265625,0.7662000060081482,1902.361572265625,2154.4501953125,0.5714327096939087,1914.131103515625,2217.2216796875,0.7148312330245972,1835.6669921875,2115.21826171875,0.4825519025325775,1863.12939453125,2189.75927734375,0.6549679040908813,2000.441650390625,2154.4501953125,0.3900204300880432,1976.902587890625,2374.14990234375,0.6877977252006531,,,0.0,,,0.0,,,0.0,,,0.0,,,0.0,,,0.0,,,0.0,,,0.0,,,0.0,,,0.0,,,0.0,,,0.0,,,0.0,,,0.0,,,0.0,,,0.0,,,0.0,,,0.0,,,0.0,,,0.0,,,0.0,,,0.0,,,0.0,,,0.0,,,0.0,,,0.0,,,0.0,,,0.0,,,0.0,,,0.0,,,0.0,,,0.0,,,0.0,,,0.0,,,0.0,,,0.0,,,0.0,,,0.0,,,0.0,,,0.0,,,0.0,,,0.0
DJI_20260917132840_0077_D.JPG,Cam 6,15,SWASTIKAPADAM,INCORRECT,OVERCROSSING_SHINS,RIGHT,rtmpose_m_halpe26,halpe_26,OK,185.33,33.92,0,0,2132.258056640625,865.0137939453125,0.994511067867279,,,0.0,2126.48193359375,836.1341552734375,0.983015775680542,,,0.0,,,0.0,2109.154052734375,836.1341552734375,0.9792008399963379,,,0.0,1947.428466796875,847.6861572265625,0.8108371496200562,2016.739501953125,859.2379150390625,0.965007483959198,,,0.0,,,0.0,2010.963623046875,1026.7396240234375,0.8198599815368652,1976.307861328125,1038.2916259765625,0.8436766862869263,1976.307861328125,1240.4488525390625,0.6614738702774048,1935.876708984375,1275.1043701171875,0.7213638424873352,1999.411865234375,1483.0374755859375,0.7419379949569702,1935.876708984375,1488.8135986328125,0.7694288492202759,2034.067138671875,1812.2652587890625,0.7789504528045654,2068.722900390625,1823.8172607421875,0.8415385484695435,1953.204345703125,2089.509765625,0.742773711681366,1820.358154296875,1962.4393310546875,0.7293281555175781,1930.1005859375,2118.38916015625,0.7301883697509766,1774.150634765625,1956.6634521484375,0.6375239491462708,2022.515380859375,2141.4931640625,0.7098073363304138,1831.909912109375,2077.9580078125,0.7176778316497803,,,0.0,,,0.0,,,0.0,,,0.0,,,0.0,,,0.0,,,0.0,,,0.0,,,0.0,,,0.0,,,0.0,,,0.0,,,0.0,,,0.0,,,0.0,,,0.0,,,0.0,,,0.0,,,0.0,,,0.0,,,0.0,,,0.0,,,0.0,,,0.0,,,0.0,,,0.0,,,0.0,,,0.0,,,0.0,,,0.0,,,0.0,,,0.0,,,0.0,,,0.0,,,0.0,,,0.0,,,0.0,,,0.0,,,0.0,,,0.0,,,0.0,,,0.0
DJI_20260917132841_0078_D.JPG,Cam 6,15,SWASTIKAPADAM,INCORRECT,OVERCROSSING_SHINS,RIGHT,rtmpose_m_halpe26,halpe_26,OK,190.04,23.81,0,0,2117.26611328125,853.208740234375,1.0118358135223389,,,0.0,2111.502197265625,824.387451171875,0.9839229583740234,,,0.0,,,0.0,2094.209228515625,824.387451171875,0.9854512214660645,,,0.0,1932.811767578125,835.916015625,0.8065533638000488,2007.746337890625,847.4443359375,0.9719032049179077,,,0.0,,,0.0,2007.746337890625,1020.37060546875,0.8185584545135498,1967.396728515625,1026.134765625,0.8563753366470337,1973.1611328125,1227.882080078125,0.6573576331138611,1921.283203125,1245.174560546875,0.7431424260139465,1996.218017578125,1475.74267578125,0.739051103591919,1932.811767578125,1475.74267578125,0.7688009738922119,2025.038818359375,1804.302490234375,0.7801930904388428,2059.624267578125,1810.066650390625,0.8487017750740051,1950.104248046875,2086.748291015625,0.7648093104362488,1811.763427734375,1959.935791015625,0.7472207546234131,1921.283203125,2121.333740234375,0.7617771625518799,1765.649658203125,1948.407470703125,0.6562243700027466,2036.567138671875,2132.862060546875,0.7483514547348022,1829.055908203125,2080.984130859375,0.7231941819190979,,,0.0,,,0.0,,,0.0,,,0.0,,,0.0,,,0.0,,,0.0,,,0.0,,,0.0,,,0.0,,,0.0,,,0.0,,,0.0,,,0.0,,,0.0,,,0.0,,,0.0,,,0.0,,,0.0,,,0.0,,,0.0,,,0.0,,,0.0,,,0.0,,,0.0,,,0.0,,,0.0,,,0.0,,,0.0,,,0.0,,,0.0,,,0.0,,,0.0,,,0.0,,,0.0,,,0.0,,,0.0,,,0.0,,,0.0,,,0.0,,,0.0,,,0.0
DJI_20260917132856_0079_D.JPG,Cam 6,16,SWASTIKAPADAM,INCORRECT,OVERCROSSING_SHINS,LEFT,rtmpose_m_halpe26,halpe_26,OK,170.17,32.38,0,0,2120.08056640625,806.768310546875,0.9548004865646362,,,0.0,2120.08056640625,769.543701171875,0.9441180229187012,,,0.0,,,0.0,2095.26416015625,769.543701171875,0.9499632120132446,,,0.0,1921.5491943359375,781.951904296875,0.8096423149108887,1989.7943115234375,794.360107421875,0.96790611743927,,,0.0,,,0.0,1995.9984130859375,980.48291015625,0.8109354376792908,1940.1614990234375,980.48291015625,0.8332445621490479,1983.5902099609375,1228.646484375,0.6336728930473328,1933.9573974609375,1222.4423828125,0.6893467903137207,1952.5697021484375,1538.85107421875,0.7468397617340088,1952.5697021484375,1538.85107421875,0.7708467841148376,1940.1614990234375,1867.66796875,0.7090625166893005,2120.08056640625,1917.30078125,0.8051645755767822,1760.2430419921875,2128.23974609375,0.744064211845398,1927.7532958984375,2140.64794921875,0.7404732704162598,1741.6307373046875,2153.05615234375,0.6494182348251343,1871.9163818359375,2165.46435546875,0.631301760673523,1716.8143310546875,2289.54638671875,0.7349686622619629,2045.6312255859375,2277.13818359375,0.8047758340835571,,,0.0,,,0.0,,,0.0,,,0.0,,,0.0,,,0.0,,,0.0,,,0.0,,,0.0,,,0.0,,,0.0,,,0.0,,,0.0,,,0.0,,,0.0,,,0.0,,,0.0,,,0.0,,,0.0,,,0.0,,,0.0,,,0.0,,,0.0,,,0.0,,,0.0,,,0.0,,,0.0,,,0.0,,,0.0,,,0.0,,,0.0,,,0.0,,,0.0,,,0.0,,,0.0,,,0.0,,,0.0,,,0.0,,,0.0,,,0.0,,,0.0,,,0.0
DJI_20260917132858_0080_D.JPG,Cam 6,16,SWASTIKAPADAM,INCORRECT,OVERCROSSING_SHINS,LEFT,rtmpose_m_halpe26,halpe_26,OK,185.72,38.55,0,0,2120.45703125,802.747314453125,0.9556156396865845,,,0.0,2120.45703125,765.68359375,0.9622365832328796,,,0.0,,,0.0,2095.74755859375,765.68359375,0.957649827003479,,,0.0,1916.6068115234375,778.0380859375,0.8295896053314209,1984.5567626953125,790.392578125,0.9712916612625122,,,0.0,,,0.0,1990.7340087890625,975.7109375,0.8049957752227783,1941.3157958984375,975.7109375,0.8329657316207886,1978.3795166015625,1222.80224609375,0.6320188045501709,1928.9613037109375,1210.44775390625,0.6900253295898438,1953.6705322265625,1537.84326171875,0.7422538995742798,1959.8477783203125,1531.666015625,0.7648123502731323,1947.4932861328125,1877.59375,0.7532305717468262,2114.27978515625,1914.6572265625,0.817503809928894,1749.8201904296875,2130.862060546875,0.7857322692871094,1935.1385498046875,2149.39404296875,0.7599353790283203,1718.9337158203125,2155.5712890625,0.6963090300559998,1885.7203369140625,2174.10302734375,0.6665164232254028,1725.1109619140625,2303.825927734375,0.7753458619117737,2046.3297119140625,2279.11669921875,0.8025312423706055,,,0.0,,,0.0,,,0.0,,,0.0,,,0.0,,,0.0,,,0.0,,,0.0,,,0.0,,,0.0,,,0.0,,,0.0,,,0.0,,,0.0,,,0.0,,,0.0,,,0.0,,,0.0,,,0.0,,,0.0,,,0.0,,,0.0,,,0.0,,,0.0,,,0.0,,,0.0,,,0.0,,,0.0,,,0.0,,,0.0,,,0.0,,,0.0,,,0.0,,,0.0,,,0.0,,,0.0,,,0.0,,,0.0,,,0.0,,,0.0,,,0.0,,,0.0
DJI_20260917132930_0081_D.JPG,Cam 6,17,SWASTIKAPADAM,INCORRECT,INSUFFICIENT_ARAMANDI,RIGHT,rtmpose_m_halpe26,halpe_26,OK,171.84,22.39,0,0,2111.046875,788.267578125,1.0003387928009033,,,0.0,2098.9931640625,758.1337890625,0.9863060712814331,,,0.0,,,0.0,2086.93994140625,758.1337890625,1.001911997795105,,,0.0,1936.2713623046875,770.187255859375,0.8029795289039612,2002.5653076171875,776.2138671875,0.9884697198867798,,,0.0,,,0.0,1996.5386962890625,950.98974609375,0.8049253225326538,1936.2713623046875,938.93603515625,0.8511011600494385,1972.4315185546875,1173.979248046875,0.6942065954208374,1924.2176513671875,1173.979248046875,0.749630331993103,1984.4852294921875,1439.15625,0.7576818466186523,1924.2176513671875,1433.12939453125,0.7770971059799194,2008.5921630859375,1770.627197265625,0.7664569616317749,2062.8330078125,1770.627197265625,0.88020920753479,1924.2176513671875,2041.8310546875,0.7898561954498291,1833.8165283203125,1987.59033203125,0.7905666828155518,1888.0572509765625,2096.07177734375,0.8050119876861572,1791.6292724609375,2011.697265625,0.7254738211631775,2032.6990966796875,2132.23193359375,0.8733214139938354,1888.0572509765625,2144.28564453125,0.7265821695327759,,,0.0,,,0.0,,,0.0,,,0.0,,,0.0,,,0.0,,,0.0,,,0.0,,,0.0,,,0.0,,,0.0,,,0.0,,,0.0,,,0.0,,,0.0,,,0.0,,,0.0,,,0.0,,,0.0,,,0.0,,,0.0,,,0.0,,,0.0,,,0.0,,,0.0,,,0.0,,,0.0,,,0.0,,,0.0,,,0.0,,,0.0,,,0.0,,,0.0,,,0.0,,,0.0,,,0.0,,,0.0,,,0.0,,,0.0,,,0.0,,,0.0,,,0.0
DJI_20260917132932_0082_D.JPG,Cam 6,17,SWASTIKAPADAM,INCORRECT,INSUFFICIENT_ARAMANDI,RIGHT,rtmpose_m_halpe26,halpe_26,OK,161.27,32.96,0,0,2107.196533203125,789.0224609375,0.9742696285247803,,,0.0,2101.186279296875,758.9716796875,0.9779707193374634,,,0.0,,,0.0,2083.15576171875,758.9716796875,0.9817309379577637,,,0.0,1938.912353515625,764.981689453125,0.8053811192512512,1999.013671875,770.991943359375,0.9923341274261475,,,0.0,,,0.0,1993.00341796875,951.29638671875,0.795187771320343,1938.912353515625,945.286376953125,0.8500044345855713,1956.94287109375,1185.6923828125,0.68193519115448,1920.8818359375,1185.6923828125,0.7330584526062012,1974.97314453125,1444.12890625,0.7658858299255371,1938.912353515625,1444.12890625,0.790920615196228,2011.0341796875,1780.697509765625,0.7787009477615356,2071.1357421875,1780.697509765625,0.8835232257843018,1920.8818359375,2075.19482421875,0.7941420674324036,1836.73974609375,1991.052734375,0.7991081476211548,1884.82080078125,2123.276123046875,0.8119986057281494,1788.658447265625,2021.103515625,0.7208389043807983,2041.0849609375,2147.316650390625,0.8644757866859436,1884.82080078125,2147.316650390625,0.7106723785400391,,,0.0,,,0.0,,,0.0,,,0.0,,,0.0,,,0.0,,,0.0,,,0.0,,,0.0,,,0.0,,,0.0,,,0.0,,,0.0,,,0.0,,,0.0,,,0.0,,,0.0,,,0.0,,,0.0,,,0.0,,,0.0,,,0.0,,,0.0,,,0.0,,,0.0,,,0.0,,,0.0,,,0.0,,,0.0,,,0.0,,,0.0,,,0.0,,,0.0,,,0.0,,,0.0,,,0.0,,,0.0,,,0.0,,,0.0,,,0.0,,,0.0,,,0.0
DJI_20260917132940_0083_D.JPG,Cam 6,18,SWASTIKAPADAM,INCORRECT,INSUFFICIENT_ARAMANDI,LEFT,rtmpose_m_halpe26,halpe_26,OK,159.79,30.2,0,0,2164.09423828125,749.1036376953125,0.9396940469741821,,,0.0,2157.68359375,717.0523681640625,0.9033702611923218,,,0.0,,,0.0,2138.453125,710.6422119140625,0.936343789100647,,,0.0,1952.5556640625,723.4625244140625,0.7952821850776672,2035.888916015625,736.2830810546875,0.9539930820465088,,,0.0,,,0.0,2016.658203125,922.1802978515625,0.7711735367774963,1984.60693359375,922.1802978515625,0.8300085067749023,1991.01708984375,1172.1802978515625,0.6599055528640747,1971.786376953125,1178.5904541015625,0.7191382050514221,1984.60693359375,1454.2315673828125,0.7533594369888306,1971.786376953125,1454.2315673828125,0.7840615510940552,1946.1455078125,1819.6158447265625,0.7286982536315918,2087.1708984375,1832.4364013671875,0.8207724094390869,1856.40185546875,2120.89794921875,0.7888036966323853,1939.7353515625,2146.53857421875,0.7927666902542114,1811.5302734375,2172.1796875,0.7671958208084106,1888.453125,2197.82080078125,0.7458529472351074,2074.3505859375,2242.6923828125,0.7505177855491638,2067.9404296875,2261.92333984375,0.8404116630554199,,,0.0,,,0.0,,,0.0,,,0.0,,,0.0,,,0.0,,,0.0,,,0.0,,,0.0,,,0.0,,,0.0,,,0.0,,,0.0,,,0.0,,,0.0,,,0.0,,,0.0,,,0.0,,,0.0,,,0.0,,,0.0,,,0.0,,,0.0,,,0.0,,,0.0,,,0.0,,,0.0,,,0.0,,,0.0,,,0.0,,,0.0,,,0.0,,,0.0,,,0.0,,,0.0,,,0.0,,,0.0,,,0.0,,,0.0,,,0.0,,,0.0,,,0.0
DJI_20260917132942_0084_D.JPG,Cam 6,18,SWASTIKAPADAM,INCORRECT,INSUFFICIENT_ARAMANDI,LEFT,rtmpose_m_halpe26,halpe_26,OK,176.54,33.88,0,0,2222.31884765625,779.24658203125,0.9393965005874634,,,0.0,2222.31884765625,740.99853515625,0.9335014820098877,,,0.0,,,0.0,2203.19482421875,734.623779296875,0.9385839700698853,,,0.0,2011.9539794921875,734.623779296875,0.7866343259811401,2094.8251953125,734.623779296875,0.944420576095581,,,0.0,,,0.0,2062.95166015625,925.8642578125,0.7343197464942932,2005.5794677734375,919.48974609375,0.7856494188308716,1992.8299560546875,1180.851806640625,0.5899834036827087,1973.7059326171875,1174.47705078125,0.6482420563697815,1999.2047119140625,1467.712646484375,0.7358003854751587,1967.3311767578125,1467.712646484375,0.7648907899856567,1992.8299560546875,1818.3203125,0.7230112552642822,2082.07568359375,1824.69482421875,0.8204151391983032,1858.9615478515625,2111.5556640625,0.7787430286407471,1929.0831298828125,2130.6796875,0.7866578698158264,1807.9642333984375,2156.1787109375,0.7254835367202759,1871.7108154296875,2175.302734375,0.7539165616035461,2082.07568359375,2245.42431640625,0.7261959314346313,2062.95166015625,2258.17333984375,0.8175736665725708,,,0.0,,,0.0,,,0.0,,,0.0,,,0.0,,,0.0,,,0.0,,,0.0,,,0.0,,,0.0,,,0.0,,,0.0,,,0.0,,,0.0,,,0.0,,,0.0,,,0.0,,,0.0,,,0.0,,,0.0,,,0.0,,,0.0,,,0.0,,,0.0,,,0.0,,,0.0,,,0.0,,,0.0,,,0.0,,,0.0,,,0.0,,,0.0,,,0.0,,,0.0,,,0.0,,,0.0,,,0.0,,,0.0,,,0.0,,,0.0,,,0.0,,,0.0
DJI_20260917133337_0085_D.JPG,Cam 6,19,PATAKA,INCORRECT,ELBOWS_NOT_ALIGNED,,rtmpose_m_halpe26,halpe_26,OK,160.02,26.17,0,0,2064.97802734375,736.365478515625,0.993664026260376,,,0.0,2052.23974609375,710.888916015625,0.9576389193534851,,,0.0,,,0.0,2033.1322021484375,704.519775390625,0.996369481086731,,,0.0,2014.0247802734375,723.627197265625,0.7844130992889404,1937.5953369140625,729.996337890625,1.0261682271957397,,,0.0,,,0.0,1975.8101806640625,914.701171875,0.8227289915084839,1873.9039306640625,921.0703125,0.8663597106933594,2001.2867431640625,1169.466796875,0.7236805558204651,1924.8570556640625,1150.359375,0.8458112478256226,1943.9644775390625,1411.49365234375,0.7312833666801453,1899.3804931640625,1398.75537109375,0.7675135731697083,1899.3804931640625,1774.534423828125,0.8976408243179321,1867.5347900390625,1780.903564453125,0.9178527593612671,1880.2730712890625,2112.0986328125,0.8714962005615234,1848.4273681640625,2143.9443359375,0.9485478401184082,1835.6890869140625,2156.6826171875,0.8964775800704956,1822.9508056640625,2194.8974609375,1.0292452573776245,2026.7633056640625,2175.7900390625,0.9323581457138062,2014.0247802734375,2207.6357421875,0.9785168766975403,,,0.0,,,0.0,,,0.0,,,0.0,,,0.0,,,0.0,,,0.0,,,0.0,,,0.0,,,0.0,,,0.0,,,0.0,,,0.0,,,0.0,,,0.0,,,0.0,,,0.0,,,0.0,,,0.0,,,0.0,,,0.0,,,0.0,,,0.0,,,0.0,,,0.0,,,0.0,,,0.0,,,0.0,,,0.0,,,0.0,,,0.0,,,0.0,,,0.0,,,0.0,,,0.0,,,0.0,,,0.0,,,0.0,,,0.0,,,0.0,,,0.0,,,0.0
DJI_20260917133339_0086_D.JPG,Cam 6,19,PATAKA,INCORRECT,ELBOWS_NOT_ALIGNED,,rtmpose_m_halpe26,halpe_26,OK,182.35,23.46,0,0,2086.544189453125,740.390869140625,1.0068416595458984,,,0.0,2073.791015625,708.507568359375,0.9755156636238098,,,0.0,,,0.0,2054.6611328125,708.507568359375,1.0041989088058472,,,0.0,2016.4013671875,721.260986328125,0.7925710678100586,1965.38818359375,734.01416015625,1.007267951965332,,,0.0,,,0.0,1997.271484375,912.559814453125,0.8113564252853394,1895.245361328125,918.936279296875,0.869863748550415,2022.77783203125,1161.248291015625,0.7154315710067749,1933.505126953125,1148.494873046875,0.845941960811615,1952.635009765625,1403.560302734375,0.719895601272583,1901.6220703125,1397.183349609375,0.7613120079040527,1895.245361328125,1773.404541015625,0.8930034637451172,1869.73876953125,1779.781005859375,0.9036605358123779,1876.115478515625,2111.36572265625,0.8682001829147339,1856.985595703125,2136.872314453125,0.9347687363624573,1831.47900390625,2156.002197265625,0.9052633047103882,1831.47900390625,2187.88525390625,1.036991834640503,2022.77783203125,2162.37890625,0.9218524694442749,2029.154541015625,2200.638671875,0.9947683215141296,,,0.0,,,0.0,,,0.0,,,0.0,,,0.0,,,0.0,,,0.0,,,0.0,,,0.0,,,0.0,,,0.0,,,0.0,,,0.0,,,0.0,,,0.0,,,0.0,,,0.0,,,0.0,,,0.0,,,0.0,,,0.0,,,0.0,,,0.0,,,0.0,,,0.0,,,0.0,,,0.0,,,0.0,,,0.0,,,0.0,,,0.0,,,0.0,,,0.0,,,0.0,,,0.0,,,0.0,,,0.0,,,0.0,,,0.0,,,0.0,,,0.0,,,0.0
DJI_20260917133408_0087_D.JPG,Cam 6,20,ALAPADMA,INCORRECT,ELBOWS_NOT_ALIGNED,,rtmpose_m_halpe26,halpe_26,OK,204.01,20.28,0,0,2104.169677734375,722.2066650390625,0.9425464272499084,,,0.0,2091.34130859375,696.5496826171875,0.923551082611084,,,0.0,,,0.0,2072.098388671875,690.1353759765625,0.962833821773529,,,0.0,1879.670654296875,702.9637451171875,0.7427910566329956,1975.884521484375,702.9637451171875,0.9645174741744995,,,0.0,,,0.0,1995.127197265625,895.3914794921875,0.8368940353393555,1905.32763671875,895.3914794921875,0.8905041813850403,2040.027099609375,1113.4761962890625,0.6855413913726807,1930.98486328125,1126.3045654296875,0.834415853023529,1950.2275390625,1389.2891845703125,0.8145982027053833,1911.741943359375,1389.2891845703125,0.8306901454925537,1911.741943359375,1748.4876708984375,0.898057222366333,1892.4990234375,1754.9017333984375,0.9079598188400269,1879.670654296875,2088.443359375,0.8326315879821777,1866.84228515625,2114.10009765625,0.9086012244224548,1834.77099609375,2133.3427734375,0.8274989724159241,1828.356689453125,2178.24267578125,0.8737767934799194,2020.7841796875,2146.17138671875,0.8733361959457397,2033.61279296875,2184.6572265625,0.860109806060791,,,0.0,,,0.0,,,0.0,,,0.0,,,0.0,,,0.0,,,0.0,,,0.0,,,0.0,,,0.0,,,0.0,,,0.0,,,0.0,,,0.0,,,0.0,,,0.0,,,0.0,,,0.0,,,0.0,,,0.0,,,0.0,,,0.0,,,0.0,,,0.0,,,0.0,,,0.0,,,0.0,,,0.0,,,0.0,,,0.0,,,0.0,,,0.0,,,0.0,,,0.0,,,0.0,,,0.0,,,0.0,,,0.0,,,0.0,,,0.0,,,0.0,,,0.0
DJI_20260917133411_0088_D.JPG,Cam 6,20,ALAPADMA,INCORRECT,ELBOWS_NOT_ALIGNED,,rtmpose_m_halpe26,halpe_26,OK,167.02,31.95,0,0,2067.271484375,697.300048828125,0.9593415260314941,,,0.0,2061.020263671875,666.04443359375,0.955237865447998,,,0.0,,,0.0,2042.26708984375,666.04443359375,0.9620834589004517,,,0.0,2029.764892578125,684.797607421875,0.7435262203216553,1935.998046875,678.546630859375,0.9808934330940247,,,0.0,,,0.0,1967.253662109375,884.833251953125,0.8206232190132141,1873.487060546875,878.582275390625,0.8791097402572632,2004.760498046875,1109.87353515625,0.717126190662384,1910.99365234375,1109.87353515625,0.8578763008117676,1929.746826171875,1384.922607421875,0.7853293418884277,1885.989013671875,1378.671630859375,0.8274046778678894,1898.491455078125,1741.236083984375,0.8965795040130615,1873.487060546875,1753.738525390625,0.9151805639266968,1879.738037109375,2078.79638671875,0.8537290692329407,1860.984619140625,2103.80078125,0.9436572790145874,1842.231201171875,2122.55419921875,0.8513349890708923,1829.729248046875,2160.060791015625,0.9496209025382996,2029.764892578125,2135.056396484375,0.8801779747009277,2036.015869140625,2172.56298828125,0.8877263069152832,,,0.0,,,0.0,,,0.0,,,0.0,,,0.0,,,0.0,,,0.0,,,0.0,,,0.0,,,0.0,,,0.0,,,0.0,,,0.0,,,0.0,,,0.0,,,0.0,,,0.0,,,0.0,,,0.0,,,0.0,,,0.0,,,0.0,,,0.0,,,0.0,,,0.0,,,0.0,,,0.0,,,0.0,,,0.0,,,0.0,,,0.0,,,0.0,,,0.0,,,0.0,,,0.0,,,0.0,,,0.0,,,0.0,,,0.0,,,0.0,,,0.0,,,0.0
DJI_20260917133439_0089_D.JPG,Cam 6,21,ALAPADMA,CORRECT,,,rtmpose_m_halpe26,halpe_26,OK,159.76,25.32,0,0,2056.712890625,732.530029296875,0.9306446313858032,,,0.0,2050.33154296875,700.623291015625,0.9083266258239746,,,0.0,,,0.0,2024.8062744140625,694.241943359375,0.9769719839096069,,,0.0,1820.6029052734375,713.385986328125,0.7772696018218994,1935.4674072265625,719.767333984375,0.9559620022773743,,,0.0,,,0.0,1948.2301025390625,904.82666015625,0.8051668405532837,1909.9420166015625,904.82666015625,0.8365535736083984,2075.85693359375,1045.216552734375,0.6313858032226562,2095.00146484375,1000.547119140625,0.7117023468017578,1941.8487548828125,1383.428466796875,0.7641798257827759,1916.3233642578125,1383.428466796875,0.799736738204956,1897.1793212890625,1753.54736328125,0.8840577006340027,1890.7979736328125,1759.9287109375,0.8981431126594543,1884.4166259765625,2104.52197265625,0.8386524319648743,1871.6539306640625,2130.04736328125,0.9338750839233398,1833.3656005859375,2149.19140625,0.8905797600746155,1839.7469482421875,2187.4794921875,0.9276573657989502,2024.8062744140625,2149.19140625,0.8991490006446838,2043.9503173828125,2193.86083984375,0.8626770973205566,,,0.0,,,0.0,,,0.0,,,0.0,,,0.0,,,0.0,,,0.0,,,0.0,,,0.0,,,0.0,,,0.0,,,0.0,,,0.0,,,0.0,,,0.0,,,0.0,,,0.0,,,0.0,,,0.0,,,0.0,,,0.0,,,0.0,,,0.0,,,0.0,,,0.0,,,0.0,,,0.0,,,0.0,,,0.0,,,0.0,,,0.0,,,0.0,,,0.0,,,0.0,,,0.0,,,0.0,,,0.0,,,0.0,,,0.0,,,0.0,,,0.0,,,0.0
DJI_20260917133441_0090_D.JPG,Cam 6,21,ALAPADMA,CORRECT,,,rtmpose_m_halpe26,halpe_26,OK,183.29,29.67,0,0,2063.949951171875,746.9188232421875,0.9349930286407471,,,0.0,2057.614501953125,708.9058837890625,0.9194310307502747,,,0.0,,,0.0,2025.936767578125,708.9058837890625,0.9869734048843384,,,0.0,1829.536376953125,721.5767822265625,0.7797644138336182,1930.904296875,727.9122314453125,0.9739073514938354,,,0.0,,,0.0,1949.910888671875,917.9774169921875,0.8101373910903931,1905.562255859375,917.9774169921875,0.8437793850898743,2051.279052734375,1070.0294189453125,0.6442587375640869,2063.949951171875,1000.3389892578125,0.7211676836013794,1943.575439453125,1412.1466064453125,0.7920176982879639,1911.897705078125,1412.1466064453125,0.8206490874290466,1899.226806640625,1766.9349365234375,0.9000599384307861,1886.555908203125,1773.2706298828125,0.9066935777664185,1886.555908203125,2109.05224609375,0.8586380481719971,1867.54931640625,2134.39404296875,0.9470533132553101,1835.871826171875,2153.40087890625,0.9091852903366089,1842.207275390625,2191.41357421875,0.9195473194122314,2025.936767578125,2166.07177734375,0.9071317911148071,2044.943359375,2197.7490234375,0.8576416969299316,,,0.0,,,0.0,,,0.0,,,0.0,,,0.0,,,0.0,,,0.0,,,0.0,,,0.0,,,0.0,,,0.0,,,0.0,,,0.0,,,0.0,,,0.0,,,0.0,,,0.0,,,0.0,,,0.0,,,0.0,,,0.0,,,0.0,,,0.0,,,0.0,,,0.0,,,0.0,,,0.0,,,0.0,,,0.0,,,0.0,,,0.0,,,0.0,,,0.0,,,0.0,,,0.0,,,0.0,,,0.0,,,0.0,,,0.0,,,0.0,,,0.0,,,0.0
DJI_20260917133507_0091_D.JPG,Cam 6,22,MUSHTI,CORRECT,,,rtmpose_m_halpe26,halpe_26,OK,188.05,21.32,0,0,2084.197265625,707.9298095703125,0.970726490020752,,,0.0,2077.79833984375,669.5382080078125,0.9211094379425049,,,0.0,,,0.0,2052.2041015625,663.1397705078125,0.9819445610046387,,,0.0,1847.44970703125,682.3355712890625,0.7693115472793579,1956.2255859375,682.3355712890625,0.9762741327285767,,,0.0,,,0.0,1962.6240234375,874.2930908203125,0.7681622505187988,1937.02978515625,874.2930908203125,0.8069988489151001,2128.987060546875,1021.4600830078125,0.597651481628418,2167.37841796875,983.0687255859375,0.734725832939148,1956.2255859375,1373.3822021484375,0.7526378035545349,1930.631103515625,1373.3822021484375,0.8005844354629517,1911.435302734375,1744.4996337890625,0.883118212223053,1905.036865234375,1757.2969970703125,0.9048047065734863,1905.036865234375,2083.62451171875,0.8661278486251831,1892.23974609375,2109.21875,0.9412403106689453,1853.84814453125,2128.41455078125,0.9073115587234497,1866.645263671875,2160.40771484375,0.940916895866394,2045.8056640625,2115.61767578125,0.9088921546936035,2065.00146484375,2166.80615234375,0.9044303894042969,,,0.0,,,0.0,,,0.0,,,0.0,,,0.0,,,0.0,,,0.0,,,0.0,,,0.0,,,0.0,,,0.0,,,0.0,,,0.0,,,0.0,,,0.0,,,0.0,,,0.0,,,0.0,,,0.0,,,0.0,,,0.0,,,0.0,,,0.0,,,0.0,,,0.0,,,0.0,,,0.0,,,0.0,,,0.0,,,0.0,,,0.0,,,0.0,,,0.0,,,0.0,,,0.0,,,0.0,,,0.0,,,0.0,,,0.0,,,0.0,,,0.0,,,0.0
DJI_20260917133509_0092_D.JPG,Cam 6,22,MUSHTI,CORRECT,,,rtmpose_m_halpe26,halpe_26,OK,171.26,30.36,0,0,2065.2734375,704.311279296875,0.9725050926208496,,,0.0,2065.2734375,665.60693359375,0.9256452918052673,,,0.0,,,0.0,2039.47021484375,659.15625,0.9869319200515747,,,0.0,1833.047119140625,672.0576171875,0.7608788013458252,1936.2587890625,672.0576171875,0.9816628694534302,,,0.0,,,0.0,1968.512451171875,865.579345703125,0.7828207015991211,1904.005126953125,859.128662109375,0.8375222682952881,2155.58349609375,1007.495361328125,0.6390091180801392,2136.2314453125,962.34033203125,0.7551982402801514,1949.16015625,1362.285400390625,0.7633844614028931,1904.005126953125,1362.285400390625,0.8230686187744141,1897.554443359375,1736.427490234375,0.894219160079956,1878.2021484375,1742.878173828125,0.9163758158683777,1884.65283203125,2071.865478515625,0.8553042411804199,1865.30078125,2104.118896484375,0.9475811719894409,1839.498046875,2123.470947265625,0.8781818747520447,1845.94873046875,2149.274169921875,0.940990149974823,2020.1181640625,2104.118896484375,0.8797911405563354,2039.47021484375,2162.175537109375,0.8859288096427917,,,0.0,,,0.0,,,0.0,,,0.0,,,0.0,,,0.0,,,0.0,,,0.0,,,0.0,,,0.0,,,0.0,,,0.0,,,0.0,,,0.0,,,0.0,,,0.0,,,0.0,,,0.0,,,0.0,,,0.0,,,0.0,,,0.0,,,0.0,,,0.0,,,0.0,,,0.0,,,0.0,,,0.0,,,0.0,,,0.0,,,0.0,,,0.0,,,0.0,,,0.0,,,0.0,,,0.0,,,0.0,,,0.0,,,0.0,,,0.0,,,0.0,,,0.0
DJI_20260917133523_0093_D.JPG,Cam 6,23,KATAKAMUKHA,CORRECT,,,rtmpose_m_halpe26,halpe_26,OK,176.21,29.9,0,0,2083.556640625,701.669677734375,0.9316433668136597,,,0.0,2070.67919921875,669.4765625,0.887066125869751,,,0.0,,,0.0,2051.36328125,663.037841796875,0.9408514499664307,,,0.0,1845.325927734375,682.353759765625,0.7373775839805603,1954.783203125,682.353759765625,0.9204855561256409,,,0.0,,,0.0,1974.09912109375,862.636474609375,0.7553377747535706,1954.783203125,862.636474609375,0.7882289886474609,2193.013671875,1017.164306640625,0.6348775625228882,2199.45263671875,991.40966796875,0.7332835793495178,1948.344482421875,1364.852294921875,0.7364711165428162,1935.46728515625,1358.41357421875,0.7770330905914307,1890.396484375,1744.7333984375,0.884529709815979,1890.396484375,1751.172119140625,0.8914827108383179,1877.519287109375,2079.5439453125,0.8648499250411987,1864.641845703125,2111.7373046875,0.9303869009017944,1826.009765625,2131.05322265625,0.8809840679168701,1832.448486328125,2163.24658203125,0.8968939781188965,2025.6083984375,2137.491943359375,0.863287091255188,2032.04736328125,2176.1240234375,0.8760743737220764,,,0.0,,,0.0,,,0.0,,,0.0,,,0.0,,,0.0,,,0.0,,,0.0,,,0.0,,,0.0,,,0.0,,,0.0,,,0.0,,,0.0,,,0.0,,,0.0,,,0.0,,,0.0,,,0.0,,,0.0,,,0.0,,,0.0,,,0.0,,,0.0,,,0.0,,,0.0,,,0.0,,,0.0,,,0.0,,,0.0,,,0.0,,,0.0,,,0.0,,,0.0,,,0.0,,,0.0,,,0.0,,,0.0,,,0.0,,,0.0,,,0.0,,,0.0
DJI_20260917133525_0094_D.JPG,Cam 6,23,KATAKAMUKHA,CORRECT,,,rtmpose_m_halpe26,halpe_26,OK,166.98,35.46,0,0,2078.62744140625,727.0147705078125,0.9387878179550171,,,0.0,2072.228515625,695.0201416015625,0.8888780474662781,,,0.0,,,0.0,2046.6329345703125,688.6212158203125,0.9398351907730103,,,0.0,1841.8670654296875,701.4190673828125,0.7391437292098999,1944.2501220703125,701.4190673828125,0.9280912280082703,,,0.0,,,0.0,1982.6436767578125,880.5892333984375,0.7550221085548401,1950.6490478515625,880.5892333984375,0.7886687517166138,2187.4091796875,1021.3658447265625,0.6345231533050537,2193.80859375,995.7701416015625,0.7497364282608032,1944.2501220703125,1379.7061767578125,0.7428812980651855,1925.0533447265625,1373.3072509765625,0.7830854058265686,1886.6595458984375,1757.2430419921875,0.8874255418777466,1880.2608642578125,1763.6419677734375,0.895630955696106,1873.8619384765625,2089.98779296875,0.8693903088569641,1861.0638427734375,2121.982421875,0.9365874528884888,1829.0692138671875,2141.17919921875,0.8884113430976868,1835.4681396484375,2173.173828125,0.9056277871131897,2021.0372314453125,2147.578125,0.8861120939254761,2033.8350830078125,2185.9716796875,0.8869134783744812,,,0.0,,,0.0,,,0.0,,,0.0,,,0.0,,,0.0,,,0.0,,,0.0,,,0.0,,,0.0,,,0.0,,,0.0,,,0.0,,,0.0,,,0.0,,,0.0,,,0.0,,,0.0,,,0.0,,,0.0,,,0.0,,,0.0,,,0.0,,,0.0,,,0.0,,,0.0,,,0.0,,,0.0,,,0.0,,,0.0,,,0.0,,,0.0,,,0.0,,,0.0,,,0.0,,,0.0,,,0.0,,,0.0,,,0.0,,,0.0,,,0.0,,,0.0
DJI_20260917133603_0095_D.JPG,Cam 6,24,PATAKA,INCORRECT,FINGERS_TOO_FAR_APART,,rtmpose_m_halpe26,halpe_26,OK,176.98,31.96,0,0,2065.0634765625,744.09619140625,0.9180519580841064,,,0.0,2058.69873046875,705.9072265625,0.9040225744247437,,,0.0,,,0.0,2026.8748779296875,705.9072265625,0.9504028558731079,,,0.0,1823.2017822265625,718.636962890625,0.7668079733848572,1931.4031982421875,718.636962890625,0.9420039653778076,,,0.0,,,0.0,1969.5916748046875,909.58056640625,0.7731636762619019,1905.9439697265625,896.850830078125,0.8151977062225342,2154.17041015625,1062.335205078125,0.6507282853126526,2109.6171875,979.593017578125,0.682511568069458,1925.0384521484375,1393.3037109375,0.7696868181228638,1899.5792236328125,1393.3037109375,0.7855538725852966,1899.5792236328125,1762.461181640625,0.8765882253646851,1880.4847412109375,1768.826171875,0.8775870203971863,1880.4847412109375,2099.794921875,0.8222503662109375,1861.3905029296875,2131.61865234375,0.9190095067024231,1835.9312744140625,2144.34814453125,0.8609392642974854,1829.5665283203125,2188.90185546875,0.8722865581512451,2026.8748779296875,2150.712890625,0.8944083452224731,2039.6043701171875,2201.63134765625,0.8646394610404968,,,0.0,,,0.0,,,0.0,,,0.0,,,0.0,,,0.0,,,0.0,,,0.0,,,0.0,,,0.0,,,0.0,,,0.0,,,0.0,,,0.0,,,0.0,,,0.0,,,0.0,,,0.0,,,0.0,,,0.0,,,0.0,,,0.0,,,0.0,,,0.0,,,0.0,,,0.0,,,0.0,,,0.0,,,0.0,,,0.0,,,0.0,,,0.0,,,0.0,,,0.0,,,0.0,,,0.0,,,0.0,,,0.0,,,0.0,,,0.0,,,0.0,,,0.0
DJI_20260917133605_0096_D.JPG,Cam 6,24,PATAKA,INCORRECT,FINGERS_TOO_FAR_APART,,rtmpose_m_halpe26,halpe_26,OK,170.95,22.63,0,0,2065.290771484375,743.6090087890625,0.9050915837287903,,,0.0,2058.924560546875,705.4110107421875,0.8856011033058167,,,0.0,,,0.0,2033.459228515625,705.4110107421875,0.9344216585159302,,,0.0,1836.102783203125,718.1436767578125,0.7919145822525024,1937.964111328125,718.1436767578125,0.9288130402565002,,,0.0,,,0.0,1906.132568359375,902.7674560546875,0.7749802470207214,1957.063232421875,902.7674560546875,0.8059958219528198,2109.855224609375,1055.5596923828125,0.5879286527633667,2167.152099609375,1017.3616943359375,0.7205479145050049,1906.132568359375,1392.9757080078125,0.7787879705429077,1912.498779296875,1392.9757080078125,0.8008217811584473,1887.033447265625,1755.8570556640625,0.8685094118118286,1893.399658203125,1762.2235107421875,0.8741205930709839,1880.667236328125,2099.6396484375,0.8165529370307922,1861.568115234375,2131.47119140625,0.9132432341575623,1836.102783203125,2137.83740234375,0.8563579320907593,1829.736328125,2182.40185546875,0.8657719492912292,2027.093017578125,2137.83740234375,0.8941513895988464,2039.825439453125,2201.5009765625,0.871587872505188,,,0.0,,,0.0,,,0.0,,,0.0,,,0.0,,,0.0,,,0.0,,,0.0,,,0.0,,,0.0,,,0.0,,,0.0,,,0.0,,,0.0,,,0.0,,,0.0,,,0.0,,,0.0,,,0.0,,,0.0,,,0.0,,,0.0,,,0.0,,,0.0,,,0.0,,,0.0,,,0.0,,,0.0,,,0.0,,,0.0,,,0.0,,,0.0,,,0.0,,,0.0,,,0.0,,,0.0,,,0.0,,,0.0,,,0.0,,,0.0,,,0.0,,,0.0
DJI_20260917133648_0099_D.JPG,Cam 6,25,KATAKAMUKHA,INCORRECT,FINGERS_BENT,,rtmpose_m_halpe26,halpe_26,OK,184.1,30.03,0,0,1956.8370361328125,731.873046875,0.9553259611129761,,,0.0,1950.4534912109375,699.955810546875,0.9051784873008728,,,0.0,,,0.0,1924.9197998046875,693.572265625,0.9641671180725098,,,0.0,1720.6492919921875,706.339111328125,0.7384777069091797,1835.5513916015625,706.339111328125,0.9556647539138794,,,0.0,,,0.0,1848.3182373046875,891.459228515625,0.77264404296875,1810.0174560546875,885.07568359375,0.8101274371147156,2014.2879638671875,1044.662109375,0.6218944191932678,2033.4383544921875,993.594482421875,0.7378896474838257,1835.5513916015625,1382.98486328125,0.7628974914550781,1803.6341552734375,1376.6015625,0.8051741123199463,1790.8673095703125,1753.22509765625,0.8930598497390747,1778.1004638671875,1759.608642578125,0.9108978509902954,1771.7169189453125,2085.164794921875,0.866269052028656,1746.1829833984375,2123.46533203125,0.9530813694000244,1727.0325927734375,2136.232421875,0.8833495378494263,1720.6492919921875,2174.532958984375,0.9323714971542358,1924.9197998046875,2136.232421875,0.9490127563476562,1918.5364990234375,2187.2998046875,0.9039691686630249,,,0.0,,,0.0,,,0.0,,,0.0,,,0.0,,,0.0,,,0.0,,,0.0,,,0.0,,,0.0,,,0.0,,,0.0,,,0.0,,,0.0,,,0.0,,,0.0,,,0.0,,,0.0,,,0.0,,,0.0,,,0.0,,,0.0,,,0.0,,,0.0,,,0.0,,,0.0,,,0.0,,,0.0,,,0.0,,,0.0,,,0.0,,,0.0,,,0.0,,,0.0,,,0.0,,,0.0,,,0.0,,,0.0,,,0.0,,,0.0,,,0.0,,,0.0
DJI_20260917133651_0100_D.JPG,Cam 6,25,KATAKAMUKHA,INCORRECT,FINGERS_BENT,,rtmpose_m_halpe26,halpe_26,OK,176.65,27.33,0,0,1957.5584716796875,744.7479248046875,0.9514734745025635,,,0.0,1944.8331298828125,706.5718994140625,0.9010463953018188,,,0.0,,,0.0,1925.7447509765625,706.5718994140625,0.9559121131896973,,,0.0,1722.1385498046875,712.9344482421875,0.7427597045898438,1830.3043212890625,712.9344482421875,0.942981481552124,,,0.0,,,0.0,1836.6671142578125,897.4527587890625,0.7791404128074646,1798.4908447265625,884.7274169921875,0.8180127739906311,2008.4600830078125,1056.5203857421875,0.6472944021224976,2014.8228759765625,992.8934326171875,0.7315549850463867,1823.9417724609375,1381.0179443359375,0.7704625129699707,1798.4908447265625,1381.0179443359375,0.8065519332885742,1785.7655029296875,1756.4168701171875,0.8983945250511169,1766.6773681640625,1769.1424560546875,0.9116635918617249,1773.0401611328125,2093.64013671875,0.8616611957550049,1747.5894775390625,2131.81640625,0.9501869678497314,1728.5010986328125,2138.1787109375,0.8905882239341736,1722.1385498046875,2182.7177734375,0.9387862682342529,1913.0196533203125,2131.81640625,0.9484103322029114,1913.0196533203125,2189.08056640625,0.902189314365387,,,0.0,,,0.0,,,0.0,,,0.0,,,0.0,,,0.0,,,0.0,,,0.0,,,0.0,,,0.0,,,0.0,,,0.0,,,0.0,,,0.0,,,0.0,,,0.0,,,0.0,,,0.0,,,0.0,,,0.0,,,0.0,,,0.0,,,0.0,,,0.0,,,0.0,,,0.0,,,0.0,,,0.0,,,0.0,,,0.0,,,0.0,,,0.0,,,0.0,,,0.0,,,0.0,,,0.0,,,0.0,,,0.0,,,0.0,,,0.0,,,0.0,,,0.0
DJI_20260917133704_0101_D.JPG,Cam 6,26,MUSHTI,INCORRECT,PINKY_DROPPED,,rtmpose_m_halpe26,halpe_26,OK,174.31,20.98,0,0,1931.246337890625,729.0252685546875,0.9607911705970764,,,0.0,1924.854248046875,697.0626220703125,0.9027042984962463,,,0.0,,,0.0,1905.676513671875,697.0626220703125,0.9697822332382202,,,0.0,1701.115478515625,703.4552001953125,0.7472660541534424,1809.78857421875,703.4552001953125,0.9640423059463501,,,0.0,,,0.0,1822.573486328125,895.2310791015625,0.7928562760353088,1771.433349609375,888.8385009765625,0.8363533616065979,1931.246337890625,1080.6143798828125,0.6328912973403931,1956.816650390625,1016.6890869140625,0.7414264678955078,1822.573486328125,1387.4556884765625,0.7609823942184448,1784.218505859375,1387.4556884765625,0.810434103012085,1797.003662109375,1758.2220458984375,0.889909029006958,1771.433349609375,1771.0069580078125,0.9215164184570312,1790.611083984375,2090.63330078125,0.8831679821014404,1758.6484375,2128.98828125,0.9579852819442749,1745.86328125,2141.7734375,0.9132301807403564,1739.470947265625,2180.12841796875,0.9628049731254578,1918.461669921875,2141.7734375,0.9690799713134766,1924.854248046875,2186.52099609375,0.8973193168640137,,,0.0,,,0.0,,,0.0,,,0.0,,,0.0,,,0.0,,,0.0,,,0.0,,,0.0,,,0.0,,,0.0,,,0.0,,,0.0,,,0.0,,,0.0,,,0.0,,,0.0,,,0.0,,,0.0,,,0.0,,,0.0,,,0.0,,,0.0,,,0.0,,,0.0,,,0.0,,,0.0,,,0.0,,,0.0,,,0.0,,,0.0,,,0.0,,,0.0,,,0.0,,,0.0,,,0.0,,,0.0,,,0.0,,,0.0,,,0.0,,,0.0,,,0.0
DJI_20260917133706_0102_D.JPG,Cam 6,26,MUSHTI,INCORRECT,PINKY_DROPPED,,rtmpose_m_halpe26,halpe_26,OK,179.24,34.51,0,0,1945.5557861328125,723.1142578125,0.9606844186782837,,,0.0,1932.8546142578125,685.010498046875,0.9160276055335999,,,0.0,,,0.0,1913.8026123046875,678.659912109375,0.977247953414917,,,0.0,1723.2833251953125,697.7119140625,0.7636454105377197,1831.2442626953125,697.7119140625,0.9727950096130371,,,0.0,,,0.0,1818.5428466796875,888.2314453125,0.7828868627548218,1799.4908447265625,888.2314453125,0.823455274105072,1932.8546142578125,1059.69873046875,0.61496502161026,1983.6597900390625,1015.244140625,0.7406896948814392,1824.8936767578125,1389.9326171875,0.7523413896560669,1799.4908447265625,1389.9326171875,0.7962831258773804,1793.1402587890625,1758.27001953125,0.8768846988677979,1780.4390869140625,1770.971435546875,0.9111268520355225,1786.7896728515625,2088.50390625,0.8564387559890747,1761.3870849609375,2126.60791015625,0.9447434544563293,1742.3350830078125,2132.95849609375,0.898206889629364,1735.9844970703125,2177.4130859375,0.9463555216789246,1920.1534423828125,2126.60791015625,0.9590314626693726,1932.8546142578125,2183.763671875,0.9045649766921997,,,0.0,,,0.0,,,0.0,,,0.0,,,0.0,,,0.0,,,0.0,,,0.0,,,0.0,,,0.0,,,0.0,,,0.0,,,0.0,,,0.0,,,0.0,,,0.0,,,0.0,,,0.0,,,0.0,,,0.0,,,0.0,,,0.0,,,0.0,,,0.0,,,0.0,,,0.0,,,0.0,,,0.0,,,0.0,,,0.0,,,0.0,,,0.0,,,0.0,,,0.0,,,0.0,,,0.0,,,0.0,,,0.0,,,0.0,,,0.0,,,0.0,,,0.0
DJI_20260917131012_0064_D.JPG,Cam 7,1,ARAMANDI,CORRECT,,,rtmpose_m_halpe26,halpe_26,OK,173.98,23.06,0,0,219.63232421875,825.0479736328125,0.9601612091064453,,,0.0,246.4283447265625,780.3878173828125,0.9821672439575195,,,0.0,,,0.0,174.97216796875,798.2518310546875,0.9658774137496948,,,0.0,322.3505859375,784.8538818359375,0.9872034192085266,134.77813720703125,829.513916015625,0.9289681315422058,,,0.0,,,0.0,483.1268310546875,972.4261474609375,0.8569775819778442,67.7879638671875,1008.1541748046875,0.8771660327911377,478.660888671875,1182.3287353515625,0.8815836906433105,76.719970703125,1204.6588134765625,0.8813343644142151,505.45703125,1441.3572998046875,0.8014563322067261,286.6224365234375,1472.6192626953125,0.8010470867156982,581.379150390625,1722.7156982421875,0.8793866634368896,291.08837890625,1780.7738037109375,0.7908901572227478,608.1751708984375,1941.5501708984375,0.8946920037269592,353.612548828125,2053.20068359375,0.7930337190628052,585.8450927734375,1972.8123779296875,0.8130269050598145,362.544677734375,2088.9287109375,0.6487194299697876,684.0972900390625,2017.4725341796875,0.8443464040756226,469.728759765625,2106.79296875,0.7724272012710571,,,0.0,,,0.0,,,0.0,,,0.0,,,0.0,,,0.0,,,0.0,,,0.0,,,0.0,,,0.0,,,0.0,,,0.0,,,0.0,,,0.0,,,0.0,,,0.0,,,0.0,,,0.0,,,0.0,,,0.0,,,0.0,,,0.0,,,0.0,,,0.0,,,0.0,,,0.0,,,0.0,,,0.0,,,0.0,,,0.0,,,0.0,,,0.0,,,0.0,,,0.0,,,0.0,,,0.0,,,0.0,,,0.0,,,0.0,,,0.0,,,0.0,,,0.0
DJI_20260917131015_0065_D.JPG,Cam 7,1,ARAMANDI,CORRECT,,,rtmpose_m_halpe26,halpe_26,OK,185.37,34.9,0,0,406.33587646484375,815.133544921875,0.9175701141357422,,,0.0,428.95843505859375,783.4619140625,0.9629337787628174,,,0.0,,,0.0,365.61529541015625,787.986572265625,0.9590544700622559,,,0.0,465.15447998046875,801.56005859375,0.8896232843399048,284.17413330078125,801.56005859375,0.9997045397758484,,,0.0,,,0.0,569.2180786132812,968.966796875,0.8870919942855835,180.11041259765625,982.540283203125,0.8844248056411743,655.1837768554688,1186.143310546875,0.9291446805000305,76.04669189453125,1204.2412109375,0.9550435543060303,591.8407592773438,1412.36865234375,0.8433529138565063,379.18878173828125,1430.466552734375,0.8077400922775269,677.8063354492188,1652.167724609375,0.8742519617080688,352.04168701171875,1733.608642578125,0.8540079593658447,628.0368041992188,1905.5400390625,0.9541886448860168,370.13983154296875,2027.701904296875,0.8740311861038208,596.3651733398438,1937.211669921875,0.8624923229217529,361.09075927734375,2068.42236328125,0.8383512496948242,709.4779663085938,1986.981201171875,0.880698561668396,496.82611083984375,2086.520263671875,0.9014967679977417,,,0.0,,,0.0,,,0.0,,,0.0,,,0.0,,,0.0,,,0.0,,,0.0,,,0.0,,,0.0,,,0.0,,,0.0,,,0.0,,,0.0,,,0.0,,,0.0,,,0.0,,,0.0,,,0.0,,,0.0,,,0.0,,,0.0,,,0.0,,,0.0,,,0.0,,,0.0,,,0.0,,,0.0,,,0.0,,,0.0,,,0.0,,,0.0,,,0.0,,,0.0,,,0.0,,,0.0,,,0.0,,,0.0,,,0.0,,,0.0,,,0.0,,,0.0
DJI_20260917131333_0066_D.JPG,Cam 7,2,SAMAPADHAM,CORRECT,,,rtmpose_m_halpe26,halpe_26,OK,202.29,39.02,0,0,1703.681396484375,755.7166748046875,0.9400424361228943,,,0.0,1729.0732421875,717.6292724609375,0.9589780569076538,,,0.0,,,0.0,1710.029296875,717.6292724609375,0.9446592330932617,,,0.0,1811.59619140625,743.0208740234375,0.9420164823532104,1900.46728515625,730.3250732421875,0.8663253784179688,,,0.0,,,0.0,1868.7275390625,933.4588623046875,0.8053498268127441,1824.2919921875,933.4588623046875,0.7859281301498413,1900.46728515625,1155.6361083984375,0.6037201881408691,1811.59619140625,1155.6361083984375,0.5521770715713501,1894.119140625,1434.9447021484375,0.8142010569572449,1875.075439453125,1441.2928466796875,0.7997176647186279,1932.206787109375,1828.5162353515625,0.9035418033599854,1919.510986328125,1828.5162353515625,0.8655909299850464,1944.902587890625,2184.0,0.9047625064849854,1932.206787109375,2177.65234375,0.8713930249214172,1976.642333984375,2247.4794921875,0.9529107809066772,1963.9462890625,2228.435546875,0.833328902721405,1805.248046875,2241.13134765625,0.9349353313446045,1779.8564453125,2222.08740234375,0.8329451084136963,,,0.0,,,0.0,,,0.0,,,0.0,,,0.0,,,0.0,,,0.0,,,0.0,,,0.0,,,0.0,,,0.0,,,0.0,,,0.0,,,0.0,,,0.0,,,0.0,,,0.0,,,0.0,,,0.0,,,0.0,,,0.0,,,0.0,,,0.0,,,0.0,,,0.0,,,0.0,,,0.0,,,0.0,,,0.0,,,0.0,,,0.0,,,0.0,,,0.0,,,0.0,,,0.0,,,0.0,,,0.0,,,0.0,,,0.0,,,0.0,,,0.0,,,0.0
DJI_20260917131335_0067_D.JPG,Cam 7,2,SAMAPADHAM,CORRECT,,,rtmpose_m_halpe26,halpe_26,OK,172.91,21.96,0,0,1699.37890625,778.0103759765625,0.9351333379745483,,,0.0,1724.64697265625,740.1085205078125,0.955295205116272,,,0.0,,,0.0,1699.37890625,746.4254150390625,0.9536899924278259,,,0.0,1813.083984375,765.3763427734375,0.952319860458374,1895.20458984375,759.0594482421875,0.8743730783462524,,,0.0,,,0.0,1863.61962890625,954.8848876953125,0.8324311375617981,1813.083984375,954.8848876953125,0.7935134172439575,1901.521240234375,1188.6116943359375,0.6351974010467529,1800.4501953125,1188.6116943359375,0.5452649593353271,1895.20458984375,1460.2403564453125,0.8259769082069397,1869.9365234375,1460.2403564453125,0.8058981895446777,1933.10595703125,1851.8909912109375,0.8818458914756775,1920.47216796875,1851.8909912109375,0.8446524143218994,1939.4228515625,2205.64013671875,0.8814710378646851,1933.10595703125,2199.3232421875,0.8479382991790771,1971.0078125,2275.12646484375,0.92615807056427,1958.373779296875,2243.54150390625,0.8085053563117981,1800.4501953125,2262.49267578125,0.930788516998291,1787.81640625,2243.54150390625,0.8129221796989441,,,0.0,,,0.0,,,0.0,,,0.0,,,0.0,,,0.0,,,0.0,,,0.0,,,0.0,,,0.0,,,0.0,,,0.0,,,0.0,,,0.0,,,0.0,,,0.0,,,0.0,,,0.0,,,0.0,,,0.0,,,0.0,,,0.0,,,0.0,,,0.0,,,0.0,,,0.0,,,0.0,,,0.0,,,0.0,,,0.0,,,0.0,,,0.0,,,0.0,,,0.0,,,0.0,,,0.0,,,0.0,,,0.0,,,0.0,,,0.0,,,0.0,,,0.0
DJI_20260917131401_0068_D.JPG,Cam 7,3,MUZHUMANDI,CORRECT,,,rtmpose_m_halpe26,halpe_26,OK,156.81,23.63,0,0,1732.7723388671875,1343.1812744140625,0.9656203985214233,,,0.0,1763.5257568359375,1316.8209228515625,1.0268990993499756,,,0.0,,,0.0,1737.1656494140625,1312.4276123046875,0.9654992818832397,,,0.0,1864.5731201171875,1338.7879638671875,1.0271456241607666,1908.5067138671875,1334.3946533203125,0.7903726100921631,,,0.0,,,0.0,1917.2935791015625,1545.2762451171875,0.8377035856246948,1838.2130126953125,1532.0960693359375,0.7484219074249268,1912.9002685546875,1839.6317138671875,0.7561095356941223,1820.6395263671875,1764.9444580078125,0.5679839849472046,1961.2274169921875,2032.9400634765625,0.7700362205505371,1842.6063232421875,2002.1864013671875,0.6698216795921326,1671.2650146484375,2314.115234375,0.772564709186554,1662.4783935546875,2274.5751953125,0.5588160157203674,1961.2274169921875,2208.6748046875,0.6478716135025024,1899.7200927734375,2147.16748046875,0.5991451144218445,2009.5543212890625,2164.74072265625,0.645542323589325,1934.8670654296875,2138.380859375,0.48976874351501465,1934.8670654296875,2331.68896484375,0.5831527709960938,1882.1466064453125,2274.5751953125,0.5258530378341675,,,0.0,,,0.0,,,0.0,,,0.0,,,0.0,,,0.0,,,0.0,,,0.0,,,0.0,,,0.0,,,0.0,,,0.0,,,0.0,,,0.0,,,0.0,,,0.0,,,0.0,,,0.0,,,0.0,,,0.0,,,0.0,,,0.0,,,0.0,,,0.0,,,0.0,,,0.0,,,0.0,,,0.0,,,0.0,,,0.0,,,0.0,,,0.0,,,0.0,,,0.0,,,0.0,,,0.0,,,0.0,,,0.0,,,0.0,,,0.0,,,0.0,,,0.0
DJI_20260917131447_0069_D.JPG,Cam 7,3,MUZHUMANDI,CORRECT,,,rtmpose_m_halpe26,halpe_26,OK,183.44,23.61,0,0,1773.1153564453125,1329.443603515625,1.0113664865493774,,,0.0,1803.5555419921875,1299.00341796875,1.0395047664642334,,,0.0,,,0.0,1781.8126220703125,1294.65478515625,0.9930222034454346,,,0.0,1907.9217529296875,1333.792236328125,1.0489966869354248,1947.0589599609375,1325.094970703125,0.8081996440887451,,,0.0,,,0.0,1960.1046142578125,1538.17578125,0.834669828414917,1881.8302001953125,1529.478759765625,0.7473344802856445,1947.0589599609375,1838.228515625,0.7297475337982178,1881.8302001953125,1768.651123046875,0.5704704523086548,1981.8477783203125,2038.263671875,0.7411873936653137,1873.1329345703125,1999.12646484375,0.6525137424468994,1699.1893310546875,2307.8759765625,0.7958512902259827,1712.2352294921875,1933.8974609375,0.5795920491218567,2042.7279052734375,2199.161376953125,0.6420878171920776,1947.0589599609375,2146.978271484375,0.5753775238990784,2090.5625,2142.6298828125,0.6118125915527344,1986.1961669921875,2112.189453125,0.46881189942359924,2034.0308837890625,2325.2705078125,0.5803102254867554,1955.7562255859375,2268.73876953125,0.5156360268592834,,,0.0,,,0.0,,,0.0,,,0.0,,,0.0,,,0.0,,,0.0,,,0.0,,,0.0,,,0.0,,,0.0,,,0.0,,,0.0,,,0.0,,,0.0,,,0.0,,,0.0,,,0.0,,,0.0,,,0.0,,,0.0,,,0.0,,,0.0,,,0.0,,,0.0,,,0.0,,,0.0,,,0.0,,,0.0,,,0.0,,,0.0,,,0.0,,,0.0,,,0.0,,,0.0,,,0.0,,,0.0,,,0.0,,,0.0,,,0.0,,,0.0,,,0.0
DJI_20260917131536_0071_D.JPG,Cam 7,4,SWASTIKAPADAM,CORRECT,,RIGHT,rtmpose_m_halpe26,halpe_26,OK,179.17,30.0,0,0,1739.498046875,842.14990234375,0.9497929811477661,,,0.0,1769.94921875,805.6083984375,0.9398174285888672,,,0.0,,,0.0,1739.498046875,811.69873046875,0.9519993662834167,,,0.0,1867.39306640625,829.969482421875,0.9413684606552124,1946.56640625,823.879150390625,0.8443962335586548,,,0.0,,,0.0,1928.2958984375,1024.857421875,0.8196815252304077,1867.39306640625,1030.94775390625,0.7757618427276611,1903.9345703125,1292.828369140625,0.7140008211135864,1873.4833984375,1274.557861328125,0.6251695156097412,1922.20556640625,1524.258056640625,0.775482177734375,1928.2958984375,1524.258056640625,0.7546069622039795,1830.8515625,1883.582763671875,0.7645286321640015,1977.017578125,1859.221923828125,0.7988381385803223,1922.20556640625,2218.546630859375,0.838828980922699,2013.55908203125,2151.553955078125,0.8496343493461609,1952.65673828125,2279.44921875,0.8653382062911987,2031.830078125,2200.27587890625,0.8044270277023315,1861.302978515625,2309.900390625,0.8648837804794312,2007.46875,2242.90771484375,0.7789297103881836,,,0.0,,,0.0,,,0.0,,,0.0,,,0.0,,,0.0,,,0.0,,,0.0,,,0.0,,,0.0,,,0.0,,,0.0,,,0.0,,,0.0,,,0.0,,,0.0,,,0.0,,,0.0,,,0.0,,,0.0,,,0.0,,,0.0,,,0.0,,,0.0,,,0.0,,,0.0,,,0.0,,,0.0,,,0.0,,,0.0,,,0.0,,,0.0,,,0.0,,,0.0,,,0.0,,,0.0,,,0.0,,,0.0,,,0.0,,,0.0,,,0.0,,,0.0
DJI_20260917131538_0072_D.JPG,Cam 7,4,SWASTIKAPADAM,CORRECT,,RIGHT,rtmpose_m_halpe26,halpe_26,OK,177.74,29.87,0,0,1757.3668212890625,857.3544921875,0.9713724255561829,,,0.0,1787.5733642578125,821.1064453125,0.9689353704452515,,,0.0,,,0.0,1757.3668212890625,821.1064453125,0.9837329983711243,,,0.0,1884.2349853515625,839.23046875,0.9638837575912476,1968.8135986328125,833.189208984375,0.8609691858291626,,,0.0,,,0.0,1956.7305908203125,1044.6357421875,0.8099307417869568,1872.1519775390625,1044.6357421875,0.7681833505630493,1920.4827880859375,1322.537109375,0.6893664002418518,1854.0281982421875,1274.20654296875,0.5878794193267822,1932.5655517578125,1540.02490234375,0.7660759687423706,1932.5655517578125,1540.02490234375,0.7415871024131775,1829.8629150390625,1884.380859375,0.7370073199272156,1986.9376220703125,1854.174072265625,0.7543710470199585,1926.5240478515625,2210.612548828125,0.8116617798805237,2017.1441650390625,2144.157958984375,0.8254601359367371,1950.6895751953125,2271.02587890625,0.8363293409347534,2029.2266845703125,2198.530029296875,0.7921189665794373,1866.1109619140625,2307.27392578125,0.8221802711486816,1999.0201416015625,2222.6953125,0.7801747918128967,,,0.0,,,0.0,,,0.0,,,0.0,,,0.0,,,0.0,,,0.0,,,0.0,,,0.0,,,0.0,,,0.0,,,0.0,,,0.0,,,0.0,,,0.0,,,0.0,,,0.0,,,0.0,,,0.0,,,0.0,,,0.0,,,0.0,,,0.0,,,0.0,,,0.0,,,0.0,,,0.0,,,0.0,,,0.0,,,0.0,,,0.0,,,0.0,,,0.0,,,0.0,,,0.0,,,0.0,,,0.0,,,0.0,,,0.0,,,0.0,,,0.0,,,0.0
DJI_20260917131602_0073_D.JPG,Cam 7,5,SWASTIKAPADAM,CORRECT,,LEFT,rtmpose_m_halpe26,halpe_26,OK,173.29,39.6,0,0,1711.398193359375,914.533203125,0.9970719218254089,,,0.0,1740.0400390625,885.891357421875,0.9999211430549622,,,0.0,,,0.0,1717.12646484375,885.891357421875,0.9902541041374207,,,0.0,1831.693359375,914.533203125,0.9856177568435669,1906.161865234375,897.34814453125,0.8932449817657471,,,0.0,,,0.0,1883.248291015625,1097.840087890625,0.8505131006240845,1808.780029296875,1097.840087890625,0.8146015405654907,1894.705078125,1355.615478515625,0.7418972849845886,1831.693359375,1332.701904296875,0.6847038269042969,1871.791748046875,1556.107177734375,0.7644752860069275,1848.87841796875,1556.107177734375,0.7607765197753906,1745.768310546875,1871.166259765625,0.7434782981872559,1740.0400390625,1859.70947265625,0.6866397261619568,1877.520263671875,2163.3115234375,0.6711283922195435,1940.531982421875,2106.028076171875,0.7045042514801025,1906.161865234375,2197.681640625,0.7343761920928955,1963.445068359375,2151.854736328125,0.6748324632644653,1843.150146484375,2237.780029296875,0.6542507410049438,1900.433349609375,2209.13818359375,0.6462056636810303,,,0.0,,,0.0,,,0.0,,,0.0,,,0.0,,,0.0,,,0.0,,,0.0,,,0.0,,,0.0,,,0.0,,,0.0,,,0.0,,,0.0,,,0.0,,,0.0,,,0.0,,,0.0,,,0.0,,,0.0,,,0.0,,,0.0,,,0.0,,,0.0,,,0.0,,,0.0,,,0.0,,,0.0,,,0.0,,,0.0,,,0.0,,,0.0,,,0.0,,,0.0,,,0.0,,,0.0,,,0.0,,,0.0,,,0.0,,,0.0,,,0.0,,,0.0
DJI_20260917131604_0074_D.JPG,Cam 7,5,SWASTIKAPADAM,CORRECT,,LEFT,rtmpose_m_halpe26,halpe_26,OK,163.21,23.53,0,0,1707.108154296875,924.355712890625,0.9803693294525146,,,0.0,1730.042236328125,884.22119140625,0.9773399829864502,,,0.0,,,0.0,1707.108154296875,889.95458984375,0.9816982746124268,,,0.0,1827.511962890625,907.1552734375,0.9678889513015747,1902.047607421875,895.688232421875,0.8851268291473389,,,0.0,,,0.0,1873.380126953125,1090.627685546875,0.8474274277687073,1821.7783203125,1084.894287109375,0.8170658349990845,1884.84716796875,1348.635986328125,0.7301245927810669,1838.97900390625,1319.968505859375,0.6770716905593872,1867.646484375,1549.308837890625,0.7630512714385986,1838.97900390625,1549.308837890625,0.7593455910682678,1741.50927734375,1853.185302734375,0.7454406023025513,1735.77587890625,1853.185302734375,0.7029173374176025,1861.9130859375,2157.061767578125,0.6630724668502808,1913.5146484375,2116.927001953125,0.698108434677124,1884.84716796875,2202.929931640625,0.7397436499595642,1942.18212890625,2157.061767578125,0.6866597533226013,1810.3115234375,2225.864013671875,0.6695969104766846,1844.71240234375,2208.663330078125,0.6660506725311279,,,0.0,,,0.0,,,0.0,,,0.0,,,0.0,,,0.0,,,0.0,,,0.0,,,0.0,,,0.0,,,0.0,,,0.0,,,0.0,,,0.0,,,0.0,,,0.0,,,0.0,,,0.0,,,0.0,,,0.0,,,0.0,,,0.0,,,0.0,,,0.0,,,0.0,,,0.0,,,0.0,,,0.0,,,0.0,,,0.0,,,0.0,,,0.0,,,0.0,,,0.0,,,0.0,,,0.0,,,0.0,,,0.0,,,0.0,,,0.0,,,0.0,,,0.0
DJI_20260917131638_0075_D.JPG,Cam 7,6,ARAMANDI,INCORRECT,INSUFFICIENT_KNEE_BEND,,rtmpose_m_halpe26,halpe_26,OK,175.59,29.27,0,0,1722.70068359375,794.499267578125,0.9001007080078125,,,0.0,1748.00048828125,756.549560546875,0.9294615983963013,,,0.0,,,0.0,1729.025634765625,762.87451171875,0.9299490451812744,,,0.0,1849.2001953125,781.849365234375,0.9902275800704956,1880.82470703125,775.5244140625,0.8720009326934814,,,0.0,,,0.0,1893.474609375,971.598388671875,0.8313193321228027,1849.2001953125,958.948486328125,0.784111499786377,1855.52490234375,1218.272216796875,0.6207805871963501,1779.62548828125,788.17431640625,0.5673526525497437,1874.5,1477.595947265625,0.7921918034553528,1855.52490234375,1477.595947265625,0.7689558267593384,1861.85009765625,1869.744140625,0.8159734010696411,1861.85009765625,1857.09423828125,0.7487424612045288,1912.44970703125,2236.59228515625,0.878217339515686,1906.124755859375,2211.29248046875,0.7773603200912476,1931.424560546875,2287.192138671875,0.8353050947189331,1931.424560546875,2255.5673828125,0.6968882083892822,1849.2001953125,2363.091796875,0.8536344170570374,1804.92529296875,2293.51708984375,0.6925711631774902,,,0.0,,,0.0,,,0.0,,,0.0,,,0.0,,,0.0,,,0.0,,,0.0,,,0.0,,,0.0,,,0.0,,,0.0,,,0.0,,,0.0,,,0.0,,,0.0,,,0.0,,,0.0,,,0.0,,,0.0,,,0.0,,,0.0,,,0.0,,,0.0,,,0.0,,,0.0,,,0.0,,,0.0,,,0.0,,,0.0,,,0.0,,,0.0,,,0.0,,,0.0,,,0.0,,,0.0,,,0.0,,,0.0,,,0.0,,,0.0,,,0.0,,,0.0
DJI_20260917131640_0076_D.JPG,Cam 7,6,ARAMANDI,INCORRECT,INSUFFICIENT_KNEE_BEND,,rtmpose_m_halpe26,halpe_26,OK,157.12,31.77,0,0,1730.056640625,801.2689208984375,0.8844250440597534,,,0.0,1761.5712890625,769.7542724609375,0.9184696078300476,,,0.0,,,0.0,1742.66259765625,769.7542724609375,0.914743185043335,,,0.0,1856.11474609375,788.6629638671875,0.944864809513092,1900.235107421875,788.6629638671875,0.8490206003189087,,,0.0,,,0.0,1900.235107421875,977.7503662109375,0.80973219871521,1843.509033203125,971.4471435546875,0.7681590914726257,1875.0234375,1236.1693115234375,0.6226309537887573,1805.69140625,1204.6546630859375,0.5161471962928772,1887.62939453125,1488.2855224609375,0.7808520793914795,1862.417724609375,1488.2855224609375,0.7558647990226746,1862.417724609375,1879.0657958984375,0.801590085029602,1862.417724609375,1866.4598388671875,0.7296730279922485,1919.14404296875,2244.63427734375,0.8553327322006226,1912.8408203125,2213.11962890625,0.7429668307304382,1938.052734375,2295.0576171875,0.819631814956665,1938.052734375,2250.93701171875,0.6744413375854492,1862.417724609375,2383.2978515625,0.8439189791679382,1818.29736328125,2295.0576171875,0.6828469634056091,,,0.0,,,0.0,,,0.0,,,0.0,,,0.0,,,0.0,,,0.0,,,0.0,,,0.0,,,0.0,,,0.0,,,0.0,,,0.0,,,0.0,,,0.0,,,0.0,,,0.0,,,0.0,,,0.0,,,0.0,,,0.0,,,0.0,,,0.0,,,0.0,,,0.0,,,0.0,,,0.0,,,0.0,,,0.0,,,0.0,,,0.0,,,0.0,,,0.0,,,0.0,,,0.0,,,0.0,,,0.0,,,0.0,,,0.0,,,0.0,,,0.0,,,0.0
DJI_20260917131718_0077_D.JPG,Cam 7,7,ARAMANDI,INCORRECT,FEET_TOO_FAR_APART,,rtmpose_m_halpe26,halpe_26,OK,175.18,33.38,0,0,1708.9080810546875,851.1351318359375,0.9339872598648071,,,0.0,1739.3126220703125,820.7305908203125,0.9553219079971313,,,0.0,,,0.0,1714.9888916015625,820.7305908203125,0.9340870976448059,,,0.0,1842.6881103515625,851.1351318359375,0.9587261080741882,1909.5780029296875,845.0543212890625,0.8573030233383179,,,0.0,,,0.0,1897.4161376953125,1045.7242431640625,0.8076640367507935,1812.2835693359375,1057.8861083984375,0.7592146396636963,1885.2545166015625,1301.1224365234375,0.6485695242881775,1836.6070556640625,1288.9603271484375,0.5701221227645874,1891.3353271484375,1568.6820068359375,0.731109619140625,1848.7689208984375,1568.6820068359375,0.7086507678031921,1781.8790283203125,1927.4556884765625,0.6812796592712402,1897.4161376953125,1897.0511474609375,0.5705318450927734,1915.6588134765625,2237.58203125,0.770417332649231,1927.8206787109375,2195.015625,0.5869803428649902,1952.1444091796875,2280.1484375,0.7609436511993408,1958.2252197265625,2207.17724609375,0.5244845747947693,1854.8497314453125,2371.36181640625,0.798751950263977,1854.8497314453125,2225.419921875,0.5030414462089539,,,0.0,,,0.0,,,0.0,,,0.0,,,0.0,,,0.0,,,0.0,,,0.0,,,0.0,,,0.0,,,0.0,,,0.0,,,0.0,,,0.0,,,0.0,,,0.0,,,0.0,,,0.0,,,0.0,,,0.0,,,0.0,,,0.0,,,0.0,,,0.0,,,0.0,,,0.0,,,0.0,,,0.0,,,0.0,,,0.0,,,0.0,,,0.0,,,0.0,,,0.0,,,0.0,,,0.0,,,0.0,,,0.0,,,0.0,,,0.0,,,0.0,,,0.0
DJI_20260917131720_0078_D.JPG,Cam 7,7,ARAMANDI,INCORRECT,FEET_TOO_FAR_APART,,rtmpose_m_halpe26,halpe_26,OK,150.68,22.85,0,0,1732.128173828125,847.2298583984375,0.8916080594062805,,,0.0,1768.8076171875,816.6634521484375,0.9189431667327881,,,0.0,,,0.0,1738.241455078125,810.5501708984375,0.8909555673599243,,,0.0,1866.61962890625,847.2298583984375,0.8977289199829102,1848.27978515625,835.0032958984375,0.7792485952377319,,,0.0,,,0.0,1915.525390625,1055.0802001953125,0.7936070561408997,1817.713623046875,1042.8536376953125,0.7456487417221069,1903.298828125,1317.9495849609375,0.6329641342163086,1829.93994140625,1269.0438232421875,0.5404115319252014,1897.185791015625,1562.4793701171875,0.7496267557144165,1860.50634765625,1556.3660888671875,0.7216626405715942,1799.3740234375,1923.1610107421875,0.7090845108032227,1866.61962890625,1910.9344482421875,0.6368776559829712,1921.638671875,2241.0498046875,0.8022117614746094,1933.865234375,2222.7099609375,0.686244785785675,1958.318359375,2289.95556640625,0.7962361574172974,1964.431640625,2247.1630859375,0.612043023109436,1854.39306640625,2387.767578125,0.8437414169311523,1842.16650390625,2289.95556640625,0.5893268585205078,,,0.0,,,0.0,,,0.0,,,0.0,,,0.0,,,0.0,,,0.0,,,0.0,,,0.0,,,0.0,,,0.0,,,0.0,,,0.0,,,0.0,,,0.0,,,0.0,,,0.0,,,0.0,,,0.0,,,0.0,,,0.0,,,0.0,,,0.0,,,0.0,,,0.0,,,0.0,,,0.0,,,0.0,,,0.0,,,0.0,,,0.0,,,0.0,,,0.0,,,0.0,,,0.0,,,0.0,,,0.0,,,0.0,,,0.0,,,0.0,,,0.0,,,0.0
DJI_20260917131754_0079_D.JPG,Cam 7,8,ARAMANDI,INCORRECT,FEET_NOT_IN_LINE,,rtmpose_m_halpe26,halpe_26,OK,151.12,30.33,0,0,1647.503662109375,864.489990234375,0.9588683843612671,,,0.0,1677.79052734375,828.145751953125,0.969842791557312,,,0.0,,,0.0,1653.56103515625,828.145751953125,0.9650903940200806,,,0.0,1786.82275390625,852.375244140625,0.9403054714202881,1841.3388671875,846.31787109375,0.8640602827072144,,,0.0,,,0.0,1823.166748046875,1070.43994140625,0.8130569458007812,1792.880126953125,1052.267822265625,0.8011688590049744,1865.568359375,1349.077880859375,0.6934100389480591,1841.3388671875,1312.73388671875,0.6270214319229126,1835.281494140625,1555.028076171875,0.7888007760047913,1817.109619140625,1555.028076171875,0.7690126895904541,1714.134521484375,1876.067626953125,0.7189030647277832,1811.052001953125,1870.01025390625,0.6832677125930786,1871.625732421875,2184.992431640625,0.7827943563461304,1871.625732421875,2166.820556640625,0.7099065184593201,1914.027099609375,2221.336669921875,0.8381427526473999,1920.08447265625,2215.279052734375,0.6949704885482788,1762.593505859375,2300.082275390625,0.870154857635498,1768.650634765625,2263.738037109375,0.674186110496521,,,0.0,,,0.0,,,0.0,,,0.0,,,0.0,,,0.0,,,0.0,,,0.0,,,0.0,,,0.0,,,0.0,,,0.0,,,0.0,,,0.0,,,0.0,,,0.0,,,0.0,,,0.0,,,0.0,,,0.0,,,0.0,,,0.0,,,0.0,,,0.0,,,0.0,,,0.0,,,0.0,,,0.0,,,0.0,,,0.0,,,0.0,,,0.0,,,0.0,,,0.0,,,0.0,,,0.0,,,0.0,,,0.0,,,0.0,,,0.0,,,0.0,,,0.0
DJI_20260917131755_0080_D.JPG,Cam 7,8,ARAMANDI,INCORRECT,FEET_NOT_IN_LINE,,rtmpose_m_halpe26,halpe_26,OK,164.02,33.83,0,0,1646.333251953125,869.2603759765625,0.9666578769683838,,,0.0,1676.542724609375,833.0089111328125,0.9904741048812866,,,0.0,,,0.0,1652.375244140625,833.0089111328125,0.9830880165100098,,,0.0,1779.255126953125,851.1346435546875,0.951880693435669,1839.67431640625,839.0509033203125,0.8604506254196167,,,0.0,,,0.0,1845.716064453125,1056.5594482421875,0.8123711347579956,1785.296875,1050.5174560546875,0.8045340776443481,1881.96728515625,1334.4869384765625,0.6664981245994568,1821.54833984375,1304.2772216796875,0.6271482706069946,1845.716064453125,1564.0792236328125,0.7803539037704468,1815.506591796875,1564.0792236328125,0.7627714276313782,1688.62646484375,1872.2161865234375,0.7391946315765381,1791.3388671875,1878.2581787109375,0.681404709815979,1869.8837890625,2186.3955078125,0.7751321196556091,1881.96728515625,2180.353515625,0.7147472500801086,1924.2607421875,2216.60498046875,0.8123471140861511,1930.302734375,2228.6884765625,0.6714770793914795,1755.08740234375,2307.2333984375,0.8520591259002686,1773.21337890625,2289.10791015625,0.6506069898605347,,,0.0,,,0.0,,,0.0,,,0.0,,,0.0,,,0.0,,,0.0,,,0.0,,,0.0,,,0.0,,,0.0,,,0.0,,,0.0,,,0.0,,,0.0,,,0.0,,,0.0,,,0.0,,,0.0,,,0.0,,,0.0,,,0.0,,,0.0,,,0.0,,,0.0,,,0.0,,,0.0,,,0.0,,,0.0,,,0.0,,,0.0,,,0.0,,,0.0,,,0.0,,,0.0,,,0.0,,,0.0,,,0.0,,,0.0,,,0.0,,,0.0,,,0.0
DJI_20260917131816_0081_D.JPG,Cam 7,9,SAMAPADHAM,INCORRECT,FEET_TOO_FAR_APART,,rtmpose_m_halpe26,halpe_26,OK,188.71,31.38,0,0,1715.1435546875,740.2593994140625,0.9169806241989136,,,0.0,1734.336181640625,701.8743896484375,0.9248946309089661,,,0.0,,,0.0,1721.541015625,708.2718505859375,0.9167083501815796,,,0.0,1817.503662109375,721.0667724609375,0.9288740754127502,1881.478759765625,708.2718505859375,0.8342127799987793,,,0.0,,,0.0,1894.273681640625,919.3892822265625,0.8249871730804443,1830.298583984375,912.9918212890625,0.7787741422653198,1887.8759765625,1188.0843505859375,0.6430405378341675,1804.70849609375,1149.6993408203125,0.5339863300323486,1900.671142578125,1431.1893310546875,0.8079626560211182,1862.2861328125,1431.1893310546875,0.7809609174728394,1939.05615234375,1834.2320556640625,0.9129922389984131,1900.671142578125,1821.4368896484375,0.8574396371841431,1939.05615234375,2211.68408203125,0.9138012528419495,1913.466064453125,2134.9140625,0.9012162089347839,1964.64599609375,2275.6591796875,0.9411611557006836,1926.260986328125,2173.29931640625,0.8507043719291687,1785.515869140625,2243.671875,0.9521965980529785,1759.926025390625,2166.90185546875,0.8717505931854248,,,0.0,,,0.0,,,0.0,,,0.0,,,0.0,,,0.0,,,0.0,,,0.0,,,0.0,,,0.0,,,0.0,,,0.0,,,0.0,,,0.0,,,0.0,,,0.0,,,0.0,,,0.0,,,0.0,,,0.0,,,0.0,,,0.0,,,0.0,,,0.0,,,0.0,,,0.0,,,0.0,,,0.0,,,0.0,,,0.0,,,0.0,,,0.0,,,0.0,,,0.0,,,0.0,,,0.0,,,0.0,,,0.0,,,0.0,,,0.0,,,0.0,,,0.0
DJI_20260917131818_0082_D.JPG,Cam 7,9,SAMAPADHAM,INCORRECT,FEET_TOO_FAR_APART,,rtmpose_m_halpe26,halpe_26,OK,156.3,28.66,0,0,1702.928466796875,749.22607421875,0.9361843466758728,,,0.0,1728.322021484375,711.1357421875,0.9264887571334839,,,0.0,,,0.0,1715.625244140625,711.1357421875,0.9388887882232666,,,0.0,1823.547607421875,730.180908203125,0.9169617891311646,1893.379638671875,717.484130859375,0.8595067262649536,,,0.0,,,0.0,1874.334716796875,933.3291015625,0.8059267997741699,1855.289306640625,926.980712890625,0.7795712351799011,1874.334716796875,1225.354736328125,0.6402112245559692,1848.941162109375,1187.264404296875,0.5870449542999268,1893.379638671875,1447.548095703125,0.801947832107544,1867.986328125,1441.19970703125,0.777996838092804,1931.469970703125,1841.147705078125,0.9071938991546631,1906.07666015625,1828.450927734375,0.8436747789382935,1937.818603515625,2215.702392578125,0.915477991104126,1918.773193359375,2139.521728515625,0.891103208065033,1969.560302734375,2279.18603515625,0.961322546005249,1931.469970703125,2183.96044921875,0.8254008293151855,1791.8056640625,2253.79248046875,0.9776270389556885,1753.715576171875,2164.915283203125,0.8634762167930603,,,0.0,,,0.0,,,0.0,,,0.0,,,0.0,,,0.0,,,0.0,,,0.0,,,0.0,,,0.0,,,0.0,,,0.0,,,0.0,,,0.0,,,0.0,,,0.0,,,0.0,,,0.0,,,0.0,,,0.0,,,0.0,,,0.0,,,0.0,,,0.0,,,0.0,,,0.0,,,0.0,,,0.0,,,0.0,,,0.0,,,0.0,,,0.0,,,0.0,,,0.0,,,0.0,,,0.0,,,0.0,,,0.0,,,0.0,,,0.0,,,0.0,,,0.0
DJI_20260917132034_0083_D.JPG,Cam 7,10,SAMAPADHAM,INCORRECT,FEET_NOT_ALIGNED,,rtmpose_m_halpe26,halpe_26,OK,174.3,38.8,0,0,1634.677978515625,717.217041015625,0.9369350075721741,,,0.0,1660.3984375,678.63623046875,0.9569615125656128,,,0.0,,,0.0,1641.108154296875,685.06640625,0.9456911683082581,,,0.0,1756.85107421875,723.647216796875,0.9340323209762573,1808.292236328125,710.786865234375,0.8444877862930298,,,0.0,,,0.0,1795.431884765625,929.412353515625,0.8197593688964844,1782.571533203125,916.552001953125,0.7822279930114746,1853.30322265625,1193.048583984375,0.6474211812019348,1885.4541015625,1154.4677734375,0.6421103477478027,1834.0126953125,1418.104248046875,0.8186404705047607,1814.722412109375,1411.674072265625,0.802985668182373,1872.59375,1803.913330078125,0.8888118267059326,1853.30322265625,1797.483154296875,0.8517595529556274,1859.7333984375,2164.002197265625,0.9411618113517761,1853.30322265625,2138.281494140625,0.8965625762939453,1872.59375,2215.443603515625,0.961789608001709,1879.02392578125,2176.862548828125,0.8679256439208984,1731.13037109375,2266.884521484375,0.9737477898597717,1711.83984375,2202.583251953125,0.8237423896789551,,,0.0,,,0.0,,,0.0,,,0.0,,,0.0,,,0.0,,,0.0,,,0.0,,,0.0,,,0.0,,,0.0,,,0.0,,,0.0,,,0.0,,,0.0,,,0.0,,,0.0,,,0.0,,,0.0,,,0.0,,,0.0,,,0.0,,,0.0,,,0.0,,,0.0,,,0.0,,,0.0,,,0.0,,,0.0,,,0.0,,,0.0,,,0.0,,,0.0,,,0.0,,,0.0,,,0.0,,,0.0,,,0.0,,,0.0,,,0.0,,,0.0,,,0.0
DJI_20260917132036_0084_D.JPG,Cam 7,10,SAMAPADHAM,INCORRECT,FEET_NOT_ALIGNED,,rtmpose_m_halpe26,halpe_26,OK,150.32,22.28,0,0,1611.5340576171875,763.595458984375,0.9462270736694336,,,0.0,1636.9061279296875,725.53759765625,0.9500808715820312,,,0.0,,,0.0,1624.2200927734375,731.88037109375,0.9592583775520325,,,0.0,1732.0511474609375,750.909423828125,0.9261727333068848,1795.4813232421875,744.56640625,0.8417592644691467,,,0.0,,,0.0,1776.4520263671875,953.885498046875,0.8262127041816711,1757.4232177734375,947.54248046875,0.7845313549041748,1814.5101318359375,1213.948486328125,0.6411581635475159,1852.5682373046875,1188.576416015625,0.6240590810775757,1820.8529052734375,1448.6396484375,0.8197522163391113,1795.4813232421875,1448.6396484375,0.8047199249267578,1858.9110107421875,1841.905517578125,0.8961142301559448,1839.8822021484375,1841.905517578125,0.8530871868133545,1852.5682373046875,2203.45654296875,0.921393632888794,1846.2249755859375,2178.08447265625,0.8832582831382751,1877.9400634765625,2260.54345703125,0.9532569050788879,1865.2542724609375,2222.4853515625,0.861352801322937,1725.7081298828125,2298.6015625,0.9845832586288452,1706.6790771484375,2247.857421875,0.8371121287345886,,,0.0,,,0.0,,,0.0,,,0.0,,,0.0,,,0.0,,,0.0,,,0.0,,,0.0,,,0.0,,,0.0,,,0.0,,,0.0,,,0.0,,,0.0,,,0.0,,,0.0,,,0.0,,,0.0,,,0.0,,,0.0,,,0.0,,,0.0,,,0.0,,,0.0,,,0.0,,,0.0,,,0.0,,,0.0,,,0.0,,,0.0,,,0.0,,,0.0,,,0.0,,,0.0,,,0.0,,,0.0,,,0.0,,,0.0,,,0.0,,,0.0,,,0.0
DJI_20260917132109_0085_D.JPG,Cam 7,11,SAMAPADHAM,INCORRECT,WEIGHT_ON_ONE_LEG,,rtmpose_m_halpe26,halpe_26,OK,142.99,28.61,0,0,1716.0899658203125,789.5614013671875,0.9526520371437073,,,0.0,1741.2088623046875,751.8834228515625,0.9591954946517944,,,0.0,,,0.0,1722.3697509765625,751.8834228515625,0.9660308957099915,,,0.0,1835.4036865234375,770.7225341796875,0.9584903717041016,1917.0391845703125,758.1629638671875,0.8723240494728088,,,0.0,,,0.0,1885.6409912109375,952.8323974609375,0.8546499013900757,1841.6832275390625,952.8323974609375,0.8045275211334229,1891.9205322265625,1191.4595947265625,0.6669909954071045,1835.4036865234375,1185.1800537109375,0.5881048440933228,1891.9205322265625,1448.9256591796875,0.8141682147979736,1866.8018798828125,1448.9256591796875,0.7947775721549988,1904.4801025390625,1838.2645263671875,0.8687685132026672,1879.3614501953125,1831.9847412109375,0.8171861171722412,1904.4801025390625,2202.48486328125,0.9025813341140747,1898.2003173828125,2171.08642578125,0.8570457100868225,1929.5985107421875,2259.001953125,0.9189244508743286,1910.7593994140625,2221.32373046875,0.8185158967971802,1785.1663818359375,2284.12060546875,0.9067636728286743,1753.7681884765625,2227.603515625,0.843917727470398,,,0.0,,,0.0,,,0.0,,,0.0,,,0.0,,,0.0,,,0.0,,,0.0,,,0.0,,,0.0,,,0.0,,,0.0,,,0.0,,,0.0,,,0.0,,,0.0,,,0.0,,,0.0,,,0.0,,,0.0,,,0.0,,,0.0,,,0.0,,,0.0,,,0.0,,,0.0,,,0.0,,,0.0,,,0.0,,,0.0,,,0.0,,,0.0,,,0.0,,,0.0,,,0.0,,,0.0,,,0.0,,,0.0,,,0.0,,,0.0,,,0.0,,,0.0
DJI_20260917132111_0086_D.JPG,Cam 7,11,SAMAPADHAM,INCORRECT,WEIGHT_ON_ONE_LEG,,rtmpose_m_halpe26,halpe_26,OK,159.5,33.28,0,0,1726.55517578125,757.9615478515625,0.9362965822219849,,,0.0,1757.273681640625,727.2430419921875,0.9599394798278809,,,0.0,,,0.0,1732.698974609375,727.2430419921875,0.946529746055603,,,0.0,1849.428955078125,751.8179931640625,0.9494913220405579,1892.434814453125,739.5306396484375,0.8564610481262207,,,0.0,,,0.0,1898.578369140625,936.1285400390625,0.8457682132720947,1837.1416015625,942.2723388671875,0.7969326972961426,1923.1533203125,1157.3011474609375,0.6929570436477661,1837.1416015625,1169.5887451171875,0.5901761054992676,1892.434814453125,1433.7669677734375,0.7949100136756897,1861.71630859375,1433.7669677734375,0.7755663394927979,1910.86572265625,1826.9632568359375,0.8725029230117798,1880.1474609375,1820.8194580078125,0.8222020864486694,1904.72216796875,2201.72802734375,0.9296438694000244,1898.578369140625,2146.4345703125,0.8739219307899475,1935.4404296875,2250.87744140625,0.9721994400024414,1917.009521484375,2189.4404296875,0.8418645858764648,1775.70458984375,2306.1708984375,0.9591051340103149,1744.986328125,2214.01513671875,0.8659148216247559,,,0.0,,,0.0,,,0.0,,,0.0,,,0.0,,,0.0,,,0.0,,,0.0,,,0.0,,,0.0,,,0.0,,,0.0,,,0.0,,,0.0,,,0.0,,,0.0,,,0.0,,,0.0,,,0.0,,,0.0,,,0.0,,,0.0,,,0.0,,,0.0,,,0.0,,,0.0,,,0.0,,,0.0,,,0.0,,,0.0,,,0.0,,,0.0,,,0.0,,,0.0,,,0.0,,,0.0,,,0.0,,,0.0,,,0.0,,,0.0,,,0.0,,,0.0
DJI_20260917132124_0087_D.JPG,Cam 7,12,MUZHUMANDI,INCORRECT,KNEES_FACING_FORWARD,,rtmpose_m_halpe26,halpe_26,OK,164.92,30.58,0,0,1720.5555419921875,1342.9609375,0.94017493724823,,,0.0,1751.8072509765625,1311.70947265625,1.064570665359497,,,0.0,,,0.0,1725.0201416015625,1307.244873046875,1.040656328201294,,,0.0,1850.0269775390625,1338.49658203125,1.0500667095184326,1867.8848876953125,1320.638427734375,0.8340719938278198,,,0.0,,,0.0,1899.1365966796875,1530.47119140625,0.8359860181808472,1827.7042236328125,1521.5419921875,0.7871465682983398,1894.6719970703125,1847.452392578125,0.7180604934692383,1841.0977783203125,1771.5556640625,0.5698951482772827,1925.9237060546875,2057.28515625,0.7843278646469116,1832.1685791015625,2003.7109375,0.6914112567901611,1537.5101318359375,2200.14990234375,0.7646134495735168,1604.4779052734375,1936.742919921875,0.6264365911483765,1966.1046142578125,2200.14990234375,0.6711236238479614,1854.4913330078125,2124.2529296875,0.6285045742988586,1992.8917236328125,2168.898193359375,0.6907063722610474,1894.6719970703125,2124.2529296875,0.49334532022476196,1894.6719970703125,2320.692138671875,0.6547751426696777,1832.1685791015625,2226.93701171875,0.5443316102027893,,,0.0,,,0.0,,,0.0,,,0.0,,,0.0,,,0.0,,,0.0,,,0.0,,,0.0,,,0.0,,,0.0,,,0.0,,,0.0,,,0.0,,,0.0,,,0.0,,,0.0,,,0.0,,,0.0,,,0.0,,,0.0,,,0.0,,,0.0,,,0.0,,,0.0,,,0.0,,,0.0,,,0.0,,,0.0,,,0.0,,,0.0,,,0.0,,,0.0,,,0.0,,,0.0,,,0.0,,,0.0,,,0.0,,,0.0,,,0.0,,,0.0,,,0.0
DJI_20260917132126_0088_D.JPG,Cam 7,12,MUZHUMANDI,INCORRECT,KNEES_FACING_FORWARD,,rtmpose_m_halpe26,halpe_26,OK,189.53,35.13,0,0,1720.99853515625,1355.0166015625,0.9386334419250488,,,0.0,1751.20458984375,1324.810791015625,1.0569547414779663,,,0.0,,,0.0,1733.944091796875,1316.180419921875,1.0237324237823486,,,0.0,1850.452880859375,1342.0712890625,1.0231459140777588,1884.97412109375,1329.125732421875,0.7821623682975769,,,0.0,,,0.0,1906.5498046875,1553.513427734375,0.836859405040741,1837.507568359375,1536.252685546875,0.7660853862762451,1906.5498046875,1851.25830078125,0.7410105466842651,1837.507568359375,1777.90087890625,0.5528972148895264,1915.18017578125,2062.700439453125,0.7576607465744019,1824.56201171875,2010.918701171875,0.6670167446136475,1535.447265625,2213.73046875,0.7637283802032471,1604.48974609375,1946.191650390625,0.6093862056732178,1958.33154296875,2209.415283203125,0.6404318809509277,1854.76806640625,2136.057861328125,0.607530951499939,1979.9072265625,2174.894287109375,0.6612985730171204,1893.6044921875,2140.372802734375,0.4636491537094116,1884.97412109375,2334.554443359375,0.6431693434715271,1824.56201171875,2239.621337890625,0.5212987065315247,,,0.0,,,0.0,,,0.0,,,0.0,,,0.0,,,0.0,,,0.0,,,0.0,,,0.0,,,0.0,,,0.0,,,0.0,,,0.0,,,0.0,,,0.0,,,0.0,,,0.0,,,0.0,,,0.0,,,0.0,,,0.0,,,0.0,,,0.0,,,0.0,,,0.0,,,0.0,,,0.0,,,0.0,,,0.0,,,0.0,,,0.0,,,0.0,,,0.0,,,0.0,,,0.0,,,0.0,,,0.0,,,0.0,,,0.0,,,0.0,,,0.0,,,0.0
DJI_20260917132215_0089_D.JPG,Cam 7,13,MUZHUMANDI,INCORRECT,BACK_BENT_FORWARD,,rtmpose_m_halpe26,halpe_26,OK,154.0,30.18,0,0,1587.3465576171875,1409.083740234375,0.9207438230514526,,,0.0,1605.2435302734375,1376.868896484375,1.0364983081817627,,,0.0,,,0.0,1583.7669677734375,1373.28955078125,0.8964989185333252,,,0.0,1698.3087158203125,1376.868896484375,1.0012106895446777,1755.5797119140625,1373.28955078125,0.8355242013931274,,,0.0,,,0.0,1798.5328369140625,1534.36376953125,0.7610945701599121,1769.8973388671875,1534.36376953125,0.6869295835494995,1880.8597412109375,1824.29736328125,0.6687861680984497,1769.8973388671875,1770.60595703125,0.5228906869888306,1995.4012451171875,1999.689453125,0.6281647682189941,1902.3363037109375,1985.37158203125,0.5306649804115295,1716.2059326171875,2243.09033203125,0.6523488759994507,1730.5235595703125,2235.931640625,0.4459613561630249,1977.5042724609375,2175.081298828125,0.49372243881225586,1963.1864013671875,2142.866455078125,0.47721928358078003,2027.6160888671875,2135.70751953125,0.5200974941253662,1998.9808349609375,2128.548828125,0.36016708612442017,1877.2801513671875,2296.78173828125,0.48781874775886536,1852.2242431640625,2318.25830078125,0.3954774737358093,,,0.0,,,0.0,,,0.0,,,0.0,,,0.0,,,0.0,,,0.0,,,0.0,,,0.0,,,0.0,,,0.0,,,0.0,,,0.0,,,0.0,,,0.0,,,0.0,,,0.0,,,0.0,,,0.0,,,0.0,,,0.0,,,0.0,,,0.0,,,0.0,,,0.0,,,0.0,,,0.0,,,0.0,,,0.0,,,0.0,,,0.0,,,0.0,,,0.0,,,0.0,,,0.0,,,0.0,,,0.0,,,0.0,,,0.0,,,0.0,,,0.0,,,0.0
DJI_20260917132217_0090_D.JPG,Cam 7,13,MUZHUMANDI,INCORRECT,BACK_BENT_FORWARD,,rtmpose_m_halpe26,halpe_26,OK,142.54,30.38,0,0,1590.54638671875,1420.5927734375,0.9078295826911926,,,0.0,1611.804931640625,1381.618896484375,0.9964367747306824,,,0.0,,,0.0,1590.54638671875,1381.618896484375,0.8924028277397156,,,0.0,1707.468505859375,1378.07568359375,0.972387433052063,1760.614990234375,1378.07568359375,0.8250868320465088,,,0.0,,,0.0,1806.675537109375,1544.601318359375,0.7722567319869995,1760.614990234375,1548.14453125,0.6973478198051453,1884.62353515625,1831.592529296875,0.6490449905395508,1767.701416015625,1757.1875,0.4789404273033142,1994.459716796875,2008.74755859375,0.6181647777557373,1891.709716796875,1991.031982421875,0.5317626595497131,1714.5546875,2246.13525390625,0.6574265956878662,1732.270263671875,2235.505859375,0.47064638137817383,1966.114990234375,2196.53173828125,0.4853576421737671,1912.968505859375,2192.98876953125,0.44837045669555664,2040.52001953125,2154.0146484375,0.5046446323394775,,,0.0,1866.907958984375,2306.367919921875,0.46773847937583923,1824.390869140625,2355.97119140625,0.48802947998046875,,,0.0,,,0.0,,,0.0,,,0.0,,,0.0,,,0.0,,,0.0,,,0.0,,,0.0,,,0.0,,,0.0,,,0.0,,,0.0,,,0.0,,,0.0,,,0.0,,,0.0,,,0.0,,,0.0,,,0.0,,,0.0,,,0.0,,,0.0,,,0.0,,,0.0,,,0.0,,,0.0,,,0.0,,,0.0,,,0.0,,,0.0,,,0.0,,,0.0,,,0.0,,,0.0,,,0.0,,,0.0,,,0.0,,,0.0,,,0.0,,,0.0,,,0.0
DJI_20260917132241_0091_D.JPG,Cam 7,14,MUZHUMANDI,INCORRECT,FEET_APART_HEEL_DOWN,,rtmpose_m_halpe26,halpe_26,OK,172.87,25.25,0,0,1634.02587890625,1418.3475341796875,0.9336732625961304,,,0.0,1647.11376953125,1383.4461669921875,0.999369204044342,,,0.0,,,0.0,1634.02587890625,1383.4461669921875,0.9491779804229736,,,0.0,1743.092529296875,1357.2703857421875,1.0445771217346191,1804.169921875,1348.5447998046875,0.8055994510650635,,,0.0,,,0.0,1808.532470703125,1540.5023193359375,0.7810766696929932,1825.983154296875,1509.9635009765625,0.7277812957763672,1751.81787109375,1828.4381103515625,0.6629303097724915,1773.631103515625,1745.5474853515625,0.5894245505332947,1935.0498046875,1994.2193603515625,0.6965880990028381,1913.236328125,1976.7689208984375,0.6421545743942261,1607.849853515625,2129.4619140625,0.7304550409317017,1620.93798828125,2129.4619140625,0.5379000306129456,1908.873779296875,2221.078125,0.7294023036956787,1904.51123046875,2190.53955078125,0.6593407392501831,1965.58837890625,2221.078125,0.6551143527030945,1948.1376953125,2181.81396484375,0.5000333189964294,1839.0712890625,2373.771484375,0.6859164237976074,1843.433837890625,2312.69384765625,0.520615816116333,,,0.0,,,0.0,,,0.0,,,0.0,,,0.0,,,0.0,,,0.0,,,0.0,,,0.0,,,0.0,,,0.0,,,0.0,,,0.0,,,0.0,,,0.0,,,0.0,,,0.0,,,0.0,,,0.0,,,0.0,,,0.0,,,0.0,,,0.0,,,0.0,,,0.0,,,0.0,,,0.0,,,0.0,,,0.0,,,0.0,,,0.0,,,0.0,,,0.0,,,0.0,,,0.0,,,0.0,,,0.0,,,0.0,,,0.0,,,0.0,,,0.0,,,0.0
DJI_20260917132243_0092_D.JPG,Cam 7,14,MUZHUMANDI,INCORRECT,FEET_APART_HEEL_DOWN,,rtmpose_m_halpe26,halpe_26,OK,169.83,30.41,0,0,1641.93359375,1397.3359375,0.926460862159729,,,0.0,1659.4306640625,1357.967041015625,1.0069793462753296,,,0.0,,,0.0,1641.93359375,1362.34130859375,0.9515082836151123,,,0.0,1746.9169921875,1344.84423828125,1.0363759994506836,1808.1572265625,1336.095458984375,0.7774983644485474,,,0.0,,,0.0,1830.02880859375,1524.19091796875,0.777847170829773,1795.034423828125,1511.06787109375,0.7272046804428101,1777.537109375,1795.398193359375,0.6442785263061523,1764.4140625,1734.15771484375,0.6261760592460632,1956.8837890625,1974.744873046875,0.680030107498169,1873.77197265625,1961.621826171875,0.6320490837097168,1615.687744140625,2119.096923828125,0.6458044052124023,1611.313232421875,2119.096923828125,0.5979959964752197,1917.51513671875,2215.331787109375,0.7186509370803833,1869.397705078125,2193.460205078125,0.6686691045761108,1965.632568359375,2215.331787109375,0.6720524430274963,1900.017822265625,2197.834716796875,0.5378493666648865,1825.654541015625,2377.181396484375,0.7546418309211731,1812.53173828125,2333.438232421875,0.6090604066848755,,,0.0,,,0.0,,,0.0,,,0.0,,,0.0,,,0.0,,,0.0,,,0.0,,,0.0,,,0.0,,,0.0,,,0.0,,,0.0,,,0.0,,,0.0,,,0.0,,,0.0,,,0.0,,,0.0,,,0.0,,,0.0,,,0.0,,,0.0,,,0.0,,,0.0,,,0.0,,,0.0,,,0.0,,,0.0,,,0.0,,,0.0,,,0.0,,,0.0,,,0.0,,,0.0,,,0.0,,,0.0,,,0.0,,,0.0,,,0.0,,,0.0,,,0.0
DJI_20260917132313_0093_D.JPG,Cam 7,15,SWASTIKAPADAM,INCORRECT,OVERCROSSING_SHINS,RIGHT,rtmpose_m_halpe26,halpe_26,OK,160.17,28.8,0,0,1673.43115234375,832.37890625,0.8914200663566589,,,0.0,1697.9970703125,789.388916015625,0.8907274603843689,,,0.0,,,0.0,1679.57275390625,795.5302734375,0.8749973773956299,,,0.0,1796.26025390625,820.09619140625,0.9508461356163025,1894.5234375,807.813232421875,0.8098946809768677,,,0.0,,,0.0,1863.816162109375,1022.763916015625,0.7680268287658691,1814.6845703125,1022.763916015625,0.7332886457443237,1882.24072265625,1311.412109375,0.6222694516181946,1826.967529296875,1286.84619140625,0.5586867332458496,1894.5234375,1600.06005859375,0.7203929424285889,1845.391845703125,1600.06005859375,0.7076214551925659,1710.280029296875,1962.40576171875,0.7585638761520386,1759.41162109375,1950.122802734375,0.6596196889877319,2017.3525390625,2195.78076171875,0.7047464847564697,1900.6650390625,2201.922119140625,0.6644695997238159,2048.0595703125,2232.62939453125,0.6932528018951416,1919.08935546875,2251.0537109375,0.6176071763038635,2011.2109375,2373.8828125,0.7604098916053772,1845.391845703125,2367.7412109375,0.6927087306976318,,,0.0,,,0.0,,,0.0,,,0.0,,,0.0,,,0.0,,,0.0,,,0.0,,,0.0,,,0.0,,,0.0,,,0.0,,,0.0,,,0.0,,,0.0,,,0.0,,,0.0,,,0.0,,,0.0,,,0.0,,,0.0,,,0.0,,,0.0,,,0.0,,,0.0,,,0.0,,,0.0,,,0.0,,,0.0,,,0.0,,,0.0,,,0.0,,,0.0,,,0.0,,,0.0,,,0.0,,,0.0,,,0.0,,,0.0,,,0.0,,,0.0,,,0.0
DJI_20260917132315_0094_D.JPG,Cam 7,15,SWASTIKAPADAM,INCORRECT,OVERCROSSING_SHINS,RIGHT,rtmpose_m_halpe26,halpe_26,OK,140.7,21.49,0,0,1680.055419921875,842.045654296875,0.8860093951225281,,,0.0,1704.6552734375,792.84619140625,0.8809213638305664,,,0.0,,,0.0,1686.205322265625,805.14599609375,0.8776264786720276,,,0.0,1803.054443359375,817.446044921875,0.9462466239929199,1901.45361328125,805.14599609375,0.8136353492736816,,,0.0,,,0.0,1870.703857421875,1020.394287109375,0.7792811989784241,1821.504150390625,1020.394287109375,0.7462657690048218,1889.153564453125,1297.141845703125,0.6266140341758728,1839.9541015625,1284.842041015625,0.5734326839447021,1901.45361328125,1598.489501953125,0.725088894367218,1852.254150390625,1598.489501953125,0.711178183555603,1716.955078125,1961.33642578125,0.7795385122299194,1796.904541015625,1949.036376953125,0.6781522631645203,2018.302490234375,2201.1845703125,0.6965064406394958,1913.75341796875,2207.33447265625,0.6649402379989624,2049.052490234375,2231.934326171875,0.6947545409202576,1926.053466796875,2256.533935546875,0.6078234910964966,2018.302490234375,2373.383056640625,0.7610321044921875,1852.254150390625,2373.383056640625,0.6764073967933655,,,0.0,,,0.0,,,0.0,,,0.0,,,0.0,,,0.0,,,0.0,,,0.0,,,0.0,,,0.0,,,0.0,,,0.0,,,0.0,,,0.0,,,0.0,,,0.0,,,0.0,,,0.0,,,0.0,,,0.0,,,0.0,,,0.0,,,0.0,,,0.0,,,0.0,,,0.0,,,0.0,,,0.0,,,0.0,,,0.0,,,0.0,,,0.0,,,0.0,,,0.0,,,0.0,,,0.0,,,0.0,,,0.0,,,0.0,,,0.0,,,0.0,,,0.0
DJI_20260917132330_0095_D.JPG,Cam 7,16,SWASTIKAPADAM,INCORRECT,OVERCROSSING_SHINS,LEFT,rtmpose_m_halpe26,halpe_26,OK,183.01,37.17,0,0,1716.3082275390625,914.9410400390625,0.954200029373169,,,0.0,1750.6707763671875,880.5787353515625,0.9608108401298523,,,0.0,,,0.0,1722.0355224609375,886.3057861328125,0.9267926216125488,,,0.0,1830.8494873046875,909.2139892578125,0.9736887216567993,1905.3013916015625,897.7598876953125,0.8078852891921997,,,0.0,,,0.0,1882.3931884765625,1103.9339599609375,0.8227975368499756,1807.9412841796875,1098.2069091796875,0.7714616060256958,1893.8472900390625,1350.1973876953125,0.7121160626411438,1842.3038330078125,1321.5621337890625,0.619081974029541,1870.9390869140625,1562.0985107421875,0.760715663433075,1853.7579345703125,1562.0985107421875,0.7512789964675903,1785.0330810546875,1888.5406494140625,0.7713165283203125,1773.5789794921875,1859.9053955078125,0.6658443212509155,1888.1202392578125,2192.07470703125,0.7878483533859253,2031.2965087890625,2060.3525390625,0.7614593505859375,1928.2095947265625,2237.89111328125,0.8496044874191284,2054.20458984375,2094.71484375,0.6902111768722534,1796.4871826171875,2203.52880859375,0.8019869327545166,1985.4801025390625,2157.71240234375,0.5993481874465942,,,0.0,,,0.0,,,0.0,,,0.0,,,0.0,,,0.0,,,0.0,,,0.0,,,0.0,,,0.0,,,0.0,,,0.0,,,0.0,,,0.0,,,0.0,,,0.0,,,0.0,,,0.0,,,0.0,,,0.0,,,0.0,,,0.0,,,0.0,,,0.0,,,0.0,,,0.0,,,0.0,,,0.0,,,0.0,,,0.0,,,0.0,,,0.0,,,0.0,,,0.0,,,0.0,,,0.0,,,0.0,,,0.0,,,0.0,,,0.0,,,0.0,,,0.0
DJI_20260917132332_0096_D.JPG,Cam 7,16,SWASTIKAPADAM,INCORRECT,OVERCROSSING_SHINS,LEFT,rtmpose_m_halpe26,halpe_26,OK,174.31,29.79,0,0,1728.2769775390625,938.2979736328125,0.8771946430206299,,,0.0,1756.8140869140625,904.0533447265625,0.8792715072631836,,,0.0,,,0.0,1733.9842529296875,915.4681396484375,0.853745698928833,,,0.0,1842.4256591796875,932.5904541015625,0.9197067618370056,1922.3297119140625,915.4681396484375,0.7810840010643005,,,0.0,,,0.0,1888.0850830078125,1115.2286376953125,0.7922466993331909,1848.1331787109375,1103.8138427734375,0.7412741184234619,1939.4522705078125,1354.9410400390625,0.6711826324462891,1882.3778076171875,1332.1112060546875,0.5999716520309448,1888.0850830078125,1577.5311279296875,0.7451461553573608,1905.2076416015625,1571.8236083984375,0.7253072261810303,1836.7183837890625,1914.2701416015625,0.7691662907600403,1990.8189697265625,1874.3182373046875,0.6670322418212891,1939.4522705078125,2216.7646484375,0.7821645140647888,2093.552734375,2085.49365234375,0.6945229768753052,1973.6968994140625,2268.13134765625,0.834159255027771,2116.3828125,2125.4453125,0.618178129196167,1848.1331787109375,2228.1796875,0.7787901163101196,1888.0850830078125,2176.8125,0.5766808986663818,,,0.0,,,0.0,,,0.0,,,0.0,,,0.0,,,0.0,,,0.0,,,0.0,,,0.0,,,0.0,,,0.0,,,0.0,,,0.0,,,0.0,,,0.0,,,0.0,,,0.0,,,0.0,,,0.0,,,0.0,,,0.0,,,0.0,,,0.0,,,0.0,,,0.0,,,0.0,,,0.0,,,0.0,,,0.0,,,0.0,,,0.0,,,0.0,,,0.0,,,0.0,,,0.0,,,0.0,,,0.0,,,0.0,,,0.0,,,0.0,,,0.0,,,0.0
DJI_20260917132404_0097_D.JPG,Cam 7,17,SWASTIKAPADAM,INCORRECT,INSUFFICIENT_ARAMANDI,RIGHT,rtmpose_m_halpe26,halpe_26,OK,169.21,23.69,0,0,1714.466064453125,761.31396484375,0.9144622087478638,,,0.0,1739.465087890625,717.565185546875,0.9264001846313477,,,0.0,,,0.0,1726.965576171875,723.81494140625,0.9030774831771851,,,0.0,1839.4619140625,742.564453125,0.9649264216423035,1926.959228515625,730.06494140625,0.8458774089813232,,,0.0,,,0.0,1901.9599609375,936.30810546875,0.8176265954971313,1864.461181640625,936.30810546875,0.7645602226257324,1933.208984375,1205.04931640625,0.6929921507835388,1876.960693359375,1192.5498046875,0.5987194776535034,1895.710205078125,1455.04150390625,0.7459917068481445,1889.460205078125,1455.04150390625,0.738383412361145,1883.210693359375,1823.779296875,0.7401133179664612,1926.959228515625,1811.27978515625,0.7004595398902893,1970.707763671875,2167.5185546875,0.7516219019889832,2051.955078125,2098.7705078125,0.7380787134170532,1989.457275390625,2242.51611328125,0.805622398853302,2076.954345703125,2142.51904296875,0.6658738851547241,1883.210693359375,2273.76513671875,0.7828373908996582,2083.2041015625,2273.76513671875,0.6835078001022339,,,0.0,,,0.0,,,0.0,,,0.0,,,0.0,,,0.0,,,0.0,,,0.0,,,0.0,,,0.0,,,0.0,,,0.0,,,0.0,,,0.0,,,0.0,,,0.0,,,0.0,,,0.0,,,0.0,,,0.0,,,0.0,,,0.0,,,0.0,,,0.0,,,0.0,,,0.0,,,0.0,,,0.0,,,0.0,,,0.0,,,0.0,,,0.0,,,0.0,,,0.0,,,0.0,,,0.0,,,0.0,,,0.0,,,0.0,,,0.0,,,0.0,,,0.0
DJI_20260917132406_0098_D.JPG,Cam 7,17,SWASTIKAPADAM,INCORRECT,INSUFFICIENT_ARAMANDI,RIGHT,rtmpose_m_halpe26,halpe_26,OK,165.42,33.76,0,0,1722.412109375,793.4267578125,0.9436289072036743,,,0.0,1746.773193359375,750.794921875,0.9250013828277588,,,0.0,,,0.0,1734.592529296875,756.88525390625,0.9213074445724487,,,0.0,1844.21728515625,769.065673828125,0.9860685467720032,1929.480712890625,762.9755859375,0.85747230052948,,,0.0,,,0.0,1917.30029296875,963.953857421875,0.8301585912704468,1868.578369140625,970.044189453125,0.7846524119377136,1929.480712890625,1225.834716796875,0.7116124629974365,1886.848876953125,1225.834716796875,0.6478093862533569,1899.029541015625,1481.625732421875,0.7439175844192505,1880.7587890625,1481.625732421875,0.7338746786117554,1850.307373046875,1840.950439453125,0.748762845993042,1886.848876953125,1834.8603515625,0.7158141136169434,1984.293212890625,2182.0048828125,0.7376036643981934,2039.105224609375,2139.373046875,0.7426878213882446,2002.563720703125,2248.99755859375,0.7949835062026978,2069.556640625,2175.91455078125,0.6608302593231201,1880.7587890625,2303.81005859375,0.7596873044967651,2057.376220703125,2315.990478515625,0.6976612210273743,,,0.0,,,0.0,,,0.0,,,0.0,,,0.0,,,0.0,,,0.0,,,0.0,,,0.0,,,0.0,,,0.0,,,0.0,,,0.0,,,0.0,,,0.0,,,0.0,,,0.0,,,0.0,,,0.0,,,0.0,,,0.0,,,0.0,,,0.0,,,0.0,,,0.0,,,0.0,,,0.0,,,0.0,,,0.0,,,0.0,,,0.0,,,0.0,,,0.0,,,0.0,,,0.0,,,0.0,,,0.0,,,0.0,,,0.0,,,0.0,,,0.0,,,0.0
DJI_20260917132414_0099_D.JPG,Cam 7,18,SWASTIKAPADAM,INCORRECT,INSUFFICIENT_ARAMANDI,LEFT,rtmpose_m_halpe26,halpe_26,OK,187.1,33.5,0,0,1704.2803955078125,854.9622802734375,0.9311667680740356,,,0.0,1728.0933837890625,813.2896728515625,0.9322577714920044,,,0.0,,,0.0,1716.1868896484375,825.1959228515625,0.9137018322944641,,,0.0,1817.3922119140625,843.0557861328125,0.9564743041992188,1912.6441650390625,825.1959228515625,0.8270587921142578,,,0.0,,,0.0,1870.9713134765625,1021.6534423828125,0.8355710506439209,1841.2052001953125,1015.7003173828125,0.8002407550811768,1906.6910400390625,1271.6900634765625,0.7339581847190857,1859.0650634765625,1259.7835693359375,0.6571369767189026,1859.0650634765625,1497.9136962890625,0.7582401633262634,1847.1583251953125,1497.9136962890625,0.7496895790100098,1823.3453369140625,1837.2491455078125,0.7426680326461792,1847.1583251953125,1831.2960205078125,0.7416778802871704,2001.9429931640625,2099.1923828125,0.6600733995437622,1942.4105224609375,2134.912109375,0.7051278352737427,2043.6158447265625,2152.771484375,0.7067731022834778,1960.2701416015625,2182.5380859375,0.6911630034446716,1990.0364990234375,2206.35107421875,0.6720545887947083,1841.2052001953125,2206.35107421875,0.6963402032852173,,,0.0,,,0.0,,,0.0,,,0.0,,,0.0,,,0.0,,,0.0,,,0.0,,,0.0,,,0.0,,,0.0,,,0.0,,,0.0,,,0.0,,,0.0,,,0.0,,,0.0,,,0.0,,,0.0,,,0.0,,,0.0,,,0.0,,,0.0,,,0.0,,,0.0,,,0.0,,,0.0,,,0.0,,,0.0,,,0.0,,,0.0,,,0.0,,,0.0,,,0.0,,,0.0,,,0.0,,,0.0,,,0.0,,,0.0,,,0.0,,,0.0,,,0.0
DJI_20260917132415_0100_D.JPG,Cam 7,18,SWASTIKAPADAM,INCORRECT,INSUFFICIENT_ARAMANDI,LEFT,rtmpose_m_halpe26,halpe_26,OK,152.69,23.0,0,0,1683.9478759765625,883.1973876953125,0.9364670515060425,,,0.0,1707.6282958984375,835.8365478515625,0.9247012734413147,,,0.0,,,0.0,1689.8680419921875,853.5968017578125,0.9221895933151245,,,0.0,1808.2696533203125,853.5968017578125,0.9486746788024902,1891.1507568359375,841.7567138671875,0.7881656885147095,,,0.0,,,0.0,1855.6302490234375,1031.1993408203125,0.816705584526062,1826.0299072265625,1031.1993408203125,0.8016443252563477,1908.9110107421875,1285.7630615234375,0.6930320262908936,1849.7103271484375,1279.8428955078125,0.6522206664085388,1855.6302490234375,1516.6466064453125,0.7521135807037354,1837.8699951171875,1516.6466064453125,0.7462840676307678,1826.0299072265625,1848.1712646484375,0.7467473745346069,1849.7103271484375,1848.1712646484375,0.7486182451248169,2015.4725341796875,2102.73486328125,0.7308300733566284,1926.6712646484375,2150.095703125,0.7620155215263367,2062.83349609375,2150.095703125,0.7629684209823608,1944.4315185546875,2197.4560546875,0.7406395673751831,2015.4725341796875,2244.81689453125,0.7527742385864258,1837.8699951171875,2221.13671875,0.7313396334648132,,,0.0,,,0.0,,,0.0,,,0.0,,,0.0,,,0.0,,,0.0,,,0.0,,,0.0,,,0.0,,,0.0,,,0.0,,,0.0,,,0.0,,,0.0,,,0.0,,,0.0,,,0.0,,,0.0,,,0.0,,,0.0,,,0.0,,,0.0,,,0.0,,,0.0,,,0.0,,,0.0,,,0.0,,,0.0,,,0.0,,,0.0,,,0.0,,,0.0,,,0.0,,,0.0,,,0.0,,,0.0,,,0.0,,,0.0,,,0.0,,,0.0,,,0.0
DJI_20260917132812_0102_D.JPG,Cam 7,19,PATAKA,INCORRECT,ELBOWS_NOT_ALIGNED,,rtmpose_m_halpe26,halpe_26,OK,396.67,112.53,0,0,1764.7886962890625,718.9158935546875,0.9560658931732178,,,0.0,1797.0152587890625,686.6895751953125,0.9664345979690552,,,0.0,,,0.0,1784.1246337890625,693.1348876953125,0.9714511632919312,,,0.0,1880.8038330078125,706.0255126953125,0.9758638143539429,1906.5850830078125,699.5802001953125,0.8361589908599854,,,0.0,,,0.0,1958.1470947265625,899.3839111328125,0.9229864478111267,1855.0225830078125,899.3839111328125,0.8366233110427856,1893.6942138671875,1150.7496337890625,0.870128333568573,1797.0152587890625,1144.3045654296875,0.7073432803153992,1925.9207763671875,1402.1158447265625,0.8417722582817078,1861.4678955078125,1408.5611572265625,0.8174750804901123,1945.2564697265625,1795.2779541015625,0.907715380191803,1887.2491455078125,1795.2779541015625,0.8651661276817322,1938.8111572265625,2162.6591796875,0.9410159587860107,1906.5850830078125,2143.3232421875,0.8639652729034424,1958.1470947265625,2227.11181640625,0.9598495364189148,1913.0301513671875,2188.43994140625,0.872362494468689,1797.0152587890625,2227.11181640625,0.9730176329612732,1764.7886962890625,2194.88525390625,0.9040217399597168,,,0.0,,,0.0,,,0.0,,,0.0,,,0.0,,,0.0,,,0.0,,,0.0,,,0.0,,,0.0,,,0.0,,,0.0,,,0.0,,,0.0,,,0.0,,,0.0,,,0.0,,,0.0,,,0.0,,,0.0,,,0.0,,,0.0,,,0.0,,,0.0,,,0.0,,,0.0,,,0.0,,,0.0,,,0.0,,,0.0,,,0.0,,,0.0,,,0.0,,,0.0,,,0.0,,,0.0,,,0.0,,,0.0,,,0.0,,,0.0,,,0.0,,,0.0
DJI_20260917132815_0103_D.JPG,Cam 7,19,PATAKA,INCORRECT,ELBOWS_NOT_ALIGNED,,rtmpose_m_halpe26,halpe_26,OK,266.58,31.3,0,0,1756.4085693359375,712.6619873046875,0.9638563394546509,,,0.0,1788.7349853515625,680.3355712890625,0.9742228984832764,,,0.0,,,0.0,1769.3389892578125,686.8006591796875,0.9836119413375854,,,0.0,1866.3182373046875,706.1966552734375,0.9840748310089111,1892.1793212890625,699.7313232421875,0.8348767757415771,,,0.0,,,0.0,1943.9014892578125,900.1549072265625,0.9069891571998596,1846.9224853515625,900.1549072265625,0.8385829925537109,1898.6446533203125,1158.7659912109375,0.8661375045776367,1801.6656494140625,1145.8353271484375,0.7051972150802612,1918.0406494140625,1410.9114990234375,0.839059591293335,1872.7835693359375,1417.3768310546875,0.8202228546142578,1943.9014892578125,1805.2933349609375,0.9181981086730957,1911.5753173828125,1798.8280029296875,0.8817923665046692,1937.4361572265625,2167.3486328125,0.9424342513084412,1918.0406494140625,2147.953125,0.8630975484848022,1956.8321533203125,2225.5361328125,0.974345326423645,1930.9708251953125,2193.2099609375,0.8713036775588989,1795.2003173828125,2232.00146484375,0.9710543155670166,1762.8736572265625,2193.2099609375,0.8970839381217957,,,0.0,,,0.0,,,0.0,,,0.0,,,0.0,,,0.0,,,0.0,,,0.0,,,0.0,,,0.0,,,0.0,,,0.0,,,0.0,,,0.0,,,0.0,,,0.0,,,0.0,,,0.0,,,0.0,,,0.0,,,0.0,,,0.0,,,0.0,,,0.0,,,0.0,,,0.0,,,0.0,,,0.0,,,0.0,,,0.0,,,0.0,,,0.0,,,0.0,,,0.0,,,0.0,,,0.0,,,0.0,,,0.0,,,0.0,,,0.0,,,0.0,,,0.0
DJI_20260917132844_0104_D.JPG,Cam 7,20,ALAPADMA,INCORRECT,ELBOWS_NOT_ALIGNED,,rtmpose_m_halpe26,halpe_26,OK,190.47,31.04,0,0,1795.5205078125,743.339599609375,0.9581823945045471,,,0.0,1814.80712890625,711.1953125,0.9451894164085388,,,0.0,,,0.0,1801.94921875,711.1953125,0.9809278845787048,,,0.0,1911.23974609375,724.052978515625,0.9285495281219482,1904.81103515625,724.052978515625,0.8262486457824707,,,0.0,,,0.0,1988.38623046875,910.489990234375,0.886259913444519,1879.095703125,910.489990234375,0.8384368419647217,1943.38427734375,1148.357666015625,0.8101340532302856,1840.5224609375,1148.357666015625,0.6376334428787231,1956.241943359375,1411.94091796875,0.8417985439300537,1911.23974609375,1411.94091796875,0.8227986693382263,1969.099609375,1797.67236328125,0.8943108916282654,1943.38427734375,1791.243408203125,0.8493063449859619,1962.670654296875,2170.546142578125,0.8831366896629333,1956.241943359375,2157.688720703125,0.8331927061080933,1994.81494140625,2247.692626953125,0.9449856877326965,1994.81494140625,2202.690673828125,0.8106749057769775,1808.378173828125,2234.834716796875,0.8739489912986755,1801.94921875,2209.119384765625,0.8104996681213379,,,0.0,,,0.0,,,0.0,,,0.0,,,0.0,,,0.0,,,0.0,,,0.0,,,0.0,,,0.0,,,0.0,,,0.0,,,0.0,,,0.0,,,0.0,,,0.0,,,0.0,,,0.0,,,0.0,,,0.0,,,0.0,,,0.0,,,0.0,,,0.0,,,0.0,,,0.0,,,0.0,,,0.0,,,0.0,,,0.0,,,0.0,,,0.0,,,0.0,,,0.0,,,0.0,,,0.0,,,0.0,,,0.0,,,0.0,,,0.0,,,0.0,,,0.0
DJI_20260917132846_0105_D.JPG,Cam 7,20,ALAPADMA,INCORRECT,ELBOWS_NOT_ALIGNED,,rtmpose_m_halpe26,halpe_26,OK,166.47,46.91,0,0,1778.39599609375,740.087646484375,0.9530476331710815,,,0.0,1804.07080078125,707.994384765625,0.9396072030067444,,,0.0,,,0.0,1784.81494140625,707.994384765625,0.9709174036979675,,,0.0,1893.931640625,727.250244140625,0.9160242080688477,1881.09423828125,720.831787109375,0.7984085083007812,,,0.0,,,0.0,1964.53662109375,913.390869140625,0.879359781742096,1868.257080078125,913.390869140625,0.8410353660583496,1938.862060546875,1170.13623046875,0.8404884338378906,1810.4892578125,1144.461669921875,0.6559612154960632,1932.443359375,1420.463134765625,0.8365833759307861,1893.931640625,1420.463134765625,0.8243874311447144,1945.28076171875,1812.0,0.9050809741020203,1932.443359375,1805.581298828125,0.8690224885940552,1945.28076171875,2177.8623046875,0.893322229385376,1938.862060546875,2158.6064453125,0.8475890159606934,1977.373779296875,2254.885986328125,0.9654281139373779,1977.373779296875,2203.536865234375,0.8378690481185913,1778.39599609375,2229.21142578125,0.8891444206237793,1778.39599609375,2197.1181640625,0.8479889631271362,,,0.0,,,0.0,,,0.0,,,0.0,,,0.0,,,0.0,,,0.0,,,0.0,,,0.0,,,0.0,,,0.0,,,0.0,,,0.0,,,0.0,,,0.0,,,0.0,,,0.0,,,0.0,,,0.0,,,0.0,,,0.0,,,0.0,,,0.0,,,0.0,,,0.0,,,0.0,,,0.0,,,0.0,,,0.0,,,0.0,,,0.0,,,0.0,,,0.0,,,0.0,,,0.0,,,0.0,,,0.0,,,0.0,,,0.0,,,0.0,,,0.0,,,0.0
DJI_20260917132914_0106_D.JPG,Cam 7,21,ALAPADMA,CORRECT,,,rtmpose_m_halpe26,halpe_26,OK,205.25,36.89,0,0,1792.928466796875,738.473876953125,0.9519442319869995,,,0.0,1825.047607421875,712.778564453125,0.9418026208877563,,,0.0,,,0.0,1799.352294921875,712.778564453125,0.9723097085952759,,,0.0,1921.405029296875,725.626220703125,0.9367172718048096,1934.252685546875,725.626220703125,0.7960922718048096,,,0.0,,,0.0,1947.100341796875,892.645751953125,0.8305971622467041,1921.405029296875,905.493408203125,0.7797366380691528,1773.656982421875,969.731689453125,0.6567690968513489,1780.080810546875,1117.479736328125,0.6231736540794373,1940.676513671875,1425.823486328125,0.8253849148750305,1914.981201171875,1425.823486328125,0.8097373247146606,1972.795654296875,1830.524658203125,0.9036562442779541,1953.524169921875,1824.100830078125,0.8589661121368408,1966.371826171875,2203.106689453125,0.9203659892082214,1953.524169921875,2183.835205078125,0.8765390515327454,1998.490966796875,2273.769287109375,0.9588737487792969,1998.490966796875,2235.225830078125,0.8614480495452881,1805.776123046875,2254.497802734375,0.9157282710075378,1786.504638671875,2228.802001953125,0.9043376445770264,,,0.0,,,0.0,,,0.0,,,0.0,,,0.0,,,0.0,,,0.0,,,0.0,,,0.0,,,0.0,,,0.0,,,0.0,,,0.0,,,0.0,,,0.0,,,0.0,,,0.0,,,0.0,,,0.0,,,0.0,,,0.0,,,0.0,,,0.0,,,0.0,,,0.0,,,0.0,,,0.0,,,0.0,,,0.0,,,0.0,,,0.0,,,0.0,,,0.0,,,0.0,,,0.0,,,0.0,,,0.0,,,0.0,,,0.0,,,0.0,,,0.0,,,0.0
DJI_20260917132916_0107_D.JPG,Cam 7,21,ALAPADMA,CORRECT,,,rtmpose_m_halpe26,halpe_26,OK,210.31,29.75,0,0,1770.3367919921875,743.926025390625,0.9631885886192322,,,0.0,1796.0445556640625,711.791259765625,0.9410154819488525,,,0.0,,,0.0,1770.3367919921875,711.791259765625,0.9806964993476868,,,0.0,1892.4490966796875,731.072265625,0.9435412883758545,1886.0220947265625,724.64501953125,0.7811055779457092,,,0.0,,,0.0,1931.0108642578125,891.74609375,0.8365927934646606,1873.1680908203125,904.60009765625,0.7855707406997681,1783.1905517578125,962.44287109375,0.639198899269104,1731.7750244140625,1097.4091796875,0.5918081998825073,1911.7301025390625,1418.75732421875,0.8319344520568848,1879.5953369140625,1418.75732421875,0.8155233860015869,1937.4378662109375,1830.0830078125,0.9098533987998962,1924.5841064453125,1823.65625,0.8588711023330688,1931.0108642578125,2202.84716796875,0.920200765132904,1918.1568603515625,2189.9931640625,0.8691674470901489,1956.7188720703125,2273.5439453125,0.950240969657898,1963.1456298828125,2234.98193359375,0.8485813736915588,1770.3367919921875,2254.26318359375,0.9041405916213989,1744.6290283203125,2234.98193359375,0.8897645473480225,,,0.0,,,0.0,,,0.0,,,0.0,,,0.0,,,0.0,,,0.0,,,0.0,,,0.0,,,0.0,,,0.0,,,0.0,,,0.0,,,0.0,,,0.0,,,0.0,,,0.0,,,0.0,,,0.0,,,0.0,,,0.0,,,0.0,,,0.0,,,0.0,,,0.0,,,0.0,,,0.0,,,0.0,,,0.0,,,0.0,,,0.0,,,0.0,,,0.0,,,0.0,,,0.0,,,0.0,,,0.0,,,0.0,,,0.0,,,0.0,,,0.0,,,0.0
DJI_20260917132941_0108_D.JPG,Cam 7,22,MUSHTI,CORRECT,,,rtmpose_m_halpe26,halpe_26,OK,164.45,33.94,0,0,1769.9742431640625,732.9727783203125,0.9423964023590088,,,0.0,1795.8236083984375,700.6610107421875,0.9411724805831909,,,0.0,,,0.0,1769.9742431640625,700.6610107421875,0.9643239974975586,,,0.0,1899.2205810546875,713.5858154296875,0.9178583025932312,1918.6077880859375,707.1234130859375,0.8209985494613647,,,0.0,,,0.0,1931.5321044921875,894.5308837890625,0.8310937881469727,1892.7581787109375,900.9930419921875,0.7737115025520325,1698.8885498046875,972.0787353515625,0.6594411730766296,1737.6624755859375,1114.2496337890625,0.5937075614929199,1925.0697021484375,1405.0543212890625,0.8117085695266724,1892.7581787109375,1405.0543212890625,0.7959072589874268,1944.4569091796875,1799.2557373046875,0.8805910348892212,1931.5321044921875,1792.7935791015625,0.8341279029846191,1931.5321044921875,2180.53271484375,0.8958429098129272,1931.5321044921875,2161.1455078125,0.8470603227615356,1963.8436279296875,2251.6181640625,0.9403661489486694,1976.7684326171875,2206.3818359375,0.8036290407180786,1769.9742431640625,2232.2314453125,0.9080039262771606,1769.9742431640625,2212.84423828125,0.8412612676620483,,,0.0,,,0.0,,,0.0,,,0.0,,,0.0,,,0.0,,,0.0,,,0.0,,,0.0,,,0.0,,,0.0,,,0.0,,,0.0,,,0.0,,,0.0,,,0.0,,,0.0,,,0.0,,,0.0,,,0.0,,,0.0,,,0.0,,,0.0,,,0.0,,,0.0,,,0.0,,,0.0,,,0.0,,,0.0,,,0.0,,,0.0,,,0.0,,,0.0,,,0.0,,,0.0,,,0.0,,,0.0,,,0.0,,,0.0,,,0.0,,,0.0,,,0.0
DJI_20260917132943_0109_D.JPG,Cam 7,22,MUSHTI,CORRECT,,,rtmpose_m_halpe26,halpe_26,OK,158.17,29.52,0,0,1770.115478515625,725.172607421875,0.9507427215576172,,,0.0,1802.552978515625,692.735107421875,0.9526646137237549,,,0.0,,,0.0,1770.115478515625,692.735107421875,0.974897027015686,,,0.0,1906.352783203125,705.710205078125,0.9298100471496582,1925.815185546875,699.22265625,0.8202922344207764,,,0.0,,,0.0,1932.302978515625,887.360107421875,0.8378764986991882,1873.915283203125,893.84765625,0.7688696384429932,1685.778076171875,971.69775390625,0.6695448160171509,1724.702880859375,1114.422607421875,0.5973802804946899,1925.815185546875,1406.360107421875,0.8089011311531067,1886.890380859375,1406.360107421875,0.7914566993713379,1938.790283203125,1795.610107421875,0.883359432220459,1925.815185546875,1789.12255859375,0.8458199501037598,1938.790283203125,2178.37255859375,0.9043592214584351,1932.302978515625,2158.909912109375,0.8608885407447815,1971.227783203125,2243.24755859375,0.9399513006210327,1977.715576171875,2204.322509765625,0.8174495697021484,1776.602783203125,2230.2724609375,0.9050992131233215,1770.115478515625,2197.8349609375,0.8450296521186829,,,0.0,,,0.0,,,0.0,,,0.0,,,0.0,,,0.0,,,0.0,,,0.0,,,0.0,,,0.0,,,0.0,,,0.0,,,0.0,,,0.0,,,0.0,,,0.0,,,0.0,,,0.0,,,0.0,,,0.0,,,0.0,,,0.0,,,0.0,,,0.0,,,0.0,,,0.0,,,0.0,,,0.0,,,0.0,,,0.0,,,0.0,,,0.0,,,0.0,,,0.0,,,0.0,,,0.0,,,0.0,,,0.0,,,0.0,,,0.0,,,0.0,,,0.0
DJI_20260917132958_0110_D.JPG,Cam 7,23,KATAKAMUKHA,CORRECT,,,rtmpose_m_halpe26,halpe_26,OK,163.95,50.12,0,0,1763.9957275390625,717.8258056640625,0.9305893778800964,,,0.0,1796.4468994140625,685.3743896484375,0.9305234551429749,,,0.0,,,0.0,1770.4859619140625,685.3743896484375,0.932073712348938,,,0.0,1900.2911376953125,711.3355712890625,0.9060691595077515,1919.7618408203125,698.3551025390625,0.7933056950569153,,,0.0,,,0.0,1913.2716064453125,893.0631103515625,0.8264039754867554,1874.3302001953125,899.5533447265625,0.7670718431472778,1673.1319580078125,938.4947509765625,0.6525484323501587,1738.0345458984375,1126.7125244140625,0.6176047325134277,1913.2716064453125,1405.7938232421875,0.8191391825675964,1880.8204345703125,1405.7938232421875,0.7957180738449097,1939.2327880859375,1801.6998291015625,0.9017926454544067,1919.7618408203125,1795.2095947265625,0.8595045208930969,1932.7423095703125,2178.13525390625,0.917199432849884,1926.2523193359375,2152.17431640625,0.8720883727073669,1971.6842041015625,2249.52783203125,0.9340622425079346,1965.1939697265625,2204.09619140625,0.8235912919044495,1776.9761962890625,2223.56689453125,0.9201061725616455,1763.9957275390625,2191.11572265625,0.8832066059112549,,,0.0,,,0.0,,,0.0,,,0.0,,,0.0,,,0.0,,,0.0,,,0.0,,,0.0,,,0.0,,,0.0,,,0.0,,,0.0,,,0.0,,,0.0,,,0.0,,,0.0,,,0.0,,,0.0,,,0.0,,,0.0,,,0.0,,,0.0,,,0.0,,,0.0,,,0.0,,,0.0,,,0.0,,,0.0,,,0.0,,,0.0,,,0.0,,,0.0,,,0.0,,,0.0,,,0.0,,,0.0,,,0.0,,,0.0,,,0.0,,,0.0,,,0.0
DJI_20260917133000_0111_D.JPG,Cam 7,23,KATAKAMUKHA,CORRECT,,,rtmpose_m_halpe26,halpe_26,OK,231.53,32.8,0,0,1766.98681640625,713.6962890625,0.9272544384002686,,,0.0,1799.400390625,681.282958984375,0.9302636384963989,,,0.0,,,0.0,1766.98681640625,681.282958984375,0.9344884157180786,,,0.0,1903.12353515625,707.213623046875,0.9124131202697754,1909.606201171875,700.73095703125,0.782543420791626,,,0.0,,,0.0,1916.0888671875,882.246337890625,0.8401219844818115,1864.227294921875,895.2119140625,0.7699987888336182,1682.7119140625,934.10791015625,0.6607357263565063,1734.573486328125,1128.5888671875,0.6268075108528137,1909.606201171875,1394.379150390625,0.8300691843032837,1870.7099609375,1394.379150390625,0.8064203858375549,1935.536865234375,1789.8232421875,0.9071059226989746,1916.0888671875,1789.8232421875,0.8732653856277466,1935.536865234375,2172.30224609375,0.9144309759140015,1929.05419921875,2152.854248046875,0.8797539472579956,1974.43310546875,2243.61181640625,0.9311299324035645,1974.43310546875,2204.715576171875,0.8323885798454285,1779.952392578125,2224.163818359375,0.8994945883750916,1760.504150390625,2198.23291015625,0.8893558979034424,,,0.0,,,0.0,,,0.0,,,0.0,,,0.0,,,0.0,,,0.0,,,0.0,,,0.0,,,0.0,,,0.0,,,0.0,,,0.0,,,0.0,,,0.0,,,0.0,,,0.0,,,0.0,,,0.0,,,0.0,,,0.0,,,0.0,,,0.0,,,0.0,,,0.0,,,0.0,,,0.0,,,0.0,,,0.0,,,0.0,,,0.0,,,0.0,,,0.0,,,0.0,,,0.0,,,0.0,,,0.0,,,0.0,,,0.0,,,0.0,,,0.0,,,0.0
DJI_20260917133037_0112_D.JPG,Cam 7,24,PATAKA,INCORRECT,FINGERS_TOO_FAR_APART,,rtmpose_m_halpe26,halpe_26,OK,182.77,31.29,0,0,1787.4173583984375,752.74560546875,0.962796688079834,,,0.0,1813.0113525390625,720.753173828125,0.9347548484802246,,,0.0,,,0.0,1787.4173583984375,727.15185546875,0.9769851565361023,,,0.0,1915.3870849609375,733.55029296875,0.9284312725067139,1921.7857666015625,733.55029296875,0.7752814292907715,,,0.0,,,0.0,1902.5902099609375,919.106689453125,0.8200474977493286,1940.9813232421875,919.106689453125,0.8034488558769226,1685.0413818359375,1008.685546875,0.6758466958999634,1749.0262451171875,1111.0615234375,0.6291420459747314,1902.5902099609375,1424.587890625,0.8166842460632324,1902.5902099609375,1424.587890625,0.8028610348701477,1928.1844482421875,1821.294677734375,0.892074465751648,1928.1844482421875,1814.896240234375,0.8575398921966553,1934.5826416015625,2192.407470703125,0.8987932205200195,1934.5826416015625,2179.610595703125,0.8616300821304321,1966.5750732421875,2262.791015625,0.930201530456543,1979.3721923828125,2224.39990234375,0.8545482754707336,1768.2218017578125,2243.595458984375,0.9105858206748962,1761.8233642578125,2218.00146484375,0.9023112654685974,,,0.0,,,0.0,,,0.0,,,0.0,,,0.0,,,0.0,,,0.0,,,0.0,,,0.0,,,0.0,,,0.0,,,0.0,,,0.0,,,0.0,,,0.0,,,0.0,,,0.0,,,0.0,,,0.0,,,0.0,,,0.0,,,0.0,,,0.0,,,0.0,,,0.0,,,0.0,,,0.0,,,0.0,,,0.0,,,0.0,,,0.0,,,0.0,,,0.0,,,0.0,,,0.0,,,0.0,,,0.0,,,0.0,,,0.0,,,0.0,,,0.0,,,0.0
DJI_20260917133040_0113_D.JPG,Cam 7,24,PATAKA,INCORRECT,FINGERS_TOO_FAR_APART,,rtmpose_m_halpe26,halpe_26,OK,186.68,35.17,0,0,1781.338134765625,743.790283203125,0.9590288400650024,,,0.0,1806.965087890625,711.756591796875,0.9393688440322876,,,0.0,,,0.0,1781.338134765625,711.756591796875,0.9706025719642639,,,0.0,1909.472900390625,730.976806640625,0.9166592359542847,1915.879638671875,724.570068359375,0.774705171585083,,,0.0,,,0.0,1903.066162109375,916.771728515625,0.8229074478149414,1935.099853515625,916.771728515625,0.8062635660171509,1672.424072265625,1006.466064453125,0.6796077489852905,1749.3046875,1115.380126953125,0.6234673857688904,1909.472900390625,1422.903076171875,0.8172675371170044,1896.659423828125,1422.903076171875,0.803485631942749,1928.693115234375,1820.119873046875,0.9032203555107117,1922.286376953125,1813.713134765625,0.8705306053161621,1935.099853515625,2191.709716796875,0.9095821380615234,1928.693115234375,2172.489501953125,0.8763357400894165,1973.5400390625,2262.183837890625,0.9374918937683105,1973.5400390625,2223.743408203125,0.860258162021637,1774.931640625,2242.963623046875,0.9105923175811768,1762.1181640625,2210.929931640625,0.9188747406005859,,,0.0,,,0.0,,,0.0,,,0.0,,,0.0,,,0.0,,,0.0,,,0.0,,,0.0,,,0.0,,,0.0,,,0.0,,,0.0,,,0.0,,,0.0,,,0.0,,,0.0,,,0.0,,,0.0,,,0.0,,,0.0,,,0.0,,,0.0,,,0.0,,,0.0,,,0.0,,,0.0,,,0.0,,,0.0,,,0.0,,,0.0,,,0.0,,,0.0,,,0.0,,,0.0,,,0.0,,,0.0,,,0.0,,,0.0,,,0.0,,,0.0,,,0.0
DJI_20260917133120_0116_D.JPG,Cam 7,25,KATAKAMUKHA,INCORRECT,FINGERS_BENT,,rtmpose_m_halpe26,halpe_26,OK,179.03,30.62,0,0,1772.426513671875,770.360595703125,0.9353673458099365,,,0.0,1804.135009765625,738.652587890625,0.936079204082489,,,0.0,,,0.0,1778.768310546875,732.310791015625,0.9454120993614197,,,0.0,1905.600830078125,744.994140625,0.8969948887825012,1924.6259765625,738.652587890625,0.7901099920272827,,,0.0,,,0.0,1918.284423828125,928.901611328125,0.8114941120147705,1918.284423828125,928.901611328125,0.782056987285614,1709.01025390625,1011.343017578125,0.6428300142288208,1766.0849609375,1163.542236328125,0.6241937279701233,1924.6259765625,1436.232666015625,0.8043597936630249,1899.259521484375,1429.890869140625,0.7926996946334839,1956.334228515625,1829.414306640625,0.8868123292922974,1937.309326171875,1829.414306640625,0.8575003743171692,1949.992431640625,2209.912353515625,0.9017103910446167,1943.65087890625,2190.887451171875,0.8724398612976074,1988.042236328125,2279.67041015625,0.9168752431869507,1981.70068359375,2241.62060546875,0.8459324836730957,1791.45166015625,2279.67041015625,0.9188135862350464,1778.768310546875,2235.279052734375,0.9009766578674316,,,0.0,,,0.0,,,0.0,,,0.0,,,0.0,,,0.0,,,0.0,,,0.0,,,0.0,,,0.0,,,0.0,,,0.0,,,0.0,,,0.0,,,0.0,,,0.0,,,0.0,,,0.0,,,0.0,,,0.0,,,0.0,,,0.0,,,0.0,,,0.0,,,0.0,,,0.0,,,0.0,,,0.0,,,0.0,,,0.0,,,0.0,,,0.0,,,0.0,,,0.0,,,0.0,,,0.0,,,0.0,,,0.0,,,0.0,,,0.0,,,0.0,,,0.0
DJI_20260917133122_0117_D.JPG,Cam 7,25,KATAKAMUKHA,INCORRECT,FINGERS_BENT,,rtmpose_m_halpe26,halpe_26,OK,149.27,29.97,0,0,1755.08984375,788.914306640625,0.9287573099136353,,,0.0,1786.397705078125,763.868408203125,0.9207319021224976,,,0.0,,,0.0,1761.351318359375,757.606689453125,0.9514811635017395,,,0.0,1886.58203125,776.391357421875,0.9117488861083984,1880.320556640625,770.1298828125,0.7879353761672974,,,0.0,,,0.0,1924.151123046875,939.191162109375,0.8348396420478821,1861.535888671875,957.975830078125,0.7813519239425659,1755.08984375,1020.59130859375,0.6211346387863159,1748.828369140625,1183.391357421875,0.6534920930862427,1924.151123046875,1452.637451171875,0.821182131767273,1880.320556640625,1452.637451171875,0.8087438344955444,1955.459228515625,1847.114013671875,0.901832103729248,1930.412841796875,1840.8525390625,0.8654294013977051,1961.720458984375,2222.806396484375,0.9284729957580566,1942.935791015625,2197.760009765625,0.8752602338790894,1993.0283203125,2291.683349609375,0.9526044130325317,1980.505126953125,2247.852294921875,0.8537676334381104,1805.18212890625,2291.683349609375,0.9134921431541443,1786.397705078125,2266.636962890625,0.8982988595962524,,,0.0,,,0.0,,,0.0,,,0.0,,,0.0,,,0.0,,,0.0,,,0.0,,,0.0,,,0.0,,,0.0,,,0.0,,,0.0,,,0.0,,,0.0,,,0.0,,,0.0,,,0.0,,,0.0,,,0.0,,,0.0,,,0.0,,,0.0,,,0.0,,,0.0,,,0.0,,,0.0,,,0.0,,,0.0,,,0.0,,,0.0,,,0.0,,,0.0,,,0.0,,,0.0,,,0.0,,,0.0,,,0.0,,,0.0,,,0.0,,,0.0,,,0.0
DJI_20260917133139_0118_D.JPG,Cam 7,26,MUSHTI,INCORRECT,PINKY_DROPPED,,rtmpose_m_halpe26,halpe_26,OK,186.36,26.23,0,0,1802.88671875,763.1552734375,0.9337053298950195,,,0.0,1828.264404296875,731.433349609375,0.9479565620422363,,,0.0,,,0.0,1809.23095703125,737.777587890625,0.9693187475204468,,,0.0,1929.77490234375,744.1220703125,0.9292193651199341,1917.086181640625,744.1220703125,0.8298327326774597,,,0.0,,,0.0,1980.5302734375,915.421142578125,0.8651050329208374,1904.3974609375,934.45458984375,0.8017147779464722,1898.052978515625,1029.620849609375,0.6973717212677002,1815.57568359375,1162.853515625,0.6020202040672302,1948.80810546875,1435.663330078125,0.8138573169708252,1910.74169921875,1435.663330078125,0.8062366247177124,1961.4970703125,1822.6728515625,0.8973462581634521,1936.11962890625,1816.328369140625,0.8649957180023193,1961.4970703125,2203.337646484375,0.9052882194519043,1948.80810546875,2171.615966796875,0.8603497743606567,1993.21923828125,2266.781982421875,0.9344915151596069,1980.5302734375,2216.026611328125,0.8359639644622803,1815.57568359375,2260.437744140625,0.8843721747398376,1790.19775390625,2216.026611328125,0.8739949464797974,,,0.0,,,0.0,,,0.0,,,0.0,,,0.0,,,0.0,,,0.0,,,0.0,,,0.0,,,0.0,,,0.0,,,0.0,,,0.0,,,0.0,,,0.0,,,0.0,,,0.0,,,0.0,,,0.0,,,0.0,,,0.0,,,0.0,,,0.0,,,0.0,,,0.0,,,0.0,,,0.0,,,0.0,,,0.0,,,0.0,,,0.0,,,0.0,,,0.0,,,0.0,,,0.0,,,0.0,,,0.0,,,0.0,,,0.0,,,0.0,,,0.0,,,0.0
DJI_20260917133141_0119_D.JPG,Cam 7,26,MUSHTI,INCORRECT,PINKY_DROPPED,,rtmpose_m_halpe26,halpe_26,OK,159.67,30.85,0,0,1786.68798828125,764.482177734375,0.9395157098770142,,,0.0,1811.967041015625,739.202880859375,0.9396802186965942,,,0.0,,,0.0,1793.007568359375,739.202880859375,0.9668262004852295,,,0.0,1913.083984375,751.842529296875,0.9325879812240601,1900.4443359375,745.522705078125,0.8379745483398438,,,0.0,,,0.0,1963.642578125,922.477294921875,0.8551046848297119,1894.12451171875,928.797119140625,0.8022770881652832,1830.926513671875,1036.234130859375,0.6750472187995911,1786.68798828125,1143.6708984375,0.5979639291763306,1938.36328125,1447.02197265625,0.8064738512039185,1906.76416015625,1447.02197265625,0.7972640991210938,1957.32275390625,1838.850341796875,0.8914495706558228,1944.68310546875,1838.850341796875,0.8502951264381409,1951.0029296875,2211.719482421875,0.89969801902771,1944.68310546875,2192.760009765625,0.8512582778930664,1982.60205078125,2274.91748046875,0.941673755645752,1982.60205078125,2230.678955078125,0.8254719972610474,1799.327392578125,2274.91748046875,0.8969427943229675,1786.68798828125,2236.998779296875,0.8710673451423645,,,0.0,,,0.0,,,0.0,,,0.0,,,0.0,,,0.0,,,0.0,,,0.0,,,0.0,,,0.0,,,0.0,,,0.0,,,0.0,,,0.0,,,0.0,,,0.0,,,0.0,,,0.0,,,0.0,,,0.0,,,0.0,,,0.0,,,0.0,,,0.0,,,0.0,,,0.0,,,0.0,,,0.0,,,0.0,,,0.0,,,0.0,,,0.0,,,0.0,,,0.0,,,0.0,,,0.0,,,0.0,,,0.0,,,0.0,,,0.0,,,0.0,,,0.0
DJI_20260917131822_0036_D.JPG,Cam 8,1,ARAMANDI,CORRECT,,,rtmpose_m_halpe26,halpe_26,OK,179.22,24.88,0,0,1846.390625,942.437255859375,0.7533478736877441,,,0.0,1773.0634765625,931.15625,0.7613848447799683,,,0.0,,,0.0,1885.874267578125,919.875,0.8327016830444336,,,0.0,1756.141845703125,953.71826171875,1.0314695835113525,1908.436279296875,948.077880859375,1.0619113445281982,,,0.0,,,0.0,1677.17431640625,1128.574951171875,0.920182466506958,1987.404052734375,1139.85595703125,0.8816192746162415,1496.67724609375,1331.63427734375,0.9454920291900635,2179.182373046875,1337.27490234375,0.9452298879623413,1727.939208984375,1608.0205078125,0.7507646083831787,1914.076904296875,1608.0205078125,0.7277941703796387,1620.76904296875,1873.1259765625,0.6221441030502319,1993.044677734375,1856.204345703125,0.5996099710464478,1739.220458984375,2194.63671875,0.7668018937110901,1947.920166015625,2172.074462890625,0.6703176498413086,1761.782470703125,2245.4013671875,0.7505487203598022,1947.920166015625,2228.47998046875,0.5845416784286499,1603.847412109375,2200.27685546875,0.7822603583335876,2049.449951171875,2200.27685546875,0.6171731352806091,,,0.0,,,0.0,,,0.0,,,0.0,,,0.0,,,0.0,,,0.0,,,0.0,,,0.0,,,0.0,,,0.0,,,0.0,,,0.0,,,0.0,,,0.0,,,0.0,,,0.0,,,0.0,,,0.0,,,0.0,,,0.0,,,0.0,,,0.0,,,0.0,,,0.0,,,0.0,,,0.0,,,0.0,,,0.0,,,0.0,,,0.0,,,0.0,,,0.0,,,0.0,,,0.0,,,0.0,,,0.0,,,0.0,,,0.0,,,0.0,,,0.0,,,0.0
DJI_20260917131824_0037_D.JPG,Cam 8,1,ARAMANDI,CORRECT,,,rtmpose_m_halpe26,halpe_26,OK,178.65,27.49,0,0,1838.83984375,938.9605712890625,0.75782310962677,,,0.0,1776.4775390625,927.6217041015625,0.7964286804199219,,,0.0,,,0.0,1889.86376953125,921.9525146484375,0.8310717344284058,,,0.0,1759.469482421875,950.2991943359375,1.032660961151123,1906.87158203125,944.6297607421875,1.06742262840271,,,0.0,,,0.0,1685.7685546875,1120.3785400390625,0.9215832948684692,1986.2421875,1120.3785400390625,0.8871932029724121,1498.680908203125,1313.1353759765625,0.9321637153625488,2178.9990234375,1324.4739990234375,0.9382632374763489,1742.46142578125,1590.9317626953125,0.7510699033737183,1918.21044921875,1585.2625732421875,0.7334288358688354,1617.736572265625,1863.0592041015625,0.6546745300292969,1969.234375,1857.3897705078125,0.6350334882736206,1736.792236328125,2191.87939453125,0.7764493227005005,1952.226318359375,2174.87158203125,0.6560920476913452,1765.138671875,2248.57275390625,0.7534544467926025,1952.226318359375,2231.564453125,0.578328549861908,1595.059326171875,2197.548828125,0.7961120009422302,2014.5888671875,2203.2177734375,0.597661554813385,,,0.0,,,0.0,,,0.0,,,0.0,,,0.0,,,0.0,,,0.0,,,0.0,,,0.0,,,0.0,,,0.0,,,0.0,,,0.0,,,0.0,,,0.0,,,0.0,,,0.0,,,0.0,,,0.0,,,0.0,,,0.0,,,0.0,,,0.0,,,0.0,,,0.0,,,0.0,,,0.0,,,0.0,,,0.0,,,0.0,,,0.0,,,0.0,,,0.0,,,0.0,,,0.0,,,0.0,,,0.0,,,0.0,,,0.0,,,0.0,,,0.0,,,0.0
DJI_20260917131849_0038_D.JPG,Cam 8,2,SAMAPADHAM,CORRECT,,,rtmpose_m_halpe26,halpe_26,OK,177.16,27.46,0,0,1860.14697265625,736.8756103515625,0.8239748477935791,,,0.0,1815.43212890625,724.0999755859375,0.7810359001159668,,,0.0,,,0.0,1872.9228515625,717.7120361328125,0.8652331233024597,,,0.0,1777.104736328125,749.6512451171875,1.0728724002838135,1917.6376953125,749.6512451171875,1.0915184020996094,,,0.0,,,0.0,1694.0625,928.5115966796875,0.9418055415153503,2007.06787109375,941.2874755859375,0.8985546827316284,1508.814453125,1139.3111572265625,0.8835761547088623,2198.703857421875,1139.3111572265625,0.950510561466217,1757.941162109375,1426.7650146484375,0.808458685874939,1949.5771484375,1426.7650146484375,0.7842707633972168,1757.941162109375,1810.0369873046875,0.8725931644439697,1955.965087890625,1803.6492919921875,0.8369107246398926,1809.0439453125,2174.1455078125,0.9252609014511108,1898.47412109375,2148.59375,0.9098300337791443,1828.207763671875,2244.412109375,0.893242359161377,1885.698486328125,2218.8603515625,0.8687599897384644,1789.88037109375,2199.69677734375,0.8191317319869995,1898.47412109375,2193.30908203125,0.8079986572265625,,,0.0,,,0.0,,,0.0,,,0.0,,,0.0,,,0.0,,,0.0,,,0.0,,,0.0,,,0.0,,,0.0,,,0.0,,,0.0,,,0.0,,,0.0,,,0.0,,,0.0,,,0.0,,,0.0,,,0.0,,,0.0,,,0.0,,,0.0,,,0.0,,,0.0,,,0.0,,,0.0,,,0.0,,,0.0,,,0.0,,,0.0,,,0.0,,,0.0,,,0.0,,,0.0,,,0.0,,,0.0,,,0.0,,,0.0,,,0.0,,,0.0,,,0.0
DJI_20260917131851_0039_D.JPG,Cam 8,2,SAMAPADHAM,CORRECT,,,rtmpose_m_halpe26,halpe_26,OK,435.86,33.44,0,0,1863.190673828125,749.125,0.8194524645805359,,,0.0,1812.401123046875,742.7763671875,0.7684415578842163,,,0.0,,,0.0,1875.888427734375,730.078857421875,0.8600744009017944,,,0.0,1774.308837890625,761.822265625,1.0732290744781494,1913.98046875,761.822265625,1.091512680053711,,,0.0,,,0.0,1685.427001953125,945.934814453125,0.9405897855758667,2002.8623046875,945.934814453125,0.8954942226409912,1501.314697265625,1149.09326171875,0.8933947086334229,2193.323486328125,1149.09326171875,0.9542220830917358,1755.262939453125,1434.78515625,0.801500678062439,1945.723876953125,1434.78515625,0.7802518010139465,1761.611572265625,1822.05615234375,0.8792862296104431,1952.07275390625,1809.35888671875,0.849213719367981,1806.052490234375,2190.281005859375,0.9310128688812256,1894.934326171875,2171.23486328125,0.9229452610015869,1825.0986328125,2260.116943359375,0.8958739042282104,1882.237060546875,2234.721923828125,0.8944045305252075,1774.308837890625,2215.676025390625,0.8336691856384277,1894.934326171875,2202.978515625,0.8185511827468872,,,0.0,,,0.0,,,0.0,,,0.0,,,0.0,,,0.0,,,0.0,,,0.0,,,0.0,,,0.0,,,0.0,,,0.0,,,0.0,,,0.0,,,0.0,,,0.0,,,0.0,,,0.0,,,0.0,,,0.0,,,0.0,,,0.0,,,0.0,,,0.0,,,0.0,,,0.0,,,0.0,,,0.0,,,0.0,,,0.0,,,0.0,,,0.0,,,0.0,,,0.0,,,0.0,,,0.0,,,0.0,,,0.0,,,0.0,,,0.0,,,0.0,,,0.0
DJI_20260917132002_0040_D.JPG,Cam 8,3,MUZHUMANDI,CORRECT,,,rtmpose_m_halpe26,halpe_26,OK,186.99,30.18,0,0,1897.8990478515625,1350.933837890625,0.6770070791244507,,,0.0,1784.3765869140625,1337.31103515625,0.7030194401741028,,,0.0,,,0.0,1911.5218505859375,1328.2294921875,0.7324992418289185,,,0.0,1770.7540283203125,1369.097412109375,0.9847813844680786,1938.7672119140625,1360.015625,1.030590295791626,,,0.0,,,0.0,1698.0994873046875,1537.11083984375,0.8780863285064697,2020.5032958984375,1541.651611328125,0.9238886833190918,1511.9227294921875,1755.07373046875,0.908909797668457,2215.76220703125,1755.07373046875,0.9391733407974243,1761.6722412109375,2059.314208984375,0.7363518476486206,1956.9307861328125,2063.85498046875,0.7320340871810913,1521.0045166015625,2013.9052734375,0.7466801404953003,2202.1396484375,2004.8232421875,0.7800968885421753,1729.8858642578125,2277.27734375,0.6184971332550049,2034.1260986328125,2263.65478515625,0.6274627447128296,1757.1312255859375,2290.89990234375,0.4612903296947479,2006.8807373046875,2290.89990234375,0.5278098583221436,1657.2313232421875,2345.390869140625,0.4532744586467743,2165.81201171875,2309.0634765625,0.4190762937068939,,,0.0,,,0.0,,,0.0,,,0.0,,,0.0,,,0.0,,,0.0,,,0.0,,,0.0,,,0.0,,,0.0,,,0.0,,,0.0,,,0.0,,,0.0,,,0.0,,,0.0,,,0.0,,,0.0,,,0.0,,,0.0,,,0.0,,,0.0,,,0.0,,,0.0,,,0.0,,,0.0,,,0.0,,,0.0,,,0.0,,,0.0,,,0.0,,,0.0,,,0.0,,,0.0,,,0.0,,,0.0,,,0.0,,,0.0,,,0.0,,,0.0,,,0.0
DJI_20260917132004_0041_D.JPG,Cam 8,3,MUZHUMANDI,CORRECT,,,rtmpose_m_halpe26,halpe_26,OK,164.56,25.85,0,0,1893.81982421875,1342.53125,0.6606140732765198,,,0.0,1779.9814453125,1328.87060546875,0.7037989497184753,,,0.0,,,0.0,1907.48046875,1319.763671875,0.7242260575294495,,,0.0,1766.321044921875,1360.745361328125,0.9711999893188477,1934.801513671875,1356.19189453125,1.0217690467834473,,,0.0,,,0.0,1698.01806640625,1533.779296875,0.8773341178894043,2021.318603515625,1538.3330078125,0.9314484596252441,1511.323486328125,1752.3486328125,0.9240418076515198,2212.56689453125,1747.795166015625,0.9479952454566956,1761.767578125,2057.43505859375,0.7362264394760132,1962.12255859375,2061.988525390625,0.7385441064834595,1515.876953125,2007.34619140625,0.7709579467773438,2212.56689453125,2007.34619140625,0.7554894685745239,1725.33935546875,2280.557861328125,0.6509000062942505,2025.8720703125,2257.790283203125,0.6313571929931641,1757.2138671875,2289.6650390625,0.48310720920562744,2007.657958984375,2285.111328125,0.5318511724472046,1643.375732421875,2357.9677734375,0.4979289472103119,2162.47802734375,2316.986083984375,0.40091222524642944,,,0.0,,,0.0,,,0.0,,,0.0,,,0.0,,,0.0,,,0.0,,,0.0,,,0.0,,,0.0,,,0.0,,,0.0,,,0.0,,,0.0,,,0.0,,,0.0,,,0.0,,,0.0,,,0.0,,,0.0,,,0.0,,,0.0,,,0.0,,,0.0,,,0.0,,,0.0,,,0.0,,,0.0,,,0.0,,,0.0,,,0.0,,,0.0,,,0.0,,,0.0,,,0.0,,,0.0,,,0.0,,,0.0,,,0.0,,,0.0,,,0.0,,,0.0
DJI_20260917132051_0042_D.JPG,Cam 8,4,SWASTIKAPADAM,CORRECT,,RIGHT,rtmpose_m_halpe26,halpe_26,OK,180.3,36.2,0,0,1779.138916015625,873.2662353515625,0.8034417629241943,,,0.0,1719.620361328125,855.4107666015625,0.7517544031143188,,,0.0,,,0.0,1791.04248046875,849.4588623046875,0.8421764373779297,,,0.0,1672.005859375,885.1697998046875,1.0592095851898193,1814.849853515625,879.2181396484375,1.0449663400650024,,,0.0,,,0.0,1576.7763671875,1063.7249755859375,0.9249038100242615,1898.175537109375,1075.6285400390625,0.878926157951355,1398.221435546875,1272.0391845703125,0.9114686250686646,2088.634033203125,1283.9427490234375,0.9523967504501343,1654.150146484375,1533.9197998046875,0.7728433609008789,1838.656982421875,1527.9681396484375,0.7569276094436646,1725.572265625,1855.3187255859375,0.7609114646911621,1844.609130859375,1855.3187255859375,0.8025505542755127,1791.04248046875,2188.62158203125,0.8243192434310913,1808.898193359375,2194.57373046875,0.7808696627616882,1791.04248046875,2254.091796875,0.7871555685997009,1779.138916015625,2265.99560546875,0.774449348449707,1761.283203125,2224.33251953125,0.7987468242645264,1779.138916015625,2254.091796875,0.7156990170478821,,,0.0,,,0.0,,,0.0,,,0.0,,,0.0,,,0.0,,,0.0,,,0.0,,,0.0,,,0.0,,,0.0,,,0.0,,,0.0,,,0.0,,,0.0,,,0.0,,,0.0,,,0.0,,,0.0,,,0.0,,,0.0,,,0.0,,,0.0,,,0.0,,,0.0,,,0.0,,,0.0,,,0.0,,,0.0,,,0.0,,,0.0,,,0.0,,,0.0,,,0.0,,,0.0,,,0.0,,,0.0,,,0.0,,,0.0,,,0.0,,,0.0,,,0.0
DJI_20260917132053_0043_D.JPG,Cam 8,4,SWASTIKAPADAM,CORRECT,,RIGHT,rtmpose_m_halpe26,halpe_26,OK,151.77,28.92,0,0,1753.4351806640625,863.9696044921875,0.7981743812561035,,,0.0,1711.6976318359375,852.0445556640625,0.7636765241622925,,,0.0,,,0.0,1765.3599853515625,846.0821533203125,0.8653228282928467,,,0.0,1658.0352783203125,881.8570556640625,1.0448861122131348,1807.0975341796875,875.8946533203125,1.0344198942184448,,,0.0,,,0.0,1568.5977783203125,1060.7318115234375,0.9189101457595825,1890.5723876953125,1072.6568603515625,0.8768383264541626,1389.7230224609375,1275.3814697265625,0.8968256711959839,2087.3349609375,1281.3441162109375,0.929282009601593,1652.0728759765625,1549.6563720703125,0.778286337852478,1830.9473876953125,1537.7313232421875,0.7637020349502563,1711.6976318359375,1859.7059326171875,0.7457877397537231,1824.9849853515625,1853.7435302734375,0.7758387327194214,1783.2476806640625,2175.71826171875,0.8155403137207031,1801.1351318359375,2181.6806640625,0.7807235717773438,1789.2100830078125,2241.3056640625,0.7812252044677734,1771.3223876953125,2253.23046875,0.744166374206543,1741.5101318359375,2217.45556640625,0.7913131713867188,1735.5474853515625,2241.3056640625,0.7145501375198364,,,0.0,,,0.0,,,0.0,,,0.0,,,0.0,,,0.0,,,0.0,,,0.0,,,0.0,,,0.0,,,0.0,,,0.0,,,0.0,,,0.0,,,0.0,,,0.0,,,0.0,,,0.0,,,0.0,,,0.0,,,0.0,,,0.0,,,0.0,,,0.0,,,0.0,,,0.0,,,0.0,,,0.0,,,0.0,,,0.0,,,0.0,,,0.0,,,0.0,,,0.0,,,0.0,,,0.0,,,0.0,,,0.0,,,0.0,,,0.0,,,0.0,,,0.0
DJI_20260917132118_0044_D.JPG,Cam 8,5,SWASTIKAPADAM,CORRECT,,LEFT,rtmpose_m_halpe26,halpe_26,OK,179.3,32.18,0,0,1977.591064453125,870.026123046875,0.7634073495864868,,,0.0,1889.565185546875,858.289306640625,0.7361273765563965,,,0.0,,,0.0,1995.1962890625,846.552490234375,0.820229172706604,,,0.0,1871.9599609375,887.63134765625,1.0210022926330566,2024.5380859375,875.89453125,1.042004942893982,,,0.0,,,0.0,1801.539306640625,1057.814697265625,0.9163380861282349,2100.8271484375,1057.814697265625,0.8940533399581909,1625.48779296875,1274.945068359375,0.8834937810897827,2306.220703125,1263.208251953125,0.9661020040512085,1866.091796875,1539.0224609375,0.7801861763000488,2048.01171875,1539.0224609375,0.760025143623352,1866.091796875,1855.915283203125,0.7229495048522949,1989.327880859375,1850.047119140625,0.7383240461349487,1889.565185546875,2149.334716796875,0.7585420608520508,1942.380859375,2155.203125,0.770636796951294,1913.038818359375,2213.886962890625,0.7509808540344238,1930.64404296875,2225.623779296875,0.7534315586090088,1913.038818359375,2254.9658203125,0.7367944121360779,1907.17041015625,2243.22900390625,0.7375009059906006,,,0.0,,,0.0,,,0.0,,,0.0,,,0.0,,,0.0,,,0.0,,,0.0,,,0.0,,,0.0,,,0.0,,,0.0,,,0.0,,,0.0,,,0.0,,,0.0,,,0.0,,,0.0,,,0.0,,,0.0,,,0.0,,,0.0,,,0.0,,,0.0,,,0.0,,,0.0,,,0.0,,,0.0,,,0.0,,,0.0,,,0.0,,,0.0,,,0.0,,,0.0,,,0.0,,,0.0,,,0.0,,,0.0,,,0.0,,,0.0,,,0.0,,,0.0
DJI_20260917132120_0045_D.JPG,Cam 8,5,SWASTIKAPADAM,CORRECT,,LEFT,rtmpose_m_halpe26,halpe_26,OK,158.3,30.26,0,0,1970.6024169921875,880.6402587890625,0.8031015396118164,,,0.0,1900.1390380859375,868.8961181640625,0.7583949565887451,,,0.0,,,0.0,1994.0902099609375,857.1524658203125,0.821027398109436,,,0.0,1882.5233154296875,892.3839111328125,1.0424468517303467,2029.3221435546875,886.5120849609375,1.06703519821167,,,0.0,,,0.0,1806.1881103515625,1056.7984619140625,0.9302619099617004,2105.6572265625,1062.6705322265625,0.9024711847305298,1624.1578369140625,1274.0604248046875,0.8979620337486267,2305.30322265625,1268.1885986328125,0.9798303842544556,1864.9075927734375,1532.4259033203125,0.7874237298965454,2046.9378662109375,1526.5538330078125,0.7621883749961853,1864.9075927734375,1855.3829345703125,0.7390942573547363,1994.0902099609375,1849.5108642578125,0.7605447173118591,1894.2674560546875,2154.85205078125,0.7477035522460938,1935.3709716796875,2160.7236328125,0.7597956657409668,1917.7550048828125,2213.5712890625,0.7410107851028442,1917.7550048828125,2225.31494140625,0.7583801746368408,1923.6268310546875,2248.802734375,0.7253685593605042,1911.8831787109375,2242.93115234375,0.7267850637435913,,,0.0,,,0.0,,,0.0,,,0.0,,,0.0,,,0.0,,,0.0,,,0.0,,,0.0,,,0.0,,,0.0,,,0.0,,,0.0,,,0.0,,,0.0,,,0.0,,,0.0,,,0.0,,,0.0,,,0.0,,,0.0,,,0.0,,,0.0,,,0.0,,,0.0,,,0.0,,,0.0,,,0.0,,,0.0,,,0.0,,,0.0,,,0.0,,,0.0,,,0.0,,,0.0,,,0.0,,,0.0,,,0.0,,,0.0,,,0.0,,,0.0,,,0.0
DJI_20260917132154_0046_D.JPG,Cam 8,6,ARAMANDI,INCORRECT,INSUFFICIENT_KNEE_BEND,,rtmpose_m_halpe26,halpe_26,OK,152.92,33.12,0,0,1863.669677734375,762.869873046875,0.798112690448761,,,0.0,1801.220947265625,750.380126953125,0.7488245964050293,,,0.0,,,0.0,1901.138916015625,744.13525390625,0.8394436836242676,,,0.0,1776.241455078125,775.359619140625,1.0511654615402222,1919.87353515625,769.11474609375,1.077707290649414,,,0.0,,,0.0,1676.323486328125,962.705810546875,0.9211152195930481,2007.3017578125,962.705810546875,0.8683134317398071,1501.46728515625,1168.786376953125,0.8971651792526245,2207.137451171875,1168.786376953125,0.9411609768867493,1757.5068359375,1449.8056640625,0.7867914438247681,1951.097900390625,1443.560791015625,0.7681917548179626,1732.52734375,1818.253173828125,0.8577039241790771,1963.58740234375,1805.763427734375,0.8337953686714172,1788.731201171875,2180.45556640625,0.8961001634597778,1919.87353515625,2174.210693359375,0.8761806488037109,1819.95556640625,2236.659423828125,0.8544039726257324,1907.3837890625,2230.41455078125,0.7967084050178528,1651.343994140625,2211.679931640625,0.8546155691146851,2001.056640625,2199.190185546875,0.7897665500640869,,,0.0,,,0.0,,,0.0,,,0.0,,,0.0,,,0.0,,,0.0,,,0.0,,,0.0,,,0.0,,,0.0,,,0.0,,,0.0,,,0.0,,,0.0,,,0.0,,,0.0,,,0.0,,,0.0,,,0.0,,,0.0,,,0.0,,,0.0,,,0.0,,,0.0,,,0.0,,,0.0,,,0.0,,,0.0,,,0.0,,,0.0,,,0.0,,,0.0,,,0.0,,,0.0,,,0.0,,,0.0,,,0.0,,,0.0,,,0.0,,,0.0,,,0.0
DJI_20260917132156_0047_D.JPG,Cam 8,6,ARAMANDI,INCORRECT,INSUFFICIENT_KNEE_BEND,,rtmpose_m_halpe26,halpe_26,OK,182.85,24.98,0,0,1901.7822265625,787.844482421875,0.8066027164459229,,,0.0,1821.626953125,769.34716796875,0.7094730138778687,,,0.0,,,0.0,1914.11376953125,763.181396484375,0.87320476770401,,,0.0,1772.30078125,794.01025390625,1.0308825969696045,1907.947998046875,787.844482421875,1.0458896160125732,,,0.0,,,0.0,1679.81396484375,972.818115234375,0.9142891764640808,1994.26904296875,972.818115234375,0.8637900352478027,1501.006103515625,1176.2890625,0.9156743884086609,2197.739990234375,1182.454833984375,0.9560351371765137,1741.4716796875,1453.74951171875,0.7796695828437805,1944.94287109375,1447.583740234375,0.7642862200737,1722.974365234375,1829.8623046875,0.8729077577590942,1957.2744140625,1817.53076171875,0.8511801362037659,1778.46630859375,2199.8095703125,0.9171023964881897,1920.279541015625,2187.47802734375,0.8976660966873169,1803.129638671875,2255.3017578125,0.8764961957931519,1901.7822265625,2249.135986328125,0.8533046245574951,1648.98486328125,2218.30712890625,0.8525029420852661,2018.93212890625,2199.8095703125,0.8685875535011292,,,0.0,,,0.0,,,0.0,,,0.0,,,0.0,,,0.0,,,0.0,,,0.0,,,0.0,,,0.0,,,0.0,,,0.0,,,0.0,,,0.0,,,0.0,,,0.0,,,0.0,,,0.0,,,0.0,,,0.0,,,0.0,,,0.0,,,0.0,,,0.0,,,0.0,,,0.0,,,0.0,,,0.0,,,0.0,,,0.0,,,0.0,,,0.0,,,0.0,,,0.0,,,0.0,,,0.0,,,0.0,,,0.0,,,0.0,,,0.0,,,0.0,,,0.0
DJI_20260917132232_0048_D.JPG,Cam 8,7,ARAMANDI,INCORRECT,FEET_TOO_FAR_APART,,rtmpose_m_halpe26,halpe_26,OK,173.35,22.13,0,0,1842.7882080078125,881.180908203125,0.7291068434715271,,,0.0,1766.9554443359375,875.34765625,0.7252153158187866,,,0.0,,,0.0,1883.6209716796875,863.68115234375,0.8006459474563599,,,0.0,1749.4554443359375,898.680908203125,0.9841752052307129,1895.2877197265625,887.01416015625,1.050083875656128,,,0.0,,,0.0,1673.6229248046875,1073.679443359375,0.8879446983337402,1982.7869873046875,1073.679443359375,0.8594108819961548,1492.7908935546875,1283.677734375,0.9028892517089844,2175.28564453125,1289.51123046875,0.9302235841751099,1731.9556884765625,1552.00927734375,0.7467421889305115,1930.2874755859375,1552.00927734375,0.7394055128097534,1597.7899169921875,1843.67333984375,0.7267497777938843,2076.11962890625,1814.507080078125,0.7378326058387756,1702.7891845703125,2182.004150390625,0.90614914894104,2011.9534912109375,2176.1708984375,0.8655877113342285,1726.1224365234375,2234.50390625,0.8497799038887024,1988.6202392578125,2222.837158203125,0.8091822862625122,1562.7904052734375,2193.6708984375,0.8557454347610474,2128.619140625,2193.6708984375,0.868671715259552,,,0.0,,,0.0,,,0.0,,,0.0,,,0.0,,,0.0,,,0.0,,,0.0,,,0.0,,,0.0,,,0.0,,,0.0,,,0.0,,,0.0,,,0.0,,,0.0,,,0.0,,,0.0,,,0.0,,,0.0,,,0.0,,,0.0,,,0.0,,,0.0,,,0.0,,,0.0,,,0.0,,,0.0,,,0.0,,,0.0,,,0.0,,,0.0,,,0.0,,,0.0,,,0.0,,,0.0,,,0.0,,,0.0,,,0.0,,,0.0,,,0.0,,,0.0
DJI_20260917132234_0049_D.JPG,Cam 8,7,ARAMANDI,INCORRECT,FEET_TOO_FAR_APART,,rtmpose_m_halpe26,halpe_26,OK,186.51,29.44,0,0,1839.569091796875,895.94091796875,0.7503383159637451,,,0.0,1769.907470703125,884.33056640625,0.7595795392990112,,,0.0,,,0.0,1886.009765625,878.525390625,0.8232923746109009,,,0.0,1752.492431640625,907.551025390625,1.0110442638397217,1897.6201171875,895.94091796875,1.0860539674758911,,,0.0,,,0.0,1671.220703125,1081.704345703125,0.9112987518310547,1984.69677734375,1081.704345703125,0.8816057443618774,1491.262451171875,1290.6884765625,0.9193774461746216,2170.460205078125,1290.6884765625,0.9502536058425903,1729.27197265625,1563.528564453125,0.7647272348403931,1932.450927734375,1563.528564453125,0.7546926736831665,1584.14404296875,1842.173828125,0.7775006294250488,2100.799072265625,1807.34326171875,0.7679040431976318,1706.051513671875,2184.675537109375,0.9195505380630493,2019.527587890625,2178.870361328125,0.8935784697532654,1729.27197265625,2236.92138671875,0.8805509805679321,1990.501708984375,2231.116455078125,0.840274453163147,1566.728759765625,2202.0908203125,0.8791729211807251,2141.434814453125,2196.28564453125,0.9015084505081177,,,0.0,,,0.0,,,0.0,,,0.0,,,0.0,,,0.0,,,0.0,,,0.0,,,0.0,,,0.0,,,0.0,,,0.0,,,0.0,,,0.0,,,0.0,,,0.0,,,0.0,,,0.0,,,0.0,,,0.0,,,0.0,,,0.0,,,0.0,,,0.0,,,0.0,,,0.0,,,0.0,,,0.0,,,0.0,,,0.0,,,0.0,,,0.0,,,0.0,,,0.0,,,0.0,,,0.0,,,0.0,,,0.0,,,0.0,,,0.0,,,0.0,,,0.0
DJI_20260917132249_0050_D.JPG,Cam 8,8,ARAMANDI,INCORRECT,FEET_NOT_IN_LINE,,rtmpose_m_halpe26,halpe_26,OK,183.48,32.47,0,0,1845.5435791015625,899.54150390625,0.8170353770256042,,,0.0,1776.2374267578125,887.990234375,0.7889134287834167,,,0.0,,,0.0,1885.9720458984375,882.21484375,0.8394237756729126,,,0.0,1758.9107666015625,905.31689453125,1.0496058464050293,1903.2984619140625,899.54150390625,1.034172773361206,,,0.0,,,0.0,1683.8289794921875,1072.806884765625,0.9365429878234863,1984.1558837890625,1078.582275390625,0.8910031318664551,1510.5635986328125,1274.94970703125,0.9491434097290039,2168.97216796875,1286.5009765625,0.9761762619018555,1747.3597412109375,1523.296875,0.7901228666305542,1932.1763916015625,1517.521484375,0.7685519456863403,1764.6861572265625,1858.27685546875,0.7945681810379028,1932.1763916015625,1835.1748046875,0.8093377947807312,1805.1148681640625,2175.93017578125,0.7929822206497192,1926.4005126953125,2147.052490234375,0.8248205780982971,1833.9923095703125,2239.460693359375,0.7778577208518982,1926.4005126953125,2216.358642578125,0.8066030740737915,1764.6861572265625,2187.481201171875,0.7878752946853638,1932.1763916015625,2181.70556640625,0.7214490175247192,,,0.0,,,0.0,,,0.0,,,0.0,,,0.0,,,0.0,,,0.0,,,0.0,,,0.0,,,0.0,,,0.0,,,0.0,,,0.0,,,0.0,,,0.0,,,0.0,,,0.0,,,0.0,,,0.0,,,0.0,,,0.0,,,0.0,,,0.0,,,0.0,,,0.0,,,0.0,,,0.0,,,0.0,,,0.0,,,0.0,,,0.0,,,0.0,,,0.0,,,0.0,,,0.0,,,0.0,,,0.0,,,0.0,,,0.0,,,0.0,,,0.0,,,0.0
DJI_20260917132251_0051_D.JPG,Cam 8,8,ARAMANDI,INCORRECT,FEET_NOT_IN_LINE,,rtmpose_m_halpe26,halpe_26,OK,186.89,32.27,0,0,1840.6064453125,905.392578125,0.8178189992904663,,,0.0,1782.853515625,893.841796875,0.7695760130882263,,,0.0,,,0.0,1881.033203125,888.066650390625,0.8394309282302856,,,0.0,1753.97705078125,911.167724609375,1.0344526767730713,1892.583984375,905.392578125,1.035508632659912,,,0.0,,,0.0,1678.898681640625,1078.65087890625,0.9325213432312012,1967.662353515625,1084.426025390625,0.8878867626190186,1499.864990234375,1286.560546875,0.9353361129760742,2158.24658203125,1286.560546875,0.9693216681480408,1742.4267578125,1529.122314453125,0.7806516885757446,1927.2353515625,1523.34716796875,0.7599589228630066,1759.75244140625,1858.31298828125,0.7934949398040771,1938.7861328125,1846.762451171875,0.8240851163864136,1800.179443359375,2181.728515625,0.7855368852615356,1927.2353515625,2158.62744140625,0.8374293446540833,1823.280517578125,2245.256591796875,0.7744765281677246,1927.2353515625,2222.155517578125,0.8045633435249329,1777.078369140625,2181.728515625,0.7552167177200317,1933.0107421875,2181.728515625,0.713670015335083,,,0.0,,,0.0,,,0.0,,,0.0,,,0.0,,,0.0,,,0.0,,,0.0,,,0.0,,,0.0,,,0.0,,,0.0,,,0.0,,,0.0,,,0.0,,,0.0,,,0.0,,,0.0,,,0.0,,,0.0,,,0.0,,,0.0,,,0.0,,,0.0,,,0.0,,,0.0,,,0.0,,,0.0,,,0.0,,,0.0,,,0.0,,,0.0,,,0.0,,,0.0,,,0.0,,,0.0,,,0.0,,,0.0,,,0.0,,,0.0,,,0.0,,,0.0
DJI_20260917132329_0052_D.JPG,Cam 8,9,SAMAPADHAM,INCORRECT,FEET_TOO_FAR_APART,,rtmpose_m_halpe26,halpe_26,OK,199.7,24.59,0,0,1856.1112060546875,738.104736328125,0.8477240800857544,,,0.0,1811.5660400390625,725.377685546875,0.7684786915779114,,,0.0,,,0.0,1875.2020263671875,712.650390625,0.8794083595275879,,,0.0,1760.6573486328125,744.46826171875,1.058398962020874,1900.6563720703125,744.46826171875,1.0670602321624756,,,0.0,,,0.0,1671.5670166015625,929.0126953125,0.9349217414855957,1989.7464599609375,929.0126953125,0.8904581069946289,1493.3865966796875,1139.01123046875,0.9062535166740417,2187.01806640625,1139.01123046875,0.9480113983154297,1741.5665283203125,1419.00927734375,0.8066657781600952,1945.2015380859375,1419.00927734375,0.7877576351165771,1716.1121826171875,1794.4609375,0.8749608397483826,1989.7464599609375,1781.73388671875,0.9142705202102661,1728.8392333984375,2157.185791015625,0.9408010244369507,1983.3831787109375,2144.458740234375,0.913738489151001,1735.2030029296875,2233.548828125,0.9037023782730103,1970.6558837890625,2220.82177734375,0.8850058317184448,1741.5665283203125,2169.9130859375,0.811501681804657,1977.0194091796875,2150.822265625,0.7829924821853638,,,0.0,,,0.0,,,0.0,,,0.0,,,0.0,,,0.0,,,0.0,,,0.0,,,0.0,,,0.0,,,0.0,,,0.0,,,0.0,,,0.0,,,0.0,,,0.0,,,0.0,,,0.0,,,0.0,,,0.0,,,0.0,,,0.0,,,0.0,,,0.0,,,0.0,,,0.0,,,0.0,,,0.0,,,0.0,,,0.0,,,0.0,,,0.0,,,0.0,,,0.0,,,0.0,,,0.0,,,0.0,,,0.0,,,0.0,,,0.0,,,0.0,,,0.0
DJI_20260917132332_0053_D.JPG,Cam 8,9,SAMAPADHAM,INCORRECT,FEET_TOO_FAR_APART,,rtmpose_m_halpe26,halpe_26,OK,176.0,27.74,0,0,1857.902099609375,760.242919921875,0.8494549989700317,,,0.0,1813.568359375,747.576171875,0.7764756679534912,,,0.0,,,0.0,1876.90234375,734.909423828125,0.8567144870758057,,,0.0,1762.90087890625,766.576416015625,1.0662200450897217,1902.236083984375,766.576416015625,1.0794098377227783,,,0.0,,,0.0,1674.2333984375,943.911865234375,0.9274802803993225,1990.90380859375,950.245361328125,0.8853982090950012,1496.89794921875,1159.247802734375,0.8959562182426453,2187.239501953125,1152.914306640625,0.9497548341751099,1743.90087890625,1437.917724609375,0.7902631163597107,1946.56982421875,1431.584228515625,0.7728790044784546,1718.567138671875,1811.5888671875,0.8810440301895142,1984.5703125,1798.922119140625,0.90653395652771,1718.567138671875,2178.926513671875,0.948506236076355,1984.5703125,2172.59326171875,0.8996672630310059,1724.900634765625,2254.927490234375,0.9435875415802002,1971.9033203125,2248.59423828125,0.9052903652191162,1724.900634765625,2191.593505859375,0.8101588487625122,1965.5703125,2172.59326171875,0.7866940498352051,,,0.0,,,0.0,,,0.0,,,0.0,,,0.0,,,0.0,,,0.0,,,0.0,,,0.0,,,0.0,,,0.0,,,0.0,,,0.0,,,0.0,,,0.0,,,0.0,,,0.0,,,0.0,,,0.0,,,0.0,,,0.0,,,0.0,,,0.0,,,0.0,,,0.0,,,0.0,,,0.0,,,0.0,,,0.0,,,0.0,,,0.0,,,0.0,,,0.0,,,0.0,,,0.0,,,0.0,,,0.0,,,0.0,,,0.0,,,0.0,,,0.0,,,0.0
DJI_20260917132546_0054_D.JPG,Cam 8,10,SAMAPADHAM,INCORRECT,FEET_NOT_ALIGNED,,rtmpose_m_halpe26,halpe_26,OK,175.17,22.76,0,0,1873.9205322265625,752.4134521484375,0.8664759397506714,,,0.0,1829.8350830078125,746.1153564453125,0.7670812606811523,,,0.0,,,0.0,1892.8143310546875,733.5196533203125,0.8881781697273254,,,0.0,1785.7496337890625,765.0091552734375,1.085568904876709,1918.0059814453125,765.0091552734375,1.097176194190979,,,0.0,,,0.0,1697.5787353515625,941.3509521484375,0.9600423574447632,2006.1768798828125,941.3509521484375,0.9119095802307129,1527.5347900390625,1155.4805908203125,0.9327802658081055,2201.41259765625,1149.1824951171875,0.9937107563018799,1779.4517822265625,1426.2913818359375,0.8362123966217041,1955.7935791015625,1426.2913818359375,0.8169056177139282,1792.0474853515625,1791.5709228515625,0.908242404460907,1949.4957275390625,1785.2728271484375,0.8990355134010315,1810.9412841796875,2131.65869140625,0.9465811252593994,1924.3038330078125,2125.36083984375,0.946803092956543,1823.5372314453125,2200.93603515625,0.8698064088821411,1911.7081298828125,2194.63818359375,0.907332181930542,1773.1536865234375,2169.4462890625,0.869009256362915,1968.3892822265625,2150.552734375,0.896658182144165,,,0.0,,,0.0,,,0.0,,,0.0,,,0.0,,,0.0,,,0.0,,,0.0,,,0.0,,,0.0,,,0.0,,,0.0,,,0.0,,,0.0,,,0.0,,,0.0,,,0.0,,,0.0,,,0.0,,,0.0,,,0.0,,,0.0,,,0.0,,,0.0,,,0.0,,,0.0,,,0.0,,,0.0,,,0.0,,,0.0,,,0.0,,,0.0,,,0.0,,,0.0,,,0.0,,,0.0,,,0.0,,,0.0,,,0.0,,,0.0,,,0.0,,,0.0
DJI_20260917132548_0055_D.JPG,Cam 8,10,SAMAPADHAM,INCORRECT,FEET_NOT_ALIGNED,,rtmpose_m_halpe26,halpe_26,OK,153.93,32.17,0,0,1864.4595947265625,775.279052734375,0.8537262678146362,,,0.0,1821.0206298828125,762.867919921875,0.776522159576416,,,0.0,,,0.0,1889.2818603515625,756.662353515625,0.8762929439544678,,,0.0,1777.5814208984375,781.484619140625,1.0824668407440186,1914.1041259765625,781.484619140625,1.0787746906280518,,,0.0,,,0.0,1696.9088134765625,955.24072265625,0.9404272437095642,2000.9820556640625,961.4462890625,0.9008097052574158,1529.3582763671875,1166.23046875,0.9329151511192322,2193.35498046875,1160.02490234375,0.9829062223434448,1765.1702880859375,1433.0703125,0.8147326707839966,1951.3375244140625,1433.0703125,0.7909303307533264,1783.7869873046875,1799.19921875,0.8982533812522888,1938.9263916015625,1799.19921875,0.8994013667106628,1808.6092529296875,2146.71142578125,0.9340104460716248,1914.1041259765625,2146.71142578125,0.9404838681221008,1821.0206298828125,2214.97265625,0.865604043006897,1901.6929931640625,2208.76708984375,0.929795503616333,1777.5814208984375,2177.7392578125,0.851019561290741,1969.9542236328125,2152.9169921875,0.8908462524414062,,,0.0,,,0.0,,,0.0,,,0.0,,,0.0,,,0.0,,,0.0,,,0.0,,,0.0,,,0.0,,,0.0,,,0.0,,,0.0,,,0.0,,,0.0,,,0.0,,,0.0,,,0.0,,,0.0,,,0.0,,,0.0,,,0.0,,,0.0,,,0.0,,,0.0,,,0.0,,,0.0,,,0.0,,,0.0,,,0.0,,,0.0,,,0.0,,,0.0,,,0.0,,,0.0,,,0.0,,,0.0,,,0.0,,,0.0,,,0.0,,,0.0,,,0.0
DJI_20260917132607_0056_D.JPG,Cam 8,11,SAMAPADHAM,INCORRECT,WEIGHT_ON_ONE_LEG,,rtmpose_m_halpe26,halpe_26,OK,166.41,24.15,0,0,1912.54248046875,731.0262451171875,0.8256692886352539,,,0.0,1861.2900390625,718.2132568359375,0.7736668586730957,,,0.0,,,0.0,1938.1689453125,711.8067626953125,0.841465175151825,,,0.0,1822.8505859375,737.4329833984375,1.091686487197876,1963.794921875,743.8394775390625,1.0780056715011597,,,0.0,,,0.0,1733.15869140625,923.2235107421875,0.9372921586036682,2059.8935546875,929.6297607421875,0.907802939414978,1540.9619140625,1134.6400146484375,0.909625768661499,2245.68408203125,1141.0465087890625,0.9636794328689575,1797.224365234375,1429.3421630859375,0.8072272539138794,1989.42138671875,1429.3421630859375,0.7945032119750977,1765.19140625,1800.9227294921875,0.8966547250747681,1963.794921875,1794.5162353515625,0.8618882298469543,1784.4111328125,2159.6904296875,0.9595398902893066,1931.76220703125,2153.2841796875,0.9526892304420471,1810.03759765625,2230.16259765625,0.9182747006416321,1925.355712890625,2217.349609375,0.9250373840332031,1707.532470703125,2146.87744140625,0.9255880117416382,1918.94921875,2153.2841796875,0.8778567314147949,,,0.0,,,0.0,,,0.0,,,0.0,,,0.0,,,0.0,,,0.0,,,0.0,,,0.0,,,0.0,,,0.0,,,0.0,,,0.0,,,0.0,,,0.0,,,0.0,,,0.0,,,0.0,,,0.0,,,0.0,,,0.0,,,0.0,,,0.0,,,0.0,,,0.0,,,0.0,,,0.0,,,0.0,,,0.0,,,0.0,,,0.0,,,0.0,,,0.0,,,0.0,,,0.0,,,0.0,,,0.0,,,0.0,,,0.0,,,0.0,,,0.0,,,0.0
DJI_20260917132608_0057_D.JPG,Cam 8,11,SAMAPADHAM,INCORRECT,WEIGHT_ON_ONE_LEG,,rtmpose_m_halpe26,halpe_26,OK,187.53,24.17,0,0,1906.679443359375,729.35302734375,0.8107632398605347,,,0.0,1861.652099609375,716.488037109375,0.7692524194717407,,,0.0,,,0.0,1919.544677734375,703.623046875,0.8521753549575806,,,0.0,1823.057373046875,735.785400390625,1.0680549144744873,1964.572021484375,742.218017578125,1.0837591886520386,,,0.0,,,0.0,1733.002685546875,922.327392578125,0.9397670030593872,2061.05908203125,928.760009765625,0.9089134335517883,1540.0283203125,1134.599365234375,0.9021975994110107,2241.168701171875,1141.03173828125,0.9493336081504822,1797.327392578125,1430.493408203125,0.8112767934799194,1990.302001953125,1430.493408203125,0.795964241027832,1771.59765625,1803.576904296875,0.8857678174972534,1964.572021484375,1790.712158203125,0.837922215461731,1790.89501953125,2157.363525390625,0.9434654116630554,1925.97705078125,2150.930908203125,0.9376716613769531,1810.192626953125,2228.120849609375,0.8994935750961304,1919.544677734375,2215.255615234375,0.8895730972290039,1707.272705078125,2150.930908203125,0.8894242644309998,1919.544677734375,2157.363525390625,0.8394643068313599,,,0.0,,,0.0,,,0.0,,,0.0,,,0.0,,,0.0,,,0.0,,,0.0,,,0.0,,,0.0,,,0.0,,,0.0,,,0.0,,,0.0,,,0.0,,,0.0,,,0.0,,,0.0,,,0.0,,,0.0,,,0.0,,,0.0,,,0.0,,,0.0,,,0.0,,,0.0,,,0.0,,,0.0,,,0.0,,,0.0,,,0.0,,,0.0,,,0.0,,,0.0,,,0.0,,,0.0,,,0.0,,,0.0,,,0.0,,,0.0,,,0.0,,,0.0
DJI_20260917132638_0058_D.JPG,Cam 8,12,MUZHUMANDI,INCORRECT,KNEES_FACING_FORWARD,,rtmpose_m_halpe26,halpe_26,OK,184.24,32.99,0,0,1902.2760009765625,1338.9547119140625,0.6002035737037659,,,0.0,1762.1458740234375,1325.8175048828125,0.7027651071548462,,,0.0,,,0.0,1911.0340576171875,1317.0594482421875,0.6999045014381409,,,0.0,1757.7667236328125,1352.0919189453125,0.9957422018051147,1928.5504150390625,1343.3338623046875,1.0381661653518677,,,0.0,,,0.0,1696.4600830078125,1509.7381591796875,0.9087587594985962,1998.6153564453125,1518.4962158203125,0.9367428421974182,1508.1602783203125,1724.3121337890625,0.933516263961792,2186.9150390625,1724.3121337890625,0.9379863739013672,1753.3878173828125,2022.0885009765625,0.7118122577667236,1941.6876220703125,2022.0885009765625,0.7083231210708618,1586.9835205078125,1899.4747314453125,0.7375485897064209,2129.9873046875,1899.4747314453125,0.7531083822250366,1727.1134033203125,2227.904296875,0.663509726524353,1967.9620361328125,2219.146484375,0.684745192527771,1766.5250244140625,2280.453125,0.5499919056892395,1954.8248291015625,2302.3486328125,0.5735799074172974,1657.0484619140625,2311.10693359375,0.49842625856399536,2068.68017578125,2297.9697265625,0.5229928493499756,,,0.0,,,0.0,,,0.0,,,0.0,,,0.0,,,0.0,,,0.0,,,0.0,,,0.0,,,0.0,,,0.0,,,0.0,,,0.0,,,0.0,,,0.0,,,0.0,,,0.0,,,0.0,,,0.0,,,0.0,,,0.0,,,0.0,,,0.0,,,0.0,,,0.0,,,0.0,,,0.0,,,0.0,,,0.0,,,0.0,,,0.0,,,0.0,,,0.0,,,0.0,,,0.0,,,0.0,,,0.0,,,0.0,,,0.0,,,0.0,,,0.0,,,0.0
DJI_20260917132640_0059_D.JPG,Cam 8,12,MUZHUMANDI,INCORRECT,KNEES_FACING_FORWARD,,rtmpose_m_halpe26,halpe_26,OK,189.37,29.99,0,0,1897.963134765625,1343.5853271484375,0.5751558542251587,,,0.0,1756.97119140625,1330.3673095703125,0.6729724407196045,,,0.0,,,0.0,1911.18115234375,1321.5552978515625,0.6533445715904236,,,0.0,1752.565185546875,1356.8033447265625,0.9646350145339966,1933.211181640625,1352.3973388671875,1.0097041130065918,,,0.0,,,0.0,1695.287353515625,1515.4193115234375,0.90156090259552,1999.301025390625,1524.2313232421875,0.9361605048179626,1505.8291015625,1726.9073486328125,0.9389280080795288,2184.353271484375,1726.9073486328125,0.9385356903076172,1756.97119140625,2039.7332763671875,0.7172681093215942,1946.42919921875,2044.1392822265625,0.7111713886260986,1589.543212890625,1889.9293212890625,0.7337151169776917,2127.0751953125,1889.9293212890625,0.7150121927261353,1726.129150390625,2238.0029296875,0.6482268571853638,1964.05322265625,2224.78515625,0.6446683406829834,1774.59521484375,2290.875,0.5159264802932739,1968.459228515625,2312.9052734375,0.5439714789390564,1633.603271484375,2343.7470703125,0.5136011838912964,2069.797119140625,2312.9052734375,0.4675704836845398,,,0.0,,,0.0,,,0.0,,,0.0,,,0.0,,,0.0,,,0.0,,,0.0,,,0.0,,,0.0,,,0.0,,,0.0,,,0.0,,,0.0,,,0.0,,,0.0,,,0.0,,,0.0,,,0.0,,,0.0,,,0.0,,,0.0,,,0.0,,,0.0,,,0.0,,,0.0,,,0.0,,,0.0,,,0.0,,,0.0,,,0.0,,,0.0,,,0.0,,,0.0,,,0.0,,,0.0,,,0.0,,,0.0,,,0.0,,,0.0,,,0.0,,,0.0
DJI_20260917132713_0060_D.JPG,Cam 8,13,MUZHUMANDI,INCORRECT,BACK_BENT_FORWARD,,rtmpose_m_halpe26,halpe_26,OK,184.93,25.17,0,0,1788.296875,1371.646240234375,0.6370373368263245,,,0.0,1770.63671875,1353.986328125,0.8067759871482849,,,0.0,,,0.0,1911.9169921875,1349.5712890625,0.6935615539550781,,,0.0,1779.466796875,1380.476318359375,1.0032470226287842,1938.406982421875,1376.061279296875,1.0234134197235107,,,0.0,,,0.0,1726.48681640625,1508.511474609375,0.8934576511383057,2009.047119140625,1517.341552734375,0.9213723540306091,1541.056640625,1711.601806640625,0.9345273971557617,2194.4775390625,1711.601806640625,0.9470567107200623,1761.806884765625,1985.33203125,0.7256565093994141,1960.482177734375,1989.7470703125,0.7064425349235535,1488.07666015625,1941.181884765625,0.8489004373550415,2229.79736328125,1927.93701171875,0.7472823858261108,1735.31689453125,2188.42236328125,0.6640795469284058,2000.21728515625,2184.00732421875,0.6145894527435303,1779.466796875,2219.327392578125,0.58399498462677,1969.31201171875,2232.572509765625,0.5684609413146973,1655.8466796875,2289.967529296875,0.5369242429733276,2150.3271484375,2267.892333984375,0.3717089891433716,,,0.0,,,0.0,,,0.0,,,0.0,,,0.0,,,0.0,,,0.0,,,0.0,,,0.0,,,0.0,,,0.0,,,0.0,,,0.0,,,0.0,,,0.0,,,0.0,,,0.0,,,0.0,,,0.0,,,0.0,,,0.0,,,0.0,,,0.0,,,0.0,,,0.0,,,0.0,,,0.0,,,0.0,,,0.0,,,0.0,,,0.0,,,0.0,,,0.0,,,0.0,,,0.0,,,0.0,,,0.0,,,0.0,,,0.0,,,0.0,,,0.0,,,0.0
DJI_20260917132714_0061_D.JPG,Cam 8,13,MUZHUMANDI,INCORRECT,BACK_BENT_FORWARD,,rtmpose_m_halpe26,halpe_26,OK,184.14,34.88,0,0,1862.68310546875,1372.856689453125,0.5896058082580566,,,0.0,1793.9462890625,1349.9443359375,0.6460043787956238,,,0.0,,,0.0,1916.14501953125,1349.9443359375,0.6221784353256226,,,0.0,1786.30859375,1380.493896484375,0.9377177953720093,1939.05712890625,1380.493896484375,0.9945669174194336,,,0.0,,,0.0,1725.20947265625,1514.14892578125,0.8274078369140625,2007.7939453125,1525.605224609375,0.8779218196868896,1534.273681640625,1716.540771484375,0.9262496829032898,2198.729736328125,1727.996826171875,0.9451953172683716,1759.57763671875,1980.031982421875,0.6938230395317078,1950.513427734375,1980.031982421875,0.666875958442688,1480.811767578125,1949.482177734375,0.8164631724357605,2214.00439453125,1941.844970703125,0.7784252166748047,1736.66552734375,2182.423583984375,0.630781888961792,1988.700439453125,2197.698486328125,0.5853828191757202,1782.489990234375,2193.8798828125,0.4888487756252289,1958.15087890625,2232.067138671875,0.48310697078704834,1660.291259765625,2308.441162109375,0.4813498258590698,2133.8115234375,2266.435302734375,0.38067370653152466,,,0.0,,,0.0,,,0.0,,,0.0,,,0.0,,,0.0,,,0.0,,,0.0,,,0.0,,,0.0,,,0.0,,,0.0,,,0.0,,,0.0,,,0.0,,,0.0,,,0.0,,,0.0,,,0.0,,,0.0,,,0.0,,,0.0,,,0.0,,,0.0,,,0.0,,,0.0,,,0.0,,,0.0,,,0.0,,,0.0,,,0.0,,,0.0,,,0.0,,,0.0,,,0.0,,,0.0,,,0.0,,,0.0,,,0.0,,,0.0,,,0.0,,,0.0
DJI_20260917132754_0062_D.JPG,Cam 8,14,MUZHUMANDI,INCORRECT,FEET_APART_HEEL_DOWN,,rtmpose_m_halpe26,halpe_26,OK,183.36,31.82,0,0,1946.8154296875,1373.10302734375,0.6042765378952026,,,0.0,1828.123046875,1353.321044921875,0.7907450199127197,,,0.0,,,0.0,1962.640869140625,1349.364501953125,0.6979707479476929,,,0.0,1836.035888671875,1381.015869140625,1.007053256034851,1986.37939453125,1377.0595703125,1.0513975620269775,,,0.0,,,0.0,1768.77685546875,1535.31591796875,0.8878210783004761,2065.507568359375,1543.228515625,0.9176332950592041,1606.564208984375,1721.26708984375,0.9109100103378296,2223.763916015625,1729.179931640625,0.9359426498413086,1820.210205078125,1998.2158203125,0.6970404386520386,2006.16162109375,1998.2158203125,0.6949853301048279,1563.043701171875,1875.56689453125,0.8630822896957397,2251.458984375,1887.436279296875,0.7176209092140198,1748.994873046875,2184.1669921875,0.701126217842102,2112.984619140625,2176.254150390625,0.6934047937393188,1796.471923828125,2227.6875,0.6308826208114624,2085.289794921875,2227.6875,0.6290392279624939,1614.476806640625,2192.079833984375,0.7407462000846863,2180.243408203125,2184.1669921875,0.6297320127487183,,,0.0,,,0.0,,,0.0,,,0.0,,,0.0,,,0.0,,,0.0,,,0.0,,,0.0,,,0.0,,,0.0,,,0.0,,,0.0,,,0.0,,,0.0,,,0.0,,,0.0,,,0.0,,,0.0,,,0.0,,,0.0,,,0.0,,,0.0,,,0.0,,,0.0,,,0.0,,,0.0,,,0.0,,,0.0,,,0.0,,,0.0,,,0.0,,,0.0,,,0.0,,,0.0,,,0.0,,,0.0,,,0.0,,,0.0,,,0.0,,,0.0,,,0.0
DJI_20260917132756_0063_D.JPG,Cam 8,14,MUZHUMANDI,INCORRECT,FEET_APART_HEEL_DOWN,,rtmpose_m_halpe26,halpe_26,OK,171.57,32.67,0,0,1846.80908203125,1380.444580078125,0.664368212223053,,,0.0,1830.923095703125,1368.5302734375,0.8353744745254517,,,0.0,,,0.0,1958.009765625,1356.61572265625,0.6234503984451294,,,0.0,1842.83740234375,1380.444580078125,1.0301262140274048,1989.781494140625,1380.444580078125,1.0836200714111328,,,0.0,,,0.0,1775.32275390625,1519.445556640625,0.8751934766769409,2073.18212890625,1527.388671875,0.8920960426330566,1604.5498046875,1714.04736328125,0.909885048866272,2228.069091796875,1721.990234375,0.9275736808776855,1815.037109375,1992.049560546875,0.6945086121559143,2005.66748046875,1992.049560546875,0.6795268058776855,1564.835205078125,1860.991455078125,0.837522029876709,2251.89794921875,1876.877197265625,0.7082509994506836,1739.57958984375,2174.73681640625,0.715011715888977,2108.92529296875,2158.850830078125,0.6850293278694153,1787.237060546875,2222.394287109375,0.6489063501358032,2081.125,2214.451416015625,0.6325725317001343,1612.49267578125,2194.593994140625,0.7929410934448242,2176.440185546875,2182.6796875,0.6243249773979187,,,0.0,,,0.0,,,0.0,,,0.0,,,0.0,,,0.0,,,0.0,,,0.0,,,0.0,,,0.0,,,0.0,,,0.0,,,0.0,,,0.0,,,0.0,,,0.0,,,0.0,,,0.0,,,0.0,,,0.0,,,0.0,,,0.0,,,0.0,,,0.0,,,0.0,,,0.0,,,0.0,,,0.0,,,0.0,,,0.0,,,0.0,,,0.0,,,0.0,,,0.0,,,0.0,,,0.0,,,0.0,,,0.0,,,0.0,,,0.0,,,0.0,,,0.0
DJI_20260917132812_0064_D.JPG,Cam 8,15,SWASTIKAPADAM,INCORRECT,OVERCROSSING_SHINS,RIGHT,rtmpose_m_halpe26,halpe_26,OK,189.23,36.67,0,0,1718.931640625,871.489501953125,0.8253281712532043,,,0.0,1665.654541015625,865.56982421875,0.7839299440383911,,,0.0,,,0.0,1742.6103515625,853.73046875,0.8832813501358032,,,0.0,1630.136474609375,883.328857421875,1.0471632480621338,1778.128173828125,871.489501953125,1.0716443061828613,,,0.0,,,0.0,1547.26123046875,1060.918701171875,0.9311965703964233,1855.083740234375,1060.918701171875,0.8873082399368286,1369.671142578125,1268.10693359375,0.8883892297744751,2038.59326171875,1268.10693359375,0.9070726037025452,1618.297119140625,1528.572265625,0.793770432472229,1789.96728515625,1528.572265625,0.7642927169799805,1653.815185546875,1854.15380859375,0.7713492512702942,1748.52978515625,1848.234130859375,0.7782593965530396,1784.0478515625,2156.056884765625,0.8045786619186401,1665.654541015625,2173.815673828125,0.8211363554000854,1789.96728515625,2221.173095703125,0.7980934381484985,1659.73486328125,2238.93212890625,0.8090171813964844,1807.7265625,2227.0927734375,0.6965141296386719,1636.05615234375,2274.4501953125,0.7701621055603027,,,0.0,,,0.0,,,0.0,,,0.0,,,0.0,,,0.0,,,0.0,,,0.0,,,0.0,,,0.0,,,0.0,,,0.0,,,0.0,,,0.0,,,0.0,,,0.0,,,0.0,,,0.0,,,0.0,,,0.0,,,0.0,,,0.0,,,0.0,,,0.0,,,0.0,,,0.0,,,0.0,,,0.0,,,0.0,,,0.0,,,0.0,,,0.0,,,0.0,,,0.0,,,0.0,,,0.0,,,0.0,,,0.0,,,0.0,,,0.0,,,0.0,,,0.0
DJI_20260917132813_0065_D.JPG,Cam 8,15,SWASTIKAPADAM,INCORRECT,OVERCROSSING_SHINS,RIGHT,rtmpose_m_halpe26,halpe_26,OK,173.72,33.77,0,0,1723.109375,874.57080078125,0.8489365577697754,,,0.0,1675.6796875,862.71337890625,0.7888481616973877,,,0.0,,,0.0,1740.8955078125,850.85595703125,0.9033908843994141,,,0.0,1634.1787109375,886.42822265625,1.0657832622528076,1776.4677734375,874.57080078125,1.0948162078857422,,,0.0,,,0.0,1539.3193359375,1058.36083984375,0.9374090433120728,1853.540771484375,1058.36083984375,0.9004909992218018,1361.4580078125,1271.794189453125,0.8892300128936768,2037.330810546875,1271.794189453125,0.8914748430252075,1616.392578125,1538.586181640625,0.8055977821350098,1788.3251953125,1538.586181640625,0.7809025049209595,1651.96484375,1852.807861328125,0.7533589601516724,1740.8955078125,1852.807861328125,0.7887275218963623,1782.396240234375,2137.385986328125,0.8253281116485596,1663.822265625,2190.744384765625,0.8611874580383301,1782.396240234375,2208.530517578125,0.7726643085479736,1646.0361328125,2255.960205078125,0.8305836915969849,1841.68359375,2220.387939453125,0.7074397802352905,1646.0361328125,2297.461181640625,0.8046681880950928,,,0.0,,,0.0,,,0.0,,,0.0,,,0.0,,,0.0,,,0.0,,,0.0,,,0.0,,,0.0,,,0.0,,,0.0,,,0.0,,,0.0,,,0.0,,,0.0,,,0.0,,,0.0,,,0.0,,,0.0,,,0.0,,,0.0,,,0.0,,,0.0,,,0.0,,,0.0,,,0.0,,,0.0,,,0.0,,,0.0,,,0.0,,,0.0,,,0.0,,,0.0,,,0.0,,,0.0,,,0.0,,,0.0,,,0.0,,,0.0,,,0.0,,,0.0
DJI_20260917132845_0066_D.JPG,Cam 8,16,SWASTIKAPADAM,INCORRECT,OVERCROSSING_SHINS,LEFT,rtmpose_m_halpe26,halpe_26,OK,184.63,23.83,0,0,2007.4312744140625,845.5194091796875,0.820281982421875,,,0.0,1934.9447021484375,833.4383544921875,0.7453376054763794,,,0.0,,,0.0,2019.5123291015625,827.3978271484375,0.850257396697998,,,0.0,1898.7015380859375,857.6004638671875,1.0314795970916748,2043.6744384765625,851.5599365234375,1.0677616596221924,,,0.0,,,0.0,1820.1744384765625,1032.7760009765625,0.9183144569396973,2128.2421875,1038.8167724609375,0.8907781839370728,1651.0394287109375,1244.1949462890625,0.8524022102355957,2333.6201171875,1226.0733642578125,0.9377550482749939,1898.7015380859375,1516.0191650390625,0.7894775867462158,2079.91748046875,1503.9381103515625,0.7669116258621216,1928.9041748046875,1848.2489013671875,0.7506675720214844,2037.6339111328125,1824.0867919921875,0.7196965217590332,2085.9580078125,2162.35693359375,0.8562992811203003,1934.9447021484375,2114.03271484375,0.8199589848518372,2122.201171875,2228.802734375,0.8045568466186523,1934.9447021484375,2180.478515625,0.8213361501693726,2152.40380859375,2313.37060546875,0.8153102397918701,1886.6202392578125,2198.60009765625,0.822158932685852,,,0.0,,,0.0,,,0.0,,,0.0,,,0.0,,,0.0,,,0.0,,,0.0,,,0.0,,,0.0,,,0.0,,,0.0,,,0.0,,,0.0,,,0.0,,,0.0,,,0.0,,,0.0,,,0.0,,,0.0,,,0.0,,,0.0,,,0.0,,,0.0,,,0.0,,,0.0,,,0.0,,,0.0,,,0.0,,,0.0,,,0.0,,,0.0,,,0.0,,,0.0,,,0.0,,,0.0,,,0.0,,,0.0,,,0.0,,,0.0,,,0.0,,,0.0
DJI_20260917132847_0067_D.JPG,Cam 8,16,SWASTIKAPADAM,INCORRECT,OVERCROSSING_SHINS,LEFT,rtmpose_m_halpe26,halpe_26,OK,171.41,34.31,0,0,2005.539306640625,839.9190673828125,0.812474250793457,,,0.0,1932.838134765625,833.8607177734375,0.7493139505386353,,,0.0,,,0.0,2017.65625,821.7437744140625,0.8422993421554565,,,0.0,1896.487548828125,858.0943603515625,1.0299696922302246,2041.889892578125,845.9776611328125,1.0658141374588013,,,0.0,,,0.0,1817.727783203125,1033.7891845703125,0.9077309370040894,2126.708251953125,1033.7891845703125,0.8840848803520203,1648.09130859375,1251.8931884765625,0.8457434177398682,2332.695068359375,1227.6593017578125,0.937523365020752,1896.487548828125,1512.4063720703125,0.7754852175712585,2084.299072265625,1500.2894287109375,0.753128707408905,1926.779541015625,1845.6207275390625,0.7038379907608032,2035.831787109375,1815.3282470703125,0.6860170364379883,2084.299072265625,2184.8935546875,0.8234205842018127,1938.896484375,2100.0751953125,0.7697655558586121,2114.59130859375,2251.5361328125,0.7939538955688477,1938.896484375,2166.71826171875,0.7903337478637695,2144.883544921875,2300.00390625,0.7707353234291077,1872.253662109375,2203.06884765625,0.8057637810707092,,,0.0,,,0.0,,,0.0,,,0.0,,,0.0,,,0.0,,,0.0,,,0.0,,,0.0,,,0.0,,,0.0,,,0.0,,,0.0,,,0.0,,,0.0,,,0.0,,,0.0,,,0.0,,,0.0,,,0.0,,,0.0,,,0.0,,,0.0,,,0.0,,,0.0,,,0.0,,,0.0,,,0.0,,,0.0,,,0.0,,,0.0,,,0.0,,,0.0,,,0.0,,,0.0,,,0.0,,,0.0,,,0.0,,,0.0,,,0.0,,,0.0,,,0.0
DJI_20260917132902_0068_D.JPG,Cam 8,17,SWASTIKAPADAM,INCORRECT,INSUFFICIENT_ARAMANDI,RIGHT,rtmpose_m_halpe26,halpe_26,OK,173.99,37.78,0,0,1781.654296875,787.151123046875,0.812902569770813,,,0.0,1726.142333984375,774.815185546875,0.7749021649360657,,,0.0,,,0.0,1800.158447265625,768.64697265625,0.8351863622665405,,,0.0,1689.134521484375,793.319091796875,1.0671279430389404,1830.998291015625,787.151123046875,1.0647574663162231,,,0.0,,,0.0,1590.447021484375,972.190673828125,0.9511947631835938,1917.349853515625,984.526611328125,0.8902458548545837,1411.575439453125,1188.070068359375,0.8778682351112366,2108.557373046875,1200.406005859375,0.9375795125961304,1676.798583984375,1471.797119140625,0.8094090223312378,1849.502197265625,1471.797119140625,0.7918466329574585,1726.142333984375,1817.204345703125,0.8039279580116272,1855.670166015625,1811.0361328125,0.815301239490509,1830.998291015625,2156.443359375,0.8823837041854858,1781.654296875,2144.107177734375,0.8515779972076416,1830.998291015625,2224.291015625,0.8095602989196777,1769.318603515625,2211.955078125,0.8004868030548096,1892.677978515625,2199.619140625,0.7641849517822266,1738.478515625,2230.458984375,0.784149169921875,,,0.0,,,0.0,,,0.0,,,0.0,,,0.0,,,0.0,,,0.0,,,0.0,,,0.0,,,0.0,,,0.0,,,0.0,,,0.0,,,0.0,,,0.0,,,0.0,,,0.0,,,0.0,,,0.0,,,0.0,,,0.0,,,0.0,,,0.0,,,0.0,,,0.0,,,0.0,,,0.0,,,0.0,,,0.0,,,0.0,,,0.0,,,0.0,,,0.0,,,0.0,,,0.0,,,0.0,,,0.0,,,0.0,,,0.0,,,0.0,,,0.0,,,0.0
DJI_20260917132904_0069_D.JPG,Cam 8,17,SWASTIKAPADAM,INCORRECT,INSUFFICIENT_ARAMANDI,RIGHT,rtmpose_m_halpe26,halpe_26,OK,207.85,29.35,0,0,1781.5283203125,799.10107421875,0.815621018409729,,,0.0,1726.181640625,786.802001953125,0.7723357081413269,,,0.0,,,0.0,1799.97705078125,774.502685546875,0.8380786180496216,,,0.0,1683.13427734375,805.250732421875,1.0527215003967285,1830.72509765625,799.10107421875,1.049332857131958,,,0.0,,,0.0,1590.89013671875,977.43994140625,0.9349225163459778,1910.67041015625,989.7392578125,0.8765186071395874,1406.40185546875,1192.676513671875,0.8771810531616211,2101.30810546875,1204.975830078125,0.9276829361915588,1676.98486328125,1469.4091796875,0.793192982673645,1855.32373046875,1463.259521484375,0.772447943687439,1707.73291015625,1819.937255859375,0.8085228800773621,1873.7724609375,1813.787841796875,0.8152830004692078,1824.57568359375,2158.166015625,0.8616697788238525,1781.5283203125,2145.866943359375,0.8163164854049683,1836.875,2219.662353515625,0.7983499765396118,1769.22900390625,2207.363037109375,0.7911485433578491,1873.7724609375,2225.81201171875,0.7355035543441772,1726.181640625,2231.96142578125,0.7718015909194946,,,0.0,,,0.0,,,0.0,,,0.0,,,0.0,,,0.0,,,0.0,,,0.0,,,0.0,,,0.0,,,0.0,,,0.0,,,0.0,,,0.0,,,0.0,,,0.0,,,0.0,,,0.0,,,0.0,,,0.0,,,0.0,,,0.0,,,0.0,,,0.0,,,0.0,,,0.0,,,0.0,,,0.0,,,0.0,,,0.0,,,0.0,,,0.0,,,0.0,,,0.0,,,0.0,,,0.0,,,0.0,,,0.0,,,0.0,,,0.0,,,0.0,,,0.0
DJI_20260917132926_0070_D.JPG,Cam 8,18,SWASTIKAPADAM,INCORRECT,INSUFFICIENT_ARAMANDI,LEFT,rtmpose_m_halpe26,halpe_26,OK,189.36,21.36,0,0,1983.9130859375,785.3636474609375,0.8157808780670166,,,0.0,1928.173828125,772.9771728515625,0.7501223087310791,,,0.0,,,0.0,2002.492919921875,766.7838134765625,0.8044610023498535,,,0.0,1891.014404296875,797.7501220703125,1.0594756603240967,2033.459228515625,791.5567626953125,1.0828754901885986,,,0.0,,,0.0,1804.308837890625,971.1612548828125,0.9445887207984924,2120.164794921875,977.3546142578125,0.9053348302841187,1637.0908203125,1175.5386962890625,0.8676748871803284,2299.76904296875,1181.7320556640625,0.9520648717880249,1866.241455078125,1448.0418701171875,0.8030772805213928,2039.65234375,1448.0418701171875,0.8020492792129517,1878.627685546875,1788.6707763671875,0.8304222822189331,2008.686279296875,1794.8638916015625,0.8450024127960205,1940.560302734375,2116.9130859375,0.822385311126709,1921.980712890625,2123.1064453125,0.8344976902008057,1952.947021484375,2178.845703125,0.7830207347869873,1897.20751953125,2191.232421875,0.797558069229126,2002.492919921875,2197.42578125,0.7915728092193604,1909.593994140625,2197.42578125,0.8099182844161987,,,0.0,,,0.0,,,0.0,,,0.0,,,0.0,,,0.0,,,0.0,,,0.0,,,0.0,,,0.0,,,0.0,,,0.0,,,0.0,,,0.0,,,0.0,,,0.0,,,0.0,,,0.0,,,0.0,,,0.0,,,0.0,,,0.0,,,0.0,,,0.0,,,0.0,,,0.0,,,0.0,,,0.0,,,0.0,,,0.0,,,0.0,,,0.0,,,0.0,,,0.0,,,0.0,,,0.0,,,0.0,,,0.0,,,0.0,,,0.0,,,0.0,,,0.0
DJI_20260917132929_0071_D.JPG,Cam 8,18,SWASTIKAPADAM,INCORRECT,INSUFFICIENT_ARAMANDI,LEFT,rtmpose_m_halpe26,halpe_26,OK,183.71,32.16,0,0,1974.9056396484375,779.4508056640625,0.8160211443901062,,,0.0,1912.7850341796875,767.0267333984375,0.7556540966033936,,,0.0,,,0.0,1993.5416259765625,760.8148193359375,0.8200300335884094,,,0.0,1887.9368896484375,791.8748779296875,1.0634148120880127,2024.6019287109375,785.6629638671875,1.0933408737182617,,,0.0,,,0.0,1800.9686279296875,972.0240478515625,0.9377865791320801,2117.7822265625,965.8118896484375,0.8987361192703247,1633.2435302734375,1177.0213623046875,0.8571827411651611,2297.931640625,1177.0213623046875,0.9463717937469482,1863.0887451171875,1444.1387939453125,0.8207311034202576,2037.0257568359375,1450.3509521484375,0.8193215131759644,1869.3009033203125,1792.0128173828125,0.8323256969451904,2018.3897705078125,1798.2249755859375,0.8479245901107788,1925.2093505859375,2115.03857421875,0.823601484298706,1918.9971923828125,2115.03857421875,0.8356410264968872,1937.6331787109375,2183.37109375,0.7726678848266602,1894.1490478515625,2183.37109375,0.7791717052459717,1993.5416259765625,2208.21923828125,0.7828079462051392,1912.7850341796875,2208.21923828125,0.8000446557998657,,,0.0,,,0.0,,,0.0,,,0.0,,,0.0,,,0.0,,,0.0,,,0.0,,,0.0,,,0.0,,,0.0,,,0.0,,,0.0,,,0.0,,,0.0,,,0.0,,,0.0,,,0.0,,,0.0,,,0.0,,,0.0,,,0.0,,,0.0,,,0.0,,,0.0,,,0.0,,,0.0,,,0.0,,,0.0,,,0.0,,,0.0,,,0.0,,,0.0,,,0.0,,,0.0,,,0.0,,,0.0,,,0.0,,,0.0,,,0.0,,,0.0,,,0.0
DJI_20260917133328_0072_D.JPG,Cam 8,19,PATAKA,INCORRECT,ELBOWS_NOT_ALIGNED,,rtmpose_m_halpe26,halpe_26,OK,195.76,29.29,0,0,1854.95556640625,726.145751953125,0.797736644744873,,,0.0,1784.3115234375,719.7236328125,0.7499759793281555,,,0.0,,,0.0,1887.06640625,706.87939453125,0.8098183870315552,,,0.0,1752.20068359375,745.412353515625,1.1116728782653809,1912.7548828125,745.412353515625,1.1322089433670044,,,0.0,,,0.0,1655.8681640625,938.077392578125,0.9049111604690552,2021.931640625,944.499755859375,0.8840702772140503,1598.06884765625,1188.5419921875,0.9594712853431702,2079.7314453125,1207.808349609375,0.9137231111526489,1758.623046875,1439.006591796875,0.804966926574707,1938.44384765625,1439.006591796875,0.7895296812057495,1752.20068359375,1811.4921875,0.8906378746032715,1957.710205078125,1811.4921875,0.8811925649642944,1803.578125,2190.400146484375,0.9523223638534546,1906.332763671875,2183.97802734375,0.9478597044944763,1822.8447265625,2273.88818359375,0.9441068768501282,1899.91064453125,2261.0439453125,0.9056033492088318,1765.044921875,2209.666748046875,0.8425945043563843,1899.91064453125,2203.244384765625,0.8344791531562805,,,0.0,,,0.0,,,0.0,,,0.0,,,0.0,,,0.0,,,0.0,,,0.0,,,0.0,,,0.0,,,0.0,,,0.0,,,0.0,,,0.0,,,0.0,,,0.0,,,0.0,,,0.0,,,0.0,,,0.0,,,0.0,,,0.0,,,0.0,,,0.0,,,0.0,,,0.0,,,0.0,,,0.0,,,0.0,,,0.0,,,0.0,,,0.0,,,0.0,,,0.0,,,0.0,,,0.0,,,0.0,,,0.0,,,0.0,,,0.0,,,0.0,,,0.0
DJI_20260917133331_0073_D.JPG,Cam 8,19,PATAKA,INCORRECT,ELBOWS_NOT_ALIGNED,,rtmpose_m_halpe26,halpe_26,OK,180.83,27.28,0,0,1876.677734375,739.490966796875,0.7837539911270142,,,0.0,1805.82373046875,726.6083984375,0.7118740081787109,,,0.0,,,0.0,1902.443115234375,720.167236328125,0.8031516075134277,,,0.0,1760.73486328125,752.37353515625,1.1064478158950806,1921.76708984375,752.37353515625,1.1198654174804688,,,0.0,,,0.0,1651.233154296875,945.612060546875,0.8969820141792297,2018.38623046875,952.053466796875,0.8769741058349609,1612.58544921875,1209.70458984375,0.9502154588699341,2095.681640625,1209.70458984375,0.9063435792922974,1767.17626953125,1454.473388671875,0.7965165376663208,1953.97314453125,1448.031982421875,0.7780726552009583,1767.17626953125,1828.067626953125,0.8834572434425354,1966.85595703125,1815.184814453125,0.871890664100647,1818.70654296875,2208.103271484375,0.9375907182693481,1921.76708984375,2195.220458984375,0.9438246488571167,1831.5888671875,2285.398681640625,0.9149765968322754,1908.88427734375,2272.515869140625,0.8992941379547119,1767.17626953125,2214.544677734375,0.8420673608779907,1915.32568359375,2214.544677734375,0.8260031342506409,,,0.0,,,0.0,,,0.0,,,0.0,,,0.0,,,0.0,,,0.0,,,0.0,,,0.0,,,0.0,,,0.0,,,0.0,,,0.0,,,0.0,,,0.0,,,0.0,,,0.0,,,0.0,,,0.0,,,0.0,,,0.0,,,0.0,,,0.0,,,0.0,,,0.0,,,0.0,,,0.0,,,0.0,,,0.0,,,0.0,,,0.0,,,0.0,,,0.0,,,0.0,,,0.0,,,0.0,,,0.0,,,0.0,,,0.0,,,0.0,,,0.0,,,0.0
DJI_20260917133338_0074_D.JPG,Cam 8,20,ALAPADMA,INCORRECT,ELBOWS_NOT_ALIGNED,,rtmpose_m_halpe26,halpe_26,OK,171.5,23.27,0,0,1854.6761474609375,728.889892578125,0.8201587200164795,,,0.0,1778.6873779296875,716.22509765625,0.7669851779937744,,,0.0,,,0.0,1886.3382568359375,709.892578125,0.826910138130188,,,0.0,1759.6898193359375,735.22216796875,1.0996301174163818,1918.0003662109375,735.22216796875,1.106813669204712,,,0.0,,,0.0,1677.3685302734375,937.859619140625,0.9403427243232727,2006.6541748046875,944.192138671875,0.8822501301765442,1614.0443115234375,1203.8212890625,0.9718546867370605,2082.6435546875,1210.15380859375,0.9338308572769165,1766.0223388671875,1438.12060546875,0.7895368933677673,1949.6624755859375,1431.788330078125,0.7680330872535706,1766.0223388671875,1818.06591796875,0.8802046179771423,1968.6597900390625,1811.7333984375,0.8615819215774536,1810.3494873046875,2198.0107421875,0.9333306550979614,1911.6680908203125,2191.6787109375,0.9474905729293823,1823.0140380859375,2274.0,0.9430014491081238,1899.0032958984375,2267.66748046875,0.9432556629180908,1797.6844482421875,2210.67578125,0.8286678791046143,1911.6680908203125,2198.0107421875,0.8297879695892334,,,0.0,,,0.0,,,0.0,,,0.0,,,0.0,,,0.0,,,0.0,,,0.0,,,0.0,,,0.0,,,0.0,,,0.0,,,0.0,,,0.0,,,0.0,,,0.0,,,0.0,,,0.0,,,0.0,,,0.0,,,0.0,,,0.0,,,0.0,,,0.0,,,0.0,,,0.0,,,0.0,,,0.0,,,0.0,,,0.0,,,0.0,,,0.0,,,0.0,,,0.0,,,0.0,,,0.0,,,0.0,,,0.0,,,0.0,,,0.0,,,0.0,,,0.0
DJI_20260917133340_0075_D.JPG,Cam 8,20,ALAPADMA,INCORRECT,ELBOWS_NOT_ALIGNED,,rtmpose_m_halpe26,halpe_26,OK,169.26,29.2,0,0,1855.2464599609375,729.3719482421875,0.8390049934387207,,,0.0,1790.9222412109375,716.5072021484375,0.7573613524436951,,,0.0,,,0.0,1880.9759521484375,703.6422119140625,0.8521873950958252,,,0.0,1758.7601318359375,742.2369384765625,1.1166561841964722,1913.1383056640625,742.2369384765625,1.126091718673706,,,0.0,,,0.0,1675.1387939453125,935.2093505859375,0.955510139465332,2016.0567626953125,941.6417236328125,0.9092644453048706,1617.2469482421875,1205.3709716796875,0.9809454679489136,2080.380859375,1211.8033447265625,0.9445620775222778,1765.1925048828125,1449.8028564453125,0.8200815916061401,1945.3004150390625,1443.3702392578125,0.7951652407646179,1758.7601318359375,1810.0181884765625,0.8829784393310547,1964.5975341796875,1810.0181884765625,0.8696844577789307,1803.7872314453125,2183.0986328125,0.9319494962692261,1913.1383056640625,2183.0986328125,0.9624865055084229,1823.0843505859375,2266.7197265625,0.9269567728042603,1900.2733154296875,2260.28759765625,0.9264748096466064,1784.4898681640625,2208.828125,0.8363598585128784,1906.7056884765625,2208.828125,0.822708010673523,,,0.0,,,0.0,,,0.0,,,0.0,,,0.0,,,0.0,,,0.0,,,0.0,,,0.0,,,0.0,,,0.0,,,0.0,,,0.0,,,0.0,,,0.0,,,0.0,,,0.0,,,0.0,,,0.0,,,0.0,,,0.0,,,0.0,,,0.0,,,0.0,,,0.0,,,0.0,,,0.0,,,0.0,,,0.0,,,0.0,,,0.0,,,0.0,,,0.0,,,0.0,,,0.0,,,0.0,,,0.0,,,0.0,,,0.0,,,0.0,,,0.0,,,0.0
DJI_20260917133428_0076_D.JPG,Cam 8,21,ALAPADMA,CORRECT,,,rtmpose_m_halpe26,halpe_26,OK,176.33,51.31,0,0,1863.8466796875,687.3653564453125,0.8531688451766968,,,0.0,1811.97509765625,680.8812255859375,0.7554166316986084,,,0.0,,,0.0,1876.814453125,674.3973388671875,0.8881455063819885,,,0.0,1760.103271484375,700.3331298828125,1.0876765251159668,1909.234375,700.3331298828125,1.1325674057006836,,,0.0,,,0.0,1662.84375,881.8839111328125,0.9186029434204102,2000.009765625,888.3680419921875,0.870215892791748,1474.80908203125,1037.4991455078125,0.9030689597129822,2194.52880859375,1063.4349365234375,0.9463218450546265,1753.619140625,1413.5689697265625,0.8136625289916992,1935.170166015625,1413.5689697265625,0.7866412401199341,1747.13525390625,1802.6065673828125,0.893171489238739,1954.6220703125,1802.6065673828125,0.8671302795410156,1779.55517578125,2172.19189453125,0.9370423555374146,1896.266357421875,2165.7080078125,0.9477846026420593,1792.52294921875,2249.99951171875,0.915744423866272,1876.814453125,2243.515625,0.9014203548431396,1773.0712890625,2185.16015625,0.8392047882080078,1902.75048828125,2178.67626953125,0.8812716007232666,,,0.0,,,0.0,,,0.0,,,0.0,,,0.0,,,0.0,,,0.0,,,0.0,,,0.0,,,0.0,,,0.0,,,0.0,,,0.0,,,0.0,,,0.0,,,0.0,,,0.0,,,0.0,,,0.0,,,0.0,,,0.0,,,0.0,,,0.0,,,0.0,,,0.0,,,0.0,,,0.0,,,0.0,,,0.0,,,0.0,,,0.0,,,0.0,,,0.0,,,0.0,,,0.0,,,0.0,,,0.0,,,0.0,,,0.0,,,0.0,,,0.0,,,0.0
DJI_20260917133429_0077_D.JPG,Cam 8,21,ALAPADMA,CORRECT,,,rtmpose_m_halpe26,halpe_26,OK,183.98,32.1,0,0,1858.2867431640625,690.2664794921875,0.8370332717895508,,,0.0,1806.4884033203125,683.7916259765625,0.763953447341919,,,0.0,,,0.0,1871.2359619140625,677.3167724609375,0.8719247579574585,,,0.0,1754.6903076171875,709.6907958984375,1.0925710201263428,1910.0845947265625,709.6907958984375,1.129248023033142,,,0.0,,,0.0,1657.5684814453125,890.9842529296875,0.9190154075622559,2000.7315673828125,897.4593505859375,0.8747614026069641,1476.2750244140625,1046.3790283203125,0.9125456809997559,2194.97509765625,1065.8033447265625,0.9606966376304626,1748.2154541015625,1415.4410400390625,0.8072680234909058,1935.9840087890625,1408.9661865234375,0.7818801403045654,1748.2154541015625,1803.9276123046875,0.889840841293335,1948.9334716796875,1797.4527587890625,0.8725570440292358,1780.5894775390625,2172.98974609375,0.9434381127357483,1890.6602783203125,2172.98974609375,0.9546910524368286,1787.0640869140625,2250.68701171875,0.9267899990081787,1871.2359619140625,2250.68701171875,0.9207963943481445,1774.1146240234375,2192.4140625,0.8511621356010437,1897.1353759765625,2192.4140625,0.8735284805297852,,,0.0,,,0.0,,,0.0,,,0.0,,,0.0,,,0.0,,,0.0,,,0.0,,,0.0,,,0.0,,,0.0,,,0.0,,,0.0,,,0.0,,,0.0,,,0.0,,,0.0,,,0.0,,,0.0,,,0.0,,,0.0,,,0.0,,,0.0,,,0.0,,,0.0,,,0.0,,,0.0,,,0.0,,,0.0,,,0.0,,,0.0,,,0.0,,,0.0,,,0.0,,,0.0,,,0.0,,,0.0,,,0.0,,,0.0,,,0.0,,,0.0,,,0.0
DJI_20260917133438_0078_D.JPG,Cam 8,22,MUSHTI,CORRECT,,,rtmpose_m_halpe26,halpe_26,OK,188.47,32.24,0,0,1878.424560546875,707.320556640625,0.8315653800964355,,,0.0,1820.4541015625,700.87939453125,0.7531418800354004,,,0.0,,,0.0,1891.306884765625,694.438232421875,0.8685874342918396,,,0.0,1768.9248046875,726.644287109375,1.0851415395736694,1923.5126953125,726.644287109375,1.1125833988189697,,,0.0,,,0.0,1685.189453125,906.996826171875,0.9096982479095459,2013.68896484375,913.43798828125,0.8694640398025513,1504.8369140625,1061.584716796875,0.8924604654312134,2200.48291015625,1074.467041015625,0.9386332035064697,1775.365966796875,1415.848876953125,0.7988039255142212,1955.71875,1415.848876953125,0.7761746644973755,1768.9248046875,1808.760009765625,0.8900210857391357,1975.0419921875,1808.760009765625,0.8641363978385925,1801.130615234375,2188.788818359375,0.9328860640525818,1923.5126953125,2188.788818359375,0.9587846994400024,1814.012939453125,2266.083251953125,0.9252618551254272,1904.189453125,2266.083251953125,0.9265263676643372,1781.80712890625,2195.230224609375,0.8526325821876526,1917.071533203125,2188.788818359375,0.8702270984649658,,,0.0,,,0.0,,,0.0,,,0.0,,,0.0,,,0.0,,,0.0,,,0.0,,,0.0,,,0.0,,,0.0,,,0.0,,,0.0,,,0.0,,,0.0,,,0.0,,,0.0,,,0.0,,,0.0,,,0.0,,,0.0,,,0.0,,,0.0,,,0.0,,,0.0,,,0.0,,,0.0,,,0.0,,,0.0,,,0.0,,,0.0,,,0.0,,,0.0,,,0.0,,,0.0,,,0.0,,,0.0,,,0.0,,,0.0,,,0.0,,,0.0,,,0.0
DJI_20260917133440_0079_D.JPG,Cam 8,22,MUSHTI,CORRECT,,,rtmpose_m_halpe26,halpe_26,OK,176.43,28.24,0,0,1861.82861328125,713.3963623046875,0.8222861289978027,,,0.0,1810.125244140625,706.9334716796875,0.7407659888267517,,,0.0,,,0.0,1874.75439453125,700.4705810546875,0.8797558546066284,,,0.0,1751.958740234375,732.7850341796875,1.0974045991897583,1907.069091796875,726.3221435546875,1.1335303783416748,,,0.0,,,0.0,1667.940673828125,907.2840576171875,0.9138249158859253,1991.087158203125,913.7469482421875,0.8730823993682861,1486.978759765625,1055.9315185546875,0.8935608863830566,2178.511962890625,1075.3201904296875,0.9290779829025269,1758.421630859375,1417.8553466796875,0.8093584179878235,1939.3837890625,1417.8553466796875,0.782117486000061,1745.495849609375,1812.0941162109375,0.888648271560669,1952.3095703125,1805.6312255859375,0.8755495548248291,1790.736328125,2180.48095703125,0.9384645223617554,1907.069091796875,2180.48095703125,0.9626786708831787,1803.662353515625,2258.0361328125,0.9173336029052734,1887.680419921875,2264.4990234375,0.9170396327972412,1784.2734375,2199.86962890625,0.84256911277771,1907.069091796875,2206.33251953125,0.8594027757644653,,,0.0,,,0.0,,,0.0,,,0.0,,,0.0,,,0.0,,,0.0,,,0.0,,,0.0,,,0.0,,,0.0,,,0.0,,,0.0,,,0.0,,,0.0,,,0.0,,,0.0,,,0.0,,,0.0,,,0.0,,,0.0,,,0.0,,,0.0,,,0.0,,,0.0,,,0.0,,,0.0,,,0.0,,,0.0,,,0.0,,,0.0,,,0.0,,,0.0,,,0.0,,,0.0,,,0.0,,,0.0,,,0.0,,,0.0,,,0.0,,,0.0,,,0.0
DJI_20260917133513_0080_D.JPG,Cam 8,23,KATAKAMUKHA,CORRECT,,,rtmpose_m_halpe26,halpe_26,OK,169.44,28.67,0,0,1857.4598388671875,714.474853515625,0.8395063877105713,,,0.0,1825.0587158203125,707.99462890625,0.7548388242721558,,,0.0,,,0.0,1863.9400634765625,701.514404296875,0.8893312811851501,,,0.0,1753.7767333984375,727.435302734375,1.0810773372650146,1902.8214111328125,727.435302734375,1.1102232933044434,,,0.0,,,0.0,1656.5738525390625,908.880859375,0.9049762487411499,1993.5440673828125,921.84130859375,0.8636739253997803,1481.6085205078125,1057.92529296875,0.8980773091316223,2187.94970703125,1044.96484375,0.9383070468902588,1753.7767333984375,1420.81640625,0.8059722185134888,1928.7418212890625,1420.81640625,0.7810527086257935,1734.3360595703125,1816.1083984375,0.8888735771179199,1948.1827392578125,1816.1083984375,0.8552789092063904,1779.6973876953125,2191.95947265625,0.9248263835906982,1902.8214111328125,2185.4794921875,0.9509475231170654,1786.1778564453125,2269.7216796875,0.9024803638458252,1883.3807373046875,2263.24169921875,0.9044804573059082,1779.6973876953125,2204.919921875,0.834389328956604,1896.3409423828125,2204.919921875,0.8320097923278809,,,0.0,,,0.0,,,0.0,,,0.0,,,0.0,,,0.0,,,0.0,,,0.0,,,0.0,,,0.0,,,0.0,,,0.0,,,0.0,,,0.0,,,0.0,,,0.0,,,0.0,,,0.0,,,0.0,,,0.0,,,0.0,,,0.0,,,0.0,,,0.0,,,0.0,,,0.0,,,0.0,,,0.0,,,0.0,,,0.0,,,0.0,,,0.0,,,0.0,,,0.0,,,0.0,,,0.0,,,0.0,,,0.0,,,0.0,,,0.0,,,0.0,,,0.0
DJI_20260917133515_0081_D.JPG,Cam 8,23,KATAKAMUKHA,CORRECT,,,rtmpose_m_halpe26,halpe_26,OK,144.51,32.41,0,0,1857.275390625,716.293701171875,0.837642252445221,,,0.0,1824.903564453125,709.8193359375,0.7602012753486633,,,0.0,,,0.0,1863.749755859375,703.344970703125,0.8820936679840088,,,0.0,1753.685546875,735.716796875,1.0729048252105713,1909.0703125,735.716796875,1.1086511611938477,,,0.0,,,0.0,1663.04443359375,916.9990234375,0.9006052017211914,1993.23681640625,923.473388671875,0.8566256761550903,1481.76220703125,1052.960693359375,0.8950492143630981,2193.9423828125,1052.960693359375,0.940245509147644,1753.685546875,1428.4736328125,0.8028484582901001,1934.9677734375,1428.4736328125,0.7688263654708862,1747.211181640625,1823.40966796875,0.9032515287399292,1954.390625,1816.935302734375,0.8462501764297485,1779.5830078125,2198.9228515625,0.926262378692627,1909.0703125,2192.448486328125,0.9373712539672852,1786.057373046875,2276.614990234375,0.9036060571670532,1889.647216796875,2270.140625,0.8966290354728699,1786.057373046875,2205.397216796875,0.8158155679702759,1902.595947265625,2205.397216796875,0.8390498161315918,,,0.0,,,0.0,,,0.0,,,0.0,,,0.0,,,0.0,,,0.0,,,0.0,,,0.0,,,0.0,,,0.0,,,0.0,,,0.0,,,0.0,,,0.0,,,0.0,,,0.0,,,0.0,,,0.0,,,0.0,,,0.0,,,0.0,,,0.0,,,0.0,,,0.0,,,0.0,,,0.0,,,0.0,,,0.0,,,0.0,,,0.0,,,0.0,,,0.0,,,0.0,,,0.0,,,0.0,,,0.0,,,0.0,,,0.0,,,0.0,,,0.0,,,0.0
DJI_20260917133530_0082_D.JPG,Cam 8,24,PATAKA,INCORRECT,FINGERS_TOO_FAR_APART,,rtmpose_m_halpe26,halpe_26,OK,171.62,21.91,0,0,1863.8206787109375,678.85400390625,0.8415310382843018,,,0.0,1811.5679931640625,678.85400390625,0.773810625076294,,,0.0,,,0.0,1883.4156494140625,672.322265625,0.8739676475524902,,,0.0,1765.8468017578125,698.44873046875,1.0901386737823486,1922.6051025390625,704.980224609375,1.126089334487915,,,0.0,,,0.0,1680.9361572265625,881.33349609375,0.9134030342102051,2014.0474853515625,887.86474609375,0.879421591758728,1478.4566650390625,1031.56005859375,0.9082901477813721,2190.400390625,1051.15478515625,0.945706844329834,1765.8468017578125,1403.86083984375,0.7953832149505615,1948.7315673828125,1397.329345703125,0.775352954864502,1752.7835693359375,1795.756591796875,0.9005126953125,1961.7945556640625,1795.756591796875,0.8789494037628174,1778.9100341796875,2174.589111328125,0.9317802786827087,1909.5421142578125,2168.0576171875,0.9447785019874573,1798.5047607421875,2252.96826171875,0.9161930084228516,1896.4786376953125,2239.905029296875,0.8924292325973511,1752.7835693359375,2187.65234375,0.8602828979492188,1896.4786376953125,2181.120849609375,0.8592469692230225,,,0.0,,,0.0,,,0.0,,,0.0,,,0.0,,,0.0,,,0.0,,,0.0,,,0.0,,,0.0,,,0.0,,,0.0,,,0.0,,,0.0,,,0.0,,,0.0,,,0.0,,,0.0,,,0.0,,,0.0,,,0.0,,,0.0,,,0.0,,,0.0,,,0.0,,,0.0,,,0.0,,,0.0,,,0.0,,,0.0,,,0.0,,,0.0,,,0.0,,,0.0,,,0.0,,,0.0,,,0.0,,,0.0,,,0.0,,,0.0,,,0.0,,,0.0
DJI_20260917133533_0083_D.JPG,Cam 8,24,PATAKA,INCORRECT,FINGERS_TOO_FAR_APART,,rtmpose_m_halpe26,halpe_26,OK,169.93,24.9,0,0,1870.5557861328125,690.756591796875,0.8375978469848633,,,0.0,1818.4398193359375,684.2421875,0.7550208568572998,,,0.0,,,0.0,1883.5848388671875,677.7275390625,0.881618082523346,,,0.0,1766.3240966796875,703.78564453125,1.083891749382019,1922.6715087890625,703.78564453125,1.1188411712646484,,,0.0,,,0.0,1675.1214599609375,886.19091796875,0.9149918556213379,2007.3597412109375,892.705322265625,0.876049280166626,1479.6868896484375,1042.538330078125,0.9111068248748779,2202.79443359375,1055.5673828125,0.9416170716285706,1766.3240966796875,1413.86376953125,0.8085811138153076,1948.7293701171875,1407.34912109375,0.7831320762634277,1753.2950439453125,1804.732421875,0.8995311856269836,1961.7584228515625,1798.218017578125,0.8680703639984131,1785.8675537109375,2176.0576171875,0.9321099519729614,1909.6427001953125,2169.543212890625,0.944246768951416,1798.8963623046875,2260.745849609375,0.9083796739578247,1896.6136474609375,2247.717041015625,0.8896530866622925,1779.3529052734375,2189.086669921875,0.8376997709274292,1896.6136474609375,2189.086669921875,0.8632932901382446,,,0.0,,,0.0,,,0.0,,,0.0,,,0.0,,,0.0,,,0.0,,,0.0,,,0.0,,,0.0,,,0.0,,,0.0,,,0.0,,,0.0,,,0.0,,,0.0,,,0.0,,,0.0,,,0.0,,,0.0,,,0.0,,,0.0,,,0.0,,,0.0,,,0.0,,,0.0,,,0.0,,,0.0,,,0.0,,,0.0,,,0.0,,,0.0,,,0.0,,,0.0,,,0.0,,,0.0,,,0.0,,,0.0,,,0.0,,,0.0,,,0.0,,,0.0
DJI_20260917133617_0084_D.JPG,Cam 8,25,KATAKAMUKHA,INCORRECT,FINGERS_BENT,,rtmpose_m_halpe26,halpe_26,OK,167.25,27.45,0,0,1851.853515625,715.9200439453125,0.8321647644042969,,,0.0,1806.524658203125,709.4447021484375,0.7685490846633911,,,0.0,,,0.0,1864.8046875,702.9691162109375,0.8772409558296204,,,0.0,1754.72021484375,735.3468017578125,1.0871161222457886,1903.657958984375,735.3468017578125,1.1141726970672607,,,0.0,,,0.0,1664.062255859375,916.6627197265625,0.9163513779640198,1994.31591796875,923.1383056640625,0.8781319856643677,1489.22216796875,1078.5516357421875,0.894370436668396,2162.680419921875,1078.5516357421875,0.9209022521972656,1754.72021484375,1434.7073974609375,0.8146276473999023,1936.035888671875,1428.2318115234375,0.7796896696090698,1754.72021484375,1816.7655029296875,0.9015632271766663,1955.46240234375,1816.7655029296875,0.876897931098938,1780.622314453125,2185.87255859375,0.9262138605117798,1916.609375,2185.87255859375,0.9255235195159912,1787.09814453125,2270.0546875,0.8896424770355225,1903.657958984375,2263.5791015625,0.8689982295036316,1793.573486328125,2185.87255859375,0.8241724967956543,1910.1337890625,2205.29931640625,0.8373498916625977,,,0.0,,,0.0,,,0.0,,,0.0,,,0.0,,,0.0,,,0.0,,,0.0,,,0.0,,,0.0,,,0.0,,,0.0,,,0.0,,,0.0,,,0.0,,,0.0,,,0.0,,,0.0,,,0.0,,,0.0,,,0.0,,,0.0,,,0.0,,,0.0,,,0.0,,,0.0,,,0.0,,,0.0,,,0.0,,,0.0,,,0.0,,,0.0,,,0.0,,,0.0,,,0.0,,,0.0,,,0.0,,,0.0,,,0.0,,,0.0,,,0.0,,,0.0
DJI_20260917133619_0085_D.JPG,Cam 8,25,KATAKAMUKHA,INCORRECT,FINGERS_BENT,,rtmpose_m_halpe26,halpe_26,OK,157.9,22.27,0,0,1858.55908203125,726.154296875,0.8209980726242065,,,0.0,1800.94384765625,726.154296875,0.7559223175048828,,,0.0,,,0.0,1877.76416015625,713.350830078125,0.8727865219116211,,,0.0,1756.13232421875,745.359375,1.0902137756347656,1909.7724609375,745.359375,1.1233716011047363,,,0.0,,,0.0,1672.91064453125,918.20458984375,0.9168907403945923,1999.39599609375,924.606201171875,0.8787001371383667,1493.66357421875,1078.246337890625,0.9060394763946533,2165.83935546875,1091.0498046875,0.9327725172042847,1762.533935546875,1443.141845703125,0.8085999488830566,1941.78076171875,1436.740234375,0.7814821004867554,1756.13232421875,1827.242431640625,0.8998225927352905,1960.98583984375,1827.242431640625,0.880599856376648,1781.739013671875,2198.539794921875,0.9269489049911499,1922.57568359375,2192.137939453125,0.9175857305526733,1788.140625,2275.359619140625,0.8829342126846313,1909.7724609375,2268.958251953125,0.8639358282089233,1794.54248046875,2198.539794921875,0.8239797353744507,1909.7724609375,2211.343017578125,0.8432227373123169,,,0.0,,,0.0,,,0.0,,,0.0,,,0.0,,,0.0,,,0.0,,,0.0,,,0.0,,,0.0,,,0.0,,,0.0,,,0.0,,,0.0,,,0.0,,,0.0,,,0.0,,,0.0,,,0.0,,,0.0,,,0.0,,,0.0,,,0.0,,,0.0,,,0.0,,,0.0,,,0.0,,,0.0,,,0.0,,,0.0,,,0.0,,,0.0,,,0.0,,,0.0,,,0.0,,,0.0,,,0.0,,,0.0,,,0.0,,,0.0,,,0.0,,,0.0
DJI_20260917133654_0086_D.JPG,Cam 8,26,MUSHTI,INCORRECT,PINKY_DROPPED,,rtmpose_m_halpe26,halpe_26,OK,170.35,29.46,0,0,1851.127685546875,718.6744384765625,0.8091688752174377,,,0.0,1786.667236328125,718.6744384765625,0.7714014053344727,,,0.0,,,0.0,1870.4658203125,705.7823486328125,0.8735749125480652,,,0.0,1754.436767578125,738.0123291015625,1.1164735555648804,1902.696044921875,738.0123291015625,1.1224465370178223,,,0.0,,,0.0,1670.637939453125,918.5020751953125,0.9237213134765625,1992.940673828125,924.9478759765625,0.8862266540527344,1496.5947265625,1105.4376220703125,0.8899226188659668,2147.64599609375,1105.4376220703125,0.9163559079170227,1754.436767578125,1440.6324462890625,0.8243739604949951,1941.372314453125,1440.6324462890625,0.7871858477592468,1754.436767578125,1827.3956298828125,0.9012058973312378,1960.710693359375,1820.9495849609375,0.9009898900985718,1780.220947265625,2194.82080078125,0.9300432205200195,1922.0341796875,2188.37451171875,0.921835720539093,1793.113037109375,2278.619140625,0.8883814215660095,1909.14208984375,2265.72705078125,0.858841061592102,1806.005126953125,2207.712890625,0.8499360084533691,1915.588134765625,2214.15869140625,0.83330237865448,,,0.0,,,0.0,,,0.0,,,0.0,,,0.0,,,0.0,,,0.0,,,0.0,,,0.0,,,0.0,,,0.0,,,0.0,,,0.0,,,0.0,,,0.0,,,0.0,,,0.0,,,0.0,,,0.0,,,0.0,,,0.0,,,0.0,,,0.0,,,0.0,,,0.0,,,0.0,,,0.0,,,0.0,,,0.0,,,0.0,,,0.0,,,0.0,,,0.0,,,0.0,,,0.0,,,0.0,,,0.0,,,0.0,,,0.0,,,0.0,,,0.0,,,0.0
DJI_20260917133656_0087_D.JPG,Cam 8,26,MUSHTI,INCORRECT,PINKY_DROPPED,,rtmpose_m_halpe26,halpe_26,OK,160.92,21.8,0,0,1880.00048828125,733.49560546875,0.8267003297805786,,,0.0,1809.162353515625,727.055908203125,0.7574152946472168,,,0.0,,,0.0,1886.4404296875,714.176025390625,0.8930014371871948,,,0.0,1757.6435546875,746.375244140625,1.1028833389282227,1905.76025390625,746.375244140625,1.1153879165649414,,,0.0,,,0.0,1673.925537109375,926.691162109375,0.9234567284584045,1995.91796875,939.570556640625,0.8799418210983276,1506.489501953125,1113.446533203125,0.8935006856918335,2144.03466796875,1126.326416015625,0.9135271310806274,1757.6435546875,1441.878662109375,0.8000361323356628,1937.959228515625,1441.878662109375,0.7682825922966003,1751.20361328125,1828.26953125,0.8970891833305359,1957.27880859375,1828.26953125,0.8808557391166687,1783.403076171875,2208.220458984375,0.923976480960846,1918.6396484375,2201.78076171875,0.9214382767677307,1789.8427734375,2285.498779296875,0.9046626687049866,1899.3203125,2279.058837890625,0.8838174343109131,1783.403076171875,2214.660400390625,0.8279093503952026,1905.76025390625,2227.5400390625,0.8422929644584656,,,0.0,,,0.0,,,0.0,,,0.0,,,0.0,,,0.0,,,0.0,,,0.0,,,0.0,,,0.0,,,0.0,,,0.0,,,0.0,,,0.0,,,0.0,,,0.0,,,0.0,,,0.0,,,0.0,,,0.0,,,0.0,,,0.0,,,0.0,,,0.0,,,0.0,,,0.0,,,0.0,,,0.0,,,0.0,,,0.0,,,0.0,,,0.0,,,0.0,,,0.0,,,0.0,,,0.0,,,0.0,,,0.0,,,0.0,,,0.0,,,0.0,,,0.0
