image_name,camera,variation_id,ground_truth_posture,ground_truth_status,ground_truth_error,ground_truth_side,model_name,model_layout,landmark_detection_status,detect_ms,pose_ms,hand_refined_left,hand_refined_right,00_nose_x,00_nose_y,00_nose_score,01_left_eye_inner_x,01_left_eye_inner_y,01_left_eye_inner_score,02_left_eye_x,02_left_eye_y,02_left_eye_score,03_left_eye_outer_x,03_left_eye_outer_y,03_left_eye_outer_score,04_right_eye_inner_x,04_right_eye_inner_y,04_right_eye_inner_score,05_right_eye_x,05_right_eye_y,05_right_eye_score,06_right_eye_outer_x,06_right_eye_outer_y,06_right_eye_outer_score,07_left_ear_x,07_left_ear_y,07_left_ear_score,08_right_ear_x,08_right_ear_y,08_right_ear_score,09_mouth_left_x,09_mouth_left_y,09_mouth_left_score,10_mouth_right_x,10_mouth_right_y,10_mouth_right_score,11_left_shoulder_x,11_left_shoulder_y,11_left_shoulder_score,12_right_shoulder_x,12_right_shoulder_y,12_right_shoulder_score,13_left_elbow_x,13_left_elbow_y,13_left_elbow_score,14_right_elbow_x,14_right_elbow_y,14_right_elbow_score,15_left_hip_x,15_left_hip_y,15_left_hip_score,16_right_hip_x,16_right_hip_y,16_right_hip_score,17_left_knee_x,17_left_knee_y,17_left_knee_score,18_right_knee_x,18_right_knee_y,18_right_knee_score,19_left_ankle_x,19_left_ankle_y,19_left_ankle_score,20_right_ankle_x,20_right_ankle_y,20_right_ankle_score,21_left_heel_x,21_left_heel_y,21_left_heel_score,22_right_heel_x,22_right_heel_y,22_right_heel_score,23_left_foot_index_x,23_left_foot_index_y,23_left_foot_index_score,24_right_foot_index_x,24_right_foot_index_y,24_right_foot_index_score,25_left_hand_wrist_x,25_left_hand_wrist_y,25_left_hand_wrist_score,26_left_hand_thumb_cmc_x,26_left_hand_thumb_cmc_y,26_left_hand_thumb_cmc_score,27_left_hand_thumb_mcp_x,27_left_hand_thumb_mcp_y,27_left_hand_thumb_mcp_score,28_left_hand_thumb_ip_x,28_left_hand_thumb_ip_y,28_left_hand_thumb_ip_score,29_left_hand_thumb_tip_x,29_left_hand_thumb_tip_y,29_left_hand_thumb_tip_score,30_left_hand_index_mcp_x,30_left_hand_index_mcp_y,30_left_hand_index_mcp_score,31_left_hand_index_pip_x,31_left_hand_index_pip_y,31_left_hand_index_pip_score,32_left_hand_index_dip_x,32_left_hand_index_dip_y,32_left_hand_index_dip_score,33_left_hand_index_tip_x,33_left_hand_index_tip_y,33_left_hand_index_tip_score,34_left_hand_middle_mcp_x,34_left_hand_middle_mcp_y,34_left_hand_middle_mcp_score,35_left_hand_middle_pip_x,35_left_hand_middle_pip_y,35_left_hand_middle_pip_score,36_left_hand_middle_dip_x,36_left_hand_middle_dip_y,36_left_hand_middle_dip_score,37_left_hand_middle_tip_x,37_left_hand_middle_tip_y,37_left_hand_middle_tip_score,38_left_hand_ring_mcp_x,38_left_hand_ring_mcp_y,38_left_hand_ring_mcp_score,39_left_hand_ring_pip_x,39_left_hand_ring_pip_y,39_left_hand_ring_pip_score,40_left_hand_ring_dip_x,40_left_hand_ring_dip_y,40_left_hand_ring_dip_score,41_left_hand_ring_tip_x,41_left_hand_ring_tip_y,41_left_hand_ring_tip_score,42_left_hand_pinky_mcp_x,42_left_hand_pinky_mcp_y,42_left_hand_pinky_mcp_score,43_left_hand_pinky_pip_x,43_left_hand_pinky_pip_y,43_left_hand_pinky_pip_score,44_left_hand_pinky_dip_x,44_left_hand_pinky_dip_y,44_left_hand_pinky_dip_score,45_left_hand_pinky_tip_x,45_left_hand_pinky_tip_y,45_left_hand_pinky_tip_score,46_right_hand_wrist_x,46_right_hand_wrist_y,46_right_hand_wrist_score,47_right_hand_thumb_cmc_x,47_right_hand_thumb_cmc_y,47_right_hand_thumb_cmc_score,48_right_hand_thumb_mcp_x,48_right_hand_thumb_mcp_y,48_right_hand_thumb_mcp_score,49_right_hand_thumb_ip_x,49_right_hand_thumb_ip_y,49_right_hand_thumb_ip_score,50_right_hand_thumb_tip_x,50_right_hand_thumb_tip_y,50_right_hand_thumb_tip_score,51_right_hand_index_mcp_x,51_right_hand_index_mcp_y,51_right_hand_index_mcp_score,52_right_hand_index_pip_x,52_right_hand_index_pip_y,52_right_hand_index_pip_score,53_right_hand_index_dip_x,53_right_hand_index_dip_y,53_right_hand_index_dip_score,54_right_hand_index_tip_x,54_right_hand_index_tip_y,54_right_hand_index_tip_score,55_right_hand_middle_mcp_x,55_right_hand_middle_mcp_y,55_right_hand_middle_mcp_score,56_right_hand_middle_pip_x,56_right_hand_middle_pip_y,56_right_hand_middle_pip_score,57_right_hand_middle_dip_x,57_right_hand_middle_dip_y,57_right_hand_middle_dip_score,58_right_hand_middle_tip_x,58_right_hand_middle_tip_y,58_right_hand_middle_tip_score,59_right_hand_ring_mcp_x,59_right_hand_ring_mcp_y,59_right_hand_ring_mcp_score,60_right_hand_ring_pip_x,60_right_hand_ring_pip_y,60_right_hand_ring_pip_score,61_right_hand_ring_dip_x,61_right_hand_ring_dip_y,61_right_hand_ring_dip_score,62_right_hand_ring_tip_x,62_right_hand_ring_tip_y,62_right_hand_ring_tip_score,63_right_hand_pinky_mcp_x,63_right_hand_pinky_mcp_y,63_right_hand_pinky_mcp_score,64_right_hand_pinky_pip_x,64_right_hand_pinky_pip_y,64_right_hand_pinky_pip_score,65_right_hand_pinky_dip_x,65_right_hand_pinky_dip_y,65_right_hand_pinky_dip_score,66_right_hand_pinky_tip_x,66_right_hand_pinky_tip_y,66_right_hand_pinky_tip_score
DJI_20260917131455_0056_D.JPG,Cam 5,1,ARAMANDI,CORRECT,,,dwpose_l_wholebody,coco_wholebody_133,OK,470.81,225.91,1,1,1600.994140625,885.580322265625,0.9109331369400024,1620.5771484375,865.997314453125,0.9698053598403931,1636.24365234375,862.080810546875,0.9087700843811035,1647.99365234375,865.997314453125,0.9743558764457703,1581.4111328125,862.080810546875,0.9915937185287476,1565.744873046875,862.080810546875,0.928122878074646,1550.07861328125,865.997314453125,0.9845699071884155,1679.326171875,909.079833984375,0.878375768661499,1518.74560546875,909.079833984375,0.872762143611908,1628.41064453125,932.57958984375,0.9627631902694702,1569.66162109375,932.57958984375,0.9734117984771729,1753.74169921875,1112.743408203125,0.8508791327476501,1459.99658203125,1132.326416015625,0.8060624599456787,1941.73876953125,1296.823486328125,0.8193010091781616,1271.999755859375,1320.322998046875,0.8393440842628479,1738.075439453125,1578.819091796875,0.7502566576004028,1526.578857421875,1590.568603515625,0.6787508726119995,1914.322509765625,1880.397216796875,0.7925183773040771,1397.3310546875,1919.563232421875,0.5724738836288452,1734.15869140625,2154.559326171875,0.7776625156402588,1561.828125,2193.725341796875,0.7428431510925293,1691.076171875,2178.059326171875,0.7682455778121948,1597.07763671875,2221.141845703125,0.6738726496696472,1871.23974609375,2244.641357421875,0.7494581937789917,1389.497802734375,2287.723876953125,0.7266957759857178,1537.49609375,1271.1859130859375,0.2722005844116211,1537.49609375,1271.1859130859375,0.26443955302238464,1537.49609375,1271.1859130859375,0.2545546293258667,1537.49609375,1271.1859130859375,0.2757992744445801,1537.49609375,1271.1859130859375,0.27502912282943726,1537.49609375,1271.1859130859375,0.27143344283103943,1537.49609375,1564.3438720703125,0.27377185225486755,1537.49609375,1271.1859130859375,0.2693490982055664,1537.49609375,1271.1859130859375,0.2503008246421814,1537.49609375,1271.1859130859375,0.26073089241981506,1537.49609375,1564.3438720703125,0.25493913888931274,1537.49609375,1564.3438720703125,0.23505429923534393,1537.49609375,1271.1859130859375,0.2199077606201172,1537.49609375,1271.1859130859375,0.25035542249679565,1537.49609375,1271.1859130859375,0.23253902792930603,1537.49609375,1564.3438720703125,0.26633328199386597,1537.49609375,1564.3438720703125,0.27793455123901367,1537.49609375,1564.3438720703125,0.24698999524116516,1537.49609375,1564.3438720703125,0.2925543189048767,1537.49609375,1564.3438720703125,0.2849215567111969,1537.49609375,1564.3438720703125,0.2458585500717163,1734.302734375,1603.20849609375,0.2483932375907898,1734.302734375,1603.20849609375,0.22783109545707703,1734.302734375,1603.20849609375,0.20498809218406677,1734.302734375,1603.20849609375,0.1927720606327057,1734.302734375,1603.20849609375,0.1431203931570053,1734.302734375,1603.20849609375,0.19086849689483643,1734.302734375,1603.20849609375,0.20759016275405884,1734.302734375,1603.20849609375,0.20876014232635498,1734.302734375,1603.20849609375,0.1689184010028839,1734.302734375,1603.20849609375,0.19046083092689514,1734.302734375,1603.20849609375,0.18900442123413086,1734.302734375,1603.20849609375,0.19460341334342957,1734.302734375,1603.20849609375,0.15637631714344025,1734.302734375,1603.20849609375,0.17389872670173645,1734.302734375,1603.20849609375,0.1578369140625,1734.302734375,1603.20849609375,0.20468439161777496,1734.302734375,1603.20849609375,0.22595924139022827,1734.302734375,1603.20849609375,0.1580238938331604,1734.302734375,1603.20849609375,0.20768161118030548,1734.302734375,1603.20849609375,0.23538808524608612,1734.302734375,1603.20849609375,0.1874893456697464
DJI_20260917131459_0057_D.JPG,Cam 5,1,ARAMANDI,CORRECT,,,dwpose_l_wholebody,coco_wholebody_133,OK,487.87,248.65,1,1,1600.184814453125,883.988525390625,0.9113931655883789,1619.78466796875,864.388671875,0.9706510901451111,1635.464599609375,860.46875,0.9088743329048157,1651.14453125,864.388671875,0.9729336500167847,1580.585205078125,864.388671875,0.990005373954773,1564.905029296875,860.46875,0.926729679107666,1549.225341796875,864.388671875,0.9818294048309326,1682.504150390625,911.428466796875,0.8797747492790222,1517.865478515625,911.428466796875,0.8757418990135193,1631.544677734375,931.0283203125,0.9619852304458618,1568.824951171875,931.0283203125,0.9737774133682251,1756.983642578125,1111.346923828125,0.8499537706375122,1462.98583984375,1130.947021484375,0.8017231225967407,1941.22265625,1295.585693359375,0.8219913840293884,1274.826904296875,1315.185791015625,0.8336505889892578,1733.464111328125,1573.904052734375,0.7525184750556946,1521.785400390625,1581.743896484375,0.6893002390861511,1917.702880859375,1879.661865234375,0.7815501689910889,1384.58642578125,1918.861572265625,0.6001768112182617,1733.464111328125,2165.81982421875,0.7468562126159668,1557.065185546875,2189.339599609375,0.732878565788269,1690.34423828125,2189.339599609375,0.7464669346809387,1592.344970703125,2212.859619140625,0.6721781492233276,1878.503173828125,2248.139404296875,0.6926987171173096,1388.50634765625,2287.3388671875,0.6912040710449219,1521.2711181640625,1272.1116943359375,0.18930760025978088,1521.2711181640625,1272.1116943359375,0.17556136846542358,1521.2711181640625,1272.1116943359375,0.16010132431983948,1521.2711181640625,1272.1116943359375,0.18667855858802795,1521.2711181640625,1272.1116943359375,0.1904863715171814,1521.2711181640625,1272.1116943359375,0.16846728324890137,1521.2711181640625,1272.1116943359375,0.1762358546257019,1521.2711181640625,1272.1116943359375,0.18061092495918274,1521.2711181640625,1272.1116943359375,0.18741771578788757,1521.2711181640625,1272.1116943359375,0.14208665490150452,1521.2711181640625,1272.1116943359375,0.1512140929698944,1521.2711181640625,1574.200439453125,0.18085207045078278,1521.2711181640625,1574.200439453125,0.17403101921081543,1521.2711181640625,1272.1116943359375,0.11375758051872253,1521.2711181640625,1574.200439453125,0.13241077959537506,1521.2711181640625,1574.200439453125,0.20962902903556824,1521.2711181640625,1574.200439453125,0.2299131602048874,1521.2711181640625,1574.200439453125,0.13262180984020233,1521.2711181640625,1574.200439453125,0.21425148844718933,1521.2711181640625,1574.200439453125,0.24412083625793457,1521.2711181640625,1574.200439453125,0.19302725791931152,1405.7227783203125,1272.4825439453125,0.09753035008907318,1405.7227783203125,1272.4825439453125,0.04369644448161125,1517.5482177734375,1390.55517578125,0.05216940492391586,1518.7977294921875,1390.55517578125,0.06357672810554504,1604.384765625,1272.4825439453125,0.05631973594427109,1590.01611328125,1405.548583984375,0.05458160489797592,1611.2567138671875,1390.55517578125,0.04775508865714073,1610.6319580078125,1272.4825439453125,0.06081493943929672,1724.956298828125,1272.4825439453125,0.08603222668170929,1565.65185546875,1423.040771484375,0.0716233029961586,1565.65185546875,1420.5418701171875,0.049104128032922745,1599.386962890625,1464.897216796875,0.04293668270111084,1606.2589111328125,1272.4825439453125,0.062090203166007996,1535.6651611328125,1432.41162109375,0.061233967542648315,1528.793212890625,1463.0230712890625,0.05692559480667114,1525.044921875,1483.0142822265625,0.045467495918273926,1525.044921875,1591.716064453125,0.07085935026407242,1515.674072265625,1425.5396728515625,0.04604417085647583,1513.7999267578125,1466.146728515625,0.053782328963279724,1724.956298828125,1487.3873291015625,0.05215691030025482,1724.956298828125,1591.716064453125,0.07552947103977203
DJI_20260917131827_0058_D.JPG,Cam 5,2,SAMAPADHAM,CORRECT,,,dwpose_l_wholebody,coco_wholebody_133,OK,431.19,272.63,1,1,1608.471435546875,724.281982421875,0.9088972806930542,1625.61328125,702.855224609375,0.9798678159713745,1642.7548828125,702.855224609375,0.913253664970398,1655.61083984375,707.140380859375,0.9874943494796753,1587.04443359375,702.855224609375,0.9887033700942993,1569.90283203125,702.855224609375,0.9363088011741638,1557.04638671875,707.140380859375,0.9870191216468811,1689.89453125,762.850830078125,0.8920274972915649,1522.76318359375,767.136474609375,0.8902559280395508,1638.46923828125,775.707275390625,0.9751225709915161,1578.4736328125,775.707275390625,0.9808728098869324,1767.03173828125,977.121826171875,0.8669347167015076,1454.1962890625,994.263427734375,0.8028533458709717,1934.1630859375,1182.82177734375,0.8097345232963562,1265.63818359375,1191.392822265625,0.8563106060028076,1728.463134765625,1444.232177734375,0.7861883640289307,1514.1923828125,1452.80322265625,0.7514752149581909,1737.0341796875,1851.346923828125,0.8452399969100952,1548.4755859375,1851.346923828125,0.7748945951461792,1711.321533203125,2207.03662109375,0.8883627653121948,1617.042236328125,2215.607421875,0.8868252038955688,1694.1796875,2232.7490234375,0.8185892105102539,1634.18408203125,2254.17626953125,0.7704686522483826,1707.0361328125,2335.59912109375,0.8433953523635864,1629.8984375,2344.169921875,0.8491920232772827,1699.281494140625,1433.816650390625,0.13557514548301697,1711.6312255859375,1319.984130859375,0.11234264075756073,1691.7642822265625,1297.4324951171875,0.10654572397470474,1686.394775390625,1271.1220703125,0.12233123183250427,1681.0252685546875,1252.865966796875,0.12348445504903793,1709.4833984375,1275.4176025390625,0.15179234743118286,1710.557373046875,1243.200927734375,0.19723168015480042,1714.8529052734375,1223.3338623046875,0.1913733184337616,1723.98095703125,1200.2452392578125,0.16247868537902832,1705.724853515625,1273.8067626953125,0.1653916984796524,1705.1878662109375,1246.9595947265625,0.1764174997806549,1710.557373046875,1225.481689453125,0.17414066195487976,1689.0794677734375,1196.4866943359375,0.15381838381290436,1713.779052734375,1285.0826416015625,0.14913204312324524,1714.31591796875,1263.06787109375,0.14401981234550476,1716.4637451171875,1237.8314208984375,0.1340603530406952,1712.705078125,1215.27978515625,0.11962246149778366,1730.42431640625,1292.5999755859375,0.13273930549621582,1732.03515625,1281.8609619140625,0.12867794930934906,1732.5721435546875,1264.6787109375,0.11297239363193512,1720.222412109375,1245.3487548828125,0.09013047814369202,1711.6343994140625,1454.5443115234375,0.4043086767196655,1711.6343994140625,1454.5443115234375,0.38272327184677124,1711.6343994140625,1454.5443115234375,0.39071786403656006,1711.6343994140625,1454.5443115234375,0.40425795316696167,1711.6343994140625,1454.5443115234375,0.34763747453689575,1711.6343994140625,1454.5443115234375,0.3788159191608429,1711.6343994140625,1454.5443115234375,0.3945856988430023,1711.6343994140625,1454.5443115234375,0.37855446338653564,1711.6343994140625,1454.5443115234375,0.32778066396713257,1711.6343994140625,1454.5443115234375,0.38818034529685974,1711.6343994140625,1454.5443115234375,0.38347065448760986,1711.6343994140625,1454.5443115234375,0.3655431270599365,1711.6343994140625,1454.5443115234375,0.31103217601776123,1711.6343994140625,1454.5443115234375,0.3797035813331604,1711.6343994140625,1454.5443115234375,0.3517584204673767,1711.6343994140625,1454.5443115234375,0.383292555809021,1711.6343994140625,1454.5443115234375,0.382392942905426,1711.6343994140625,1454.5443115234375,0.3583019971847534,1711.6343994140625,1454.5443115234375,0.37663042545318604,1711.6343994140625,1454.5443115234375,0.39518114924430847,1711.6343994140625,1454.5443115234375,0.34865492582321167
DJI_20260917131830_0059_D.JPG,Cam 5,2,SAMAPADHAM,CORRECT,,,dwpose_l_wholebody,coco_wholebody_133,OK,487.41,201.76,1,1,1596.03173828125,727.0810546875,0.9157953262329102,1617.428955078125,705.683837890625,0.9865896701812744,1634.546630859375,701.404296875,0.9167860746383667,1647.385009765625,705.683837890625,0.9906392693519592,1574.634521484375,701.404296875,0.9961534142494202,1557.516845703125,701.404296875,0.9357150793075562,1544.678466796875,705.683837890625,0.9914196133613586,1685.900146484375,765.59619140625,0.8920549750328064,1514.72216796875,761.316650390625,0.8810282945632935,1630.267333984375,778.4345703125,0.98050856590271,1566.075439453125,774.155029296875,0.9901103973388672,1762.930419921875,979.56884765625,0.8667223453521729,1441.971435546875,996.6865234375,0.8067688941955566,1925.549560546875,1184.982421875,0.7910566329956055,1257.955078125,1193.54150390625,0.8604096174240112,1728.694580078125,1450.308349609375,0.7818083763122559,1514.72216796875,1458.8671875,0.7274534702301025,1732.974365234375,1856.8564453125,0.8336004018783569,1553.237060546875,1861.1357421875,0.7590253353118896,1707.297607421875,2212.051025390625,0.8825507164001465,1613.149658203125,2224.889404296875,0.8850967884063721,1690.179443359375,2242.007080078125,0.811485230922699,1634.546630859375,2259.124755859375,0.77005934715271,1703.01806640625,2336.155029296875,0.851894736289978,1630.267333984375,2344.7138671875,0.8408605456352234,1534.1397705078125,1156.3072509765625,0.2142903357744217,1534.1397705078125,1156.3072509765625,0.20346692204475403,1534.1397705078125,1156.3072509765625,0.17301224172115326,1534.1397705078125,1437.26953125,0.18855485320091248,1534.1397705078125,1156.3072509765625,0.14881151914596558,1534.1397705078125,1156.3072509765625,0.15656951069831848,1534.1397705078125,1437.26953125,0.14930132031440735,1534.1397705078125,1437.26953125,0.15161187946796417,1534.1397705078125,1156.3072509765625,0.13732127845287323,1534.1397705078125,1156.3072509765625,0.14540086686611176,1534.1397705078125,1437.26953125,0.1327434778213501,1534.1397705078125,1437.26953125,0.15485365688800812,1534.1397705078125,1437.26953125,0.12672483921051025,1534.1397705078125,1156.3072509765625,0.12112948298454285,1534.1397705078125,1437.26953125,0.10269249975681305,1534.1397705078125,1437.26953125,0.15889471769332886,1534.1397705078125,1437.26953125,0.15786807239055634,1534.1397705078125,1437.26953125,0.12442925572395325,1534.1397705078125,1437.26953125,0.17452865839004517,1534.1397705078125,1437.26953125,0.19721493124961853,1534.1397705078125,1437.26953125,0.13414353132247925,1761.91552734375,1490.05029296875,0.23231908679008484,1761.91552734375,1490.05029296875,0.193174347281456,1761.91552734375,1490.05029296875,0.17739233374595642,1761.91552734375,1490.05029296875,0.17121954262256622,1761.91552734375,1490.05029296875,0.11876736581325531,1761.91552734375,1490.05029296875,0.16616898775100708,1761.91552734375,1490.05029296875,0.1721075177192688,1761.91552734375,1490.05029296875,0.17171123623847961,1761.91552734375,1490.05029296875,0.13134650886058807,1761.91552734375,1490.05029296875,0.15939056873321533,1761.91552734375,1490.05029296875,0.1475459635257721,1761.91552734375,1490.05029296875,0.14768807590007782,1761.91552734375,1490.05029296875,0.1337396651506424,1761.91552734375,1490.05029296875,0.14793547987937927,1761.91552734375,1490.05029296875,0.11934711039066315,1761.91552734375,1490.05029296875,0.16012661159038544,1761.91552734375,1490.05029296875,0.1883183866739273,1761.91552734375,1490.05029296875,0.1546221375465393,1761.91552734375,1490.05029296875,0.18603932857513428,1761.91552734375,1490.05029296875,0.2199840247631073,1761.91552734375,1490.05029296875,0.17289234697818756
DJI_20260917131942_0060_D.JPG,Cam 5,3,MUZHUMANDI,CORRECT,,,dwpose_l_wholebody,coco_wholebody_133,OK,495.93,277.02,1,1,1633.06884765625,1353.603271484375,0.9170131683349609,1651.016357421875,1326.68212890625,1.0007474422454834,1665.97265625,1323.69091796875,0.9262373447418213,1680.9287109375,1323.69091796875,0.9894894957542419,1612.130126953125,1326.68212890625,0.9781768321990967,1597.173828125,1320.69970703125,0.9126871824264526,1582.2177734375,1323.69091796875,0.9875088930130005,1710.84130859375,1350.612060546875,0.8605358004570007,1549.31396484375,1353.603271484375,0.870887279510498,1659.990234375,1398.47216796875,0.9933309555053711,1600.165283203125,1398.47216796875,0.9938123226165771,1767.675048828125,1527.095947265625,0.8149625062942505,1492.480224609375,1545.043212890625,0.7835696935653687,1956.123779296875,1694.605712890625,0.8185914754867554,1298.049072265625,1739.474365234375,0.7498691082000732,1740.75390625,1957.835693359375,0.6832558512687683,1546.32275390625,1963.818115234375,0.6833702921867371,1737.7626953125,2239.012939453125,0.5306955575942993,1510.427734375,2307.811767578125,0.5458557605743408,1767.675048828125,2262.94287109375,0.529598593711853,1474.53271484375,2298.837890625,0.35719096660614014,1764.683837890625,2271.916748046875,0.44297242164611816,1507.4365234375,2304.820556640625,0.31135910749435425,1848.43896484375,2313.794189453125,0.606380820274353,1450.602783203125,2343.706787109375,0.327025830745697,1871.58251953125,1718.949462890625,0.2728472948074341,1535.7685546875,1718.949462890625,0.24228021502494812,1535.7685546875,1718.949462890625,0.22006648778915405,1535.7685546875,1718.949462890625,0.24514183402061462,1535.7685546875,1718.949462890625,0.2546253800392151,1535.7685546875,1718.949462890625,0.2593037486076355,1535.7685546875,1718.949462890625,0.23222616314888,1645.5159912109375,1718.949462890625,0.24071162939071655,1645.5159912109375,1718.949462890625,0.23671752214431763,1535.7685546875,1718.949462890625,0.2521979808807373,1647.4874267578125,1718.949462890625,0.21640682220458984,1643.54443359375,1718.949462890625,0.23820611834526062,1644.20166015625,1718.949462890625,0.2479998618364334,1535.7685546875,1718.949462890625,0.23080015182495117,1535.7685546875,1718.949462890625,0.19606174528598785,1644.8587646484375,1718.949462890625,0.22560593485832214,1644.8587646484375,1718.949462890625,0.22887897491455078,1535.7685546875,1718.949462890625,0.2110738754272461,1535.7685546875,1718.949462890625,0.20536744594573975,1535.7685546875,1718.949462890625,0.2230381965637207,1535.7685546875,1718.949462890625,0.1992528885602951,1428.593994140625,1728.718505859375,0.37542861700057983,1428.593994140625,1728.718505859375,0.3794691562652588,1428.593994140625,1728.718505859375,0.3630484938621521,1428.593994140625,1728.718505859375,0.3473430275917053,1428.593994140625,1728.718505859375,0.2782948613166809,1428.593994140625,1728.718505859375,0.3335106372833252,1428.593994140625,1728.718505859375,0.32423877716064453,1428.593994140625,1728.718505859375,0.29752790927886963,1640.9677734375,1728.718505859375,0.262332022190094,1428.593994140625,1728.718505859375,0.3194206953048706,1642.2991943359375,1728.718505859375,0.3014378547668457,1642.2991943359375,1728.718505859375,0.3235965967178345,1640.9677734375,1728.718505859375,0.3181176781654358,1428.593994140625,1728.718505859375,0.3029868006706238,1428.593994140625,1728.718505859375,0.2703610062599182,1642.2991943359375,1728.718505859375,0.3241272568702698,1640.9677734375,1728.718505859375,0.30896347761154175,1428.593994140625,1728.718505859375,0.2923719584941864,1428.593994140625,1728.718505859375,0.3050171434879303,1428.593994140625,1728.718505859375,0.3111741244792938,1642.2991943359375,1728.718505859375,0.27701741456985474
DJI_20260917131944_0061_D.JPG,Cam 5,3,MUZHUMANDI,CORRECT,,,dwpose_l_wholebody,coco_wholebody_133,OK,449.01,245.91,1,1,1625.196044921875,1349.9276123046875,0.9065839052200317,1643.36669921875,1322.6719970703125,1.0143060684204102,1658.508544921875,1319.6434326171875,0.9384206533432007,1673.650634765625,1322.6719970703125,1.01035475730896,1607.025634765625,1322.6719970703125,0.9985117316246033,1591.883544921875,1319.6434326171875,0.9214203357696533,1576.741455078125,1322.6719970703125,1.000988245010376,1703.934814453125,1346.8992919921875,0.8493192195892334,1546.45751953125,1349.9276123046875,0.8572105169296265,1652.451904296875,1395.3538818359375,0.9924917221069336,1594.911865234375,1395.3538818359375,0.9914854764938354,1767.531494140625,1528.6038818359375,0.816047191619873,1491.946044921875,1540.7176513671875,0.7786498069763184,1955.292724609375,1692.1380615234375,0.8246219754219055,1292.071044921875,1734.5360107421875,0.7274014949798584,1734.218994140625,1961.6666259765625,0.700075089931488,1540.400634765625,1964.6951904296875,0.6868957877159119,1728.162109375,2231.1953125,0.544345498085022,1504.059814453125,2300.8486328125,0.5710955262184143,1767.531494140625,2267.5361328125,0.5535691976547241,1473.775634765625,2297.8203125,0.3716678023338318,1761.474609375,2273.5927734375,0.457268625497818,1522.230224609375,2300.8486328125,0.3155820667743683,1843.24169921875,2309.93408203125,0.6252790689468384,1446.519775390625,2349.30322265625,0.33510488271713257,1876.6805419921875,1715.590576171875,0.2179129719734192,1545.25,1715.590576171875,0.1858092099428177,1749.5565185546875,1715.590576171875,0.1620955914258957,1745.016357421875,1715.590576171875,0.1748649775981903,1545.25,1715.590576171875,0.1979718804359436,1733.9903564453125,1715.590576171875,0.1732448935508728,1642.538818359375,1715.590576171875,0.1577949970960617,1642.538818359375,1715.590576171875,0.184751957654953,1641.2415771484375,1715.590576171875,0.18055348098278046,1732.0445556640625,1715.590576171875,0.16889594495296478,1646.430419921875,1715.590576171875,0.1638096570968628,1642.538818359375,1715.590576171875,0.20704257488250732,1640.593017578125,1772.01806640625,0.2028311938047409,1730.747314453125,1715.590576171875,0.15008589625358582,1656.1593017578125,1715.590576171875,0.12780441343784332,1641.2415771484375,1715.590576171875,0.1747276782989502,1639.2958984375,1715.590576171875,0.18426772952079773,1732.0445556640625,1715.590576171875,0.12627394497394562,1545.25,1715.590576171875,0.14006651937961578,1545.25,1715.590576171875,0.17273204028606415,1545.25,1715.590576171875,0.14063440263271332,1493.398193359375,1854.712646484375,0.23454177379608154,1501.5435791015625,1833.4093017578125,0.19666358828544617,1503.42333984375,1730.0257568359375,0.16951903700828552,1504.0498046875,1730.0257568359375,0.1796172559261322,1503.42333984375,1730.0257568359375,0.18252086639404297,1569.212890625,1730.0257568359375,0.11887390911579132,1630.616455078125,1730.0257568359375,0.13933666050434113,1633.1226806640625,1730.0257568359375,0.16917166113853455,1633.1226806640625,1730.0257568359375,0.1713830530643463,1569.212890625,1884.1612548828125,0.1189599484205246,1630.616455078125,1730.0257568359375,0.119454026222229,1637.5086669921875,1730.0257568359375,0.1576191782951355,1637.5086669921875,1730.0257568359375,0.16765159368515015,1568.5863037109375,1902.958251953125,0.1086311861872673,1586.7567138671875,1730.0257568359375,0.10626713186502457,1632.49609375,1730.0257568359375,0.13682861626148224,1635.0023193359375,1730.0257568359375,0.12809956073760986,1561.6939697265625,1730.0257568359375,0.07889224588871002,1572.345703125,1730.0257568359375,0.09807431697845459,1593.0223388671875,1730.0257568359375,0.1029956042766571,1635.62890625,1730.0257568359375,0.10079365968704224
DJI_20260917132031_0062_D.JPG,Cam 5,4,SWASTIKAPADAM,CORRECT,,RIGHT,dwpose_l_wholebody,coco_wholebody_133,OK,459.51,197.4,1,1,1715.8284912109375,893.2730712890625,0.92181396484375,1731.4295654296875,869.8712158203125,0.990340530872345,1747.0306396484375,865.9708251953125,0.9162015914916992,1762.6319580078125,869.8712158203125,0.9573306441307068,1696.3265380859375,869.8712158203125,0.9857165813446045,1680.7254638671875,865.9708251953125,0.930101752281189,1665.1243896484375,869.8712158203125,0.9728795289993286,1786.0340576171875,912.7745361328125,0.8998485803604126,1630.0213623046875,916.6749267578125,0.9041861295700073,1747.0306396484375,936.1763916015625,0.9842982292175293,1688.5262451171875,936.1763916015625,0.999765157699585,1860.1397705078125,1107.7901611328125,0.8626967668533325,1583.2176513671875,1127.2916259765625,0.7923291921615601,2047.3548583984375,1291.1046142578125,0.8013482093811035,1403.8033447265625,1318.4068603515625,0.7999369502067566,1840.6380615234375,1556.3258056640625,0.7172445058822632,1653.4232177734375,1560.2261962890625,0.6916853189468384,1848.4388427734375,1891.7525634765625,0.6498650312423706,1723.6287841796875,1895.6529541015625,0.5665225386619568,1719.7286376953125,2195.9765625,0.7185999155044556,1708.0277099609375,2192.07666015625,0.5443105697631836,1672.9246826171875,2219.37890625,0.7478716969490051,1661.2239990234375,2227.17919921875,0.5188172459602356,1860.1397705078125,2270.0830078125,0.7625986933708191,1840.6380615234375,2270.0830078125,0.4976113438606262,1697.6700439453125,1272.2034912109375,0.22485290467739105,1697.6700439453125,1272.2034912109375,0.19795913994312286,1697.6700439453125,1272.2034912109375,0.1608310341835022,1697.6700439453125,1272.2034912109375,0.17052270472049713,1697.6700439453125,1272.2034912109375,0.19097572565078735,1697.6700439453125,1272.2034912109375,0.18265700340270996,1697.6700439453125,1272.2034912109375,0.18844492733478546,1697.6700439453125,1272.2034912109375,0.19359394907951355,1697.6700439453125,1272.2034912109375,0.1784631907939911,1697.6700439453125,1272.2034912109375,0.1677411049604416,1697.6700439453125,1272.2034912109375,0.17154012620449066,1697.6700439453125,1272.2034912109375,0.15900054574012756,1697.6700439453125,1272.2034912109375,0.16505488753318787,1697.6700439453125,1272.2034912109375,0.14854183793067932,1697.6700439453125,1272.2034912109375,0.14432215690612793,1697.6700439453125,1537.191162109375,0.1720547080039978,1697.6700439453125,1537.191162109375,0.20312093198299408,1697.6700439453125,1272.2034912109375,0.15536464750766754,1697.6700439453125,1272.2034912109375,0.18108238279819489,1697.6700439453125,1537.191162109375,0.20550090074539185,1697.6700439453125,1537.191162109375,0.18323497474193573,1742.560546875,1280.1700439453125,0.4814085066318512,1742.054931640625,1280.1700439453125,0.45663565397262573,1740.5382080078125,1280.1700439453125,0.4376126527786255,1740.5382080078125,1280.1700439453125,0.46108800172805786,1740.5382080078125,1280.1700439453125,0.457613468170166,1741.0438232421875,1280.1700439453125,0.47544389963150024,1740.5382080078125,1280.1700439453125,0.4399583041667938,1739.021484375,1280.1700439453125,0.4693956673145294,1737.5047607421875,1280.1700439453125,0.48227009177207947,1741.5494384765625,1280.1700439453125,0.4917846918106079,1740.5382080078125,1280.1700439453125,0.47978538274765015,1741.5494384765625,1280.1700439453125,0.5004627704620361,1740.5382080078125,1280.1700439453125,0.4554203152656555,1742.560546875,1280.1700439453125,0.4754241704940796,1742.560546875,1280.1700439453125,0.45861244201660156,1741.5494384765625,1280.1700439453125,0.5126577019691467,1740.0325927734375,1280.1700439453125,0.5217658281326294,1743.066162109375,1280.1700439453125,0.4421404004096985,1742.560546875,1280.1700439453125,0.4767293334007263,1743.066162109375,1280.1700439453125,0.5168908834457397,1742.560546875,1280.1700439453125,0.5200424194335938
DJI_20260917132033_0063_D.JPG,Cam 5,4,SWASTIKAPADAM,CORRECT,,RIGHT,dwpose_l_wholebody,coco_wholebody_133,OK,471.79,217.77,1,1,1717.2109375,895.923583984375,0.9207662343978882,1736.64306640625,876.4912109375,0.9844187498092651,1748.302734375,872.604736328125,0.9154654741287231,1763.848388671875,876.4912109375,0.9589812159538269,1697.778564453125,876.4912109375,0.9841772317886353,1682.232666015625,872.604736328125,0.9329419136047363,1666.686767578125,876.4912109375,0.9777222871780396,1791.0537109375,919.242431640625,0.8990042209625244,1631.70849609375,923.128662109375,0.8989795446395874,1748.302734375,942.56103515625,0.9816722869873047,1690.00537109375,942.56103515625,0.9983854293823242,1864.896484375,1109.67919921875,0.8588298559188843,1585.07080078125,1129.111572265625,0.7813398838043213,2047.560546875,1296.229736328125,0.8221591114997864,1410.179931640625,1307.888916015625,0.7390183210372925,1837.69140625,1556.622802734375,0.7157586812973022,1651.140869140625,1560.509521484375,0.6981828212738037,1849.350830078125,1898.632080078125,0.6635072231292725,1736.64306640625,1898.632080078125,0.5567708015441895,1717.2109375,2197.89013671875,0.7467762231826782,1709.43798828125,2190.1171875,0.5373806953430176,1666.686767578125,2221.208984375,0.7921336889266968,1658.913818359375,2221.208984375,0.5138392448425293,1864.896484375,2267.846435546875,0.7722228765487671,1845.46435546875,2267.846435546875,0.49736741185188293,1656.123779296875,1269.935791015625,0.3161882162094116,1656.123779296875,1269.935791015625,0.3110523819923401,1656.123779296875,1269.935791015625,0.300767183303833,1656.123779296875,1269.935791015625,0.3154623508453369,1656.123779296875,1269.935791015625,0.31693416833877563,1656.123779296875,1269.935791015625,0.3253326416015625,1656.123779296875,1269.935791015625,0.31889012455940247,1656.123779296875,1269.935791015625,0.3048575520515442,1656.123779296875,1269.935791015625,0.3005112409591675,1656.123779296875,1269.935791015625,0.30837321281433105,1656.123779296875,1269.935791015625,0.2875936031341553,1656.123779296875,1269.935791015625,0.2580617070198059,1656.123779296875,1269.935791015625,0.2752785086631775,1656.123779296875,1269.935791015625,0.30061542987823486,1656.123779296875,1269.935791015625,0.27653148770332336,1656.123779296875,1269.935791015625,0.2607407569885254,1656.123779296875,1269.935791015625,0.2875061631202698,1656.123779296875,1269.935791015625,0.28803813457489014,1656.123779296875,1269.935791015625,0.2932506501674652,1656.123779296875,1269.935791015625,0.27627700567245483,1656.123779296875,1269.935791015625,0.27245625853538513,1607.4022216796875,1475.3153076171875,0.3435296416282654,1607.4022216796875,1475.3153076171875,0.3317391872406006,1607.4022216796875,1475.3153076171875,0.33416175842285156,1607.4022216796875,1475.3153076171875,0.33638429641723633,1607.4022216796875,1308.5501708984375,0.31520262360572815,1607.4022216796875,1475.3153076171875,0.3207179605960846,1607.4022216796875,1475.3153076171875,0.31916576623916626,1607.4022216796875,1475.3153076171875,0.30962616205215454,1607.4022216796875,1308.5501708984375,0.30387386679649353,1607.4022216796875,1475.3153076171875,0.31452417373657227,1607.4022216796875,1475.3153076171875,0.3204706609249115,1607.4022216796875,1475.3153076171875,0.3035679757595062,1607.4022216796875,1308.5501708984375,0.295575886964798,1607.4022216796875,1475.3153076171875,0.3261164724826813,1607.4022216796875,1475.3153076171875,0.31244611740112305,1607.4022216796875,1475.3153076171875,0.33078622817993164,1607.4022216796875,1475.3153076171875,0.32050395011901855,1607.4022216796875,1475.3153076171875,0.3216065764427185,1607.4022216796875,1475.3153076171875,0.3422282934188843,1607.4022216796875,1475.3153076171875,0.32704097032546997,1607.4022216796875,1308.5501708984375,0.31047964096069336
DJI_20260917132059_0064_D.JPG,Cam 5,5,SWASTIKAPADAM,CORRECT,,LEFT,dwpose_l_wholebody,coco_wholebody_133,OK,431.96,239.16,1,1,1497.035400390625,869.682861328125,0.9212137460708618,1520.888671875,849.80517578125,0.9908855557441711,1536.79052734375,845.82958984375,0.9234051704406738,1548.71728515625,853.780517578125,0.990506649017334,1477.15771484375,849.80517578125,0.9939656853675842,1461.255615234375,845.82958984375,0.9356755018234253,1449.3291015625,849.80517578125,0.9888113737106323,1584.496826171875,897.511474609375,0.9047570824623108,1421.50048828125,897.511474609375,0.8953173160552979,1528.839599609375,921.36474609375,0.9808136820793152,1469.20654296875,921.36474609375,0.9909583926200867,1652.080810546875,1100.263427734375,0.8351041078567505,1353.91650390625,1124.116455078125,0.8113032579421997,1850.857177734375,1303.015380859375,0.8580495119094849,1163.091064453125,1306.99072265625,0.8213915228843689,1632.203125,1577.326416015625,0.7365306615829468,1421.50048828125,1585.277587890625,0.7308599948883057,1564.619140625,1951.026123046875,0.5437055826187134,1334.038818359375,1966.92822265625,0.75634765625,1620.276611328125,2217.386474609375,0.6242372393608093,1608.35009765625,2213.410888671875,0.6802067756652832,1679.90966796875,2229.312744140625,0.6405900120735168,1683.88525390625,2225.337646484375,0.6389678716659546,1465.23095703125,2316.774658203125,0.6381739377975464,1469.20654296875,2324.725830078125,0.5708205699920654,1735.6021728515625,1261.8837890625,0.1895216405391693,1735.6021728515625,1261.8837890625,0.16238509118556976,1735.6021728515625,1261.8837890625,0.1461934745311737,1735.6021728515625,1261.8837890625,0.17186018824577332,1437.351318359375,1261.8837890625,0.1595066487789154,1606.613037109375,1261.8837890625,0.14245089888572693,1735.6021728515625,1261.8837890625,0.15448686480522156,1735.6021728515625,1261.8837890625,0.15551304817199707,1437.351318359375,1261.8837890625,0.16461245715618134,1604.2784423828125,1261.8837890625,0.1469818651676178,1574.51171875,1261.8837890625,0.12193667888641357,1521.982177734375,1261.8837890625,0.1292882263660431,1514.978271484375,1261.8837890625,0.15209056437015533,1606.613037109375,1261.8837890625,0.13376542925834656,1575.0953369140625,1261.8837890625,0.10670756548643112,1600.1927490234375,1261.8837890625,0.10882344841957092,1735.6021728515625,1261.8837890625,0.141312375664711,1615.95166015625,1261.8837890625,0.11101078242063522,1735.6021728515625,1261.8837890625,0.12871327996253967,1735.6021728515625,1261.8837890625,0.14905187487602234,1735.6021728515625,1261.8837890625,0.12230043113231659,1531.42529296875,1295.738525390625,0.28772926330566406,1531.42529296875,1295.738525390625,0.25659987330436707,1531.42529296875,1295.738525390625,0.24020545184612274,1531.42529296875,1295.738525390625,0.2697082757949829,1531.42529296875,1295.738525390625,0.2681524157524109,1531.42529296875,1295.738525390625,0.24485169351100922,1531.42529296875,1295.738525390625,0.25054946541786194,1531.42529296875,1295.738525390625,0.2671471834182739,1531.42529296875,1295.738525390625,0.27220582962036133,1531.42529296875,1295.738525390625,0.23336464166641235,1531.42529296875,1295.738525390625,0.24853116273880005,1531.42529296875,1295.738525390625,0.25138235092163086,1531.42529296875,1295.738525390625,0.23797181248664856,1531.42529296875,1295.738525390625,0.21376371383666992,1531.42529296875,1295.738525390625,0.21594636142253876,1531.42529296875,1295.738525390625,0.2338327169418335,1531.42529296875,1295.738525390625,0.24930593371391296,1531.42529296875,1295.738525390625,0.18625712394714355,1531.42529296875,1295.738525390625,0.20837554335594177,1531.42529296875,1295.738525390625,0.23533844947814941,1531.42529296875,1295.738525390625,0.22146201133728027
DJI_20260917132100_0065_D.JPG,Cam 5,5,SWASTIKAPADAM,CORRECT,,LEFT,dwpose_l_wholebody,coco_wholebody_133,OK,483.1,251.16,1,1,1496.874755859375,874.89013671875,0.9176403880119324,1520.712158203125,851.052734375,0.9890979528427124,1536.603759765625,847.079833984375,0.9221201539039612,1552.495361328125,851.052734375,0.9935287237167358,1480.983154296875,851.052734375,0.9951608180999756,1465.091552734375,847.079833984375,0.9372034072875977,1449.199951171875,851.052734375,0.9916445016860962,1592.224365234375,898.7275390625,0.9055242538452148,1425.362548828125,902.700439453125,0.8902924656867981,1532.630859375,922.56494140625,0.977985143661499,1469.064453125,922.56494140625,0.990732729434967,1659.763427734375,1109.291015625,0.8237556219100952,1365.769287109375,1121.209716796875,0.8281998634338379,1854.435302734375,1299.989990234375,0.847754955291748,1171.097412109375,1307.935791015625,0.8309392929077148,1631.953369140625,1578.092529296875,0.737957239151001,1421.389892578125,1590.011474609375,0.7319821715354919,1576.332763671875,1951.544921875,0.5822725296020508,1349.877685546875,1955.517822265625,0.7171359658241272,1620.034423828125,2217.72900390625,0.653394341468811,1608.115966796875,2213.756103515625,0.6745495796203613,1675.655029296875,2233.620361328125,0.678850531578064,1679.6279296875,2229.647705078125,0.6319906711578369,1469.064453125,2313.078369140625,0.6477259397506714,1469.064453125,2321.0244140625,0.5960037708282471,1676.3936767578125,1403.314697265625,0.1316041350364685,1659.9595947265625,1391.6905517578125,0.12743204832077026,1643.525390625,1372.0498046875,0.10187023133039474,1640.3187255859375,1367.640625,0.09223134815692902,1616.669677734375,1359.6240234375,0.09576935321092606,1629.496337890625,1392.89306640625,0.11588500440120697,1610.25634765625,1380.46728515625,0.13087691366672516,1603.843017578125,1372.0498046875,0.13252270221710205,1609.8555908203125,1360.8265380859375,0.10295958817005157,1622.68212890625,1395.698974609375,0.14142411947250366,1607.0496826171875,1382.471435546875,0.15067318081855774,1601.0372314453125,1375.2564697265625,0.14340001344680786,1609.8555908203125,1372.0498046875,0.10025841742753983,1624.2855224609375,1409.72802734375,0.13610216975212097,1610.25634765625,1374.8555908203125,0.131184384226799,1605.0455322265625,1375.2564697265625,0.12665697932243347,1613.4630126953125,1372.0498046875,0.09321263432502747,1630.6988525390625,1420.550537109375,0.11026901006698608,1615.8680419921875,1413.736328125,0.10483178496360779,1614.66552734375,1371.2481689453125,0.10743369162082672,1614.66552734375,1361.628173828125,0.07813288271427155,1546.857666015625,1299.5980224609375,0.19078531861305237,1546.857666015625,1299.5980224609375,0.1361197531223297,1373.0264892578125,1299.5980224609375,0.1183420941233635,1384.9774169921875,1299.5980224609375,0.13937799632549286,1546.857666015625,1299.5980224609375,0.18777169287204742,1546.857666015625,1299.5980224609375,0.16060984134674072,1546.857666015625,1299.5980224609375,0.13291160762310028,1546.857666015625,1299.5980224609375,0.1651063859462738,1509.3753662109375,1299.5980224609375,0.19593161344528198,1546.857666015625,1299.5980224609375,0.14205794036388397,1546.857666015625,1299.5980224609375,0.12248677760362625,1546.857666015625,1299.5980224609375,0.15579310059547424,1546.857666015625,1299.5980224609375,0.14953799545764923,1546.857666015625,1299.5980224609375,0.12596769630908966,1546.857666015625,1299.5980224609375,0.131172314286232,1546.857666015625,1299.5980224609375,0.15199065208435059,1546.857666015625,1577.1845703125,0.16387048363685608,1546.857666015625,1299.5980224609375,0.10571187734603882,1546.857666015625,1299.5980224609375,0.1292470097541809,1546.857666015625,1299.5980224609375,0.16511055827140808,1546.857666015625,1299.5980224609375,0.16280552744865417
DJI_20260917132133_0066_D.JPG,Cam 5,6,ARAMANDI,INCORRECT,INSUFFICIENT_KNEE_BEND,,dwpose_l_wholebody,coco_wholebody_133,OK,598.71,179.05,1,1,1608.48876953125,772.836669921875,0.9234635233879089,1629.35400390625,751.9716796875,0.9823088645935059,1646.04638671875,747.79833984375,0.9252089858055115,1658.5654296875,756.14453125,0.9831674098968506,1591.796875,751.9716796875,1.0027499198913574,1575.1044921875,747.79833984375,0.9397579431533813,1562.58544921875,751.9716796875,0.9919208288192749,1691.94970703125,802.048095703125,0.8888158798217773,1533.3740234375,797.875,0.8827924132347107,1641.873291015625,822.9130859375,0.9730913639068604,1579.277587890625,818.740234375,0.9895412921905518,1771.2373046875,1002.35400390625,0.8507165908813477,1474.95166015625,1027.39208984375,0.8088506460189819,1950.67822265625,1198.48681640625,0.817062258720398,1287.164794921875,1219.35205078125,0.8339709043502808,1746.19921875,1478.08056640625,0.7385814785957336,1533.3740234375,1486.4267578125,0.7261632680892944,1787.9296875,1836.9619140625,0.7953486442565918,1487.470703125,1811.923828125,0.7998318672180176,1750.372314453125,2200.016357421875,0.8425700664520264,1595.9697265625,2195.84326171875,0.8786275386810303,1716.98779296875,2225.0546875,0.808722972869873,1633.527099609375,2233.400634765625,0.8059502840042114,1888.08251953125,2270.9580078125,0.7875123620033264,1470.778564453125,2300.16943359375,0.7847528457641602,1516.2322998046875,1474.53466796875,0.2569064497947693,1516.2322998046875,1474.53466796875,0.2293100357055664,1516.2322998046875,1474.53466796875,0.20804211497306824,1516.2322998046875,1474.53466796875,0.23106521368026733,1516.2322998046875,1474.53466796875,0.1884118914604187,1516.2322998046875,1474.53466796875,0.22769196331501007,1516.2322998046875,1474.53466796875,0.2555290460586548,1516.2322998046875,1474.53466796875,0.24093152582645416,1516.2322998046875,1474.53466796875,0.1938323676586151,1516.2322998046875,1474.53466796875,0.2067931890487671,1516.2322998046875,1474.53466796875,0.22174258530139923,1516.2322998046875,1474.53466796875,0.22222715616226196,1516.2322998046875,1474.53466796875,0.16785316169261932,1516.2322998046875,1474.53466796875,0.19317278265953064,1516.2322998046875,1474.53466796875,0.17639252543449402,1516.2322998046875,1474.53466796875,0.2298678159713745,1516.2322998046875,1474.53466796875,0.2524285316467285,1516.2322998046875,1474.53466796875,0.20152278244495392,1516.2322998046875,1474.53466796875,0.2574557065963745,1516.2322998046875,1474.53466796875,0.26732540130615234,1516.2322998046875,1474.53466796875,0.20027053356170654,1676.3990478515625,1187.0675048828125,0.28997769951820374,1676.3990478515625,1187.0675048828125,0.27048128843307495,1644.50244140625,1187.0675048828125,0.2639421224594116,1646.124267578125,1187.0675048828125,0.29643717408180237,1676.3990478515625,1187.0675048828125,0.30018845200538635,1676.3990478515625,1187.0675048828125,0.27023494243621826,1643.421142578125,1187.0675048828125,0.27803242206573486,1643.9617919921875,1187.0675048828125,0.31241413950920105,1643.9617919921875,1187.0675048828125,0.3376306891441345,1676.3990478515625,1187.0675048828125,0.2644624710083008,1644.50244140625,1187.0675048828125,0.2540181875228882,1645.5836181640625,1187.0675048828125,0.27849769592285156,1646.124267578125,1187.0675048828125,0.2724166214466095,1676.3990478515625,1187.0675048828125,0.2379506528377533,1676.3990478515625,1187.0675048828125,0.229738250374794,1647.20556640625,1187.0675048828125,0.26693522930145264,1646.124267578125,1187.0675048828125,0.30809587240219116,1676.3990478515625,1187.0675048828125,0.21730220317840576,1645.5836181640625,1187.0675048828125,0.2425135374069214,1676.3990478515625,1187.0675048828125,0.2759404182434082,1676.3990478515625,1187.0675048828125,0.2684621810913086
DJI_20260917132135_0067_D.JPG,Cam 5,6,ARAMANDI,INCORRECT,INSUFFICIENT_KNEE_BEND,,dwpose_l_wholebody,coco_wholebody_133,OK,442.19,251.48,1,1,1610.508056640625,765.3642578125,0.9244022369384766,1631.452392578125,740.230712890625,0.9800220727920532,1648.208251953125,736.041748046875,0.9223376512527466,1660.775146484375,740.230712890625,0.9808741807937622,1593.752197265625,740.230712890625,1.0004734992980957,1576.996337890625,736.041748046875,0.9376541376113892,1560.24072265625,740.230712890625,0.9906822443008423,1694.286376953125,790.497802734375,0.8904883861541748,1530.918212890625,790.497802734375,0.8886013031005859,1644.019287109375,811.442626953125,0.9739319086074829,1581.185302734375,811.442626953125,0.9904261231422424,1773.876220703125,995.75537109375,0.8530191779136658,1472.273193359375,1020.88916015625,0.8085312843322754,1954.000244140625,1188.4462890625,0.8217496871948242,1287.960205078125,1213.580078125,0.838300347328186,1748.742431640625,1473.293701171875,0.7404446601867676,1535.107177734375,1481.671630859375,0.7280929088592529,1786.443115234375,1833.5419921875,0.7820466756820679,1493.2177734375,1812.59716796875,0.8039569854736328,1748.742431640625,2193.7900390625,0.8469325304031372,1602.130126953125,2197.97900390625,0.8744016885757446,1719.420166015625,2223.112548828125,0.8129451274871826,1635.641357421875,2235.679443359375,0.799286961555481,1882.788330078125,2269.190673828125,0.8102017641067505,1468.084228515625,2294.32421875,0.7761890888214111,1536.908203125,1456.73876953125,0.19640469551086426,1536.908203125,1456.73876953125,0.15431718528270721,1536.908203125,1456.73876953125,0.1411415934562683,1536.908203125,1456.73876953125,0.14652538299560547,1536.908203125,1154.5419921875,0.10463272035121918,1536.908203125,1456.73876953125,0.1418769359588623,1536.908203125,1456.73876953125,0.15183910727500916,1536.908203125,1456.73876953125,0.14716476202011108,1536.908203125,1154.5419921875,0.13064295053482056,1536.908203125,1456.73876953125,0.11698159575462341,1536.908203125,1456.73876953125,0.11403709650039673,1536.908203125,1456.73876953125,0.11818428337574005,1536.908203125,1456.73876953125,0.11113640666007996,1536.908203125,1456.73876953125,0.08916695415973663,1536.908203125,1456.73876953125,0.08293335139751434,1536.908203125,1456.73876953125,0.1286894679069519,1536.908203125,1456.73876953125,0.16367283463478088,1536.908203125,1456.73876953125,0.1021125391125679,1536.908203125,1456.73876953125,0.15703749656677246,1536.908203125,1456.73876953125,0.18511033058166504,1536.908203125,1456.73876953125,0.13089214265346527,1669.2623291015625,1290.84130859375,0.08475086838006973,1491.7269287109375,1294.0400390625,0.07728996872901917,1491.19384765625,1282.8441162109375,0.09597533941268921,1491.19384765625,1270.5819091796875,0.11256204545497894,1492.2601318359375,1255.1209716796875,0.10100162774324417,1546.107177734375,1313.7662353515625,0.07944275438785553,1559.96875,1314.2994384765625,0.06780791282653809,1559.96875,1349.486572265625,0.055070117115974426,1598.3548583984375,1456.6475830078125,0.05699287727475166,1533.311767578125,1320.697021484375,0.08991951495409012,1552.5048828125,1347.88720703125,0.08545573055744171,1553.0379638671875,1355.35107421875,0.07615837454795837,1552.5048828125,1456.6475830078125,0.05225107818841934,1521.049560546875,1328.1610107421875,0.07978974282741547,1549.3060302734375,1353.218505859375,0.07180564105510712,1552.5048828125,1363.88134765625,0.06766737252473831,1552.5048828125,1456.6475830078125,0.08468443155288696,1495.9920654296875,1320.697021484375,0.06584233045578003,1497.058349609375,1352.15234375,0.0566183440387249,1492.793212890625,1456.6475830078125,0.06616148352622986,1492.793212890625,1456.6475830078125,0.06616576761007309
DJI_20260917132212_0068_D.JPG,Cam 5,7,ARAMANDI,INCORRECT,FEET_TOO_FAR_APART,,dwpose_l_wholebody,coco_wholebody_133,OK,489.99,252.75,1,1,1649.42529296875,896.91357421875,0.9068518877029419,1665.061767578125,877.367919921875,0.9790204763412476,1684.607666015625,873.458740234375,0.9173953533172607,1696.335205078125,877.367919921875,0.9737820029258728,1629.87939453125,877.367919921875,0.9967167377471924,1614.242919921875,873.458740234375,0.9258300065994263,1598.606201171875,877.367919921875,0.9802148938179016,1727.6083984375,924.277587890625,0.8818919062614441,1567.332763671875,924.277587890625,0.8836227059364319,1680.698486328125,947.732666015625,0.9536185264587402,1618.152099609375,943.823486328125,0.967033863067627,1797.973388671875,1131.463134765625,0.8462433218955994,1504.786376953125,1151.009033203125,0.8038985729217529,1981.70361328125,1307.375244140625,0.8101143836975098,1317.146728515625,1338.648681640625,0.855557382106781,1786.245849609375,1620.10791015625,0.7250348329544067,1559.514404296875,1639.653564453125,0.7177093029022217,1966.067138671875,1925.022216796875,0.7975655198097229,1344.510986328125,1925.022216796875,0.890521764755249,1829.246337890625,2222.118408203125,0.8350151181221008,1524.33203125,2229.9365234375,0.8705491423606873,1782.336669921875,2241.6640625,0.8335663676261902,1575.151123046875,2237.755126953125,0.8178563117980957,2001.24951171875,2288.573974609375,0.8252953290939331,1360.1474609375,2335.48388671875,0.9216783046722412,1681.7078857421875,1294.6094970703125,0.487978458404541,1681.7078857421875,1294.6094970703125,0.45781370997428894,1681.7078857421875,1294.6094970703125,0.4482916593551636,1681.7078857421875,1294.6094970703125,0.44987642765045166,1681.7078857421875,1294.6094970703125,0.4206591248512268,1681.7078857421875,1294.6094970703125,0.4366239309310913,1681.7078857421875,1294.6094970703125,0.4699404239654541,1681.7078857421875,1294.6094970703125,0.4435690641403198,1681.7078857421875,1294.6094970703125,0.3912194073200226,1681.7078857421875,1294.6094970703125,0.44069361686706543,1681.7078857421875,1294.6094970703125,0.428821325302124,1681.7078857421875,1294.6094970703125,0.426784873008728,1681.7078857421875,1294.6094970703125,0.3842771649360657,1681.7078857421875,1294.6094970703125,0.4208866357803345,1681.7078857421875,1294.6094970703125,0.4067494571208954,1681.7078857421875,1294.6094970703125,0.43073204159736633,1681.7078857421875,1294.6094970703125,0.44206976890563965,1681.7078857421875,1294.6094970703125,0.4140562415122986,1681.7078857421875,1294.6094970703125,0.4344966411590576,1681.7078857421875,1294.6094970703125,0.44485360383987427,1681.7078857421875,1294.6094970703125,0.4037490487098694,1503.90087890625,1430.2337646484375,0.22661438584327698,1519.5384521484375,1409.70947265625,0.2546510100364685,1521.9818115234375,1393.0946044921875,0.28576645255088806,1523.9365234375,1390.16259765625,0.31261736154556274,1521.9818115234375,1381.366455078125,0.29597729444503784,1536.1533203125,1432.6771240234375,0.20421969890594482,1548.85888671875,1431.2110595703125,0.1525474190711975,1547.392822265625,1444.8939208984375,0.13400155305862427,1549.836181640625,1413.130126953125,0.1280939131975174,1533.7099609375,1448.8033447265625,0.20054152607917786,1549.3475341796875,1461.5087890625,0.17538508772850037,1547.392822265625,1464.44091796875,0.16505786776542664,1548.85888671875,1461.99755859375,0.12578701972961426,1535.6646728515625,1463.9521484375,0.20249512791633606,1545.4381103515625,1470.7935791015625,0.20006300508975983,1547.392822265625,1468.3502197265625,0.19359707832336426,1548.85888671875,1465.9068603515625,0.14422555267810822,1535.6646728515625,1469.8162841796875,0.19241118431091309,1544.949462890625,1472.748291015625,0.18404263257980347,1545.9267578125,1472.748291015625,0.1730320155620575,1547.8814697265625,1480.078369140625,0.12185396254062653
DJI_20260917132213_0069_D.JPG,Cam 5,7,ARAMANDI,INCORRECT,FEET_TOO_FAR_APART,,dwpose_l_wholebody,coco_wholebody_133,OK,513.94,229.28,1,1,1644.5035400390625,892.8397216796875,0.9085129499435425,1660.2081298828125,869.2828369140625,0.9824196100234985,1675.9129638671875,865.3565673828125,0.9202016592025757,1691.6175537109375,869.2828369140625,0.9729543924331665,1624.8726806640625,869.2828369140625,0.9956495761871338,1609.1678466796875,865.3565673828125,0.9244973659515381,1593.4630126953125,869.2828369140625,0.9812524914741516,1723.0269775390625,912.4705810546875,0.8796255588531494,1562.0538330078125,916.3968505859375,0.8806372880935669,1671.9864501953125,939.9537353515625,0.9552567005157471,1613.0941162109375,939.9537353515625,0.9687618017196655,1793.6978759765625,1120.5577392578125,0.8379940986633301,1499.2349853515625,1140.1885986328125,0.7996357679367065,1982.1544189453125,1309.0142822265625,0.8278669714927673,1310.7786865234375,1332.5711669921875,0.8427473306655884,1777.9932861328125,1615.2554931640625,0.7165213227272034,1550.2752685546875,1634.8863525390625,0.7171528339385986,1966.4495849609375,1921.4969482421875,0.8051270246505737,1338.2620849609375,1921.4969482421875,0.889257550239563,1829.0335693359375,2204.18115234375,0.817836344242096,1526.7183837890625,2219.88623046875,0.8554670810699463,1781.9195556640625,2223.81201171875,0.7991400361061096,1577.7584228515625,2231.66455078125,0.8048429489135742,1993.9327392578125,2278.77880859375,0.8033388257026672,1361.8189697265625,2325.892578125,0.9389946460723877,1901.939697265625,1574.11572265625,0.17207945883274078,1901.939697265625,1574.11572265625,0.14820291101932526,1901.939697265625,1574.11572265625,0.11216719448566437,1901.939697265625,1574.11572265625,0.09725978970527649,1603.732177734375,1574.11572265625,0.12935510277748108,1775.88720703125,1574.11572265625,0.06346533447504044,1765.9664306640625,1574.11572265625,0.06145019456744194,1603.732177734375,1574.11572265625,0.08765685558319092,1603.732177734375,1574.11572265625,0.1516810655593872,1744.3740234375,1425.3037109375,0.05818183720111847,1738.538330078125,1425.3037109375,0.04704101011157036,1707.6087646484375,1574.11572265625,0.06256334483623505,1603.732177734375,1574.11572265625,0.10574585944414139,1771.8021240234375,1574.11572265625,0.05566483736038208,1732.7025146484375,1574.11572265625,0.056928008794784546,1603.732177734375,1574.11572265625,0.08114135265350342,1603.732177734375,1574.11572265625,0.1484745442867279,1901.939697265625,1574.11572265625,0.08791494369506836,1603.732177734375,1574.11572265625,0.10631771385669708,1603.732177734375,1574.11572265625,0.16400785744190216,1603.732177734375,1574.11572265625,0.16569051146507263,1502.4061279296875,1426.3917236328125,0.16281266510486603,1515.7880859375,1404.5841064453125,0.19949881732463837,1518.7618408203125,1385.254638671875,0.24916276335716248,1521.735595703125,1383.7677001953125,0.2616862654685974,1520.7442626953125,1376.8289794921875,0.23334425687789917,1531.6480712890625,1429.365478515625,0.16611835360527039,1545.525634765625,1428.8697509765625,0.11607694625854492,1558.4119873046875,1409.5404052734375,0.111597441136837,1547.0125732421875,1409.5404052734375,0.10959985852241516,1534.126220703125,1448.6949462890625,0.1630893349647522,1558.4119873046875,1457.6162109375,0.14581570029258728,1550.48193359375,1461.5811767578125,0.14292249083518982,1554.4468994140625,1459.5986328125,0.10992154479026794,1535.6131591796875,1466.0418701171875,0.16096213459968567,1544.038818359375,1470.0068359375,0.15851478278636932,1546.0213623046875,1468.5198974609375,0.15437555313110352,1545.030029296875,1467.0330810546875,0.12288738787174225,1531.6480712890625,1470.998046875,0.1483372151851654,1541.0650634765625,1472.9805908203125,0.14363202452659607,1543.5430908203125,1474.963134765625,0.1360069215297699,1544.534423828125,1482.8931884765625,0.10198553651571274
DJI_20260917132228_0070_D.JPG,Cam 5,8,ARAMANDI,INCORRECT,FEET_NOT_IN_LINE,,dwpose_l_wholebody,coco_wholebody_133,OK,450.57,234.48,1,1,1641.1903076171875,884.918701171875,0.9072349071502686,1661.0323486328125,861.108154296875,0.9795234799385071,1676.9061279296875,861.108154296875,0.9222750663757324,1692.7796630859375,865.07666015625,0.9953341484069824,1621.3480224609375,861.108154296875,0.9917677640914917,1605.4744873046875,861.108154296875,0.939087986946106,1589.6004638671875,861.108154296875,0.9914553165435791,1724.5272216796875,912.69775390625,0.9035074710845947,1557.8531494140625,912.69775390625,0.89287269115448,1676.9061279296875,932.539794921875,0.9639482498168945,1613.4110107421875,932.539794921875,0.9828758239746094,1799.9271240234375,1119.055908203125,0.8440531492233276,1490.3900146484375,1138.898193359375,0.8131986260414124,1998.3487548828125,1305.572265625,0.8639050722122192,1299.9053955078125,1333.35107421875,0.8550301790237427,1768.1800537109375,1607.1728515625,0.7309572100639343,1557.8531494140625,1615.109375,0.7196347713470459,1823.7379150390625,1964.331298828125,0.7224462032318115,1446.7371826171875,1964.331298828125,0.8042358756065369,1760.2430419921875,2246.08935546875,0.8214071989059448,1621.3480224609375,2246.08935546875,0.862780749797821,1724.5272216796875,2265.931640625,0.7362247705459595,1661.0323486328125,2269.89990234375,0.7860660552978516,1867.3905029296875,2357.20556640625,0.8687522411346436,1518.1688232421875,2392.92138671875,0.8578203916549683,1600.197998046875,1589.92138671875,0.1592809408903122,1600.197998046875,1589.92138671875,0.13454759120941162,1600.197998046875,1589.92138671875,0.11173129081726074,1600.197998046875,1589.92138671875,0.12243478000164032,1600.197998046875,1589.92138671875,0.1295861303806305,1600.197998046875,1589.92138671875,0.11285613477230072,1600.197998046875,1589.92138671875,0.11778135597705841,1600.197998046875,1589.92138671875,0.11869899183511734,1600.197998046875,1589.92138671875,0.12056171894073486,1600.197998046875,1589.92138671875,0.09921105206012726,1600.197998046875,1589.92138671875,0.09376424551010132,1600.197998046875,1589.92138671875,0.09735254943370819,1600.197998046875,1589.92138671875,0.10813185572624207,1600.197998046875,1589.92138671875,0.08449921011924744,1600.197998046875,1589.92138671875,0.09110639989376068,1600.197998046875,1589.92138671875,0.10925348103046417,1600.197998046875,1589.92138671875,0.13664866983890533,1600.197998046875,1589.92138671875,0.10237090289592743,1600.197998046875,1589.92138671875,0.1411873996257782,1600.197998046875,1589.92138671875,0.1609356552362442,1600.197998046875,1589.92138671875,0.14777451753616333,1500.9722900390625,1433.519287109375,0.20171310007572174,1515.951416015625,1413.3748779296875,0.25959670543670654,1518.5340576171875,1392.7139892578125,0.290696918964386,1522.666259765625,1380.3175048828125,0.3095128536224365,1522.666259765625,1362.7557373046875,0.25812944769859314,1524.2158203125,1415.4410400390625,0.18651199340820312,1528.3480224609375,1398.912353515625,0.14818647503852844,1532.9967041015625,1400.4619140625,0.14099888503551483,1573.285400390625,1398.912353515625,0.10704977810382843,1524.732421875,1449.531494140625,0.17149323225021362,1537.6453857421875,1408.209716796875,0.15353995561599731,1546.42626953125,1451.5975341796875,0.12610730528831482,1546.42626953125,1435.5853271484375,0.10595197975635529,1527.31494140625,1464.5106201171875,0.1678389608860016,1534.5462646484375,1468.642822265625,0.15026716887950897,1542.2940673828125,1459.8619384765625,0.13684719800949097,1565.53759765625,1446.432373046875,0.11598131060600281,1526.281982421875,1468.642822265625,0.1678573191165924,1528.864501953125,1469.67578125,0.15789906680583954,1532.480224609375,1468.642822265625,0.14547030627727509,1542.2940673828125,1466.0601806640625,0.09436984360218048
DJI_20260917132230_0071_D.JPG,Cam 5,8,ARAMANDI,INCORRECT,FEET_NOT_IN_LINE,,dwpose_l_wholebody,coco_wholebody_133,OK,421.72,182.62,1,1,1644.2138671875,894.94873046875,0.9064245820045471,1663.990966796875,871.21630859375,0.9799284934997559,1679.8125,867.2607421875,0.9218489527702332,1695.634033203125,871.21630859375,0.9934687614440918,1624.43701171875,871.21630859375,0.9920263290405273,1608.615234375,867.2607421875,0.937775731086731,1592.793701171875,871.21630859375,0.9930877685546875,1727.27734375,918.68115234375,0.9030972719192505,1561.150390625,918.68115234375,0.8892091512680054,1675.85693359375,942.41357421875,0.9662177562713623,1612.57080078125,942.41357421875,0.987594723701477,1802.4296875,1128.317138671875,0.8454901576042175,1493.90869140625,1152.049560546875,0.8106049299240112,2000.19970703125,1318.17626953125,0.8731131553649902,1304.049560546875,1341.90869140625,0.8537943363189697,1774.7421875,1614.8310546875,0.7295265197753906,1565.10595703125,1622.7421875,0.7130533456802368,1822.206787109375,1970.81689453125,0.710995078086853,1470.17626953125,1974.7724609375,0.7159937620162964,1758.92041015625,2251.650390625,0.8154725432395935,1620.4814453125,2255.605712890625,0.8522191047668457,1719.366455078125,2275.3828125,0.7262985706329346,1660.035400390625,2283.29345703125,0.7699227333068848,1869.67138671875,2362.401611328125,0.8662362098693848,1521.596435546875,2401.955322265625,0.8629626631736755,1765.404296875,1599.56787109375,0.0808275118470192,1768.9984130859375,1599.56787109375,0.058584362268447876,1781.5775146484375,1457.0040283203125,0.05779438465833664,1781.5775146484375,1465.9891357421875,0.06073162704706192,1777.384521484375,1391.1131591796875,0.05710078403353691,1771.3944091796875,1457.0040283203125,0.08164896070957184,1742.0430908203125,1599.56787109375,0.06563905626535416,1745.0380859375,1599.56787109375,0.0652247741818428,1742.0430908203125,1293.4749755859375,0.08047384768724442,1764.8052978515625,1457.0040283203125,0.09576448798179626,1748.632080078125,1474.375244140625,0.07683499902486801,1745.0380859375,1599.56787109375,0.07180717587471008,1742.0430908203125,1599.56787109375,0.08199167251586914,1768.9984130859375,1457.0040283203125,0.0950915589928627,1748.632080078125,1470.1822509765625,0.07333112508058548,1745.0380859375,1599.56787109375,0.06645163148641586,1745.0380859375,1599.56787109375,0.09085935354232788,1781.5775146484375,1457.0040283203125,0.08027991652488708,1781.5775146484375,1470.1822509765625,0.06970272958278656,1779.780517578125,1599.56787109375,0.06417834758758545,1771.3944091796875,1599.56787109375,0.060494404286146164,1493.2080078125,1439.72265625,0.19965976476669312,1511.0048828125,1422.44921875,0.22843384742736816,1518.333251953125,1405.698974609375,0.2501484751701355,1523.044189453125,1395.230224609375,0.2680679261684418,1523.044189453125,1379.00341796875,0.22922593355178833,1530.895751953125,1430.82421875,0.16838639974594116,1539.794189453125,1451.761962890625,0.12895891070365906,1537.700439453125,1431.34765625,0.12985756993293762,1539.794189453125,1416.691162109375,0.12138725817203522,1529.325439453125,1456.472900390625,0.18143728375434875,1539.794189453125,1455.949462890625,0.1579054296016693,1537.700439453125,1453.855712890625,0.14405807852745056,1538.223876953125,1443.38671875,0.1257774531841278,1527.755126953125,1466.418212890625,0.17527872323989868,1536.653564453125,1469.035400390625,0.15140342712402344,1537.700439453125,1462.754150390625,0.1529620885848999,1537.700439453125,1451.761962890625,0.13246303796768188,1523.044189453125,1472.699462890625,0.15858975052833557,1530.895751953125,1468.511962890625,0.1408534049987793,1535.083251953125,1468.511962890625,0.13099680840969086,1539.270751953125,1456.472900390625,0.0980944037437439
DJI_20260917132310_0072_D.JPG,Cam 5,9,SAMAPADHAM,INCORRECT,FEET_TOO_FAR_APART,,dwpose_l_wholebody,coco_wholebody_133,OK,437.21,180.74,1,1,1631.77294921875,747.797119140625,0.9129679203033447,1652.949462890625,726.62060546875,0.9871318340301514,1669.890625,722.385498046875,0.9220984578132629,1682.596435546875,726.62060546875,0.9934794306755066,1610.596435546875,726.62060546875,0.9884617328643799,1597.890380859375,722.385498046875,0.9378767609596252,1580.94921875,726.62060546875,0.9873998165130615,1716.478759765625,777.4443359375,0.8877807259559631,1555.537353515625,777.4443359375,0.8736441135406494,1665.6552734375,798.620849609375,0.9617890119552612,1602.125732421875,798.620849609375,0.9815444946289062,1792.714111328125,993.444580078125,0.8475778698921204,1492.008056640625,1010.3857421875,0.789326012134552,1966.361572265625,1192.503662109375,0.790613055229187,1305.65478515625,1200.974365234375,0.8444480299949646,1767.302490234375,1463.562744140625,0.7597293853759766,1551.30224609375,1476.268798828125,0.7163158655166626,1813.890869140625,1853.21044921875,0.8903765678405762,1551.30224609375,1878.622314453125,0.8080590963363647,1813.890869140625,2200.505126953125,0.9242302179336548,1568.243408203125,2225.916748046875,0.9295843839645386,1784.24365234375,2230.15234375,0.8724471926689148,1593.655029296875,2247.09326171875,0.8079026937484741,1847.773193359375,2331.799560546875,0.8963261842727661,1551.30224609375,2365.681640625,0.8837140798568726,1564.3880615234375,1156.1776123046875,0.3123762607574463,1564.3880615234375,1156.1776123046875,0.288618266582489,1564.3880615234375,1156.1776123046875,0.26263025403022766,1564.3880615234375,1156.1776123046875,0.2846118211746216,1564.3880615234375,1156.1776123046875,0.2782869338989258,1564.3880615234375,1156.1776123046875,0.271944522857666,1564.3880615234375,1156.1776123046875,0.2755354046821594,1564.3880615234375,1156.1776123046875,0.26636892557144165,1564.3880615234375,1156.1776123046875,0.2383962720632553,1564.3880615234375,1156.1776123046875,0.265365868806839,1564.3880615234375,1156.1776123046875,0.26599496603012085,1564.3880615234375,1446.4803466796875,0.2569050192832947,1564.3880615234375,1156.1776123046875,0.2173548936843872,1564.3880615234375,1156.1776123046875,0.2506106197834015,1564.3880615234375,1156.1776123046875,0.2343086153268814,1564.3880615234375,1446.4803466796875,0.2719070315361023,1564.3880615234375,1156.1776123046875,0.2603353261947632,1564.3880615234375,1156.1776123046875,0.2408115714788437,1564.3880615234375,1446.4803466796875,0.28227686882019043,1564.3880615234375,1446.4803466796875,0.2781566083431244,1564.3880615234375,1156.1776123046875,0.2309342920780182,1427.188720703125,1476.548095703125,0.10824571549892426,1427.188720703125,1308.4287109375,0.07032360136508942,1737.329833984375,1476.548095703125,0.06661347299814224,1737.329833984375,1166.4071044921875,0.05855127051472664,1737.329833984375,1166.4071044921875,0.10117877274751663,1603.1983642578125,1302.359375,0.05638883635401726,1737.329833984375,1476.548095703125,0.0643189549446106,1737.329833984375,1166.4071044921875,0.08865298330783844,1737.329833984375,1166.4071044921875,0.14419949054718018,1591.6666259765625,1308.4287109375,0.08041749894618988,1606.23291015625,1310.2493896484375,0.07026394456624985,1614.123046875,1166.4071044921875,0.06644272804260254,1737.329833984375,1166.4071044921875,0.1092306599020958,1565.5687255859375,1297.50390625,0.07928705960512161,1582.562744140625,1321.7811279296875,0.05508207157254219,1610.4814453125,1354.5552978515625,0.046737805008888245,1737.329833984375,1476.548095703125,0.10084176063537598,1533.4013671875,1295.68310546875,0.08614224195480347,1537.04296875,1278.6890869140625,0.06891357153654099,1532.79443359375,1476.548095703125,0.08408869802951813,1737.329833984375,1476.548095703125,0.09619846194982529
DJI_20260917132312_0073_D.JPG,Cam 5,9,SAMAPADHAM,INCORRECT,FEET_TOO_FAR_APART,,dwpose_l_wholebody,coco_wholebody_133,OK,443.94,210.81,1,1,1632.22314453125,740.6817626953125,0.9069936871528625,1653.5205078125,719.3841552734375,0.9866918921470642,1670.55908203125,715.1246337890625,0.9196480512619019,1683.33740234375,719.3841552734375,0.9929383397102356,1615.184814453125,719.3841552734375,0.988490104675293,1598.146484375,719.3841552734375,0.9389451742172241,1585.3681640625,723.6436767578125,0.9882255792617798,1721.67333984375,770.4984130859375,0.8883566856384277,1555.55126953125,774.7581787109375,0.8707160353660583,1666.29931640625,791.7962646484375,0.9612667560577393,1606.66552734375,791.7962646484375,0.9803947806358337,1789.826171875,983.4759521484375,0.8408817052841187,1495.91748046875,996.2542724609375,0.7791922092437744,1964.46728515625,1183.6741943359375,0.7729371786117554,1308.49755859375,1192.1932373046875,0.8328951597213745,1764.268798828125,1452.0255126953125,0.7577768564224243,1551.291748046875,1464.8040771484375,0.7167205214500427,1815.38330078125,1839.6439208984375,0.8781485557556152,1551.291748046875,1873.7203369140625,0.8114348649978638,1811.1240234375,2193.18603515625,0.916461706161499,1572.58935546875,2218.7431640625,0.9292293787002563,1781.30712890625,2218.7431640625,0.8788933753967285,1602.40625,2244.30078125,0.8143726587295532,1849.4599609375,2320.97216796875,0.8898566365242004,1547.0322265625,2359.30810546875,0.8834332227706909,1582.4671630859375,1147.7113037109375,0.26234906911849976,1582.4671630859375,1147.7113037109375,0.20953892171382904,1582.4671630859375,1147.7113037109375,0.1828669011592865,1582.4671630859375,1147.7113037109375,0.22132714092731476,1582.4671630859375,1147.7113037109375,0.2134232074022293,1582.4671630859375,1147.7113037109375,0.18902195990085602,1582.4671630859375,1147.7113037109375,0.23434695601463318,1582.4671630859375,1147.7113037109375,0.25121909379959106,1647.5533447265625,1147.7113037109375,0.20761018991470337,1582.4671630859375,1147.7113037109375,0.17246869206428528,1582.4671630859375,1147.7113037109375,0.22654980421066284,1651.928955078125,1147.7113037109375,0.24367356300354004,1648.100341796875,1147.7113037109375,0.20912770926952362,1582.4671630859375,1147.7113037109375,0.15647810697555542,1582.4671630859375,1147.7113037109375,0.17048242688179016,1582.4671630859375,1147.7113037109375,0.23657795786857605,1648.6473388671875,1147.7113037109375,0.2563350200653076,1582.4671630859375,1147.7113037109375,0.14715537428855896,1582.4671630859375,1147.7113037109375,0.220838263630867,1582.4671630859375,1147.7113037109375,0.2416113168001175,1582.4671630859375,1147.7113037109375,0.19009074568748474,1516.0081787109375,1464.9931640625,0.08957424014806747,1523.6905517578125,1288.8892822265625,0.08722121268510818,1524.281494140625,1275.2974853515625,0.0832519456744194,1526.054443359375,1265.8421630859375,0.06706245243549347,1596.9686279296875,1163.0164794921875,0.06368717551231384,1581.6038818359375,1290.6622314453125,0.06896966695785522,1598.150634765625,1464.9931640625,0.062148772180080414,1608.7877197265625,1163.0164794921875,0.07203295081853867,1605.8330078125,1163.0164794921875,0.08382482081651688,1579.8310546875,1305.43603515625,0.0849781334400177,1596.377685546875,1303.0721435546875,0.074913889169693,1601.6962890625,1464.9931640625,0.08148881047964096,1601.6962890625,1464.9931640625,0.0682062953710556,1560.9205322265625,1307.2088623046875,0.07289179414510727,1588.6953125,1338.529296875,0.062418803572654724,1599.9234619140625,1464.9931640625,0.07490206509828568,1721.65966796875,1464.9931640625,0.09532488882541656,1530.781982421875,1314.30029296875,0.061275843530893326,1543.782958984375,1464.9931640625,0.07103752344846725,1526.6453857421875,1464.9931640625,0.09282353520393372,1721.65966796875,1464.9931640625,0.09221594780683517
DJI_20260917132527_0074_D.JPG,Cam 5,10,SAMAPADHAM,INCORRECT,FEET_NOT_ALIGNED,,dwpose_l_wholebody,coco_wholebody_133,OK,427.53,206.31,1,1,1638.2705078125,726.412841796875,0.909271240234375,1655.504150390625,700.562255859375,0.9835591316223145,1672.73779296875,700.562255859375,0.9182083010673523,1689.9716796875,704.87060546875,0.9928697347640991,1616.728271484375,700.562255859375,0.9994763135910034,1599.49462890625,700.562255859375,0.9489070177078247,1582.260986328125,704.87060546875,0.9976688623428345,1724.43896484375,756.57177734375,0.8990557789802551,1552.10205078125,756.57177734375,0.8835026621818542,1668.429443359375,773.805419921875,0.9772508144378662,1608.111328125,773.805419921875,0.9861830472946167,1797.68212890625,980.609619140625,0.8509131669998169,1487.4755859375,989.226806640625,0.8015191555023193,1974.32763671875,1187.4140625,0.8192051649093628,1289.2880859375,1187.4140625,0.8523918390274048,1758.90625,1463.153076171875,0.7639561295509338,1539.1767578125,1476.078369140625,0.7308609485626221,1750.28955078125,1889.687255859375,0.8111441135406494,1573.64404296875,1893.99560546875,0.7484827041625977,1737.3642578125,2238.669677734375,0.8820022344589233,1621.03662109375,2247.286376953125,0.8956047296524048,1707.205078125,2277.4453125,0.8174794316291809,1655.504150390625,2281.753662109375,0.8075076341629028,1836.4580078125,2363.614013671875,0.8867638111114502,1543.485107421875,2402.3896484375,0.8502861261367798,1552.2830810546875,1155.179443359375,0.2014550268650055,1552.2830810546875,1155.179443359375,0.18315355479717255,1552.2830810546875,1155.179443359375,0.17047818005084991,1552.2830810546875,1155.179443359375,0.200058251619339,1552.2830810546875,1155.179443359375,0.18640989065170288,1552.2830810546875,1155.179443359375,0.16835522651672363,1552.2830810546875,1450.4947509765625,0.1833145171403885,1552.2830810546875,1450.4947509765625,0.18646486103534698,1552.2830810546875,1155.179443359375,0.16188019514083862,1552.2830810546875,1155.179443359375,0.14410099387168884,1552.2830810546875,1450.4947509765625,0.14067992568016052,1552.2830810546875,1450.4947509765625,0.158560112118721,1552.2830810546875,1450.4947509765625,0.14110904932022095,1552.2830810546875,1155.179443359375,0.1203630119562149,1552.2830810546875,1450.4947509765625,0.11708121001720428,1552.2830810546875,1450.4947509765625,0.17678867280483246,1552.2830810546875,1450.4947509765625,0.1896546483039856,1552.2830810546875,1450.4947509765625,0.12354956567287445,1552.2830810546875,1450.4947509765625,0.1862451434135437,1552.2830810546875,1450.4947509765625,0.19965100288391113,1552.2830810546875,1450.4947509765625,0.14554443955421448,1761.406494140625,1140.37646484375,0.13300049304962158,1761.406494140625,1140.37646484375,0.09582671523094177,1761.406494140625,1140.37646484375,0.09827059507369995,1438.18115234375,1140.37646484375,0.10341989994049072,1531.79638671875,1140.37646484375,0.1305619329214096,1559.6279296875,1140.37646484375,0.095563143491745,1541.284423828125,1140.37646484375,0.10251305997371674,1761.406494140625,1140.37646484375,0.11179737001657486,1761.406494140625,1140.37646484375,0.1362169086933136,1624.779052734375,1140.37646484375,0.08151763677597046,1629.206787109375,1140.37646484375,0.0840165913105011,1634.26708984375,1140.37646484375,0.1034051924943924,1761.406494140625,1140.37646484375,0.12240370362997055,1628.57421875,1140.37646484375,0.05594126880168915,1628.57421875,1140.37646484375,0.06764191389083862,1653.87548828125,1140.37646484375,0.09640418738126755,1761.406494140625,1140.37646484375,0.1329614520072937,1761.406494140625,1463.601806640625,0.047954168170690536,1761.406494140625,1463.601806640625,0.1038489043712616,1761.406494140625,1463.601806640625,0.1488417088985443,1761.406494140625,1463.601806640625,0.13595637679100037
DJI_20260917132528_0075_D.JPG,Cam 5,10,SAMAPADHAM,INCORRECT,FEET_NOT_ALIGNED,,dwpose_l_wholebody,coco_wholebody_133,OK,423.27,212.35,1,1,1621.3843994140625,714.1419677734375,0.9115103483200073,1643.1046142578125,692.4215087890625,0.9865723252296448,1660.4808349609375,688.0775146484375,0.9211297035217285,1673.5128173828125,692.4215087890625,0.9892733097076416,1599.6639404296875,688.0775146484375,1.0014371871948242,1582.2877197265625,688.0775146484375,0.945765495300293,1569.2554931640625,692.4215087890625,0.9980213642120361,1708.2655029296875,748.8944091796875,0.894722580909729,1538.8470458984375,744.5501708984375,0.883679211139679,1651.7926025390625,766.2706298828125,0.9743087291717529,1590.9757080078125,761.9266357421875,0.9899522066116333,1786.4586181640625,966.0975341796875,0.8518986105918884,1464.9981689453125,979.1297607421875,0.8204448819160461,1968.9093017578125,1174.6124267578125,0.843010663986206,1273.8592529296875,1183.3006591796875,0.847158670425415,1751.7061767578125,1448.2884521484375,0.7667041420936584,1530.1588134765625,1461.3206787109375,0.7384172677993774,1747.3619384765625,1860.9744873046875,0.8080092668533325,1569.2554931640625,1878.3509521484375,0.7594540119171143,1738.6739501953125,2225.8759765625,0.8806219100952148,1617.0401611328125,2230.22021484375,0.8918759822845459,1708.2655029296875,2260.62841796875,0.8075526356697083,1656.1368408203125,2264.97216796875,0.8060809373855591,1834.2432861328125,2351.853515625,0.8791199922561646,1547.5352783203125,2395.29443359375,0.8537932634353638,1508.1881103515625,1140.8507080078125,0.19510295987129211,1508.1881103515625,1140.8507080078125,0.15103252232074738,1508.1881103515625,1140.8507080078125,0.13510802388191223,1508.1881103515625,1140.8507080078125,0.1495439112186432,1508.1881103515625,1140.8507080078125,0.14561177790164948,1508.1881103515625,1140.8507080078125,0.1562490165233612,1508.1881103515625,1140.8507080078125,0.14969341456890106,1508.1881103515625,1140.8507080078125,0.14646080136299133,1508.1881103515625,1140.8507080078125,0.1468483805656433,1508.1881103515625,1140.8507080078125,0.1324673295021057,1508.1881103515625,1140.8507080078125,0.13297122716903687,1508.1881103515625,1471.6805419921875,0.144997239112854,1508.1881103515625,1140.8507080078125,0.1256740689277649,1508.1881103515625,1140.8507080078125,0.10480648279190063,1649.3248291015625,1140.8507080078125,0.09203760325908661,1508.1881103515625,1471.6805419921875,0.122779980301857,1508.1881103515625,1471.6805419921875,0.13798099756240845,1508.1881103515625,1140.8507080078125,0.10443092882633209,1508.1881103515625,1471.6805419921875,0.13611328601837158,1508.1881103515625,1471.6805419921875,0.17344895005226135,1508.1881103515625,1471.6805419921875,0.11998908221721649,1663.257080078125,1139.193603515625,0.1610550880432129,1656.677734375,1139.193603515625,0.13907131552696228,1656.677734375,1139.193603515625,0.15408769249916077,1654.28515625,1139.193603515625,0.180415078997612,1651.29443359375,1139.193603515625,0.25206682085990906,1566.95751953125,1139.193603515625,0.13864544034004211,1656.677734375,1139.193603515625,0.17504484951496124,1651.892578125,1139.193603515625,0.2185998558998108,1647.70556640625,1139.193603515625,0.22285476326942444,1565.761474609375,1139.193603515625,0.12450544536113739,1656.677734375,1139.193603515625,0.1423380970954895,1653.0888671875,1139.193603515625,0.18083122372627258,1650.6962890625,1139.193603515625,0.17734479904174805,1560.976318359375,1139.193603515625,0.08793256431818008,1660.2666015625,1139.193603515625,0.11137254536151886,1651.892578125,1139.193603515625,0.15437407791614532,1648.90185546875,1139.193603515625,0.1690073311328888,1507.144287109375,1139.193603515625,0.07678764313459396,1664.453369140625,1139.193603515625,0.12592819333076477,1663.855224609375,1139.193603515625,0.1562167853116989,1661.462646484375,1139.193603515625,0.1314878761768341
DJI_20260917132546_0076_D.JPG,Cam 5,11,SAMAPADHAM,INCORRECT,WEIGHT_ON_ONE_LEG,,dwpose_l_wholebody,coco_wholebody_133,OK,425.43,212.06,1,1,1585.3956298828125,777.8363037109375,0.9058241844177246,1602.1878662109375,752.6475830078125,0.9945039749145508,1618.9805908203125,748.4493408203125,0.9333013296127319,1635.7730712890625,752.6475830078125,0.9956759810447693,1564.4051513671875,752.6475830078125,1.0040228366851807,1547.6126708984375,748.4493408203125,0.9386377334594727,1535.0181884765625,752.6475830078125,0.9950758218765259,1665.1600341796875,798.8267822265625,0.885646641254425,1505.6312255859375,798.8267822265625,0.888981819152832,1618.9805908203125,824.0155029296875,0.9755830764770508,1560.2069091796875,824.0155029296875,0.989800214767456,1740.7259521484375,1000.3365478515625,0.8440710306167603,1446.8577880859375,1017.1292724609375,0.7989088296890259,1912.8489990234375,1197.6483154296875,0.7949315309524536,1253.7440185546875,1214.4407958984375,0.8435733318328857,1723.9337158203125,1474.7239990234375,0.7738864421844482,1518.2257080078125,1487.3187255859375,0.7267940044403076,1770.1129150390625,1852.5550537109375,0.8282493948936462,1560.2069091796875,1873.5457763671875,0.7381604909896851,1770.1129150390625,2221.98974609375,0.8917138576507568,1623.1785888671875,2221.98974609375,0.8990069627761841,1744.9241943359375,2255.57470703125,0.8490214347839355,1652.5655517578125,2251.37646484375,0.8104865550994873,1875.0660400390625,2331.140625,0.8448125123977661,1602.1878662109375,2360.52783203125,0.861564040184021,1734.626708984375,1307.583984375,0.09378987550735474,1714.1302490234375,1286.0087890625,0.08118075132369995,1701.1851806640625,1254.724853515625,0.08310550451278687,1693.094482421875,1249.3310546875,0.06724613904953003,1625.672119140625,1265.5123291015625,0.05775578320026398,1674.755615234375,1280.07568359375,0.07021677494049072,1628.3690185546875,1280.614990234375,0.05849317088723183,1633.7628173828125,1303.2689208984375,0.055859796702861786,1536.674560546875,1147.927734375,0.06887026876211166,1663.968017578125,1286.0087890625,0.07805519551038742,1641.3140869140625,1303.2689208984375,0.0793830081820488,1640.7747802734375,1315.13525390625,0.08293601870536804,1626.7508544921875,1147.927734375,0.056214846670627594,1674.755615234375,1280.614990234375,0.061650075018405914,1640.7747802734375,1280.07568359375,0.060303542762994766,1639.6959228515625,1331.316650390625,0.08101102709770203,1619.1995849609375,1344.8011474609375,0.07047192752361298,1693.094482421875,1262.8154296875,0.059351079165935516,1688.2401123046875,1274.681884765625,0.0518646202981472,1639.6959228515625,1274.681884765625,0.03780300170183182,1536.674560546875,1277.9180908203125,0.031853415071964264,1647.56689453125,1170.9073486328125,0.19229106605052948,1647.56689453125,1170.9073486328125,0.1615452766418457,1647.56689453125,1170.9073486328125,0.17099358141422272,1647.56689453125,1170.9073486328125,0.19971106946468353,1647.56689453125,1170.9073486328125,0.20390862226486206,1647.56689453125,1170.9073486328125,0.16478607058525085,1647.56689453125,1170.9073486328125,0.17380863428115845,1647.56689453125,1170.9073486328125,0.1865561604499817,1647.56689453125,1170.9073486328125,0.1958080530166626,1647.56689453125,1170.9073486328125,0.14658698439598083,1647.56689453125,1170.9073486328125,0.13173961639404297,1647.56689453125,1170.9073486328125,0.15202827751636505,1647.56689453125,1170.9073486328125,0.17754006385803223,1647.56689453125,1170.9073486328125,0.1259431540966034,1647.56689453125,1170.9073486328125,0.1220470517873764,1647.56689453125,1170.9073486328125,0.14857909083366394,1647.56689453125,1170.9073486328125,0.19921061396598816,1647.56689453125,1170.9073486328125,0.1088004857301712,1647.56689453125,1170.9073486328125,0.13445886969566345,1647.56689453125,1170.9073486328125,0.16618403792381287,1647.56689453125,1170.9073486328125,0.17133937776088715
DJI_20260917132548_0077_D.JPG,Cam 5,11,SAMAPADHAM,INCORRECT,WEIGHT_ON_ONE_LEG,,dwpose_l_wholebody,coco_wholebody_133,OK,433.22,187.32,1,1,1589.6190185546875,775.1025390625,0.9074931740760803,1606.3992919921875,754.127685546875,0.9926872849464417,1623.1790771484375,749.9326171875,0.9344590902328491,1635.7640380859375,754.127685546875,0.996149480342865,1568.6444091796875,754.127685546875,1.0011423826217651,1551.8641357421875,749.9326171875,0.941275954246521,1539.2794189453125,754.127685546875,0.9922744035720825,1669.3238525390625,800.2724609375,0.8871825933456421,1509.9144287109375,800.2724609375,0.887818455696106,1618.9842529296875,825.4423828125,0.9743749499320984,1560.2542724609375,825.4423828125,0.9861088991165161,1740.6385498046875,1005.826904296875,0.8501964807510376,1446.9896240234375,1018.411865234375,0.8052791357040405,1908.4381103515625,1198.79638671875,0.8143057823181152,1258.2152099609375,1215.576171875,0.8452134132385254,1723.8587646484375,1484.05517578125,0.7756973505020142,1514.1092529296875,1492.4453125,0.7360115051269531,1765.8084716796875,1857.4091796875,0.8273342847824097,1556.0592041015625,1865.798828125,0.7423909306526184,1770.0035400390625,2218.177734375,0.8841718435287476,1623.1790771484375,2218.177734375,0.9020838737487793,1744.8336181640625,2247.54296875,0.8394981622695923,1652.5438232421875,2251.73779296875,0.8192963004112244,1870.6832275390625,2327.24755859375,0.8405174016952515,1598.0091552734375,2352.41748046875,0.856528103351593,1522.234130859375,1443.419189453125,0.07681331783533096,1522.234130859375,1284.035400390625,0.05990569293498993,1522.234130859375,1271.9443359375,0.05941031500697136,1522.234130859375,1274.142578125,0.06820400059223175,1522.234130859375,1279.638671875,0.0641888678073883,1522.234130859375,1281.287353515625,0.05753806605935097,1522.234130859375,1443.419189453125,0.069423608481884,1522.234130859375,1281.287353515625,0.0648936852812767,1522.234130859375,1443.419189453125,0.08143489062786102,1655.237060546875,1295.02734375,0.07348471134901047,1638.749267578125,1293.92822265625,0.06835178285837173,1626.657958984375,1324.705810546875,0.06270775198936462,1522.234130859375,1316.461669921875,0.05136413127183914,1662.931640625,1303.271484375,0.06483256071805954,1640.39794921875,1316.461669921875,0.0635477751493454,1627.20751953125,1332.94970703125,0.06862352043390274,1618.963623046875,1332.94970703125,0.05843541771173477,1680.518798828125,1335.69775390625,0.05738124996423721,1653.038818359375,1443.419189453125,0.06046950817108154,1650.84033203125,1443.419189453125,0.05676393210887909,1522.234130859375,1443.419189453125,0.04912111908197403,1709.276123046875,1157.8427734375,0.10695765912532806,1709.276123046875,1287.795654296875,0.08641546964645386,1709.276123046875,1273.3564453125,0.08988352864980698,1709.276123046875,1271.551513671875,0.08368736505508423,1709.276123046875,1157.8427734375,0.10290798544883728,1709.276123046875,1157.8427734375,0.0683913603425026,1709.276123046875,1157.8427734375,0.07472144067287445,1709.276123046875,1157.8427734375,0.09603877365589142,1709.276123046875,1157.8427734375,0.13274508714675903,1555.859375,1298.625244140625,0.06741605699062347,1576.31494140625,1298.625244140625,0.05411503091454506,1709.276123046875,1157.8427734375,0.060815565288066864,1709.276123046875,1157.8427734375,0.10620367527008057,1517.95654296875,1302.836669921875,0.06297481060028076,1539.615478515625,1343.14599609375,0.04028764367103577,1709.276123046875,1350.96728515625,0.056019291281700134,1709.276123046875,1465.277587890625,0.12305894494056702,1504.720703125,1325.096923828125,0.06105561554431915,1709.276123046875,1465.277587890625,0.06236523389816284,1709.276123046875,1465.277587890625,0.10616539418697357,1709.276123046875,1465.277587890625,0.10268361866474152
DJI_20260917132617_0078_D.JPG,Cam 5,12,MUZHUMANDI,INCORRECT,KNEES_FACING_FORWARD,,dwpose_l_wholebody,coco_wholebody_133,OK,446.73,164.11,1,1,1664.55859375,1389.988037109375,0.9194005727767944,1684.53955078125,1358.58935546875,0.9853227138519287,1698.811767578125,1352.88037109375,0.9006479978561401,1715.9384765625,1355.73486328125,0.9751718044281006,1644.577392578125,1358.58935546875,0.9797850847244263,1630.30517578125,1355.73486328125,0.9185299873352051,1613.1787109375,1358.58935546875,0.9798406958580017,1744.48291015625,1378.5703125,0.8811399340629578,1578.92529296875,1384.279296875,0.8732931613922119,1693.10302734375,1432.8046875,0.9840919971466064,1638.86865234375,1435.6591796875,0.9875153303146362,1804.426025390625,1555.545654296875,0.8149059414863586,1524.69091796875,1575.526611328125,0.7785983085632324,2001.38232421875,1732.520751953125,0.8424261212348938,1330.589111328125,1778.19189453125,0.7833570241928101,1781.590576171875,1986.566162109375,0.7136403918266296,1593.197509765625,1986.566162109375,0.6926716566085815,1984.255859375,2300.554443359375,0.481792151927948,1327.734619140625,2326.244384765625,0.5086069703102112,1710.2294921875,2243.465576171875,0.40350472927093506,1670.267333984375,2243.465576171875,0.4725881814956665,1630.30517578125,2232.0478515625,0.3549755811691284,1627.450927734375,2240.611083984375,0.41249096393585205,1815.84375,2326.244384765625,0.44220083951950073,1835.824951171875,2329.098876953125,0.435348242521286,1823.4189453125,1979.9410400390625,0.20325493812561035,1831.5950927734375,1927.3800048828125,0.20674288272857666,1830.4271240234375,1887.6673583984375,0.20578813552856445,1810.5706787109375,1839.194580078125,0.24422717094421387,1804.7305908203125,1800.06591796875,0.3016042709350586,1769.6900634765625,1884.163330078125,0.18043746054172516,1752.1697998046875,1844.45068359375,0.18359825015068054,1744.57763671875,1819.9222412109375,0.17144441604614258,1707.7850341796875,1807.6580810546875,0.15772795677185059,1742.2415771484375,1898.7635498046875,0.16828203201293945,1714.793212890625,1861.386962890625,0.18871575593948364,1697.2728271484375,1838.026611328125,0.18847128748893738,1683.8406982421875,1813.4981689453125,0.20095805823802948,1724.1373291015625,1915.1158447265625,0.16483281552791595,1695.5208740234375,1880.6593017578125,0.1537456512451172,1685.0086669921875,1855.546875,0.15308016538619995,1681.504638671875,1828.6824951171875,0.13795961439609528,1709.537109375,1923.2918701171875,0.13741177320480347,1679.1685791015625,1911.6116943359375,0.14435093104839325,1611.4234619140625,1902.8516845703125,0.12837344408035278,1611.4234619140625,1902.8516845703125,0.14144305884838104,1434.461181640625,1764.760009765625,0.1794903576374054,1434.461181640625,1764.760009765625,0.13653342425823212,1539.2532958984375,1764.760009765625,0.13399004936218262,1541.1357421875,1764.760009765625,0.17111736536026,1536.7432861328125,1838.8046875,0.19016927480697632,1595.1005859375,1764.760009765625,0.12111569941043854,1595.1005859375,1764.760009765625,0.130789652466774,1600.748046875,1764.760009765625,0.14334900677204132,1600.748046875,1764.760009765625,0.12014061212539673,1601.3756103515625,1919.751953125,0.11457312107086182,1600.748046875,1917.241943359375,0.10084979236125946,1600.748046875,1764.760009765625,0.11248911917209625,1596.983154296875,1764.760009765625,0.10000410676002502,1623.9654541015625,1941.0869140625,0.09951335191726685,1601.3756103515625,1764.760009765625,0.08860902488231659,1604.5130615234375,1764.760009765625,0.09436701238155365,1600.748046875,1764.760009765625,0.08583661913871765,1640.907958984375,1951.75439453125,0.0888945460319519,1623.9654541015625,1957.40185546875,0.07959204912185669,1755.112548828125,1764.760009765625,0.11281326413154602,1755.112548828125,1764.760009765625,0.10728806257247925
DJI_20260917132619_0079_D.JPG,Cam 5,12,MUZHUMANDI,INCORRECT,KNEES_FACING_FORWARD,,dwpose_l_wholebody,coco_wholebody_133,OK,439.82,262.07,1,1,1664.419677734375,1381.89697265625,0.9202094078063965,1681.576416015625,1350.442626953125,0.9848387837409973,1698.7333984375,1347.5830078125,0.900244414806366,1715.89013671875,1347.5830078125,0.9708783030509949,1644.4033203125,1353.30224609375,0.9790588617324829,1630.10595703125,1347.5830078125,0.9156651496887207,1612.94921875,1350.442626953125,0.9757115244865417,1741.62548828125,1373.318359375,0.873700737953186,1581.494873046875,1379.037353515625,0.8652944564819336,1693.014404296875,1427.6484375,0.9838405251502991,1638.684326171875,1427.6484375,0.9855620265007019,1804.533935546875,1553.46533203125,0.8092445731163025,1527.164794921875,1567.7626953125,0.7777642011642456,2001.837646484375,1730.752685546875,0.8515938520431519,1332.720703125,1776.50439453125,0.7786917686462402,1784.517578125,1985.24609375,0.7046592235565186,1592.932861328125,1982.386474609375,0.6933932304382324,2021.853759765625,2271.193359375,0.5469751358032227,1324.142333984375,2316.94482421875,0.5667010545730591,1713.03076171875,2236.879638671875,0.4117799401283264,1667.279052734375,2242.5986328125,0.4829411804676056,1704.452392578125,2211.144287109375,0.36453425884246826,1630.10595703125,2242.5986328125,0.4250389337539673,1818.831298828125,2316.94482421875,0.42994019389152527,1830.269287109375,2325.5234375,0.4209102392196655,1597.177978515625,2047.4033203125,0.2067640721797943,1597.177978515625,1745.482666015625,0.2049708366394043,1812.835693359375,1745.482666015625,0.163120836019516,1807.51806640625,1820.519775390625,0.20826327800750732,1807.51806640625,1783.296630859375,0.2754155993461609,1597.177978515625,1745.482666015625,0.18438228964805603,1597.177978515625,1745.482666015625,0.18895211815834045,1597.177978515625,1745.482666015625,0.19869303703308105,1597.177978515625,1800.430908203125,0.19863608479499817,1597.177978515625,1745.482666015625,0.17426764965057373,1597.177978515625,1745.482666015625,0.1650378406047821,1686.986083984375,1745.482666015625,0.18764233589172363,1685.804443359375,1802.20361328125,0.20471280813217163,1597.177978515625,1745.482666015625,0.18098406493663788,1597.177978515625,1745.482666015625,0.17239364981651306,1597.177978515625,1745.482666015625,0.18377532064914703,1597.177978515625,1798.067626953125,0.1968260407447815,1597.177978515625,1745.482666015625,0.1987684965133667,1597.177978515625,1745.482666015625,0.2101646214723587,1597.177978515625,1745.482666015625,0.2338312566280365,1597.177978515625,1745.482666015625,0.2170252799987793,1550.666259765625,2080.70166015625,0.10208484530448914,1532.03515625,1954.6312255859375,0.1090143620967865,1533.8983154296875,1916.1270751953125,0.13826186954975128,1545.076904296875,1844.7078857421875,0.1780269742012024,1539.487548828125,1831.6661376953125,0.22941996157169342,1589.17041015625,1890.6646728515625,0.11722515523433685,1601.5911865234375,1849.6761474609375,0.14106902480125427,1610.28564453125,1763.3521728515625,0.11808498948812485,1612.7698974609375,1763.3521728515625,0.11873845756053925,1610.28564453125,1914.2637939453125,0.10863602161407471,1621.46435546875,1883.212158203125,0.09845530986785889,1677.3575439453125,1763.3521728515625,0.08704330027103424,1681.083740234375,1763.3521728515625,0.10448617488145828,1635.1270751953125,1940.3475341796875,0.09274362027645111,1638.2322998046875,1930.4107666015625,0.06637849658727646,1678.599609375,1940.9683837890625,0.07998090237379074,1686.0521240234375,1763.3521728515625,0.08177455514669418,1675.4945068359375,1956.4942626953125,0.088733971118927,1687.294189453125,1957.1153564453125,0.09229913353919983,1769.2708740234375,1958.3575439453125,0.08834943175315857,1769.2708740234375,1957.7364501953125,0.08289781212806702
DJI_20260917132650_0080_D.JPG,Cam 5,13,MUZHUMANDI,INCORRECT,BACK_BENT_FORWARD,,dwpose_l_wholebody,coco_wholebody_133,OK,414.61,220.45,1,1,1643.30078125,1470.2144775390625,0.9008485078811646,1664.130859375,1432.0260009765625,0.9815304279327393,1681.4892578125,1425.0826416015625,0.8953611850738525,1695.376220703125,1428.5543212890625,0.9619491100311279,1622.470703125,1432.0260009765625,0.9802184700965881,1605.1123046875,1428.5543212890625,0.9055819511413574,1587.75390625,1432.0260009765625,0.9831470251083374,1726.621337890625,1435.4976806640625,0.8666424751281738,1549.5654296875,1442.4410400390625,0.8570365905761719,1678.017578125,1511.8748779296875,0.9670146703720093,1612.0556640625,1511.8748779296875,0.9632630348205566,1789.111572265625,1591.7235107421875,0.7935611009597778,1483.603515625,1619.4967041015625,0.7942008376121521,1993.940673828125,1747.9490966796875,0.8216423392295837,1303.076171875,1806.9676513671875,0.7945246696472168,1761.338134765625,2015.2686767578125,0.696954607963562,1542.6220703125,2022.2117919921875,0.6944224238395691,2122.392822265625,2084.7021484375,0.716244101524353,1205.868896484375,2181.9091796875,0.7332611680030823,1778.696533203125,2199.267578125,0.3965113162994385,1549.5654296875,2223.5693359375,0.400941401720047,1698.847900390625,2216.6259765625,0.337928831577301,1608.583984375,2216.6259765625,0.3372701406478882,1848.130126953125,2293.0029296875,0.3856138288974762,1466.2451171875,2310.361328125,0.37404918670654297,1547.3277587890625,1757.94482421875,0.25370603799819946,1547.3277587890625,1757.94482421875,0.24331264197826385,1547.3277587890625,1757.94482421875,0.20345425605773926,1547.3277587890625,1757.94482421875,0.19839876890182495,1547.3277587890625,1757.94482421875,0.21689511835575104,1547.3277587890625,1757.94482421875,0.20401328802108765,1547.3277587890625,1757.94482421875,0.19457459449768066,1547.3277587890625,1757.94482421875,0.2089376598596573,1547.3277587890625,1757.94482421875,0.200138121843338,1547.3277587890625,1757.94482421875,0.19195787608623505,1547.3277587890625,1757.94482421875,0.17857804894447327,1547.3277587890625,1757.94482421875,0.17663919925689697,1547.3277587890625,1757.94482421875,0.18139484524726868,1547.3277587890625,1757.94482421875,0.1895267218351364,1547.3277587890625,1757.94482421875,0.1821020394563675,1547.3277587890625,1757.94482421875,0.18759401142597198,1547.3277587890625,1757.94482421875,0.18411442637443542,1547.3277587890625,1757.94482421875,0.2082933634519577,1547.3277587890625,1757.94482421875,0.24305950105190277,1547.3277587890625,1757.94482421875,0.23818397521972656,1547.3277587890625,1757.94482421875,0.21402299404144287,1416.30126953125,1780.0029296875,0.24401108920574188,1416.30126953125,1780.0029296875,0.21627283096313477,1416.30126953125,1780.0029296875,0.13620492815971375,1516.5582275390625,1780.0029296875,0.13072934746742249,1523.963623046875,1780.0029296875,0.10017901659011841,1707.3883056640625,1780.0029296875,0.12635675072669983,1707.3883056640625,1780.0029296875,0.11763510853052139,1641.87939453125,1780.0029296875,0.11160074174404144,1643.58837890625,1780.0029296875,0.11148843169212341,1707.3883056640625,1780.0029296875,0.11724728345870972,1707.3883056640625,1780.0029296875,0.10836875438690186,1644.157958984375,1780.0029296875,0.09630144387483597,1641.87939453125,1780.0029296875,0.08431995660066605,1707.3883056640625,1780.0029296875,0.09582652896642685,1707.3883056640625,1780.0029296875,0.11111512780189514,1640.740234375,1780.0029296875,0.08901948481798172,1640.740234375,1961.149169921875,0.09409770369529724,1707.3883056640625,1780.0029296875,0.11330265551805496,1707.3883056640625,1780.0029296875,0.12819285690784454,1653.2723388671875,1780.0029296875,0.14613527059555054,1653.2723388671875,1780.0029296875,0.11910615116357803
DJI_20260917132653_0081_D.JPG,Cam 5,13,MUZHUMANDI,INCORRECT,BACK_BENT_FORWARD,,dwpose_l_wholebody,coco_wholebody_133,OK,434.8,229.96,1,1,1655.4658203125,1468.49365234375,0.8993957042694092,1672.789306640625,1430.382080078125,0.9855513572692871,1690.112548828125,1423.45263671875,0.8929485082626343,1707.436279296875,1426.917236328125,0.9660179615020752,1631.212890625,1433.8466796875,0.9829338788986206,1617.354248046875,1426.917236328125,0.9048315286636353,1596.56591796875,1430.382080078125,0.9855228662490845,1735.15380859375,1433.8466796875,0.8590711355209351,1561.9189453125,1440.776123046875,0.854025661945343,1686.64794921875,1506.605224609375,0.966606855392456,1624.283447265625,1510.070068359375,0.9657630920410156,1797.518310546875,1593.22265625,0.7924653887748718,1492.625,1617.475341796875,0.8010851144790649,1998.470458984375,1752.5986328125,0.8153250217437744,1308.996337890625,1808.033935546875,0.8084927797317505,1766.336181640625,2015.91552734375,0.7038363218307495,1548.060302734375,2019.380126953125,0.6998343467712402,2123.19970703125,2092.138916015625,0.6876940727233887,1208.52001953125,2182.220947265625,0.7259002923965454,1787.124267578125,2206.473876953125,0.3920205235481262,1548.060302734375,2248.050048828125,0.4165431261062622,1707.436279296875,2220.332763671875,0.3379669785499573,1613.889404296875,2248.050048828125,0.3528411388397217,1839.094482421875,2300.0205078125,0.3824213147163391,1478.766357421875,2324.2734375,0.3947572112083435,1577.151611328125,2063.74169921875,0.09111873805522919,1761.6959228515625,2063.74169921875,0.035313498228788376,1794.225830078125,1868.5626220703125,0.08617617189884186,1794.225830078125,1855.425537109375,0.12866619229316711,1793.6002197265625,1811.009765625,0.1956711709499359,1761.6959228515625,1897.3388671875,0.08353162556886673,1782.33984375,1922.987548828125,0.057433225214481354,1764.8238525390625,1929.2431640625,0.05028124153614044,1782.33984375,1744.0733642578125,0.06759527325630188,1737.298583984375,1894.836669921875,0.08326462656259537,1726.0382080078125,1938.001220703125,0.05916894972324371,1742.9287109375,1938.001220703125,0.05426318570971489,1670.9876708984375,1744.0733642578125,0.06539812684059143,1697.887451171875,1894.836669921875,0.06421779841184616,1695.3851318359375,1868.5626220703125,0.048176560550928116,1676.617919921875,1943.005859375,0.06434204429388046,1670.9876708984375,2063.74169921875,0.06614374369382858,1667.2342529296875,1917.357421875,0.056423433125019073,1661.6041259765625,2063.74169921875,0.056794680655002594,1577.151611328125,2063.74169921875,0.08706600964069366,1667.2342529296875,2063.74169921875,0.061918068677186966,1420.5093994140625,1778.8143310546875,0.2516949474811554,1420.5093994140625,1778.8143310546875,0.2449660301208496,1420.5093994140625,1778.8143310546875,0.1693415641784668,1420.5093994140625,1778.8143310546875,0.14684008061885834,1530.7738037109375,1778.8143310546875,0.13642877340316772,1420.5093994140625,1778.8143310546875,0.16177456080913544,1713.973388671875,1778.8143310546875,0.12276783585548401,1713.973388671875,1778.8143310546875,0.10640425980091095,1713.973388671875,1778.8143310546875,0.10788227617740631,1713.973388671875,1778.8143310546875,0.14706827700138092,1713.973388671875,1778.8143310546875,0.0954730212688446,1584.75732421875,1778.8143310546875,0.07743708789348602,1713.973388671875,1778.8143310546875,0.07916898280382156,1713.973388671875,1778.8143310546875,0.13659542798995972,1713.973388671875,1778.8143310546875,0.10212136805057526,1713.973388671875,1778.8143310546875,0.08507690578699112,1713.973388671875,1778.8143310546875,0.0912386029958725,1713.973388671875,1778.8143310546875,0.13812795281410217,1713.973388671875,1778.8143310546875,0.12715525925159454,1713.973388671875,1778.8143310546875,0.13631916046142578,1713.973388671875,1778.8143310546875,0.11969006061553955
DJI_20260917132733_0082_D.JPG,Cam 5,14,MUZHUMANDI,INCORRECT,FEET_APART_HEEL_DOWN,,dwpose_l_wholebody,coco_wholebody_133,OK,410.1,179.18,1,1,1584.826416015625,1406.9365234375,0.8908806443214417,1606.826171875,1375.5078125,0.9908186197280884,1622.54052734375,1369.22216796875,0.917464017868042,1638.254638671875,1369.22216796875,0.997441291809082,1565.96923828125,1375.5078125,0.9871200323104858,1550.2548828125,1372.364990234375,0.8976351022720337,1534.540771484375,1375.5078125,0.9828448295593262,1672.825927734375,1391.22216796875,0.8178739547729492,1503.112060546875,1394.364990234375,0.8310356140136719,1619.397705078125,1450.936279296875,0.9716399908065796,1556.540771484375,1450.936279296875,0.971660852432251,1745.111572265625,1576.650390625,0.7837512493133545,1446.540771484375,1598.650390625,0.7960457801818848,1961.96826171875,1780.935546875,0.8514838218688965,1239.11279296875,1834.364013671875,0.7927612662315369,1713.68310546875,1997.792236328125,0.6796972751617432,1515.68359375,2004.078125,0.6531457901000977,2062.53955078125,2032.36376953125,0.7738156318664551,1166.8271484375,2142.36328125,0.4610176682472229,1477.969482421875,2230.36328125,0.4444078505039215,1770.254638671875,2230.36328125,0.5228031873703003,1493.68359375,2252.363037109375,0.4134291112422943,1785.968505859375,2239.791748046875,0.4756878614425659,1352.25537109375,2296.363037109375,0.5594985485076904,1961.96826171875,2280.648681640625,0.6087639927864075,1578.9639892578125,1736.8712158203125,0.4939350485801697,1578.9639892578125,1736.8712158203125,0.4754810333251953,1578.9639892578125,1736.8712158203125,0.42909011244773865,1586.8331298828125,1736.8712158203125,0.3957075774669647,1583.2012939453125,1736.8712158203125,0.34083178639411926,1578.9639892578125,1736.8712158203125,0.40408211946487427,1574.1214599609375,1736.8712158203125,0.40884929895401,1577.1480712890625,1736.8712158203125,0.3680322766304016,1578.9639892578125,1736.8712158203125,0.290627658367157,1578.9639892578125,1736.8712158203125,0.429892897605896,1578.9639892578125,1736.8712158203125,0.4136509895324707,1578.9639892578125,1736.8712158203125,0.3905489444732666,1580.1746826171875,1736.8712158203125,0.31304290890693665,1578.9639892578125,1736.8712158203125,0.4212721288204193,1575.9373779296875,1736.8712158203125,0.3477863073348999,1577.75341796875,1736.8712158203125,0.3767721652984619,1578.9639892578125,1736.8712158203125,0.3867812752723694,1578.9639892578125,1736.8712158203125,0.38994479179382324,1575.9373779296875,1736.8712158203125,0.41995877027511597,1578.9639892578125,1736.8712158203125,0.40258854627609253,1578.9639892578125,1736.8712158203125,0.35234934091567993,1753.483642578125,1791.444580078125,0.3964281678199768,1753.483642578125,1791.444580078125,0.40976977348327637,1753.483642578125,1791.444580078125,0.3952140510082245,1753.483642578125,1791.444580078125,0.3703160285949707,1753.483642578125,1791.444580078125,0.3380553126335144,1753.483642578125,1791.444580078125,0.41046780347824097,1753.483642578125,1791.444580078125,0.3661718964576721,1753.483642578125,1791.444580078125,0.35143205523490906,1753.483642578125,1791.444580078125,0.32804378867149353,1753.483642578125,1791.444580078125,0.3990330696105957,1753.483642578125,1791.444580078125,0.31812939047813416,1753.483642578125,1791.444580078125,0.3098154664039612,1753.483642578125,1791.444580078125,0.30316630005836487,1753.483642578125,1791.444580078125,0.38507378101348877,1753.483642578125,1791.444580078125,0.32242244482040405,1753.483642578125,1791.444580078125,0.3047044277191162,1753.483642578125,1791.444580078125,0.2860606610774994,1753.483642578125,1791.444580078125,0.3598306179046631,1753.483642578125,1791.444580078125,0.34553271532058716,1753.483642578125,1791.444580078125,0.36004096269607544,1753.483642578125,1791.444580078125,0.3423328995704651
DJI_20260917132735_0083_D.JPG,Cam 5,14,MUZHUMANDI,INCORRECT,FEET_APART_HEEL_DOWN,,dwpose_l_wholebody,coco_wholebody_133,OK,447.24,214.22,1,1,1572.738525390625,1501.2410888671875,0.8868521451950073,1591.71728515625,1463.2838134765625,0.976854681968689,1604.36962890625,1456.9573974609375,0.9130924344062805,1620.18505859375,1456.9573974609375,0.976203441619873,1547.43359375,1466.4468994140625,0.9857267737388611,1531.6181640625,1466.4468994140625,0.8965201377868652,1518.9658203125,1466.4468994140625,0.9853839874267578,1651.81640625,1431.6527099609375,0.8068077564239502,1487.334716796875,1450.6312255859375,0.8283401727676392,1607.53271484375,1526.5457763671875,0.9485020637512207,1547.43359375,1529.7091064453125,0.9436109066009521,1734.05712890625,1570.8294677734375,0.776833176612854,1436.724853515625,1596.1341552734375,0.7822745442390442,1949.1484375,1773.2684326171875,0.8604331612586975,1231.123046875,1842.8568115234375,0.7931751012802124,1721.40478515625,2007.3382568359375,0.6740009784698486,1509.4765625,2016.8275146484375,0.6603662371635437,2056.694091796875,2013.6644287109375,0.7831094264984131,1158.371337890625,2149.67822265625,0.6750001907348633,1458.86669921875,2231.9189453125,0.5034030079841614,1740.38330078125,2216.103515625,0.4639773964881897,1487.334716796875,2244.5712890625,0.4958450198173523,1737.22021484375,2222.4296875,0.4294121265411377,1332.34228515625,2301.50732421875,0.6622520089149475,1908.028076171875,2288.85498046875,0.49596458673477173,1520.0318603515625,1726.2852783203125,0.3182855248451233,1520.0318603515625,1726.2852783203125,0.31473398208618164,1520.0318603515625,1726.2852783203125,0.28767484426498413,1520.0318603515625,1726.2852783203125,0.2997151017189026,1520.0318603515625,1726.2852783203125,0.293518602848053,1520.0318603515625,1726.2852783203125,0.2845880687236786,1520.0318603515625,1726.2852783203125,0.2758976221084595,1520.0318603515625,1726.2852783203125,0.24963945150375366,1520.0318603515625,1726.2852783203125,0.22139835357666016,1520.0318603515625,1726.2852783203125,0.2922075688838959,1520.0318603515625,1726.2852783203125,0.27535557746887207,1520.0318603515625,1726.2852783203125,0.24986329674720764,1520.0318603515625,1726.2852783203125,0.2070831060409546,1520.0318603515625,1726.2852783203125,0.26195192337036133,1520.0318603515625,1726.2852783203125,0.26298195123672485,1520.0318603515625,1726.2852783203125,0.2508314251899719,1520.0318603515625,1726.2852783203125,0.23850494623184204,1520.0318603515625,1726.2852783203125,0.2657293677330017,1520.0318603515625,1726.2852783203125,0.27458059787750244,1520.0318603515625,1726.2852783203125,0.2659369111061096,1520.0318603515625,1726.2852783203125,0.2525181174278259,1718.8931884765625,1782.20263671875,0.2304879128932953,1718.8931884765625,1782.20263671875,0.19995804131031036,1718.8931884765625,1782.20263671875,0.17576958239078522,1584.3226318359375,1782.20263671875,0.20454250276088715,1586.2918701171875,1782.20263671875,0.22698140144348145,1583.6661376953125,1782.20263671875,0.23127548396587372,1586.9483642578125,1782.20263671875,0.27018243074417114,1588.26123046875,1782.20263671875,0.24702587723731995,1587.604736328125,1859.00634765625,0.23622077703475952,1582.353271484375,1782.20263671875,0.23118820786476135,1588.917724609375,1782.20263671875,0.27824288606643677,1589.5740966796875,1847.1904296875,0.26043787598609924,1588.26123046875,1866.2271728515625,0.29054296016693115,1583.6661376953125,1782.20263671875,0.22234244644641876,1588.26123046875,1782.20263671875,0.2567081153392792,1588.917724609375,1843.251708984375,0.2806054651737213,1588.26123046875,1862.9449462890625,0.2956734299659729,1577.1016845703125,1782.20263671875,0.2105143517255783,1584.3226318359375,1782.20263671875,0.24230238795280457,1587.604736328125,1782.20263671875,0.23936578631401062,1587.604736328125,1847.8468017578125,0.26157814264297485
DJI_20260917132751_0084_D.JPG,Cam 5,15,SWASTIKAPADAM,INCORRECT,OVERCROSSING_SHINS,RIGHT,dwpose_l_wholebody,coco_wholebody_133,OK,412.15,202.67,1,1,1792.2286376953125,886.9105224609375,0.9242340326309204,1807.8839111328125,863.4276123046875,0.9865810871124268,1823.5391845703125,863.4276123046875,0.9174373149871826,1835.2803955078125,867.3416748046875,0.9547642469406128,1768.7462158203125,867.3416748046875,0.9820700883865356,1753.0909423828125,863.4276123046875,0.9290692210197449,1737.4356689453125,867.3416748046875,0.9661079049110413,1862.6768798828125,914.3070068359375,0.9031670093536377,1702.2117919921875,914.3070068359375,0.8984947204589844,1819.6253662109375,933.8758544921875,0.9796357154846191,1760.9185791015625,937.7896728515625,0.9910876750946045,1937.0386962890625,1109.9962158203125,0.869909942150116,1655.2462158203125,1121.7376708984375,0.8048514127731323,2128.814453125,1297.8577880859375,0.8434337377548218,1475.2120361328125,1321.3406982421875,0.8034731149673462,1909.6422119140625,1567.9090576171875,0.7350181341171265,1713.9530029296875,1567.9090576171875,0.7079693078994751,1952.6939697265625,1900.5809326171875,0.7038010358810425,1760.9185791015625,1904.4947509765625,0.5669317245483398,1788.3150634765625,2194.11474609375,0.7029812335968018,1749.1771240234375,2209.77001953125,0.6288032531738281,1741.3497314453125,2213.68359375,0.6852227449417114,1713.9530029296875,2241.080078125,0.585437536239624,1893.9874267578125,2291.95947265625,0.7960556745529175,1890.0733642578125,2303.70068359375,0.6069447994232178,1706.92431640625,1283.7470703125,0.13299664855003357,1706.92431640625,1283.7470703125,0.10975734144449234,1706.92431640625,1283.7470703125,0.0906340628862381,1706.92431640625,1283.7470703125,0.1159210354089737,1706.92431640625,1283.7470703125,0.1131664589047432,1706.92431640625,1283.7470703125,0.09806621074676514,1706.92431640625,1283.7470703125,0.11211419105529785,1706.92431640625,1283.7470703125,0.13235341012477875,1706.92431640625,1283.7470703125,0.14719156920909882,1870.50390625,1414.7337646484375,0.07933884859085083,1847.1353759765625,1283.7470703125,0.0850033089518547,1844.675537109375,1283.7470703125,0.09217404574155807,1706.92431640625,1283.7470703125,0.11030357331037521,1879.11328125,1416.57861328125,0.061589211225509644,1706.92431640625,1283.7470703125,0.056781649589538574,1706.92431640625,1597.9920654296875,0.08700129389762878,1706.92431640625,1283.7470703125,0.09789120405912399,1706.92431640625,1473.155029296875,0.06215067207813263,1706.92431640625,1597.9920654296875,0.11040250211954117,1706.92431640625,1597.9920654296875,0.14552393555641174,1706.92431640625,1597.9920654296875,0.09590236842632294,1617.777587890625,1341.78857421875,0.31386131048202515,1614.681640625,1339.7247314453125,0.2870875298976898,1840.684326171875,1352.1083984375,0.2648467421531677,1840.684326171875,1353.6563720703125,0.2759348154067993,1840.684326171875,1360.880126953125,0.23271355032920837,1840.684326171875,1293.8017578125,0.2533436715602875,1840.684326171875,1293.8017578125,0.27029770612716675,1840.684326171875,1293.8017578125,0.2542153000831604,1840.684326171875,1293.8017578125,0.24719348549842834,1840.684326171875,1293.8017578125,0.24042165279388428,1840.684326171875,1293.8017578125,0.234398752450943,1840.684326171875,1293.8017578125,0.20998218655586243,1840.684326171875,1293.8017578125,0.19956013560295105,1840.684326171875,1293.8017578125,0.2031957507133484,1840.684326171875,1293.8017578125,0.20085063576698303,1840.684326171875,1293.8017578125,0.22485506534576416,1840.684326171875,1293.8017578125,0.24330750107765198,1840.684326171875,1293.8017578125,0.18143808841705322,1840.684326171875,1359.3321533203125,0.18441347777843475,1840.684326171875,1293.8017578125,0.23118151724338531,1840.684326171875,1293.8017578125,0.20776130259037018
DJI_20260917132753_0085_D.JPG,Cam 5,15,SWASTIKAPADAM,INCORRECT,OVERCROSSING_SHINS,RIGHT,dwpose_l_wholebody,coco_wholebody_133,OK,440.96,267.8,1,1,1784.494384765625,883.2135009765625,0.9194382429122925,1800.214111328125,859.6339111328125,0.9855151176452637,1815.933837890625,855.7037353515625,0.9165377616882324,1831.653564453125,859.6339111328125,0.9550160765647888,1764.8447265625,859.6339111328125,0.9860857725143433,1749.125,859.6339111328125,0.9272761344909668,1733.405029296875,863.5635986328125,0.9757784605026245,1859.163330078125,902.8629150390625,0.9021844863891602,1698.035888671875,910.7227783203125,0.8982080221176147,1815.933837890625,930.3726806640625,0.9790166616439819,1756.984619140625,934.3026123046875,0.9933562278747559,1929.902099609375,1103.2899169921875,0.8610162734985352,1654.806396484375,1115.0797119140625,0.7969988584518433,2118.5390625,1287.9969482421875,0.8388290405273438,1470.099365234375,1315.5064697265625,0.8071258068084717,1906.322509765625,1559.1627197265625,0.7405362129211426,1709.825439453125,1563.0924072265625,0.7134242057800293,1953.481689453125,1893.2073974609375,0.7152252197265625,1772.70458984375,1908.9268798828125,0.5745766162872314,1792.354248046875,2191.88232421875,0.7167184948921204,1741.264892578125,2215.46240234375,0.6681380271911621,1745.195068359375,2215.46240234375,0.6878958940505981,1705.895751953125,2246.90185546875,0.6244832277297974,1898.462646484375,2286.201171875,0.7835128307342529,1890.602783203125,2301.9208984375,0.6369620561599731,1714.67724609375,1568.510986328125,0.27500489354133606,1714.67724609375,1568.510986328125,0.2705851197242737,1714.67724609375,1568.510986328125,0.24805805087089539,1714.67724609375,1568.510986328125,0.28586864471435547,1714.67724609375,1568.510986328125,0.26611393690109253,1714.67724609375,1270.017578125,0.2504313886165619,1714.67724609375,1568.510986328125,0.2916828393936157,1714.67724609375,1568.510986328125,0.28753650188446045,1714.67724609375,1568.510986328125,0.24671782553195953,1714.67724609375,1568.510986328125,0.23289285600185394,1714.67724609375,1568.510986328125,0.2664583921432495,1714.67724609375,1568.510986328125,0.2750309109687805,1714.67724609375,1568.510986328125,0.22746288776397705,1714.67724609375,1568.510986328125,0.2316589504480362,1714.67724609375,1568.510986328125,0.22123268246650696,1714.67724609375,1568.510986328125,0.29650187492370605,1714.67724609375,1568.510986328125,0.29882538318634033,1714.67724609375,1568.510986328125,0.23856818675994873,1714.67724609375,1568.510986328125,0.3089698553085327,1714.67724609375,1568.510986328125,0.3098294734954834,1714.67724609375,1568.510986328125,0.246564581990242,1659.6883544921875,1399.7781982421875,0.08180343359708786,1660.4820556640625,1387.8717041015625,0.12102661281824112,1662.8634033203125,1352.54931640625,0.1567033976316452,1663.6571044921875,1348.18359375,0.16489797830581665,1660.4820556640625,1346.5960693359375,0.1376967877149582,1668.0228271484375,1350.16796875,0.08049456775188446,1672.3885498046875,1352.9461669921875,0.09137444198131561,1678.7386474609375,1365.6463623046875,0.07604838907718658,1650.1632080078125,1364.058837890625,0.06407537311315536,1668.0228271484375,1403.7469482421875,0.09546114504337311,1673.5792236328125,1359.693115234375,0.08010449260473251,1632.3035888671875,1365.6463623046875,0.08989527821540833,1647.7818603515625,1370.408935546875,0.10516400635242462,1660.8790283203125,1405.7313232421875,0.08583700656890869,1670.4041748046875,1368.0277099609375,0.06524684280157089,1633.8909912109375,1370.0120849609375,0.09018784761428833,1644.6068115234375,1368.8214111328125,0.10290005058050156,1625.953369140625,1382.3154296875,0.06154531240463257,1623.968994140625,1365.6463623046875,0.07750710844993591,1626.7471923828125,1365.6463623046875,0.09013067185878754,1637.85986328125,1370.8057861328125,0.06513020396232605
DJI_20260917132825_0086_D.JPG,Cam 5,16,SWASTIKAPADAM,INCORRECT,OVERCROSSING_SHINS,LEFT,dwpose_l_wholebody,coco_wholebody_133,OK,437.25,165.82,1,1,1495.419921875,875.5179443359375,0.9122952818870544,1515.36279296875,851.5863037109375,0.9977883696556091,1531.3173828125,851.5863037109375,0.9233344793319702,1547.271728515625,855.5750732421875,0.9831993579864502,1479.4658203125,851.5863037109375,1.001165747642517,1463.51123046875,851.5863037109375,0.9368801116943359,1447.556884765625,855.5750732421875,0.9897392988204956,1587.15771484375,903.4381103515625,0.9003338813781738,1423.62548828125,903.4381103515625,0.8899223804473877,1527.328857421875,927.3697509765625,0.9740329384803772,1467.5,923.3809814453125,0.9889962077140808,1658.9521484375,1102.8675537109375,0.8268353939056396,1363.79638671875,1122.8106689453125,0.807936429977417,1850.40478515625,1306.2860107421875,0.8299626111984253,1172.343994140625,1314.2630615234375,0.8051865100860596,1623.054931640625,1565.5445556640625,0.729688286781311,1423.62548828125,1573.5216064453125,0.730230450630188,1591.146240234375,1936.4837646484375,0.6019921898841858,1403.682373046875,1904.5750732421875,0.648148775100708,1615.07763671875,2223.66259765625,0.572838544845581,1611.08935546875,2219.673828125,0.7177938222885132,1654.9638671875,2243.60546875,0.5901858806610107,1682.8837890625,2243.60546875,0.6883933544158936,1495.419921875,2339.33154296875,0.6336355209350586,1487.44287109375,2323.37744140625,0.6227445602416992,1666.2393798828125,1446.234130859375,0.139881432056427,1687.7550048828125,1393.98193359375,0.08499976992607117,1758.06494140625,1369.77685546875,0.07716314494609833,1758.06494140625,1369.0084228515625,0.06483830511569977,1758.06494140625,1249.904052734375,0.0874563604593277,1667.3919677734375,1325.9771728515625,0.10363127291202545,1667.3919677734375,1298.698486328125,0.14100800454616547,1667.0078125,1249.904052734375,0.18074795603752136,1667.0078125,1249.904052734375,0.25446149706840515,1643.1868896484375,1330.587646484375,0.11925055086612701,1635.1185302734375,1301.003662109375,0.14211919903755188,1633.5816650390625,1249.904052734375,0.19093486666679382,1633.5816650390625,1249.904052734375,0.20392316579818726,1631.66064453125,1330.587646484375,0.11201032996177673,1631.66064453125,1307.1510009765625,0.12984487414360046,1620.5186767578125,1277.5670166015625,0.14027148485183716,1561.73486328125,1249.904052734375,0.1988234519958496,1625.129150390625,1339.80859375,0.07487805187702179,1561.73486328125,1315.603515625,0.12109636515378952,1561.73486328125,1289.8616943359375,0.1424272060394287,1561.73486328125,1249.904052734375,0.1824820339679718,1566.793701171875,1566.4530029296875,0.238277405500412,1566.793701171875,1566.4530029296875,0.2138494849205017,1566.793701171875,1566.4530029296875,0.1927872896194458,1566.793701171875,1566.4530029296875,0.19034048914909363,1566.793701171875,1566.4530029296875,0.18076717853546143,1566.793701171875,1566.4530029296875,0.1884516477584839,1566.793701171875,1566.4530029296875,0.21156074106693268,1566.793701171875,1566.4530029296875,0.18498927354812622,1566.793701171875,1566.4530029296875,0.16599354147911072,1566.793701171875,1566.4530029296875,0.19635027647018433,1566.793701171875,1566.4530029296875,0.17810675501823425,1566.793701171875,1566.4530029296875,0.17054447531700134,1566.793701171875,1566.4530029296875,0.157150000333786,1566.793701171875,1566.4530029296875,0.1720762848854065,1566.793701171875,1566.4530029296875,0.1418331265449524,1422.5506591796875,1566.4530029296875,0.16391023993492126,1566.793701171875,1566.4530029296875,0.18929451704025269,1566.793701171875,1566.4530029296875,0.1361524611711502,1566.793701171875,1566.4530029296875,0.1558719277381897,1566.793701171875,1566.4530029296875,0.16479632258415222,1566.793701171875,1566.4530029296875,0.16016778349876404
DJI_20260917132826_0087_D.JPG,Cam 5,16,SWASTIKAPADAM,INCORRECT,OVERCROSSING_SHINS,LEFT,dwpose_l_wholebody,coco_wholebody_133,OK,473.75,405.45,1,1,1496.5172119140625,878.837890625,0.9150195717811584,1516.4244384765625,854.948974609375,1.0005756616592407,1532.3507080078125,850.967529296875,0.926350474357605,1548.2764892578125,854.948974609375,0.9832471013069153,1476.6099853515625,854.948974609375,1.0004522800445557,1460.6842041015625,850.967529296875,0.9375905394554138,1448.7396240234375,854.948974609375,0.9892953038215637,1588.0909423828125,902.7265625,0.9023594856262207,1424.8507080078125,902.7265625,0.8897261619567871,1528.3692626953125,926.615478515625,0.9765515327453613,1468.6470947265625,926.615478515625,0.9917172193527222,1659.7574462890625,1097.81884765625,0.8290650844573975,1365.1285400390625,1117.72607421875,0.8046140670776367,1854.8497314453125,1304.855224609375,0.842195987701416,1174.0181884765625,1304.855224609375,0.7801614999771118,1619.9429931640625,1559.66943359375,0.7253988981246948,1416.8878173828125,1567.632568359375,0.7402615547180176,1600.0357666015625,1933.927734375,0.6105372905731201,1404.9434814453125,1910.0390625,0.6578521728515625,1619.9429931640625,2228.556884765625,0.6271085739135742,1596.0543212890625,2212.630859375,0.6933809518814087,1671.7022705078125,2244.482666015625,0.638288676738739,1663.7388916015625,2236.519775390625,0.6456995606422424,1492.5357666015625,2348.0009765625,0.656650185585022,1472.6285400390625,2320.130615234375,0.6189296245574951,1729.923095703125,1547.9305419921875,0.34291547536849976,1729.923095703125,1547.9305419921875,0.3302993178367615,1729.923095703125,1547.9305419921875,0.3137044906616211,1729.923095703125,1547.9305419921875,0.33397066593170166,1729.923095703125,1547.9305419921875,0.30183279514312744,1729.923095703125,1547.9305419921875,0.31223079562187195,1729.923095703125,1547.9305419921875,0.3007644712924957,1729.923095703125,1547.9305419921875,0.30522075295448303,1729.923095703125,1547.9305419921875,0.2882952094078064,1729.923095703125,1547.9305419921875,0.30184510350227356,1729.923095703125,1547.9305419921875,0.2599509656429291,1729.923095703125,1547.9305419921875,0.2701984643936157,1729.923095703125,1547.9305419921875,0.2351970672607422,1729.923095703125,1547.9305419921875,0.30493229627609253,1729.923095703125,1547.9305419921875,0.27080583572387695,1729.923095703125,1547.9305419921875,0.3053262233734131,1729.923095703125,1547.9305419921875,0.3112719655036926,1729.923095703125,1547.9305419921875,0.283366322517395,1729.923095703125,1547.9305419921875,0.3161963224411011,1729.923095703125,1547.9305419921875,0.32940587401390076,1729.923095703125,1547.9305419921875,0.29567503929138184,1243.3917236328125,1402.437744140625,0.13520513474941254,1346.35888671875,1402.437744140625,0.0570521354675293,1362.0452880859375,1430.9949951171875,0.06906887143850327,1374.9161376953125,1432.6038818359375,0.09824403375387192,1448.923828125,1512.644775390625,0.12236406654119492,1364.8607177734375,1406.4598388671875,0.1116597056388855,1448.923828125,1426.972900390625,0.10425660014152527,1448.923828125,1512.644775390625,0.1490425318479538,1448.923828125,1512.644775390625,0.1742294430732727,1365.6651611328125,1425.364013671875,0.11990495771169662,1388.1893310546875,1432.6038818359375,0.11544044315814972,1448.923828125,1512.644775390625,0.13921016454696655,1448.923828125,1512.644775390625,0.14566448330879211,1364.8607177734375,1428.1795654296875,0.11287219077348709,1380.14501953125,1433.810546875,0.10260069370269775,1448.923828125,1512.644775390625,0.1460925042629242,1448.923828125,1512.644775390625,0.18447378277778625,1364.056396484375,1428.1795654296875,0.09949064999818802,1371.698486328125,1432.6038818359375,0.10036354511976242,1379.7427978515625,1512.644775390625,0.11896752566099167,1448.923828125,1512.644775390625,0.12832537293434143
DJI_20260917132841_0088_D.JPG,Cam 5,17,SWASTIKAPADAM,INCORRECT,INSUFFICIENT_ARAMANDI,RIGHT,dwpose_l_wholebody,coco_wholebody_133,OK,475.21,224.06,1,1,1742.530029296875,827.875,0.9262686967849731,1758.719482421875,807.637939453125,0.9918695092201233,1774.908935546875,803.590576171875,0.9227384328842163,1791.098388671875,811.685302734375,0.960742712020874,1722.29296875,807.637939453125,0.9867227077484131,1706.103515625,803.590576171875,0.9376593828201294,1693.961181640625,807.637939453125,0.9774628281593323,1819.429931640625,860.25390625,0.9059674143791199,1657.534912109375,860.25390625,0.898815393447876,1770.861572265625,876.443603515625,0.9831963777542114,1714.1982421875,876.443603515625,0.9937751293182373,1888.235595703125,1054.528076171875,0.8654075860977173,1613.013916015625,1078.8125,0.7965781688690186,2070.36767578125,1244.755126953125,0.8042795658111572,1430.881591796875,1269.039306640625,0.8004279136657715,1867.998779296875,1515.929443359375,0.7520297169685364,1673.724365234375,1515.929443359375,0.6961804032325745,1855.856689453125,1884.240966796875,0.700882077217102,1730.3876953125,1896.383056640625,0.5881979465484619,1734.43505859375,2216.126220703125,0.7533990144729614,1722.29296875,2216.126220703125,0.5808547735214233,1681.819091796875,2244.457763671875,0.780917763710022,1681.819091796875,2248.505126953125,0.5582925081253052,1863.951416015625,2305.168212890625,0.8194358944892883,1863.951416015625,2309.215576171875,0.5850928425788879,1698.1380615234375,1483.0836181640625,0.1920490562915802,1698.1380615234375,1483.0836181640625,0.15283629298210144,1698.1380615234375,1483.0836181640625,0.12706036865711212,1698.1380615234375,1483.0836181640625,0.1336231529712677,1698.1380615234375,1483.0836181640625,0.14821502566337585,1698.1380615234375,1483.0836181640625,0.12384715676307678,1698.1380615234375,1483.0836181640625,0.144964337348938,1698.1380615234375,1483.0836181640625,0.14940831065177917,1698.1380615234375,1483.0836181640625,0.16458618640899658,1698.1380615234375,1483.0836181640625,0.10404402017593384,1698.1380615234375,1483.0836181640625,0.10568553954362869,1698.1380615234375,1483.0836181640625,0.1219472736120224,1698.1380615234375,1483.0836181640625,0.15113849937915802,1698.1380615234375,1483.0836181640625,0.09293009340763092,1698.1380615234375,1483.0836181640625,0.08774533867835999,1698.1380615234375,1483.0836181640625,0.14211764931678772,1698.1380615234375,1483.0836181640625,0.20734629034996033,1698.1380615234375,1483.0836181640625,0.11414997279644012,1698.1380615234375,1483.0836181640625,0.1727464497089386,1698.1380615234375,1483.0836181640625,0.1980234980583191,1698.1380615234375,1483.0836181640625,0.1633232831954956,1598.7734375,1378.0421142578125,0.08877034485340118,1620.4613037109375,1354.80517578125,0.09618782252073288,1609.1009521484375,1339.3138427734375,0.1074257493019104,1603.9371337890625,1282.5123291015625,0.198347806930542,1614.2647705078125,1318.142333984375,0.23196116089820862,1653.5093994140625,1348.09228515625,0.08603954315185547,1704.630615234375,1338.7974853515625,0.07972263544797897,1713.9254150390625,1344.9940185546875,0.055453479290008545,1807.906005859375,1222.6126708984375,0.10257936269044876,1676.22998046875,1354.80517578125,0.09171545505523682,1701.5323486328125,1354.2886962890625,0.07684122771024704,1731.4822998046875,1382.689453125,0.05676451325416565,1738.1951904296875,1222.6126708984375,0.07478129118680954,1676.22998046875,1375.9765625,0.075236976146698,1699.4669189453125,1381.65673828125,0.060681574046611786,1731.9986572265625,1381.65673828125,0.05529995262622833,1807.906005859375,1486.481201171875,0.09930047392845154,1676.22998046875,1395.598876953125,0.05074392631649971,1713.9254150390625,1486.481201171875,0.0648709386587143,1764.5303955078125,1486.481201171875,0.0870693027973175,1758.8502197265625,1486.481201171875,0.10971531271934509
DJI_20260917132842_0089_D.JPG,Cam 5,17,SWASTIKAPADAM,INCORRECT,INSUFFICIENT_ARAMANDI,RIGHT,dwpose_l_wholebody,coco_wholebody_133,OK,485.8,253.1,1,1,1732.63525390625,836.0894775390625,0.9262266159057617,1752.827880859375,815.8968505859375,0.999848484992981,1764.943359375,811.8582763671875,0.9266989231109619,1781.09765625,819.9354248046875,0.9736221432685852,1712.44287109375,815.8968505859375,1.0000503063201904,1696.28857421875,815.8968505859375,0.9446035623550415,1680.134765625,819.9354248046875,0.9924854040145874,1809.3671875,864.3590087890625,0.9090580940246582,1647.826416015625,868.3975830078125,0.9004566669464111,1764.943359375,888.5902099609375,0.9877609014511108,1704.36572265625,888.5902099609375,1.0032860040664673,1886.098876953125,1066.2847900390625,0.8683603405952454,1603.40283203125,1090.5159912109375,0.7939431667327881,2067.83203125,1252.0567626953125,0.8199915289878845,1417.630859375,1284.3648681640625,0.8264501094818115,1857.8291015625,1534.7528076171875,0.7453209161758423,1663.98046875,1534.7528076171875,0.6895902156829834,1845.7138671875,1902.2579345703125,0.6981383562088013,1728.5966796875,1918.4119873046875,0.5935894846916199,1736.673828125,2229.3779296875,0.7691691517829895,1716.481201171875,2233.416015625,0.603083610534668,1688.21142578125,2261.685546875,0.7674343585968018,1676.09619140625,2261.685546875,0.5667441487312317,1861.86767578125,2318.22509765625,0.8081866502761841,1861.86767578125,2322.263671875,0.5633221864700317,1652.0435791015625,1531.2960205078125,0.22441133856773376,1652.0435791015625,1531.2960205078125,0.1923568844795227,1652.0435791015625,1531.2960205078125,0.17649143934249878,1652.0435791015625,1531.2960205078125,0.202347993850708,1652.0435791015625,1531.2960205078125,0.1569453328847885,1652.0435791015625,1531.2960205078125,0.19209024310112,1652.0435791015625,1531.2960205078125,0.205487459897995,1652.0435791015625,1531.2960205078125,0.20438939332962036,1652.0435791015625,1531.2960205078125,0.17211826145648956,1652.0435791015625,1531.2960205078125,0.1756877452135086,1652.0435791015625,1531.2960205078125,0.1791418492794037,1652.0435791015625,1531.2960205078125,0.17613697052001953,1652.0435791015625,1531.2960205078125,0.1436215341091156,1652.0435791015625,1531.2960205078125,0.1605890989303589,1652.0435791015625,1531.2960205078125,0.15069016814231873,1652.0435791015625,1531.2960205078125,0.18953052163124084,1652.0435791015625,1531.2960205078125,0.2063392549753189,1652.0435791015625,1531.2960205078125,0.17083539068698883,1652.0435791015625,1531.2960205078125,0.23467746376991272,1652.0435791015625,1531.2960205078125,0.23668615520000458,1652.0435791015625,1531.2960205078125,0.17454198002815247,1837.146728515625,1520.608642578125,0.15818515419960022,1837.146728515625,1520.608642578125,0.109056755900383,1837.146728515625,1520.608642578125,0.08977165818214417,1837.146728515625,1349.371337890625,0.06714539974927902,1837.146728515625,1341.51123046875,0.08946266770362854,1837.146728515625,1233.7158203125,0.0783844143152237,1837.146728515625,1520.608642578125,0.0659894198179245,1837.146728515625,1233.7158203125,0.07740981876850128,1837.146728515625,1233.7158203125,0.125496044754982,1704.086669921875,1369.021484375,0.0599055141210556,1706.33251953125,1365.091552734375,0.04929999262094498,1715.876953125,1233.7158203125,0.056978989392519,1837.146728515625,1233.7158203125,0.108648881316185,1837.146728515625,1520.608642578125,0.06441399455070496,1837.146728515625,1520.608642578125,0.0660453736782074,1837.146728515625,1520.608642578125,0.0959894135594368,1837.146728515625,1520.608642578125,0.15770787000656128,1837.146728515625,1520.608642578125,0.09091131389141083,1837.146728515625,1520.608642578125,0.12523142993450165,1837.146728515625,1520.608642578125,0.17054013907909393,1837.146728515625,1520.608642578125,0.1731274425983429
DJI_20260917132906_0090_D.JPG,Cam 5,18,SWASTIKAPADAM,INCORRECT,INSUFFICIENT_ARAMANDI,LEFT,dwpose_l_wholebody,coco_wholebody_133,OK,450.45,222.02,1,1,1507.4715576171875,783.7479248046875,0.9243781566619873,1528.3988037109375,758.6353759765625,1.0146028995513916,1545.1405029296875,754.4498291015625,0.9410489797592163,1561.8824462890625,758.6353759765625,0.988961935043335,1486.5445556640625,762.8209228515625,1.0085666179656982,1473.9879150390625,758.6353759765625,0.9410601854324341,1457.2462158203125,762.8209228515625,0.9975763559341431,1599.5513916015625,808.8607177734375,0.9015312194824219,1432.1336669921875,813.0460205078125,0.888825535774231,1540.9552001953125,833.9732666015625,0.9849852323532104,1482.3590087890625,838.1588134765625,0.9948988556861877,1674.8892822265625,1022.3179931640625,0.8341038227081299,1369.3521728515625,1039.0596923828125,0.8294841051101685,1871.6048583984375,1219.0338134765625,0.8458229303359985,1193.5635986328125,1244.1463623046875,0.8132649064064026,1653.9620361328125,1495.2728271484375,0.7427650690078735,1444.6900634765625,1512.0145263671875,0.7455689907073975,1633.0347900390625,1884.5186767578125,0.6471990346908569,1494.9151611328125,1871.9625244140625,0.6791303157806396,1633.0347900390625,2215.16845703125,0.6212029457092285,1628.8492431640625,2219.353515625,0.7935197353363037,1670.7037353515625,2227.724609375,0.6051654815673828,1691.6309814453125,2240.28125,0.7392560243606567,1507.4715576171875,2336.54638671875,0.635962724685669,1515.8424072265625,2349.1025390625,0.7101413011550903,1726.5096435546875,1492.6817626953125,0.24922725558280945,1726.5096435546875,1492.6817626953125,0.2308584302663803,1726.5096435546875,1492.6817626953125,0.21347269415855408,1726.5096435546875,1492.6817626953125,0.22314217686653137,1726.5096435546875,1185.946533203125,0.19061356782913208,1726.5096435546875,1492.6817626953125,0.19937686622142792,1726.5096435546875,1492.6817626953125,0.1877528727054596,1726.5096435546875,1492.6817626953125,0.20339156687259674,1726.5096435546875,1492.6817626953125,0.1892789900302887,1726.5096435546875,1492.6817626953125,0.1942698359489441,1726.5096435546875,1492.6817626953125,0.16895434260368347,1726.5096435546875,1492.6817626953125,0.19021308422088623,1726.5096435546875,1492.6817626953125,0.1622362583875656,1726.5096435546875,1492.6817626953125,0.20786988735198975,1726.5096435546875,1492.6817626953125,0.16039755940437317,1726.5096435546875,1492.6817626953125,0.21777299046516418,1726.5096435546875,1492.6817626953125,0.23781228065490723,1726.5096435546875,1492.6817626953125,0.2221001833677292,1726.5096435546875,1492.6817626953125,0.23129084706306458,1726.5096435546875,1492.6817626953125,0.2529190182685852,1726.5096435546875,1492.6817626953125,0.21765553951263428,1362.304931640625,1343.3580322265625,0.0955430269241333,1379.979248046875,1343.7998046875,0.08647467195987701,1387.4908447265625,1343.7998046875,0.07939101755619049,1412.6767578125,1366.7764892578125,0.08817297965288162,1425.9326171875,1305.800048828125,0.09281300753355026,1404.281494140625,1337.1719970703125,0.1036534309387207,1422.839599609375,1313.3116455078125,0.08536752313375473,1427.2581787109375,1363.6834716796875,0.08205051720142365,1510.3275146484375,1456.4737548828125,0.09885204583406448,1397.653564453125,1343.7998046875,0.1191713809967041,1419.3046875,1361.47412109375,0.10467629134654999,1424.60693359375,1361.47412109375,0.09264473617076874,1510.3275146484375,1456.4737548828125,0.09203670918941498,1397.653564453125,1343.7998046875,0.10777934640645981,1414.8861083984375,1363.6834716796875,0.09859737753868103,1419.74658203125,1365.009033203125,0.0903586596250534,1510.3275146484375,1456.4737548828125,0.10896438360214233,1393.6768798828125,1348.6602783203125,0.08934280276298523,1408.7000732421875,1365.009033203125,0.09259147942066193,1414.00244140625,1365.009033203125,0.08383995294570923,1426.3743896484375,1456.4737548828125,0.0811876580119133
DJI_20260917132909_0091_D.JPG,Cam 5,18,SWASTIKAPADAM,INCORRECT,INSUFFICIENT_ARAMANDI,LEFT,dwpose_l_wholebody,coco_wholebody_133,OK,417.11,221.16,1,1,1533.309326171875,790.932373046875,0.9149825572967529,1550.025146484375,765.8583984375,1.0062958002090454,1566.740966796875,761.679443359375,0.9279829263687134,1583.45703125,765.8583984375,0.99111407995224,1512.414306640625,765.8583984375,1.0097614526748657,1495.6982421875,765.8583984375,0.9409170150756836,1483.161376953125,765.8583984375,0.993584156036377,1625.246826171875,811.8271484375,0.9035584926605225,1458.087158203125,816.00634765625,0.8825199604034424,1566.740966796875,841.080322265625,0.9775036573410034,1508.235107421875,841.080322265625,0.993065595626831,1692.11083984375,1024.9560546875,0.836396336555481,1403.760498046875,1041.671875,0.8126001358032227,1884.344482421875,1221.36865234375,0.8139749765396118,1211.526611328125,1242.263671875,0.8351171016693115,1658.678955078125,1501.361328125,0.7445032596588135,1462.266357421875,1505.5400390625,0.744902491569519,1633.605224609375,1890.007568359375,0.6561384201049805,1508.235107421875,1873.29150390625,0.6887940764427185,1637.783935546875,2220.14794921875,0.6558243036270142,1633.605224609375,2224.3271484375,0.7953429222106934,1671.216064453125,2241.04296875,0.6581452488899231,1692.11083984375,2249.40087890625,0.7551349401473999,1512.414306640625,2332.98095703125,0.6673455238342285,1524.951171875,2345.517578125,0.7089886665344238,1553.5137939453125,1377.4578857421875,0.16696740686893463,1553.5137939453125,1377.4578857421875,0.12295065820217133,1553.5137939453125,1377.4578857421875,0.09201960265636444,1553.5137939453125,1377.4578857421875,0.11033223569393158,1553.5137939453125,1163.96337890625,0.09956459701061249,1553.5137939453125,1255.4610595703125,0.08769673109054565,1553.5137939453125,1377.4578857421875,0.09440087527036667,1553.5137939453125,1377.4578857421875,0.11175617575645447,1553.5137939453125,1163.96337890625,0.1063300371170044,1650.860595703125,1257.550048828125,0.10777491331100464,1650.0250244140625,1287.6314697265625,0.07784269005060196,1650.0250244140625,1377.4578857421875,0.08741284161806107,1670.9149169921875,1377.4578857421875,0.09080320596694946,1654.620849609375,1261.3101806640625,0.09758217632770538,1654.2030029296875,1285.9603271484375,0.09152244031429291,1667.9903564453125,1295.9874267578125,0.0907418429851532,1671.75048828125,1377.4578857421875,0.10123550891876221,1670.079345703125,1265.0704345703125,0.08915875107049942,1669.2437744140625,1285.9603271484375,0.08864453434944153,1553.5137939453125,1377.4578857421875,0.09989742189645767,1553.5137939453125,1377.4578857421875,0.08207295835018158,1348.593505859375,1340.533935546875,0.07861576229333878,1453.317138671875,1340.533935546875,0.06613889336585999,1449.86474609375,1322.6962890625,0.06307249516248703,1453.317138671875,1318.66845703125,0.06145191565155983,1522.365966796875,1208.190673828125,0.05430210754275322,1484.38916015625,1330.751953125,0.04964027181267738,1518.338134765625,1378.510498046875,0.048409488052129745,1539.052734375,1378.510498046875,0.0547378845512867,1642.62548828125,1208.190673828125,0.07881283760070801,1484.38916015625,1355.494384765625,0.07117363810539246,1518.338134765625,1346.86328125,0.061694324016571045,1526.393798828125,1378.510498046875,0.06727301329374313,1642.62548828125,1502.22265625,0.056690558791160583,1472.3056640625,1379.0859375,0.06363493949174881,1518.338134765625,1385.41552734375,0.05418231338262558,1539.052734375,1385.41552734375,0.0649159625172615,1559.19189453125,1502.22265625,0.07938265800476074,1450.440185546875,1386.566162109375,0.05343194305896759,1449.86474609375,1385.41552734375,0.042278826236724854,1537.326416015625,1502.22265625,0.05242229625582695,1642.62548828125,1502.22265625,0.07403865456581116
DJI_20260917133308_0092_D.JPG,Cam 5,19,PATAKA,INCORRECT,ELBOWS_NOT_ALIGNED,,dwpose_l_wholebody,coco_wholebody_133,OK,422.62,252.63,1,1,1653.934326171875,756.69384765625,0.9199134111404419,1674.971435546875,735.656982421875,1.0007429122924805,1691.801025390625,731.44970703125,0.915389895439148,1708.63037109375,735.656982421875,0.9779107570648193,1637.10498046875,731.44970703125,1.0013463497161865,1620.275634765625,731.44970703125,0.9317533373832703,1603.446044921875,735.656982421875,0.9890091419219971,1742.289306640625,781.938232421875,0.8622139692306519,1573.994384765625,786.1455078125,0.8760124444961548,1687.593505859375,807.182373046875,0.9829383492469788,1624.48291015625,807.182373046875,0.9908021688461304,1805.39990234375,988.099365234375,0.8381657600402832,1519.298583984375,996.513916015625,0.7976992130279541,1893.754638671875,1215.297607421875,0.8460143804550171,1435.151123046875,1244.7490234375,0.843997597694397,1780.155517578125,1455.117431640625,0.7487232089042664,1573.994384765625,1459.324951171875,0.7347457408905029,1784.363037109375,1850.610595703125,0.8417528867721558,1599.238525390625,1850.610595703125,0.8105131387710571,1742.289306640625,2191.407470703125,0.8749189376831055,1649.727294921875,2191.407470703125,0.8878354430198669,1733.874755859375,2220.859130859375,0.7560162544250488,1666.556640625,2229.273681640625,0.7331042289733887,1742.289306640625,2305.006591796875,0.8235973119735718,1653.934326171875,2317.628662109375,0.8452942371368408,1963.49951171875,1026.8125,0.3823765218257904,1932.902587890625,1015.0030517578125,0.3719264268875122,1908.2103271484375,1001.5833740234375,0.4373151659965515,1903.379150390625,976.89111328125,0.5563263893127441,1913.578125,965.6185302734375,0.6378651261329651,1928.071533203125,939.3157958984375,0.6512077450752258,1925.387451171875,913.01318359375,0.7866579294204712,1924.850830078125,891.5416259765625,0.8085594773292542,1924.31396484375,867.9229125976562,0.8404790163040161,1947.9326171875,932.337646484375,0.5903916954994202,1944.17529296875,903.8878173828125,0.7350793480873108,1941.4912109375,879.7322387695312,0.765700101852417,1938.807373046875,855.5767822265625,0.8083786368370056,1966.18359375,935.558349609375,0.5305798649787903,1961.3525390625,909.255615234375,0.6801899671554565,1958.131591796875,887.247314453125,0.7337045669555664,1955.44775390625,863.6286010742188,0.8174484968185425,1987.1181640625,945.220458984375,0.5566962957382202,1982.823974609375,924.2857666015625,0.6701755523681641,1977.4560546875,907.1085205078125,0.7131475210189819,1972.625,887.247314453125,0.7598187327384949,1371.1771240234375,1053.6322021484375,0.4313367009162903,1402.506591796875,1036.593505859375,0.3976000249385834,1426.6905517578125,1019.005126953125,0.4289896786212921,1429.438720703125,995.9202880859375,0.5389230251312256,1418.99560546875,986.576416015625,0.6152849197387695,1398.6590576171875,956.346435546875,0.5861327648162842,1397.559814453125,928.864501953125,0.6940245032310486,1394.8116455078125,907.4285888671875,0.714902400970459,1392.613037109375,883.24462890625,0.7510373592376709,1375.57421875,951.399658203125,0.5599418878555298,1375.024658203125,921.1695556640625,0.645533561706543,1375.024658203125,898.084716796875,0.6880648136138916,1373.9254150390625,873.35107421875,0.7194495797157288,1356.8865966796875,956.346435546875,0.5374976992607117,1357.436279296875,927.7652587890625,0.6564719676971436,1357.98583984375,903.5811767578125,0.6785562038421631,1358.5355224609375,880.4964599609375,0.7813942432403564,1334.901123046875,967.8887939453125,0.5320447683334351,1338.198974609375,945.9033203125,0.6552265882492065,1339.8477783203125,927.7652587890625,0.7468550205230713,1343.1456298828125,907.4285888671875,0.7570767402648926
DJI_20260917133309_0093_D.JPG,Cam 5,19,PATAKA,INCORRECT,ELBOWS_NOT_ALIGNED,,dwpose_l_wholebody,coco_wholebody_133,OK,452.9,219.55,1,1,1654.9195556640625,750.7154541015625,0.9185703992843628,1675.9752197265625,729.6595458984375,0.9993023872375488,1688.6085205078125,729.6595458984375,0.9129354953765869,1705.4532470703125,733.8707275390625,0.9779329299926758,1633.8638916015625,729.6595458984375,1.000943899154663,1617.0194091796875,725.4486083984375,0.9291931390762329,1600.1749267578125,729.6595458984375,0.9856162667274475,1734.9310302734375,780.1932373046875,0.8635834455490112,1566.4859619140625,780.1932373046875,0.8786179423332214,1684.3975830078125,805.4600830078125,0.9856439828872681,1621.2305908203125,801.2489013671875,0.9910534024238586,1798.0980224609375,986.5386962890625,0.8487796187400818,1511.7410888671875,986.5386962890625,0.7861551642417908,1882.3204345703125,1209.7286376953125,0.8361289501190186,1431.7296142578125,1234.9952392578125,0.8509848117828369,1772.8311767578125,1453.9742431640625,0.7527593374252319,1566.4859619140625,1453.9742431640625,0.7434236407279968,1781.2535400390625,1845.6092529296875,0.8520282506942749,1595.9635009765625,1845.6092529296875,0.8241485953330994,1743.3531494140625,2178.28857421875,0.8842171430587769,1646.4971923828125,2178.28857421875,0.8962579965591431,1734.9310302734375,2207.7666015625,0.7838029861450195,1663.3419189453125,2211.9775390625,0.737070620059967,1739.1422119140625,2296.2001953125,0.8383551239967346,1663.3419189453125,2308.83349609375,0.8410804867744446,1958.3134765625,1029.58642578125,0.5391438007354736,1927.788330078125,1014.5824584960938,0.4860115647315979,1902.953857421875,999.5784301757812,0.5439510345458984,1897.2626953125,975.2616577148438,0.5728150606155396,1907.093017578125,963.3619995117188,0.6457850933074951,1921.062255859375,936.4581909179688,0.6739881038665771,1918.475341796875,911.6240844726562,0.7652409076690674,1918.475341796875,890.4114990234375,0.7986670732498169,1917.9580078125,866.612060546875,0.8259962797164917,1940.72265625,929.7323608398438,0.6334002017974854,1937.618408203125,902.3112182617188,0.7168289422988892,1935.031494140625,879.0291748046875,0.7601324319839478,1932.444580078125,853.1602172851562,0.8005247712135315,1959.348388671875,933.3539428710938,0.5831695795059204,1955.726806640625,907.4850463867188,0.7032109498977661,1952.10498046875,884.7203369140625,0.7501034736633301,1949.000732421875,860.9208984375,0.811667799949646,1981.078369140625,943.7015991210938,0.5784316062927246,1976.421875,923.0064086914062,0.6699408292770386,1970.730712890625,904.8981323242188,0.7499245405197144,1966.591552734375,885.2377319335938,0.8009935617446899,1369.765869140625,1046.91650390625,0.3783823251724243,1399.0579833984375,1029.873779296875,0.347199022769928,1425.6871337890625,1013.3637084960938,0.40502259135246277,1426.7523193359375,988.3322143554688,0.5073252320289612,1410.7747802734375,980.8760375976562,0.5901331305503845,1397.460205078125,948.3883666992188,0.5386499166488647,1396.39501953125,921.7592163085938,0.6404247879981995,1394.2647705078125,899.9231567382812,0.683940052986145,1393.1995849609375,876.489501953125,0.6996418237686157,1374.0264892578125,943.5951538085938,0.5130342841148376,1374.55908203125,914.8355102539062,0.6233540773391724,1375.0916748046875,892.4669799804688,0.6454156637191772,1375.0916748046875,866.370361328125,0.6916442513465881,1355.385986328125,948.3883666992188,0.506371021270752,1356.451171875,920.1614379882812,0.6481747627258301,1357.516357421875,897.2603149414062,0.6396461725234985,1359.1141357421875,873.2940063476562,0.7209632396697998,1333.0174560546875,960.1052856445312,0.5117377042770386,1336.74560546875,937.7367553710938,0.6540229320526123,1339.4085693359375,919.6288452148438,0.7466797828674316,1342.60400390625,899.9231567382812,0.7783188819885254
DJI_20260917133318_0094_D.JPG,Cam 5,20,ALAPADMA,INCORRECT,ELBOWS_NOT_ALIGNED,,dwpose_l_wholebody,coco_wholebody_133,OK,449.48,211.2,1,1,1641.623046875,753.75146484375,0.9166085124015808,1662.78125,728.36181640625,1.0009709596633911,1679.707763671875,724.130126953125,0.9171051979064941,1692.402587890625,728.36181640625,0.9864003658294678,1620.46484375,728.36181640625,1.0099146366119385,1603.53857421875,724.130126953125,0.9406356811523438,1590.843505859375,728.36181640625,1.0013816356658936,1730.4873046875,774.90966796875,0.8763854503631592,1561.22216796875,779.141357421875,0.8864441514015198,1675.47607421875,800.29931640625,0.9867227077484131,1612.001708984375,800.29931640625,0.9974192380905151,1798.193359375,969.564453125,0.8435282707214355,1514.67431640625,982.259521484375,0.7678866386413574,1870.131103515625,1214.9990234375,0.8348966836929321,1446.96826171875,1236.1572265625,0.8342876434326172,1768.57177734375,1443.507080078125,0.7810202240943909,1565.453857421875,1439.275390625,0.7602996826171875,1781.26708984375,1837.04833984375,0.8510334491729736,1603.53857421875,1845.51171875,0.8114855885505676,1751.6455078125,2171.346923828125,0.9056814908981323,1645.854736328125,2188.2734375,0.8973150253295898,1730.4873046875,2196.73681640625,0.8368520736694336,1654.31787109375,2222.126708984375,0.7598013877868652,1764.34033203125,2294.064453125,0.8658735752105713,1679.707763671875,2310.99072265625,0.8421850204467773,1910.4459228515625,1025.8046875,0.2649356722831726,1940.8123779296875,1013.3593139648438,0.25286030769348145,1973.6680908203125,1000.9140014648438,0.2720158100128174,1997.5631103515625,986.4774780273438,0.2946639358997345,2025.9383544921875,976.5211791992188,0.39313554763793945,1959.7293701171875,990.4598999023438,0.2222861647605896,1972.6724853515625,984.9839477539062,0.1996411681175232,1972.1746826171875,976.5211791992188,0.20964162051677704,1977.1527099609375,971.0452270507812,0.28282901644706726,1939.3189697265625,980.0059204101562,0.2336699664592743,1945.2928466796875,946.6524047851562,0.2625753879547119,1949.7730712890625,925.7443237304688,0.3641401529312134,1955.2489013671875,900.3557739257812,0.4038134217262268,1920.402099609375,969.5518188476562,0.19631576538085938,1924.8824462890625,930.2245483398438,0.3125399947166443,1927.8692626953125,903.8405151367188,0.3522799611091614,1931.8519287109375,878.4520263671875,0.4201587438583374,1905.4677734375,960.5911254882812,0.22534966468811035,1912.9349365234375,939.6830444335938,0.24871116876602173,1916.419677734375,931.7180786132812,0.1618233472108841,1919.406494140625,979.0103149414062,0.10247613489627838,1392.0269775390625,1036.310791015625,0.20937572419643402,1357.706787109375,1022.691650390625,0.22833329439163208,1326.1103515625,1013.4305419921875,0.2529756426811218,1299.961669921875,998.1771240234375,0.268499493598938,1268.365234375,990.005615234375,0.3280218839645386,1326.6551513671875,1004.71435546875,0.17381298542022705,1313.580810546875,990.005615234375,0.1795015186071396,1304.3197021484375,984.01318359375,0.1879953145980835,1295.0587158203125,984.5579833984375,0.24132418632507324,1345.721923828125,995.453369140625,0.18833445012569427,1344.087646484375,970.39404296875,0.14056332409381866,1342.453369140625,958.9539794921875,0.2357068955898285,1335.9161376953125,942.611083984375,0.2527214586734772,1362.609619140625,982.9237060546875,0.14789213240146637,1356.072509765625,945.879638671875,0.15847264230251312,1347.356201171875,913.738525390625,0.23501454293727875,1338.09521484375,890.8582763671875,0.2706921100616455,1381.1317138671875,967.6702880859375,0.1608380377292633,1366.4229736328125,944.7901611328125,0.22168080508708954,1354.98291015625,924.0889892578125,0.19693773984909058,1334.2818603515625,900.119384765625,0.1279790699481964
DJI_20260917133319_0095_D.JPG,Cam 5,20,ALAPADMA,INCORRECT,ELBOWS_NOT_ALIGNED,,dwpose_l_wholebody,coco_wholebody_133,OK,408.47,229.69,1,1,1647.746337890625,755.7392578125,0.9161145687103271,1664.65576171875,730.375,0.9961363673210144,1681.5654296875,730.375,0.9156498908996582,1698.474853515625,734.602294921875,0.9845208525657654,1626.609375,730.375,1.0071336030960083,1609.699951171875,730.375,0.9394974112510681,1597.017578125,734.602294921875,1.0016705989837646,1732.2939453125,781.103515625,0.8705720901489258,1567.426025390625,789.558349609375,0.8807566165924072,1677.337890625,806.4677734375,0.9824138879776001,1618.15478515625,806.4677734375,0.9919014573097229,1799.93212890625,975.563232421875,0.8424821496009827,1516.697509765625,988.245361328125,0.7583142518997192,1880.25244140625,1212.296630859375,0.8307243585586548,1449.059326171875,1237.660888671875,0.8408435583114624,1770.34033203125,1444.802734375,0.7740147113800049,1567.426025390625,1440.5751953125,0.7548878192901611,1783.022705078125,1837.949462890625,0.84309321641922,1605.47265625,1837.949462890625,0.7930947542190552,1749.20361328125,2176.139892578125,0.8956024646759033,1647.746337890625,2184.5947265625,0.8891961574554443,1732.2939453125,2205.731689453125,0.8263407945632935,1660.428466796875,2222.64111328125,0.7531015872955322,1757.658203125,2298.734130859375,0.851282000541687,1681.5654296875,2311.416259765625,0.8454712629318237,1913.0477294921875,1027.933837890625,0.3035953640937805,1943.465087890625,1015.380615234375,0.28644847869873047,1974.84814453125,1003.79296875,0.3105641007423401,2000.437255859375,988.82568359375,0.3407224118709564,2029.40625,978.6865234375,0.4399629533290863,1962.294921875,993.1710205078125,0.25947993993759155,1973.882568359375,984.963134765625,0.2250669002532959,1970.985595703125,977.720947265625,0.24861887097358704,1976.296630859375,971.4443359375,0.33994126319885254,1941.051025390625,981.58349609375,0.26649752259254456,1946.362060546875,947.786376953125,0.3003431260585785,1950.707275390625,927.508056640625,0.39433276653289795,1956.98388671875,902.884521484375,0.42494523525238037,1922.7039794921875,971.4443359375,0.21662335097789764,1927.5322265625,931.8533935546875,0.32125622034072876,1930.428955078125,906.26416015625,0.37241581082344055,1934.29150390625,880.6749877929688,0.426910936832428,1907.7366943359375,962.753662109375,0.24170897901058197,1915.944580078125,941.509765625,0.26301658153533936,1919.32421875,921.71435546875,0.17507293820381165,1921.7384033203125,979.16943359375,0.11300244927406311,1395.4227294921875,1037.9508056640625,0.2396170198917389,1362.6895751953125,1022.9713134765625,0.25553518533706665,1332.17578125,1012.4300537109375,0.2837633788585663,1306.655029296875,998.5601806640625,0.3252192735671997,1275.58642578125,988.01904296875,0.3871733248233795,1336.059326171875,1001.888916015625,0.21366797387599945,1323.2989501953125,987.4642333984375,0.23574259877204895,1315.5318603515625,981.3614501953125,0.2422722727060318,1301.661865234375,981.3614501953125,0.32074660062789917,1354.36767578125,993.01220703125,0.21341083943843842,1352.1484375,969.710693359375,0.20264258980751038,1348.8197021484375,956.3955078125,0.2999027669429779,1344.38134765625,940.306396484375,0.33784356713294983,1371.56640625,979.1422119140625,0.17448562383651733,1363.244384765625,941.9708251953125,0.22677145898342133,1355.477294921875,917.0048828125,0.33070969581604004,1344.38134765625,893.148681640625,0.3971403241157532,1387.1007080078125,968.0462646484375,0.18036016821861267,1374.8951416015625,948.62841796875,0.21388164162635803,1367.682861328125,937.532470703125,0.16402724385261536,1362.6895751953125,903.6898193359375,0.09474486112594604
DJI_20260917133408_0096_D.JPG,Cam 5,21,ALAPADMA,CORRECT,,,dwpose_l_wholebody,coco_wholebody_133,OK,432.41,197.32,1,1,1652.4661865234375,770.9854736328125,0.9067518711090088,1669.2454833984375,750.0113525390625,0.9921255111694336,1686.0247802734375,750.0113525390625,0.9127541780471802,1702.8040771484375,754.2061767578125,0.990536093711853,1631.4920654296875,750.0113525390625,1.002008080482483,1614.7127685546875,745.8167724609375,0.9325850009918213,1602.1282958984375,750.0113525390625,0.9969844818115234,1727.9730224609375,796.1544189453125,0.8784202337265015,1572.7647705078125,796.1544189453125,0.8802114725112915,1681.8299560546875,821.3233642578125,0.9863582253456116,1623.1024169921875,821.3233642578125,0.9917099475860596,1803.4798583984375,976.5316162109375,0.8110178709030151,1505.6475830078125,997.5057373046875,0.8106907606124878,2034.1947021484375,1068.8177490234375,0.8008193969726562,1287.5169677734375,1110.7659912109375,0.823896050453186,1774.1160888671875,1450.5462646484375,0.769875168800354,1568.5699462890625,1450.5462646484375,0.7229366302490234,1782.5057373046875,1828.0799560546875,0.8496077060699463,1597.9334716796875,1840.6644287109375,0.7990777492523193,1765.7264404296875,2188.83447265625,0.9027504920959473,1652.4661865234375,2193.029296875,0.9083079099655151,1748.9471435546875,2214.00341796875,0.842477560043335,1669.2454833984375,2226.587890625,0.7858233451843262,1757.3367919921875,2306.28955078125,0.8829523324966431,1677.6351318359375,2310.484375,0.8388593196868896,1849.7286376953125,1064.8358154296875,0.4407651424407959,1853.4930419921875,1032.21044921875,0.36580222845077515,1858.0941162109375,1002.0947265625,0.41785192489624023,1854.32958984375,971.9788818359375,0.4841267466545105,1864.7864990234375,947.30078125,0.7530284523963928,1808.3194580078125,1021.3353271484375,0.3488624095916748,1782.3863525390625,1020.0804443359375,0.38509905338287354,1761.47265625,1020.498779296875,0.4179514944553375,1739.30419921875,1029.7008056640625,0.5063346028327942,1779.0401611328125,1037.64794921875,0.30600106716156006,1743.9051513671875,1008.3687744140625,0.3409051299095154,1722.1549072265625,994.1474609375,0.38156330585479736,1701.2412109375,982.85400390625,0.3856147825717926,1768.1650390625,1046.8499755859375,0.336749792098999,1743.4869384765625,1003.767822265625,0.3388105630874634,1726.755859375,989.54638671875,0.35390204191207886,1710.4432373046875,974.488525390625,0.3400920331478119,1768.1650390625,1058.561767578125,0.34154975414276123,1755.6168212890625,1004.18603515625,0.23638752102851868,1770.2564697265625,991.6378173828125,0.22512686252593994,1769.838134765625,975.743408203125,0.3062392473220825,1468.5035400390625,1081.672119140625,0.40641534328460693,1467.044677734375,1049.577392578125,0.33962392807006836,1461.209228515625,1025.2633056640625,0.34085598587989807,1463.640625,997.545166015625,0.3966115713119507,1454.8875732421875,976.6348876953125,0.43117982149124146,1517.1318359375,1034.502685546875,0.2547954022884369,1536.5831298828125,1019.4278564453125,0.27590078115463257,1541.9322509765625,998.5177001953125,0.2903951108455658,1548.740234375,980.0389404296875,0.3840656280517578,1539.0145263671875,1034.9888916015625,0.25870710611343384,1561.869873046875,1019.4278564453125,0.34458380937576294,1580.3486328125,1005.32568359375,0.3746780455112457,1598.827392578125,988.7919921875,0.34126630425453186,1544.8499755859375,1045.200927734375,0.26329174637794495,1563.8150634765625,1026.23583984375,0.2705107629299164,1581.8074951171875,1027.6947021484375,0.30576661229133606,1602.2314453125,1033.0438232421875,0.2825945317745209,1544.3636474609375,1056.3853759765625,0.23428675532341003,1546.795166015625,1044.714599609375,0.2344094216823578,1544.8499755859375,1046.65966796875,0.2142503261566162,1548.740234375,1050.063720703125,0.19239090383052826
DJI_20260917133409_0097_D.JPG,Cam 5,21,ALAPADMA,CORRECT,,,dwpose_l_wholebody,coco_wholebody_133,OK,426.14,172.59,1,1,1648.3353271484375,782.6656494140625,0.9072880148887634,1669.2293701171875,757.5928955078125,0.9962099194526672,1681.7657470703125,757.5928955078125,0.9141285419464111,1698.4808349609375,761.7716064453125,0.9922221899032593,1631.6202392578125,757.5928955078125,1.003862738609314,1614.9051513671875,757.5928955078125,0.9343599081039429,1598.1898193359375,761.7716064453125,0.996505856513977,1727.7325439453125,799.3807373046875,0.8786367177963257,1573.1170654296875,803.5596923828125,0.8839731812477112,1677.5870361328125,828.6324462890625,0.9884305596351624,1619.0838623046875,828.6324462890625,0.9961142539978027,1794.5931396484375,983.2479248046875,0.8088178634643555,1502.0775146484375,999.9632568359375,0.8109979629516602,2028.6058349609375,1075.1815185546875,0.7888737916946411,1284.7799072265625,1112.7906494140625,0.8335906267166138,1769.5203857421875,1442.9158935546875,0.7695304155349731,1568.9383544921875,1447.0946044921875,0.7240794897079468,1786.2357177734375,1839.9014892578125,0.8572651743888855,1594.0111083984375,1852.4378662109375,0.8190274238586426,1765.3416748046875,2199.2783203125,0.9024423360824585,1648.3353271484375,2203.45703125,0.9128843545913696,1748.6265869140625,2220.17236328125,0.8355941772460938,1669.2293701171875,2232.70849609375,0.7888209819793701,1761.1629638671875,2316.28466796875,0.8741953372955322,1677.5870361328125,2320.46337890625,0.8544809818267822,1844.3975830078125,1074.0194091796875,0.45100679993629456,1846.6011962890625,1039.642333984375,0.4222443103790283,1850.5677490234375,1011.8760986328125,0.47599226236343384,1847.482666015625,980.5841064453125,0.571816623210907,1858.9417724609375,954.5809326171875,0.7963730096817017,1799.883544921875,1029.064697265625,0.3516310751438141,1769.0323486328125,1027.7425537109375,0.40859517455101013,1752.2845458984375,1029.5054931640625,0.4451427459716797,1730.2479248046875,1039.2015380859375,0.5205719470977783,1772.9989013671875,1048.897705078125,0.3568035960197449,1736.85888671875,1017.605712890625,0.3608925938606262,1716.585205078125,1000.8577880859375,0.3966306447982788,1695.8707275390625,989.8394775390625,0.3945172131061554,1764.625,1058.153076171875,0.3628319501876831,1737.7403564453125,1012.31689453125,0.3613891005516052,1722.314697265625,998.6541748046875,0.36257514357566833,1703.3631591796875,987.6358642578125,0.34122464060783386,1765.5064697265625,1068.2899169921875,0.3524579107761383,1750.9622802734375,1042.2867431640625,0.277498334646225,1748.31787109375,1004.3836669921875,0.23916903138160706,1765.9471435546875,986.313720703125,0.24149124324321747,1472.62255859375,1086.9891357421875,0.35211268067359924,1464.2138671875,1058.301025390625,0.312852680683136,1458.2784423828125,1032.58056640625,0.30894744396209717,1462.7301025390625,1004.8816528320312,0.3335484564304352,1450.364501953125,985.5912475585938,0.3760305643081665,1511.69775390625,1041.4837646484375,0.23537570238113403,1533.461181640625,1026.6451416015625,0.2490839660167694,1539.8912353515625,1008.3439331054688,0.3009141683578491,1545.8267822265625,989.0536499023438,0.3126351535320282,1531.977294921875,1050.386962890625,0.26761719584465027,1556.2138671875,1027.63427734375,0.2848079204559326,1576.493408203125,1013.2902221679688,0.29149365425109863,1594.2998046875,997.4622192382812,0.23641397058963776,1540.3858642578125,1047.4193115234375,0.25199735164642334,1561.16015625,1034.55908203125,0.27208757400512695,1579.461181640625,1035.54833984375,0.3072231411933899,1597.76220703125,1040.9891357421875,0.3193223774433136,1546.3214111328125,1055.827880859375,0.21099884808063507,1553.24609375,1054.838623046875,0.19584445655345917,1548.2999267578125,1058.301025390625,0.18184828758239746,1550.2783203125,1059.290283203125,0.1628284752368927
DJI_20260917133417_0098_D.JPG,Cam 5,22,MUSHTI,CORRECT,,,dwpose_l_wholebody,coco_wholebody_133,OK,449.24,232.02,1,1,1653.71923828125,792.041015625,0.9081007242202759,1670.389892578125,767.03515625,0.9918514490127563,1687.060546875,767.03515625,0.9103831052780151,1699.563232421875,771.202880859375,0.9941909909248352,1632.881103515625,767.03515625,1.0028364658355713,1620.378173828125,762.86767578125,0.9336714744567871,1603.70751953125,767.03515625,0.9967837333679199,1728.737060546875,812.87939453125,0.8835082054138184,1574.533935546875,808.7119140625,0.8894457817077637,1682.892822265625,837.88525390625,0.9824327230453491,1624.545654296875,833.7177734375,0.9908068776130676,1791.251708984375,996.256103515625,0.8177038431167603,1507.851318359375,1012.9267578125,0.7897830009460449,2016.304931640625,1075.44140625,0.7852590084075928,1291.133544921875,1108.78271484375,0.778555154800415,1766.245849609375,1454.69775390625,0.753568172454834,1566.198486328125,1454.69775390625,0.7110913991928101,1778.748779296875,1850.62451171875,0.8403514623641968,1591.20458984375,1850.62451171875,0.784417986869812,1766.245849609375,2213.2099609375,0.8859479427337646,1653.71923828125,2217.3779296875,0.889178991317749,1753.742919921875,2238.2158203125,0.8407036066055298,1670.389892578125,2254.88671875,0.7876524925231934,1753.742919921875,2325.73681640625,0.8430730700492859,1678.725341796875,2325.73681640625,0.8100274801254272,1830.4638671875,1051.4202880859375,0.11028759181499481,1806.6455078125,1022.464599609375,0.11845244467258453,1784.22802734375,995.376953125,0.08781266957521439,1762.2777099609375,993.975830078125,0.07991694658994675,1740.327392578125,993.5087890625,0.0678548738360405,1763.6788330078125,999.5802001953125,0.09927032887935638,1728.1846923828125,993.041748046875,0.28762245178222656,1738.92626953125,999.5802001953125,0.15434181690216064,1748.73388671875,1002.38232421875,0.10632109642028809,1754.3382568359375,1021.530517578125,0.1035032644867897,1723.9814453125,1014.5250244140625,0.3098297417163849,1737.5252685546875,1016.3931884765625,0.10356857627630234,1748.73388671875,1020.596435546875,0.07317714393138885,1750.135009765625,1043.4808349609375,0.1253928691148758,1728.6517333984375,1035.5413818359375,0.283203125,1742.195556640625,1039.277587890625,0.06924387067556381,1762.2777099609375,1039.74462890625,0.058122292160987854,1749.200927734375,1064.4970703125,0.10547703504562378,1732.85498046875,1051.4202880859375,0.2336329221725464,1741.261474609375,1052.3543701171875,0.06165139377117157,1762.7447509765625,1055.1566162109375,0.055677108466625214,1488.48583984375,1050.66455078125,0.12710919976234436,1508.35595703125,1019.2037963867188,0.18486204743385315,1531.53759765625,997.6779174804688,0.18665629625320435,1553.615478515625,992.7103881835938,0.15613682568073273,1705.952392578125,1004.3013305664062,0.06993613392114639,1538.160888671875,1001.5415649414062,0.14598284661769867,1672.28369140625,996.0221557617188,0.1399303525686264,1705.952392578125,999.3338012695312,0.1313755065202713,1705.952392578125,1004.8532104492188,0.09505639225244522,1548.095947265625,1025.8271484375,0.13903465867042542,1577.901123046875,1018.6517944335938,0.17706981301307678,1555.8232421875,1021.4115600585938,0.15934476256370544,1705.952392578125,1028.034912109375,0.11675208806991577,1555.8232421875,1051.7685546875,0.14993129670619965,1579.556884765625,1040.729736328125,0.20061540603637695,1557.47900390625,1044.59326171875,0.14095990359783173,1705.952392578125,1044.041259765625,0.1382806897163391,1558.031005859375,1072.742431640625,0.1609097123146057,1576.797119140625,1062.255615234375,0.15187257528305054,1705.952392578125,1065.01513671875,0.11418493092060089,1705.952392578125,1068.326904296875,0.10530482977628708
DJI_20260917133418_0099_D.JPG,Cam 5,22,MUSHTI,CORRECT,,,dwpose_l_wholebody,coco_wholebody_133,OK,425.33,175.63,1,1,1655.804931640625,780.884765625,0.9079128503799438,1672.535400390625,755.7890625,0.9934351444244385,1689.265869140625,755.7890625,0.9084032773971558,1705.996337890625,759.9716796875,0.9925816059112549,1634.891845703125,755.7890625,0.9990212917327881,1622.343994140625,755.7890625,0.9321565628051758,1605.613525390625,759.9716796875,0.9949952363967896,1735.274658203125,801.7978515625,0.8859950304031372,1580.517822265625,801.7978515625,0.8881094455718994,1689.265869140625,826.8935546875,0.9822922945022583,1626.526611328125,826.8935546875,0.9921797513961792,1798.013671875,985.83251953125,0.8259470462799072,1517.77880859375,1002.56298828125,0.7808057069778442,2019.692138671875,1065.30224609375,0.7828885316848755,1296.1005859375,1102.94580078125,0.8084875345230103,1772.91796875,1441.737060546875,0.7678482532501221,1576.335205078125,1441.737060546875,0.7221921682357788,1793.8310546875,1830.7197265625,0.8419216871261597,1605.613525390625,1834.90234375,0.8008335828781128,1764.552978515625,2194.606689453125,0.8963969349861145,1651.622314453125,2202.971923828125,0.9019256234169006,1747.822265625,2215.519775390625,0.8492038249969482,1664.170166015625,2236.432861328125,0.7747215628623962,1760.370361328125,2311.719970703125,0.8615157604217529,1685.083251953125,2320.0849609375,0.8432436585426331,1830.8017578125,1042.553466796875,0.13249845802783966,1812.676513671875,1015.14453125,0.1418934166431427,1791.898681640625,991.2720947265625,0.10894428193569183,1763.60546875,984.1988525390625,0.10310065001249313,1752.553466796875,982.4305419921875,0.08777543902397156,1767.584228515625,989.5037841796875,0.09924258291721344,1733.986083984375,985.0830078125,0.245582714676857,1741.059326171875,987.7354736328125,0.15627142786979675,1749.4588623046875,988.177490234375,0.12214440107345581,1758.7425537109375,1012.491943359375,0.11157593876123428,1727.796875,1004.0924072265625,0.34657973051071167,1740.1751708984375,1007.18701171875,0.1315312683582306,1753.4376220703125,1010.7236328125,0.09478970617055893,1753.4376220703125,1035.0380859375,0.11823462694883347,1731.33349609375,1026.196533203125,0.2436513900756836,1741.50146484375,1028.8489990234375,0.09974902868270874,1752.553466796875,1030.6173095703125,0.08234672248363495,1753.879638671875,1057.584228515625,0.1112252026796341,1738.848876953125,1044.3218994140625,0.1652684509754181,1748.1326904296875,1045.2059326171875,0.07127980142831802,1760.5108642578125,1048.300537109375,0.06748028099536896,1495.6307373046875,1040.218505859375,0.1649196892976761,1512.167236328125,1008.91748046875,0.22020158171653748,1536.3812255859375,986.47509765625,0.2019142508506775,1562.3671875,979.3880615234375,0.1708379089832306,1578.31298828125,975.844482421875,0.07509715110063553,1543.4683837890625,989.427978515625,0.18985334038734436,1573.5882568359375,986.47509765625,0.1989821195602417,1566.501220703125,991.1998291015625,0.1939380168914795,1727.731689453125,995.3338623046875,0.12129716575145721,1554.689453125,1013.64208984375,0.17875760793685913,1583.6282958984375,1007.1456298828125,0.22028854489326477,1560.5953369140625,1011.870361328125,0.22549226880073547,1543.4683837890625,1017.7762451171875,0.14626988768577576,1560.5953369140625,1037.265625,0.20764918625354767,1581.8565673828125,1028.9974365234375,0.25653883814811707,1562.3671875,1033.1314697265625,0.22266511619091034,1548.1929931640625,1034.9033203125,0.19897399842739105,1563.54833984375,1057.9361572265625,0.21206143498420715,1579.494140625,1049.077392578125,0.25632721185684204,1563.54833984375,1050.84912109375,0.18967565894126892,1551.736572265625,1052.0302734375,0.14655230939388275
DJI_20260917133452_0100_D.JPG,Cam 5,23,KATAKAMUKHA,CORRECT,,,dwpose_l_wholebody,coco_wholebody_133,OK,433.02,202.61,1,1,1647.86767578125,769.02783203125,0.9025157690048218,1664.69970703125,747.988037109375,0.9820505976676941,1681.531494140625,743.780029296875,0.9073939323425293,1698.363525390625,747.988037109375,0.9924297332763672,1631.03564453125,747.988037109375,0.9890701174736023,1614.203857421875,743.780029296875,0.9305942058563232,1601.579833984375,747.988037109375,0.9878110885620117,1727.819580078125,794.27587890625,0.8871530294418335,1576.331787109375,794.27587890625,0.8844971060752869,1677.323486328125,815.31591796875,0.9768942594528198,1618.411865234375,815.31591796875,0.9851465225219727,1795.147216796875,971.011474609375,0.8149368762969971,1504.796142578125,987.84326171875,0.7867152690887451,2026.586669921875,1050.963134765625,0.7712249755859375,1269.148681640625,1067.795166015625,0.7762514352798462,1765.691162109375,1433.89013671875,0.7518318891525269,1567.915771484375,1425.473876953125,0.7184915542602539,1782.523193359375,1825.23291015625,0.8470371961593628,1601.579833984375,1829.441162109375,0.7843332886695862,1761.483154296875,2195.535888671875,0.9030817151069641,1639.45166015625,2199.743896484375,0.9225355386734009,1744.651611328125,2216.575927734375,0.8317696452140808,1652.075439453125,2229.199951171875,0.7927628755569458,1748.859375,2317.567626953125,0.8833150863647461,1660.491455078125,2325.983642578125,0.869454026222229,1826.267578125,1052.849609375,0.44280925393104553,1787.619873046875,1046.82666015625,0.4122910499572754,1752.485595703125,1027.251953125,0.437725692987442,1726.385986328125,1019.2211303710938,0.4891595244407654,1695.768798828125,1015.7077026367188,0.5283748507499695,1758.0068359375,994.1251831054688,0.33072537183761597,1732.408935546875,991.6156616210938,0.38968873023986816,1714.841796875,997.1367797851562,0.4100278615951538,1695.26708984375,1000.1482543945312,0.4095974266529083,1765.535400390625,975.5542602539062,0.4478466808795929,1742.447265625,964.5120239257812,0.4203011989593506,1720.86474609375,941.4238891601562,0.354888379573822,1703.799560546875,923.3547973632812,0.45229992270469666,1780.593017578125,970.5350952148438,0.5081268548965454,1758.0068359375,959.4928588867188,0.43406057357788086,1732.910888671875,940.9219360351562,0.4362611174583435,1711.830322265625,924.8605346679688,0.43962064385414124,1800.669677734375,971.0370483398438,0.5122607946395874,1796.152587890625,944.9373168945312,0.6650053262710571,1791.63525390625,923.3547973632812,0.6870437860488892,1790.12939453125,894.2435302734375,0.7532277703285217,1469.4605712890625,1058.1407470703125,0.37909913063049316,1510.03955078125,1050.1318359375,0.36810117959976196,1542.6094970703125,1035.181640625,0.3885786533355713,1568.772216796875,1023.4351196289062,0.4568845331668854,1597.6046142578125,1015.9600219726562,0.5328666567802429,1535.1343994140625,997.2722778320312,0.32116013765335083,1560.229248046875,996.7383422851562,0.3883820176124573,1581.5865478515625,999.4080200195312,0.4063902497291565,1601.8760986328125,1003.6795043945312,0.3890612721443176,1527.1253662109375,976.9828491210938,0.3867434859275818,1549.5506591796875,983.3900756835938,0.26244837045669556,1569.30615234375,996.7383422851562,0.26427921652793884,1581.5865478515625,916.1144409179688,0.3148003816604614,1514.844970703125,970.0416870117188,0.4350886940956116,1540.4737548828125,956.1594848632812,0.47192418575286865,1558.62744140625,941.2092895507812,0.4313327372074127,1577.8489990234375,917.7162475585938,0.43165507912635803,1493.487548828125,971.1095581054688,0.43449074029922485,1494.555419921875,938.5396118164062,0.48880940675735474,1492.419677734375,920.3859252929688,0.5152004957199097,1487.6143798828125,895.8250122070312,0.5286393761634827
DJI_20260917133454_0101_D.JPG,Cam 5,23,KATAKAMUKHA,CORRECT,,,dwpose_l_wholebody,coco_wholebody_133,OK,437.25,208.19,1,1,1650.833984375,778.6181640625,0.9029557704925537,1667.583740234375,757.680908203125,0.9867453575134277,1684.33349609375,753.493408203125,0.9090505242347717,1696.89599609375,757.680908203125,0.9980335831642151,1629.896484375,757.680908203125,0.9953978061676025,1617.333984375,757.680908203125,0.9333276748657227,1600.58447265625,757.680908203125,0.99086594581604,1730.3955078125,803.742919921875,0.8869798183441162,1579.64697265625,803.742919921875,0.8809239268302917,1680.14599609375,824.68017578125,0.9789435863494873,1621.521484375,824.68017578125,0.9887290000915527,1801.58251953125,979.6162109375,0.8061748743057251,1512.6474609375,992.178466796875,0.7963287830352783,2036.080078125,1063.365478515625,0.7796155214309692,1269.77490234375,1080.115478515625,0.818006694316864,1772.27001953125,1440.237060546875,0.7678862810134888,1567.08447265625,1436.049560546875,0.7273486852645874,1780.64501953125,1842.233154296875,0.8428306579589844,1600.58447265625,1850.608154296875,0.7930219173431396,1763.895263671875,2198.167724609375,0.916496992111206,1638.271484375,2210.729736328125,0.9372491836547852,1742.9580078125,2219.104736328125,0.8443567752838135,1650.833984375,2240.042236328125,0.8073427677154541,1747.1455078125,2323.791259765625,0.8923437595367432,1659.208740234375,2336.353759765625,0.868654191493988,1824.9306640625,1059.61376953125,0.4435664415359497,1786.6942138671875,1054.0721435546875,0.4198499023914337,1752.3369140625,1034.6768798828125,0.4355756640434265,1725.7376708984375,1026.3646240234375,0.4901636838912964,1695.25927734375,1020.2688598632812,0.5335253477096558,1761.7574462890625,994.2238159179688,0.3401413559913635,1732.9415283203125,996.4403686523438,0.34411656856536865,1713.5462646484375,1003.6443481445312,0.31954866647720337,1696.3675537109375,1005.3068237304688,0.28732943534851074,1770.0697021484375,983.1408081054688,0.43324536085128784,1741.8079833984375,977.5993041992188,0.3909444808959961,1720.750244140625,994.7780151367188,0.35068637132644653,1704.125732421875,929.9423217773438,0.4251672029495239,1783.9234619140625,978.1533813476562,0.4744013547897339,1760.094970703125,966.5162963867188,0.4237321615219116,1731.833251953125,948.7833862304688,0.4211868941783905,1710.221435546875,930.4963989257812,0.40950173139572144,1801.6563720703125,977.5993041992188,0.4583180546760559,1794.452392578125,949.8916625976562,0.630928635597229,1789.4649658203125,927.7256469726562,0.7284249663352966,1787.2484130859375,899.4639282226562,0.7634156942367554,1469.291748046875,1063.655029296875,0.4721178412437439,1509.744873046875,1058.6676025390625,0.4480745792388916,1542.4398193359375,1043.70556640625,0.4490810036659241,1567.376708984375,1031.5142822265625,0.49235421419143677,1596.192626953125,1024.3101806640625,0.5083965063095093,1535.7900390625,1006.023193359375,0.3931642174720764,1563.4976806640625,1006.023193359375,0.40052783489227295,1584.555419921875,1008.7939453125,0.4265109896659851,1600.6258544921875,1011.564697265625,0.39910900592803955,1528.0318603515625,986.6279296875,0.4490339159965515,1552.96875,991.0611572265625,0.35178548097610474,1574.0264892578125,1002.6983642578125,0.3481060862541199,1587.326171875,1007.1314697265625,0.2839764952659607,1516.9488525390625,976.6531982421875,0.49515241384506226,1541.33154296875,963.353515625,0.576767086982727,1559.064453125,945.62060546875,0.546629011631012,1577.3514404296875,925.1170654296875,0.5383913516998291,1495.3369140625,976.0989990234375,0.49754559993743896,1495.89111328125,946.72900390625,0.5461857318878174,1494.2286376953125,927.8878173828125,0.6489969491958618,1489.2412109375,904.0592041015625,0.5698344111442566
DJI_20260917133505_0102_D.JPG,Cam 5,24,PATAKA,INCORRECT,FINGERS_TOO_FAR_APART,,dwpose_l_wholebody,coco_wholebody_133,OK,444.15,209.51,1,1,1653.5537109375,799.4920654296875,0.9058520197868347,1670.16064453125,774.5819091796875,0.9876874685287476,1686.76708984375,774.5819091796875,0.9118496179580688,1703.373779296875,778.7337646484375,0.9913849830627441,1632.79541015625,774.5819091796875,1.0003355741500854,1620.34033203125,774.5819091796875,0.9364917278289795,1603.73388671875,774.5819091796875,0.9950947761535645,1724.132080078125,807.7952880859375,0.8770116567611694,1574.672119140625,811.9468994140625,0.8931705355644226,1678.4638671875,845.1602783203125,0.9831201434135437,1624.4921875,845.1602783203125,0.9945158958435059,1803.013671875,973.8621826171875,0.8248412013053894,1508.245361328125,982.1654052734375,0.7838834524154663,2018.900634765625,1085.9571533203125,0.7867215275764465,1279.903564453125,1110.8670654296875,0.7881869077682495,1778.103759765625,1447.1522216796875,0.762220025062561,1566.36865234375,1447.1522216796875,0.7358156442642212,1778.103759765625,1837.4090576171875,0.8202353715896606,1607.88525390625,1845.7125244140625,0.7846301198005676,1761.4970703125,2211.0595703125,0.9129053354263306,1645.25048828125,2215.21142578125,0.9270520806312561,1749.042236328125,2235.96923828125,0.8058699369430542,1661.85693359375,2244.27294921875,0.780339777469635,1753.19384765625,2331.4580078125,0.8552895784378052,1657.70556640625,2343.9130859375,0.8521264791488647,1848.070556640625,1090.857177734375,0.4820483326911926,1812.1650390625,1090.857177734375,0.36684489250183105,1790.7093505859375,1071.1529541015625,0.4367818236351013,1773.1944580078125,1065.0228271484375,0.5567904710769653,1757.868896484375,1072.466552734375,0.6145217418670654,1784.5791015625,1012.040283203125,0.5709428191184998,1768.815673828125,983.1407470703125,0.6313396692276001,1759.1824951171875,957.3062744140625,0.731795072555542,1751.3009033203125,931.0340576171875,0.7716444730758667,1804.72119140625,998.9041748046875,0.5254946351051331,1795.9637451171875,964.312255859375,0.5906802415847778,1792.898681640625,934.974853515625,0.7115806937217712,1793.3365478515625,904.3238525390625,0.7369480133056641,1827.4906005859375,1000.2177734375,0.5362850427627563,1824.4254150390625,966.5015869140625,0.6204441785812378,1824.86328125,938.915771484375,0.7835460305213928,1826.177001953125,910.0162353515625,0.809975266456604,1850.69775390625,1013.3538818359375,0.5792171955108643,1856.8280029296875,989.7088623046875,0.6360489130020142,1863.39599609375,966.939453125,0.7149035930633545,1869.5262451171875,942.8565673828125,0.7533558011054993,1486.0301513671875,1104.3662109375,0.49987536668777466,1519.9639892578125,1099.06396484375,0.4305649399757385,1541.1727294921875,1080.5064697265625,0.47011688351631165,1551.246826171875,1065.660400390625,0.6086880564689636,1556.5489501953125,1053.99560546875,0.6701723337173462,1535.34033203125,1016.3502197265625,0.6119801998138428,1542.7633056640625,986.6580810546875,0.7493427991867065,1546.474853515625,961.2076416015625,0.8454781770706177,1547.5352783203125,935.22705078125,0.8583204746246338,1515.1920166015625,1008.92724609375,0.5701558589935303,1517.31298828125,973.932861328125,0.6681621074676514,1515.1920166015625,945.8314208984375,0.789492130279541,1508.29931640625,918.7904052734375,0.8257914185523987,1493.4532470703125,1011.5782470703125,0.5587294101715088,1488.6812744140625,979.235107421875,0.6996451616287231,1482.318603515625,950.6033935546875,0.8276264667510986,1474.3653564453125,923.0321044921875,0.918732762336731,1471.18408203125,1026.95458984375,0.6146054267883301,1460.049560546875,1002.5645751953125,0.7047991752624512,1447.3243408203125,984.0069580078125,0.7903623580932617,1435.12939453125,961.2076416015625,0.8601471781730652
DJI_20260917133510_0103_D.JPG,Cam 5,24,PATAKA,INCORRECT,FINGERS_TOO_FAR_APART,,dwpose_l_wholebody,coco_wholebody_133,OK,414.76,180.71,1,1,1648.85498046875,801.497314453125,0.9034667015075684,1665.44482421875,776.613037109375,0.9851847887039185,1682.0341796875,776.613037109375,0.9096832275390625,1694.47607421875,776.613037109375,0.9903253316879272,1628.1181640625,776.613037109375,0.9971997737884521,1615.67626953125,776.613037109375,0.9307880997657776,1599.0869140625,776.613037109375,0.9891434907913208,1719.3603515625,809.7919921875,0.8727454543113708,1574.20263671875,813.939453125,0.8826635479927063,1673.7392578125,847.118408203125,0.9834445714950562,1619.82373046875,847.118408203125,0.9920380115509033,1798.160400390625,979.834228515625,0.8191545009613037,1507.8447265625,988.128662109375,0.78143310546875,2013.823486328125,1087.665771484375,0.7832542657852173,1279.7392578125,1108.402587890625,0.7837648987770081,1769.12890625,1452.634033203125,0.7642157077789307,1561.760498046875,1452.634033203125,0.7308419942855835,1777.423583984375,1838.339111328125,0.841854453086853,1594.939453125,1834.191650390625,0.7886391878128052,1764.9814453125,2211.60205078125,0.913711667060852,1640.560546875,2211.60205078125,0.9261410236358643,1752.539306640625,2232.339111328125,0.8243156671524048,1657.14990234375,2240.6337890625,0.7961630821228027,1756.6865234375,2327.728515625,0.8639439940452576,1653.00244140625,2336.023193359375,0.8563306331634521,1837.064208984375,1097.6954345703125,0.5090785026550293,1803.383056640625,1097.6954345703125,0.40755993127822876,1781.07470703125,1070.5755615234375,0.45543554425239563,1764.452880859375,1064.45166015625,0.5571445226669312,1751.7677001953125,1073.637451171875,0.6386357545852661,1776.2630615234375,1011.9615478515625,0.5651815533638,1761.390869140625,983.0919189453125,0.6256289482116699,1751.330322265625,958.1590576171875,0.7460514307022095,1746.081298828125,932.788818359375,0.8117785453796387,1796.38427734375,1000.588623046875,0.519875168800354,1787.1986083984375,965.59521484375,0.6200546622276306,1784.5740966796875,937.6004638671875,0.7324960827827454,1786.32373046875,909.1682739257812,0.788841724395752,1818.692626953125,1002.33837890625,0.5617309212684631,1815.6307373046875,969.531982421875,0.6563584804534912,1816.505615234375,942.412109375,0.7555280923843384,1817.38037109375,913.54248046875,0.7955279350280762,1841.4383544921875,1018.0853271484375,0.6728213429450989,1847.9996337890625,993.152587890625,0.7168375253677368,1854.5609130859375,972.156494140625,0.7224715352058411,1861.9970703125,948.535888671875,0.7499129772186279,1473.3902587890625,1102.9146728515625,0.4033389687538147,1512.109375,1093.9794921875,0.3508182764053345,1536.9293212890625,1074.12353515625,0.3405238389968872,1546.8572998046875,1057.2459716796875,0.5079635977745056,1550.3321533203125,1048.80712890625,0.6012375354766846,1533.45458984375,1008.598876953125,0.5391097664833069,1540.9005126953125,980.3040771484375,0.7652096748352051,1545.3681640625,955.484130859375,0.8431073427200317,1546.8572998046875,928.6785888671875,0.8096262812614441,1512.6058349609375,999.167236328125,0.503973662853241,1515.584228515625,966.9013671875,0.7263541221618652,1514.094970703125,938.1102294921875,0.7822913527488708,1508.6346435546875,911.3046875,0.8326308727264404,1491.2606201171875,1001.6492919921875,0.5273475050926208,1485.80029296875,970.3760986328125,0.7522065043449402,1480.8363037109375,941.5849609375,0.802111804485321,1472.3974609375,914.7794189453125,0.9125505685806274,1468.9227294921875,1018.52685546875,0.5300571918487549,1458.498291015625,996.1888427734375,0.6796740293502808,1446.08837890625,977.8221435546875,0.761913537979126,1431.6927490234375,955.9805908203125,0.7873096466064453
DJI_20260917133555_0104_D.JPG,Cam 5,25,KATAKAMUKHA,INCORRECT,FINGERS_BENT,,dwpose_l_wholebody,coco_wholebody_133,OK,433.86,241.17,1,1,1841.843994140625,784.637939453125,0.9071253538131714,1862.717041015625,759.59033203125,0.998023509979248,1875.240966796875,755.415771484375,0.9143298864364624,1891.939208984375,759.59033203125,0.9921262860298157,1825.145751953125,759.59033203125,1.0028637647628784,1808.447509765625,759.59033203125,0.9326834678649902,1795.923828125,763.764892578125,0.9897216558456421,1925.335693359375,797.16162109375,0.8782126903533936,1770.87646484375,805.5107421875,0.8807549476623535,1875.240966796875,830.558349609375,0.9795814752578735,1816.796630859375,830.558349609375,0.9864914417266846,1996.303466796875,972.493896484375,0.7907733917236328,1704.083251953125,1001.7158203125,0.7798898220062256,2217.55615234375,1068.509033203125,0.759926438331604,1499.52880859375,1106.080322265625,0.8180140852928162,1971.256103515625,1440.04638671875,0.7686740756034851,1766.701904296875,1440.04638671875,0.7295352220535278,1992.129150390625,1832.456298828125,0.8585562109947205,1795.923828125,1832.456298828125,0.7872573137283325,1971.256103515625,2191.47021484375,0.9283727407455444,1837.669677734375,2187.295654296875,0.9420009851455688,1946.20849609375,2216.517578125,0.881653904914856,1854.367919921875,2216.517578125,0.8173277974128723,1983.77978515625,2316.707275390625,0.8899874687194824,1866.8916015625,2320.8818359375,0.8724603056907654,2002.98828125,1065.60595703125,0.48416709899902344,1965.839111328125,1061.14794921875,0.3867088854312897,1932.652587890625,1048.764892578125,0.4608224630355835,1911.848876953125,1040.344482421875,0.5363978147506714,1887.578125,1029.447265625,0.5526123642921448,1940.082275390625,997.2512817382812,0.41749072074890137,1920.26953125,989.8214721679688,0.4078289270401001,1903.428466796875,1003.1951293945312,0.40449774265289307,1894.017333984375,1021.0267944335938,0.39844992756843567,1953.4560546875,985.3635864257812,0.44049957394599915,1931.16650390625,975.4570922851562,0.42468199133872986,1911.848876953125,988.8307495117188,0.40850791335105896,1900.45654296875,1011.6156616210938,0.3984886407852173,1972.2783203125,977.9336547851562,0.4650558829307556,1956.427978515625,954.1581420898438,0.5506102442741394,1932.1572265625,956.1394653320312,0.5820776224136353,1912.34423828125,965.0552368164062,0.5279580950737,1992.586669921875,979.9149780273438,0.4829229414463043,1994.56787109375,957.6254272460938,0.6809691786766052,1982.68017578125,936.8218383789062,0.6764925718307495,1967.8203125,918.4949340820312,0.7146411538124084,1711.5859375,1083.3165283203125,0.5092004537582397,1748.669921875,1069.6826171875,0.44794225692749023,1775.392333984375,1056.048828125,0.441503643989563,1795.0250244140625,1042.4150390625,0.5086995363235474,1818.4752197265625,1030.9625244140625,0.5182011127471924,1761.213134765625,1008.60302734375,0.366958349943161,1778.6644287109375,1003.69482421875,0.3242689371109009,1796.6611328125,1010.2391357421875,0.3124042749404907,1802.6600341796875,1021.146240234375,0.2465958595275879,1749.7606201171875,994.423828125,0.44380754232406616,1767.75732421875,977.517822265625,0.3944936692714691,1792.2982177734375,983.5167236328125,0.4512275457382202,1810.294921875,991.1517333984375,0.43498045206069946,1736.1268310546875,992.242431640625,0.4704040288925171,1757.94091796875,975.33642578125,0.4475136697292328,1779.755126953125,986.2435302734375,0.33186864852905273,1801.02392578125,1005.3309326171875,0.2667160630226135,1719.7662353515625,996.0599365234375,0.4388405680656433,1722.492919921875,967.1561279296875,0.4936550557613373,1724.1290283203125,946.4327392578125,0.5172470808029175,1718.130126953125,921.8917236328125,0.47120633721351624
DJI_20260917133558_0105_D.JPG,Cam 5,25,KATAKAMUKHA,INCORRECT,FINGERS_BENT,,dwpose_l_wholebody,coco_wholebody_133,OK,438.17,186.99,1,1,1845.3482666015625,788.7232666015625,0.9081515073776245,1866.1773681640625,763.7281494140625,0.9996444582939148,1882.8409423828125,759.5623779296875,0.9180077314376831,1895.3385009765625,763.7281494140625,0.9974261522293091,1828.6851806640625,763.7281494140625,1.0049926042556763,1812.0216064453125,763.7281494140625,0.9368308782577515,1795.3585205078125,767.8941650390625,0.994209885597229,1924.4991455078125,801.2205810546875,0.8803883790969849,1770.3634033203125,805.3865966796875,0.8818658590316772,1874.5093994140625,838.7130126953125,0.9902302026748657,1820.3533935546875,838.7130126953125,0.9952280521392822,1995.3184814453125,976.1856689453125,0.7881490588188171,1707.8758544921875,1001.1807861328125,0.7818077802658081,2228.60498046875,1076.1656494140625,0.7943325042724609,1499.5843505859375,1109.4923095703125,0.8265433311462402,1974.4891357421875,1455.2564697265625,0.7837074995040894,1770.3634033203125,1451.0904541015625,0.7305840253829956,1995.3184814453125,1834.3470458984375,0.8684478998184204,1795.3585205078125,1838.5128173828125,0.8004699349403381,1970.3233642578125,2196.7744140625,0.9348539113998413,1837.0167236328125,2192.60888671875,0.9379886388778687,1945.3282470703125,2217.603515625,0.8803995251655579,1853.6800537109375,2221.76953125,0.810685396194458,1982.8209228515625,2317.58349609375,0.8984125852584839,1866.1773681640625,2321.74951171875,0.8628127574920654,2006.5517578125,1071.2216796875,0.40236663818359375,1968.107421875,1064.9744873046875,0.3327772617340088,1935.4296875,1053.9217529296875,0.4191821217536926,1913.32421875,1045.7523193359375,0.49525636434555054,1889.29638671875,1035.66064453125,0.49740973114967346,1943.59912109375,1002.5023193359375,0.38045555353164673,1924.857421875,995.2940673828125,0.41768091917037964,1908.0380859375,1008.7496337890625,0.4221750497817993,1897.4658203125,1027.0106201171875,0.41773536801338196,1956.093505859375,989.52734375,0.38984769582748413,1934.468505859375,977.032958984375,0.39364907145500183,1917.1685791015625,989.046875,0.35414958000183105,1903.7130126953125,972.7080078125,0.4367073178291321,1974.3544921875,982.7996826171875,0.4191785156726837,1958.976806640625,961.1746826171875,0.5357195138931274,1934.468505859375,961.6552734375,0.5113320350646973,1913.8046875,973.6690673828125,0.4802848994731903,1994.537841796875,985.202392578125,0.4281384348869324,1995.9794921875,963.096923828125,0.6132741570472717,1983.965576171875,942.43310546875,0.63176429271698,1970.51025390625,923.69140625,0.6472969055175781,1712.485595703125,1077.610595703125,0.27035436034202576,1748.0003662109375,1065.605712890625,0.25401559472084045,1775.011474609375,1053.6007080078125,0.2632186710834503,1798.02099609375,1042.59619140625,0.3422544002532959,1820.030029296875,1029.5908203125,0.3557196855545044,1765.00732421875,1010.5830078125,0.21901774406433105,1780.513671875,1003.079833984375,0.24279868602752686,1798.02099609375,1006.581298828125,0.2234346866607666,1812.0267333984375,1022.587890625,0.18997691571712494,1753.5025634765625,993.07568359375,0.236775740981102,1769.0089111328125,979.5701904296875,0.31653881072998047,1791.01806640625,982.0711669921875,0.3473241925239563,1812.5269775390625,987.573486328125,0.3811444640159607,1739.496826171875,990.074462890625,0.251677930355072,1756.5037841796875,969.5660400390625,0.3024630546569824,1779.5133056640625,975.5684814453125,0.20018796622753143,1791.518310546875,984.572265625,0.12100385129451752,1721.4893798828125,996.0770263671875,0.2535228729248047,1723.9903564453125,968.0654296875,0.31322282552719116,1725.490966796875,948.05712890625,0.31539833545684814,1719.98876953125,921.0460205078125,0.23873847723007202
DJI_20260917133633_0106_D.JPG,Cam 5,26,MUSHTI,INCORRECT,PINKY_DROPPED,,dwpose_l_wholebody,coco_wholebody_133,OK,420.93,224.54,1,1,1842.877197265625,777.0594482421875,0.9154632091522217,1859.569091796875,756.1947021484375,1.0031119585037231,1876.2607421875,752.0218505859375,0.9181399345397949,1888.779541015625,756.1947021484375,0.9879984855651855,1822.0126953125,756.1947021484375,1.0016584396362305,1809.493896484375,756.1947021484375,0.9304337501525879,1792.802001953125,760.3677978515625,0.9899107217788696,1926.336181640625,797.9239501953125,0.8776342272758484,1767.764404296875,802.0970458984375,0.8728693723678589,1872.087890625,822.9615478515625,0.9784513711929321,1813.666748046875,827.1346435546875,0.9803752899169922,1997.276123046875,981.5333251953125,0.827568531036377,1700.997802734375,998.2247314453125,0.8063545227050781,2197.576904296875,1102.5482177734375,0.7881574630737305,1521.5615234375,1135.9317626953125,0.8536542654037476,1972.23828125,1448.9017333984375,0.7782450318336487,1767.764404296875,1448.9017333984375,0.733304500579834,1984.757080078125,1832.8116455078125,0.8507869243621826,1796.97509765625,1845.3304443359375,0.8106621503829956,1959.719482421875,2195.85693359375,0.9132423400878906,1830.358642578125,2195.85693359375,0.9369218349456787,1938.854736328125,2216.7216796875,0.8661673665046692,1847.05029296875,2220.89453125,0.8124682903289795,1976.411376953125,2312.69921875,0.8966191411018372,1851.223388671875,2316.8720703125,0.8800917863845825,2017.63037109375,1043.482177734375,0.34840112924575806,1988.115234375,1015.4935913085938,0.3445698320865631,1950.966796875,989.0316772460938,0.2816583216190338,1912.800537109375,985.4695434570312,0.28717276453971863,1891.9365234375,990.0494995117188,0.2994080185890198,1950.966796875,989.0316772460938,0.38021939992904663,1899.569580078125,993.1027221679688,0.5248699188232422,1897.025146484375,1002.7715454101562,0.4121360182762146,1902.114013671875,1010.9136352539062,0.272851824760437,1949.440185546875,1014.4757690429688,0.3913135230541229,1898.5517578125,1020.5823364257812,0.5293040871620178,1898.5517578125,1027.19775390625,0.2969649136066437,1904.658447265625,1029.7421875,0.21601171791553497,1947.91357421875,1040.4287109375,0.4115751385688782,1902.114013671875,1041.955322265625,0.5391514301300049,1898.5517578125,1046.0263671875,0.3165298402309418,1901.605224609375,1045.0087890625,0.2846581041812897,1949.440185546875,1064.34619140625,0.3921619653701782,1913.818359375,1069.43505859375,0.4822010397911072,1899.569580078125,1068.92626953125,0.40572258830070496,1894.98974609375,1064.855224609375,0.3634289503097534,1713.29296875,1048.52734375,0.24805773794651031,1735.6859130859375,1016.1820068359375,0.2571859359741211,1765.543212890625,989.8079833984375,0.2339695245027542,1799.879150390625,989.3104248046875,0.19119244813919067,1821.27685546875,998.267578125,0.2652730941772461,1771.01708984375,999.2628173828125,0.2927567958831787,1816.7982177734375,999.760498046875,0.36261653900146484,1813.8125,1004.239013671875,0.2389567792415619,1798.38623046875,1005.2342529296875,0.17344747483730316,1775.9932861328125,1026.1343994140625,0.24464182555675507,1820.7791748046875,1025.13916015625,0.41665250062942505,1816.3006591796875,1028.62255859375,0.24466940760612488,1798.38623046875,1029.1201171875,0.1631602942943573,1777.9837646484375,1051.0155029296875,0.2967391312122345,1818.2911376953125,1046.039306640625,0.42926907539367676,1815.802978515625,1046.536865234375,0.2754223942756653,1807.3433837890625,1044.048828125,0.23489025235176086,1776.988525390625,1073.9061279296875,0.28485581278800964,1804.8553466796875,1086.3466796875,0.40490394830703735,1821.27685546875,1079.8775634765625,0.43044453859329224,1829.7364501953125,1068.4322509765625,0.44767820835113525
DJI_20260917133635_0107_D.JPG,Cam 5,26,MUSHTI,INCORRECT,PINKY_DROPPED,,dwpose_l_wholebody,coco_wholebody_133,OK,422.32,200.96,1,1,1830.349853515625,769.8631591796875,0.9162602424621582,1851.3359375,748.8770751953125,1.0037291049957275,1863.927490234375,748.8770751953125,0.9223531484603882,1880.71630859375,748.8770751953125,0.9952598810195923,1809.36376953125,748.8770751953125,1.0021793842315674,1796.77197265625,748.8770751953125,0.931304931640625,1779.9833984375,753.0743408203125,0.9921973943710327,1914.294189453125,795.0467529296875,0.8771010637283325,1754.7998046875,799.2437744140625,0.872715950012207,1859.73046875,820.2298583984375,0.9813416004180908,1800.96923828125,820.2298583984375,0.9836331605911255,1985.64697265625,975.5267333984375,0.8214823007583618,1687.64453125,992.3157958984375,0.8086270689964294,2191.310546875,1093.0489501953125,0.8156112432479858,1511.361328125,1130.8238525390625,0.8617017269134521,1964.66064453125,1441.4178466796875,0.786216139793396,1763.1943359375,1437.2205810546875,0.7309950590133667,1981.44970703125,1819.1673583984375,0.8571970462799072,1788.377685546875,1827.5618896484375,0.8150988817214966,1960.463623046875,2180.1279296875,0.9201779365539551,1826.15283203125,2184.3251953125,0.9350416660308838,1935.2802734375,2205.3115234375,0.8664212226867676,1842.94140625,2213.7060546875,0.8087270855903625,1973.05517578125,2306.04443359375,0.9057046175003052,1847.138671875,2310.24169921875,0.8723483085632324,2004.6607666015625,1037.27978515625,0.15366092324256897,1975.6102294921875,1011.6185302734375,0.15596771240234375,1946.5596923828125,981.599609375,0.11826731264591217,1910.730712890625,979.1787109375,0.09952609241008759,1884.585205078125,983.536376953125,0.12343555688858032,1937.3602294921875,984.0205078125,0.16144223511219025,1888.9427490234375,986.44140625,0.30932146310806274,1887.9744873046875,999.0299072265625,0.15247833728790283,1894.7529296875,1002.419189453125,0.09961266815662384,1934.9393310546875,1007.7451171875,0.15740475058555603,1886.52197265625,1014.0394287109375,0.3140435814857483,1887.9744873046875,1019.3653564453125,0.10162658989429474,1900.56298828125,1017.4285888671875,0.07774767279624939,1933.9710693359375,1032.9222412109375,0.19992956519126892,1893.3004150390625,1036.795654296875,0.3368054926395416,1888.9427490234375,1040.184814453125,0.12373834103345871,1890.8795166015625,1038.2481689453125,0.10135511308908463,1935.9078369140625,1056.6468505859375,0.18470823764801025,1903.468017578125,1062.9410400390625,0.290887713432312,1889.427001953125,1062.4569091796875,0.20982113480567932,1884.585205078125,1058.58349609375,0.1836676001548767,1706.4266357421875,1038.9659423828125,0.2684868574142456,1730.3326416015625,1007.7841796875,0.27713242173194885,1758.915771484375,982.3192138671875,0.25867366790771484,1794.2550048828125,982.3192138671875,0.22686873376369476,1812.4443359375,990.1146240234375,0.31260883808135986,1761.5142822265625,991.1539306640625,0.3283800482749939,1805.1685791015625,991.6737060546875,0.36012059450149536,1802.5701904296875,996.3509521484375,0.25791800022125244,1786.9793701171875,996.87060546875,0.19312196969985962,1766.1915283203125,1018.1781005859375,0.277393102645874,1810.3656005859375,1016.6190185546875,0.43134206533432007,1805.1685791015625,1020.776611328125,0.2734575569629669,1786.4595947265625,1020.776611328125,0.19331549108028412,1768.7900390625,1043.1234130859375,0.3288176953792572,1807.76708984375,1038.4461669921875,0.43419066071510315,1805.6883544921875,1038.9659423828125,0.3043670058250427,1795.8140869140625,1035.8477783203125,0.2642930746078491,1767.7506103515625,1065.989990234375,0.31109538674354553,1795.8140869140625,1077.9429931640625,0.39458221197128296,1809.8458251953125,1072.74609375,0.4053404629230499,1817.6412353515625,1061.8323974609375,0.3898347020149231
DJI_20260917131549_0049_D.JPG,Cam 6,1,ARAMANDI,CORRECT,,,dwpose_l_wholebody,coco_wholebody_133,OK,405.31,206.05,1,1,394.7691650390625,830.7086181640625,0.9077787399291992,405.6279296875,808.9908447265625,0.9791297912597656,412.8671875,805.3714599609375,0.9128695726394653,416.48681640625,812.6104736328125,0.9615864753723145,376.671142578125,798.1319580078125,0.9507944583892822,365.812255859375,794.5125732421875,0.8825621604919434,351.3338623046875,787.2733154296875,0.9599278569221497,412.8671875,816.2301025390625,0.7763909101486206,268.0830078125,769.1754150390625,0.8487701416015625,383.910400390625,866.9046630859375,0.9500622153282166,344.0947265625,852.4261474609375,0.9518287777900696,362.1927490234375,961.0142822265625,0.7496641874313354,188.45166015625,895.8614501953125,0.7901227474212646,391.1495361328125,1141.9947509765625,0.5240615606307983,278.941650390625,1105.7987060546875,0.7973042726516724,264.46337890625,1344.6927490234375,0.6897841691970825,112.4398193359375,1319.3555908203125,0.7120330333709717,210.169189453125,1739.2298583984375,0.6441843509674072,264.46337890625,1699.4141845703125,0.6440435647964478,163.1142578125,1891.2535400390625,0.6625670194625854,333.23583984375,1927.4495849609375,0.7376130819320679,134.157470703125,1923.8297119140625,0.6453471183776855,336.85546875,1949.1671142578125,0.6712305545806885,195.690673828125,1992.6026611328125,0.5832012891769409,315.1378173828125,2036.0377197265625,0.6623859405517578,493.6934814453125,1213.2767333984375,0.14467070996761322,609.2969360351562,1290.8526611328125,0.09912916272878647,609.2969360351562,1271.078369140625,0.17592141032218933,620.4515991210938,1273.613525390625,0.2062247097492218,660.5072021484375,1280.7120361328125,0.1752474009990692,599.15625,1305.049560546875,0.13140805065631866,631.0993041992188,1260.937744140625,0.15044251084327698,647.3243408203125,1279.19091796875,0.18586935102939606,661.0142211914062,1285.7823486328125,0.20248040556907654,589.015625,1314.6832275390625,0.12821510434150696,620.4515991210938,1270.5714111328125,0.15530240535736084,638.7047729492188,1284.768310546875,0.15283355116844177,655.9439086914062,1308.598876953125,0.1599024534225464,641.7470092773438,1317.2183837890625,0.13281267881393433,602.1984252929688,1297.444091796875,0.14807522296905518,614.874267578125,1322.7957763671875,0.20115527510643005,605.7476806640625,1325.837890625,0.17184887826442719,633.12744140625,1326.344970703125,0.12610013782978058,600.1703491210938,1326.85205078125,0.18609607219696045,606.2546997070312,1329.8941650390625,0.21745547652244568,605.7476806640625,1333.950439453125,0.19477643072605133,514.125732421875,1206.7803955078125,0.435352623462677,543.4669189453125,1216.3333740234375,0.37637045979499817,563.9375610351562,1220.427490234375,0.25021669268608093,590.54931640625,1262.7333984375,0.27936553955078125,610.3375854492188,1271.6038818359375,0.267600953578949,594.6434326171875,1227.933349609375,0.38616663217544556,623.984619140625,1251.815673828125,0.37885361909866333,640.3611450195312,1269.556884765625,0.36645960807800293,655.3728637695312,1281.8392333984375,0.3803885877132416,589.866943359375,1239.5333251953125,0.3743075132369995,617.1610717773438,1260.686279296875,0.41121771931648254,635.5846557617188,1275.6981201171875,0.40458351373672485,653.3258056640625,1290.0274658203125,0.4174593687057495,573.490478515625,1254.5450439453125,0.2855808138847351,594.6434326171875,1279.10986328125,0.2776058316230774,603.5140380859375,1287.98046875,0.232127845287323,605.5610961914062,1279.10986328125,0.17541161179542542,558.4786987304688,1266.8275146484375,0.2991080582141876,578.9492797851562,1277.062744140625,0.28264373540878296,583.0433959960938,1278.427490234375,0.23468121886253357,590.54931640625,1266.1451416015625,0.21005892753601074
DJI_20260917131553_0050_D.JPG,Cam 6,1,ARAMANDI,CORRECT,,,dwpose_l_wholebody,coco_wholebody_133,OK,409.62,251.94,1,1,397.8558349609375,813.107666015625,0.9129782319068909,411.9132080078125,788.507568359375,1.0061527490615845,422.4559326171875,788.507568359375,0.920189380645752,425.9703369140625,795.5361328125,0.989270806312561,380.2843017578125,781.47900390625,0.9644405841827393,366.2271728515625,774.4501953125,0.8965936899185181,348.6556396484375,770.93603515625,0.986775279045105,429.4847412109375,802.564697265625,0.7913086414337158,271.3409423828125,760.39306640625,0.8670444488525391,394.3416748046875,851.76513671875,0.9816374182701111,348.6556396484375,834.193359375,0.9812415838241577,376.77001953125,950.16552734375,0.7540307641029358,194.026123046875,886.908203125,0.7884968519210815,397.8558349609375,1139.93798828125,0.52292799949646,271.3409423828125,1090.73779296875,0.8022235631942749,253.7694091796875,1326.1962890625,0.685388445854187,116.7113037109375,1294.567626953125,0.7150313854217529,197.5404052734375,1681.141357421875,0.6763001084327698,267.8265380859375,1677.626953125,0.6441537737846375,172.9403076171875,1891.999755859375,0.7107080221176147,341.626953125,1906.056884765625,0.7563493251800537,144.8258056640625,1930.6572265625,0.6876593828201294,345.1412353515625,1930.6572265625,0.6767845153808594,225.6549072265625,1972.828857421875,0.5822286605834961,317.02685546875,2022.029052734375,0.6092365980148315,525.4852294921875,1203.814208984375,0.23063308000564575,623.939697265625,1210.8466796875,0.12368793785572052,617.911865234375,1258.56689453125,0.2083706557750702,642.5255126953125,1264.0924072265625,0.22834175825119019,667.13916015625,1281.673583984375,0.2077110856771469,603.3446044921875,1281.673583984375,0.14549225568771362,635.4930419921875,1253.0413818359375,0.15199193358421326,668.6461181640625,1271.1248779296875,0.20992228388786316,669.6507568359375,1277.655029296875,0.22958695888519287,597.819091796875,1231.441650390625,0.1840922236442566,625.948974609375,1257.562255859375,0.17907851934432983,637.5023193359375,1279.1619873046875,0.15395300090312958,662.115966796875,1300.2593994140625,0.144656240940094,579.2332763671875,1240.9857177734375,0.15203483402729034,605.856201171875,1281.673583984375,0.15889835357666016,623.4373779296875,1307.794189453125,0.16837318241596222,610.87939453125,1319.3475341796875,0.1632048785686493,563.1591796875,1256.0552978515625,0.12362362444400787,603.3446044921875,1312.8173828125,0.14843043684959412,609.874755859375,1318.3428955078125,0.2197570502758026,609.3724365234375,1324.8729248046875,0.22521281242370605,521.782470703125,1196.845947265625,0.4576965570449829,549.7689208984375,1205.7197265625,0.4100804328918457,583.8985595703125,1213.2281494140625,0.26246654987335205,606.4241943359375,1247.35791015625,0.28560590744018555,618.7109375,1261.0098876953125,0.2830486595630646,602.32861328125,1219.37158203125,0.39601534605026245,633.04541015625,1247.35791015625,0.44178691506385803,652.1580810546875,1263.740234375,0.4415742754936218,667.8577880859375,1276.70947265625,0.477027952671051,593.4549560546875,1227.562744140625,0.34706568717956543,624.171630859375,1254.1839599609375,0.3397124111652374,645.3321533203125,1268.5184326171875,0.32298049330711365,667.8577880859375,1286.948486328125,0.3079584240913391,575.02490234375,1246.6754150390625,0.3092404007911682,595.502685546875,1268.5184326171875,0.334331750869751,603.69384765625,1269.200927734375,0.2655448913574219,608.4720458984375,1261.0098876953125,0.2104751467704773,560.6904296875,1256.914306640625,0.3316529095172882,583.2159423828125,1267.8358154296875,0.3093756437301636,586.6290283203125,1266.4705810546875,0.25497496128082275,585.2637939453125,1256.914306640625,0.22830364108085632
DJI_20260917131859_0051_D.JPG,Cam 6,2,SAMAPADHAM,CORRECT,,,dwpose_l_wholebody,coco_wholebody_133,OK,452.45,204.67,1,1,2117.177734375,687.92431640625,0.9099471569061279,2108.5625,662.077392578125,0.960517406463623,2112.8701171875,662.077392578125,0.8699091672897339,2108.5625,666.38525390625,0.9361035823822021,2099.94677734375,662.077392578125,0.9550937414169312,2095.638671875,662.077392578125,0.8914827108383179,2087.0234375,662.077392578125,0.9271494150161743,2035.3292236328125,679.30859375,0.7110869288444519,2013.7904052734375,683.616455078125,0.8392202854156494,2117.177734375,726.694580078125,0.9894298315048218,2099.94677734375,726.694580078125,0.9721087217330933,2000.8665771484375,886.083984375,0.6729486584663391,1962.0965576171875,877.46826171875,0.731920599937439,2022.4058837890625,1166.09228515625,0.46216508746147156,1966.4041748046875,1166.09228515625,0.6183780431747437,1983.6356201171875,1385.791015625,0.6455848217010498,1927.6336669921875,1381.483154296875,0.6699703335762024,1931.9417724609375,1777.802490234375,0.64509516954422,1875.9398193359375,1799.341796875,0.7074853181838989,1880.2479248046875,2075.0419921875,0.687741756439209,1888.8634033203125,2143.96728515625,0.7693438529968262,1845.7852783203125,2122.42822265625,0.7059603929519653,1854.4007568359375,2191.353271484375,0.7664421796798706,2052.560546875,2135.3515625,0.7002923488616943,2069.7919921875,2187.04541015625,0.8417920470237732,1987.4276123046875,1191.79150390625,0.308993399143219,1987.4276123046875,1166.9754638671875,0.22898034751415253,1987.4276123046875,1166.9754638671875,0.20412760972976685,1987.4276123046875,1166.9754638671875,0.2111494541168213,1987.4276123046875,1166.9754638671875,0.16282357275485992,1927.869140625,1166.9754638671875,0.3661520779132843,1907.52001953125,1166.9754638671875,0.35846149921417236,1894.119384765625,1171.6905517578125,0.4868316650390625,1881.215087890625,1179.3834228515625,0.56235671043396,1922.906005859375,1184.0985107421875,0.4121798276901245,1895.112060546875,1186.3319091796875,0.4511536955833435,1874.762939453125,1198.739990234375,0.5197685956954956,1860.6177978515625,1209.1627197265625,0.5088857412338257,1920.920654296875,1197.747314453125,0.41062355041503906,1896.3529052734375,1201.2215576171875,0.465112566947937,1878.981689453125,1211.644287109375,0.47332215309143066,1860.6177978515625,1224.05224609375,0.4369233250617981,1924.146728515625,1212.8851318359375,0.3686089515686035,1903.797607421875,1218.3446044921875,0.4544951617717743,1887.667236328125,1223.8040771484375,0.45985645055770874,1872.2813720703125,1230.0081787109375,0.43211013078689575,2000.1375732421875,1196.148193359375,0.19017459452152252,1975.404296875,1164.585693359375,0.16377848386764526,1956.7620849609375,1164.585693359375,0.20017534494400024,1948.4561767578125,1164.585693359375,0.2068197876214981,1923.5384521484375,1164.585693359375,0.14793461561203003,1928.15283203125,1164.585693359375,0.3036382496356964,1905.819091796875,1164.585693359375,0.33927276730537415,1905.819091796875,1164.585693359375,0.2636682093143463,1905.819091796875,1164.585693359375,0.20878654718399048,1920.769775390625,1183.9661865234375,0.337896466255188,1905.819091796875,1183.9661865234375,0.286282479763031,1905.819091796875,1258.9041748046875,0.1964518427848816,1905.819091796875,1196.886474609375,0.1731732189655304,1918.7393798828125,1196.886474609375,0.3521665334701538,1905.819091796875,1200.0242919921875,0.299272358417511,1905.819091796875,1208.1456298828125,0.20661726593971252,1905.819091796875,1208.514892578125,0.177968829870224,1925.0150146484375,1213.3138427734375,0.3047601580619812,1905.819091796875,1218.11279296875,0.3449624478816986,1905.819091796875,1224.572998046875,0.2943226099014282,1905.819091796875,1225.680419921875,0.2144058495759964
DJI_20260917131902_0052_D.JPG,Cam 6,2,SAMAPADHAM,CORRECT,,,dwpose_l_wholebody,coco_wholebody_133,OK,665.14,211.74,1,1,2128.72216796875,690.9580078125,0.9194142818450928,2120.10107421875,665.094970703125,0.97382652759552,2124.41162109375,665.094970703125,0.8758293390274048,2120.10107421875,665.094970703125,0.9482894539833069,2111.47998046875,665.094970703125,0.9656003713607788,2102.859130859375,660.784423828125,0.9003794193267822,2098.548583984375,665.094970703125,0.9403916001319885,2046.822509765625,682.3369140625,0.7048354148864746,2020.95947265625,686.6474609375,0.8334345817565918,2124.41162109375,734.06298828125,0.9895303249359131,2111.47998046875,729.75244140625,0.9745051860809326,2008.02783203125,889.2412109375,0.6641882658004761,1982.1650390625,893.5517578125,0.7174085378646851,2029.58056640625,1178.045166015625,0.42304301261901855,1986.4755859375,1160.80322265625,0.5975297093391418,1986.4755859375,1393.5703125,0.6477030515670776,1934.74951171875,1393.5703125,0.6689181327819824,1934.74951171875,1777.20556640625,0.6452495455741882,1887.333740234375,1794.44775390625,0.718421220779419,1883.0234375,2066.009521484375,0.6721529960632324,1887.333740234375,2143.5986328125,0.7759091854095459,1844.228759765625,2113.425048828125,0.6725714206695557,1852.849609375,2191.01416015625,0.7725049257278442,2042.511962890625,2130.6669921875,0.6892493367195129,2068.375,2191.01416015625,0.8554885387420654,1997.1580810546875,1202.0450439453125,0.2962549924850464,1997.1580810546875,1189.2445068359375,0.1889675110578537,1955.3751220703125,1166.3001708984375,0.15991108119487762,1940.884033203125,1166.3001708984375,0.15884017944335938,1873.7415771484375,1166.3001708984375,0.1447901725769043,1940.884033203125,1166.3001708984375,0.37423816323280334,1917.4566650390625,1166.3001708984375,0.37533098459243774,1902.723876953125,1174.994873046875,0.5414294004440308,1892.338623046875,1182.7235107421875,0.5293405652046204,1935.570556640625,1185.6217041015625,0.3834843039512634,1903.9315185546875,1188.0369873046875,0.46693915128707886,1884.368408203125,1200.1129150390625,0.5127869844436646,1873.7415771484375,1210.2567138671875,0.4369630813598633,1933.638427734375,1198.663818359375,0.37478742003440857,1906.3466796875,1204.21875,0.4247736930847168,1888.7158203125,1212.9134521484375,0.43058091402053833,1873.7415771484375,1224.264892578125,0.4229303002357483,1936.7781982421875,1213.396484375,0.3414352834224701,1915.282958984375,1218.7099609375,0.4635782837867737,1898.135009765625,1224.0233154296875,0.47294026613235474,1882.9193115234375,1229.3367919921875,0.44869011640548706,1995.454345703125,1198.134765625,0.21163997054100037,1995.454345703125,1198.774169921875,0.20084626972675323,1961.357421875,1186.84033203125,0.13838255405426025,1946.440185546875,1166.595458984375,0.13952486217021942,1946.440185546875,1166.595458984375,0.11803469806909561,1941.112548828125,1166.595458984375,0.30129507184028625,1916.60546875,1166.595458984375,0.371094286441803,1902.114501953125,1175.971923828125,0.44538766145706177,1893.377197265625,1184.070068359375,0.4698989689350128,1935.358642578125,1185.561767578125,0.29079964756965637,1905.7373046875,1188.75830078125,0.4155050814151764,1886.557861328125,1196.64306640625,0.37237483263015747,1886.557861328125,1205.38037109375,0.2852197289466858,1932.375244140625,1198.347900390625,0.3063715696334839,1906.589599609375,1203.888671875,0.41063472628593445,1891.885498046875,1211.986572265625,0.342548131942749,1886.557861328125,1219.01904296875,0.26615801453590393,1935.784912109375,1213.478271484375,0.2521176338195801,1914.04833984375,1220.084716796875,0.43723064661026,1896.57373046875,1224.77294921875,0.3983343243598938,1886.557861328125,1230.52685546875,0.38401615619659424
DJI_20260917132012_0053_D.JPG,Cam 6,3,MUZHUMANDI,CORRECT,,,dwpose_l_wholebody,coco_wholebody_133,OK,494.88,186.28,0,1,2036.258056640625,1287.973388671875,0.8723820447921753,2027.184326171875,1257.7275390625,0.9607343673706055,2030.208984375,1254.703125,0.8463175296783447,2030.208984375,1257.7275390625,0.9415013790130615,2009.037109375,1260.752197265625,0.9432599544525146,2002.988037109375,1260.752197265625,0.8720868825912476,1993.914306640625,1263.77685546875,0.9287372827529907,1948.5458984375,1278.899658203125,0.5950649976730347,1909.2265625,1287.973388671875,0.8080352544784546,2030.208984375,1330.317138671875,0.953177809715271,2012.0615234375,1330.317138671875,0.9411482810974121,1936.447509765625,1442.225830078125,0.6122162938117981,1869.9072265625,1487.59423828125,0.7004250288009644,1999.96337890625,1635.7978515625,0.3790260851383209,1875.956298828125,1802.148681640625,0.6473342776298523,1945.521240234375,1904.983642578125,0.6154466867446899,1848.7353515625,1956.401123046875,0.6587398052215576,2117.921142578125,2289.102783203125,0.4519268274307251,2136.068603515625,2298.176513671875,0.6694868206977844,1854.784423828125,2201.390869140625,0.4342925548553467,1709.60546875,2180.218505859375,0.5909742116928101,1788.244140625,2207.439697265625,0.4411960542201996,1673.310791015625,2183.243408203125,0.587892472743988,1903.177490234375,2298.176513671875,0.39751723408699036,1646.089599609375,2270.95556640625,0.5790987610816956,,,0.0,,,0.0,,,0.0,,,0.0,,,0.0,,,0.0,,,0.0,,,0.0,,,0.0,,,0.0,,,0.0,,,0.0,,,0.0,,,0.0,,,0.0,,,0.0,,,0.0,,,0.0,,,0.0,,,0.0,,,0.0,1939.6826171875,1970.2708740234375,0.14606830477714539,1939.6826171875,1970.2708740234375,0.07208997011184692,1939.6826171875,1865.07861328125,0.08916711062192917,1939.6826171875,1805.3836669921875,0.13159635663032532,1939.6826171875,1805.3836669921875,0.18861107528209686,1939.6826171875,1805.3836669921875,0.11017348617315292,1939.6826171875,1805.3836669921875,0.1106957495212555,1939.6826171875,1805.3836669921875,0.1460709124803543,1939.6826171875,1805.3836669921875,0.1867351233959198,1939.6826171875,1970.2708740234375,0.11425359547138214,1939.6826171875,1970.2708740234375,0.1565229296684265,1939.6826171875,1970.2708740234375,0.17786702513694763,1939.6826171875,1805.3836669921875,0.15486355125904083,1939.6826171875,1970.2708740234375,0.14763781428337097,1939.6826171875,1970.2708740234375,0.17672574520111084,1939.6826171875,1970.2708740234375,0.20815782248973846,1939.6826171875,1970.2708740234375,0.2140042781829834,1939.6826171875,1970.2708740234375,0.16508561372756958,1939.6826171875,1970.2708740234375,0.21088188886642456,1939.6826171875,1970.2708740234375,0.21435457468032837,1939.6826171875,1970.2708740234375,0.21066486835479736
DJI_20260917132014_0054_D.JPG,Cam 6,3,MUZHUMANDI,CORRECT,,,dwpose_l_wholebody,coco_wholebody_133,OK,449.74,155.82,0,1,2042.5299072265625,1289.7161865234375,0.8808762431144714,2036.4747314453125,1262.4676513671875,0.9575524926185608,2036.4747314453125,1259.4400634765625,0.8443229794502258,2036.4747314453125,1262.4676513671875,0.9388700723648071,2021.3365478515625,1262.4676513671875,0.9503446221351624,2015.2813720703125,1265.4954833984375,0.8746660947799683,2006.1983642578125,1265.4954833984375,0.9248372912406921,1939.5909423828125,1277.6058349609375,0.6254565119743347,1921.4254150390625,1286.6885986328125,0.8312337398529053,2036.4747314453125,1329.0750732421875,0.9544898271560669,2018.3089599609375,1329.0750732421875,0.9463923573493958,1936.5633544921875,1435.0416259765625,0.6009630560874939,1885.0938720703125,1492.5662841796875,0.6952303647994995,1997.1156005859375,1607.6153564453125,0.3489443361759186,1885.0938720703125,1798.3548583984375,0.6521978378295898,1960.7843017578125,1886.1556396484375,0.6075253486633301,1869.9559326171875,1934.5975341796875,0.6474605798721313,2109.13720703125,2270.662109375,0.40856462717056274,2145.46875,2282.77294921875,0.6673479080200195,1869.9559326171875,2197.99951171875,0.42038801312446594,1724.6304931640625,2164.69580078125,0.5765610933303833,1824.5416259765625,2207.08251953125,0.4284416139125824,1691.3267822265625,2167.7236328125,0.5704094767570496,1960.7843017578125,2297.91064453125,0.39798665046691895,1658.0230712890625,2273.68994140625,0.5981653928756714,,,0.0,,,0.0,,,0.0,,,0.0,,,0.0,,,0.0,,,0.0,,,0.0,,,0.0,,,0.0,,,0.0,,,0.0,,,0.0,,,0.0,,,0.0,,,0.0,,,0.0,,,0.0,,,0.0,,,0.0,,,0.0,2038.78125,1905.5465087890625,0.057705722749233246,2033.266845703125,1875.2169189453125,0.09539566934108734,2017.068115234375,1845.92138671875,0.15582261979579926,2010.51953125,1834.5477294921875,0.23196429014205933,2014.655517578125,1806.2861328125,0.1936836540699005,2088.411376953125,1843.1640625,0.19298037886619568,2087.72216796875,1843.5087890625,0.11253955960273743,2031.54345703125,1886.590576171875,0.0688939169049263,2023.616455078125,1806.2861328125,0.0643051266670227,2094.615234375,1878.6634521484375,0.1711333841085434,2066.353515625,1885.2119140625,0.10875736176967621,2055.669189453125,1908.3037109375,0.09421079605817795,2049.81005859375,1907.6143798828125,0.07361364364624023,2093.236572265625,1911.0609130859375,0.13595911860466003,2076.3486328125,1926.2257080078125,0.14511743187904358,2058.771240234375,1938.63330078125,0.13325656950473785,2038.78125,1937.9439697265625,0.11081177741289139,2093.236572265625,1945.181640625,0.1640666127204895,2074.969970703125,1955.1766357421875,0.19637221097946167,2052.912109375,1960.346435546875,0.19405147433280945,2043.26171875,1982.404296875,0.20039701461791992
DJI_20260917132102_0055_D.JPG,Cam 6,4,SWASTIKAPADAM,CORRECT,,RIGHT,dwpose_l_wholebody,coco_wholebody_133,OK,470.1,156.54,0,1,2054.02197265625,865.8740234375,0.9090457558631897,2046.3359375,838.972900390625,0.9821441173553467,2050.178955078125,838.972900390625,0.8910504579544067,2050.178955078125,838.972900390625,0.9631221890449524,2034.806640625,838.972900390625,0.9732003808021545,2030.9638671875,835.1298828125,0.9132767915725708,2023.27783203125,838.972900390625,0.9539134502410889,1973.318359375,842.81591796875,0.7145363688468933,1942.57421875,846.658935546875,0.8399248123168945,2050.178955078125,904.30419921875,0.9861137866973877,2030.9638671875,900.461181640625,0.9654982686042786,1950.26025390625,1019.594970703125,0.6917682886123657,1888.77197265625,1031.1240234375,0.7461055517196655,1957.9462890625,1277.077392578125,0.43644049763679504,1877.24267578125,1284.763427734375,0.7361332178115845,1942.57421875,1484.6005859375,0.6589751243591309,1881.0859375,1492.28662109375,0.6990174055099487,1923.359130859375,1834.315673828125,0.5642365217208862,2027.12060546875,1842.001953125,0.8260048627853394,1881.0859375,2091.79833984375,0.6695082187652588,1819.59765625,2057.2109375,0.7277764678001404,1838.8125,2114.8564453125,0.6969419717788696,1773.481201171875,2061.05419921875,0.699729859828949,2007.90576171875,2164.81591796875,0.6401866674423218,1892.614990234375,2137.91455078125,0.5991204977035522,,,0.0,,,0.0,,,0.0,,,0.0,,,0.0,,,0.0,,,0.0,,,0.0,,,0.0,,,0.0,,,0.0,,,0.0,,,0.0,,,0.0,,,0.0,,,0.0,,,0.0,,,0.0,,,0.0,,,0.0,,,0.0,1899.048583984375,1227.521484375,0.4376249611377716,1899.048583984375,1227.521484375,0.42271554470062256,1899.048583984375,1227.521484375,0.4228273332118988,1899.048583984375,1227.521484375,0.4539026916027069,1899.048583984375,1227.521484375,0.3995155692100525,1899.048583984375,1227.521484375,0.40104442834854126,1899.048583984375,1227.521484375,0.4169785678386688,1899.048583984375,1227.521484375,0.4081651568412781,1899.048583984375,1227.521484375,0.3673664927482605,1899.048583984375,1227.521484375,0.39101725816726685,1899.048583984375,1227.521484375,0.40043318271636963,1899.048583984375,1227.521484375,0.4006766676902771,1899.048583984375,1227.521484375,0.35933780670166016,1899.048583984375,1227.521484375,0.41139817237854004,1899.048583984375,1227.521484375,0.37278318405151367,1899.048583984375,1227.521484375,0.41475433111190796,1899.048583984375,1227.521484375,0.4137408137321472,1899.048583984375,1227.521484375,0.4001150131225586,1899.048583984375,1227.521484375,0.4463328421115875,1899.048583984375,1227.521484375,0.4436117708683014,1899.048583984375,1227.521484375,0.41212618350982666
DJI_20260917132104_0056_D.JPG,Cam 6,4,SWASTIKAPADAM,CORRECT,,RIGHT,dwpose_l_wholebody,coco_wholebody_133,OK,449.52,203.31,1,1,2045.7294921875,882.288330078125,0.8903976082801819,2038.064208984375,855.460205078125,0.9513325691223145,2045.7294921875,855.460205078125,0.8703097105026245,2041.896728515625,855.460205078125,0.9317973852157593,2026.566650390625,855.460205078125,0.9479584693908691,2022.73388671875,851.627685546875,0.8875125646591187,2015.068603515625,855.460205078125,0.9174946546554565,1965.244873046875,859.292724609375,0.7025001049041748,1934.583740234375,863.125244140625,0.8340340852737427,2041.896728515625,920.614501953125,0.9680827856063843,2022.73388671875,916.781982421875,0.9465781450271606,1934.583740234375,1039.42529296875,0.6637163162231445,1892.42529296875,1043.258056640625,0.7328321933746338,1919.253662109375,1277.046875,0.39774876832962036,1869.429443359375,1296.2099609375,0.7093518972396851,1896.2578125,1499.338134765625,0.645971417427063,1865.596923828125,1507.003173828125,0.6828303337097168,1854.099365234375,1844.272705078125,0.5708311200141907,2030.399169921875,1859.60302734375,0.8049072027206421,1834.936279296875,2078.061767578125,0.6098992228507996,1831.103515625,2070.396484375,0.7022421360015869,1800.442626953125,2089.559326171875,0.6332024335861206,1785.1123046875,2085.726806640625,0.6752361059188843,1992.072998046875,2150.88134765625,0.5994581580162048,1938.41650390625,2135.55078125,0.5979294776916504,1864.923583984375,1310.866943359375,0.22895313799381256,1864.923583984375,1310.866943359375,0.21544834971427917,1864.923583984375,1310.866943359375,0.21777218580245972,1864.923583984375,1310.866943359375,0.2563777267932892,1864.923583984375,1310.866943359375,0.25187647342681885,1864.923583984375,1310.866943359375,0.21968494355678558,1864.923583984375,1310.866943359375,0.22472691535949707,1864.923583984375,1310.866943359375,0.22246995568275452,1864.923583984375,1310.866943359375,0.21783646941184998,1864.923583984375,1310.866943359375,0.20762419700622559,1864.923583984375,1310.866943359375,0.1905249059200287,1864.923583984375,1310.866943359375,0.1818813532590866,1864.923583984375,1310.866943359375,0.17962028086185455,1864.923583984375,1310.866943359375,0.20804041624069214,1864.923583984375,1310.866943359375,0.17622701823711395,1864.923583984375,1310.866943359375,0.2058122605085373,1864.923583984375,1310.866943359375,0.20270158350467682,1864.923583984375,1310.866943359375,0.1980002522468567,1864.923583984375,1310.866943359375,0.236176535487175,1864.923583984375,1310.866943359375,0.23888446390628815,1864.923583984375,1310.866943359375,0.20960292220115662,1851.7548828125,1198.009765625,0.2807390093803406,1851.7548828125,1198.009765625,0.2652558386325836,1851.7548828125,1198.009765625,0.2097775936126709,1851.7548828125,1198.009765625,0.23110757768154144,1851.7548828125,1198.009765625,0.20437011122703552,1851.7548828125,1198.009765625,0.22336027026176453,1851.7548828125,1198.009765625,0.21491999924182892,1851.7548828125,1198.009765625,0.2161414921283722,1948.5279541015625,1198.009765625,0.20142410695552826,1851.7548828125,1198.009765625,0.2334892302751541,1851.7548828125,1198.009765625,0.22220440208911896,1851.7548828125,1198.009765625,0.24346059560775757,1948.5279541015625,1198.009765625,0.21699047088623047,1851.7548828125,1198.009765625,0.2545740008354187,1851.7548828125,1198.009765625,0.23515744507312775,1851.7548828125,1198.009765625,0.2910860478878021,1945.8695068359375,1198.009765625,0.26984548568725586,1851.7548828125,1198.009765625,0.2692326307296753,1851.7548828125,1198.009765625,0.3337668478488922,1851.7548828125,1198.009765625,0.33268672227859497,1851.7548828125,1198.009765625,0.2801184058189392
DJI_20260917132129_0057_D.JPG,Cam 6,5,SWASTIKAPADAM,CORRECT,,LEFT,dwpose_l_wholebody,coco_wholebody_133,OK,429.34,235.6,1,1,2122.4404296875,822.45849609375,0.9037091732025146,2114.2353515625,793.74169921875,0.9810036420822144,2118.337890625,793.74169921875,0.8755060434341431,2114.2353515625,793.74169921875,0.9569363594055176,2106.03076171875,793.74169921875,0.9807541370391846,2097.82568359375,789.63916015625,0.9081580638885498,2089.62109375,789.63916015625,0.95541912317276,2019.8802490234375,797.843994140625,0.7024297118186951,2007.5728759765625,801.946533203125,0.8426518440246582,2110.1328125,867.5849609375,0.9832442998886108,2093.7236328125,859.380126953125,0.9674858450889587,1937.8319091796875,986.5546875,0.6279958486557007,1958.3441162109375,1015.271484375,0.697474479675293,1991.1632080078125,1310.64453125,0.3601176142692566,1978.8560791015625,1261.416015625,0.547491729259491,1954.2415771484375,1499.35546875,0.6585490703582764,1921.4222412109375,1503.457763671875,0.7060215473175049,2052.69921875,1897.28857421875,0.5305887460708618,2118.337890625,1921.903076171875,0.694901704788208,1884.5008544921875,2122.921142578125,0.6743561029434204,1880.3983154296875,2114.71630859375,0.666384220123291,1835.2718505859375,2143.43310546875,0.747123658657074,1822.9647216796875,2147.53564453125,0.6646028161048889,2015.7777099609375,2274.7099609375,0.7101797461509705,2007.5728759765625,2262.40283203125,0.67841637134552,2308.0439453125,1768.3746337890625,0.3662983477115631,2308.0439453125,1768.3746337890625,0.3680284023284912,2308.0439453125,1768.3746337890625,0.35301196575164795,2308.0439453125,1768.3746337890625,0.33765536546707153,1983.3787841796875,1768.3746337890625,0.2949017882347107,2308.0439453125,1768.3746337890625,0.3194858729839325,2308.0439453125,1768.3746337890625,0.34410834312438965,2308.0439453125,1768.3746337890625,0.3404397666454315,1983.3787841796875,1768.3746337890625,0.2846403419971466,2308.0439453125,1768.3746337890625,0.3235151767730713,2308.0439453125,1768.3746337890625,0.3330416679382324,2308.0439453125,1768.3746337890625,0.32397472858428955,1983.3787841796875,1768.3746337890625,0.26371145248413086,2308.0439453125,1768.3746337890625,0.3396754264831543,2308.0439453125,1768.3746337890625,0.3016396760940552,2308.0439453125,1768.3746337890625,0.34096765518188477,2308.0439453125,1768.3746337890625,0.34525400400161743,2308.0439453125,1768.3746337890625,0.33258911967277527,2308.0439453125,1768.3746337890625,0.3548485338687897,2308.0439453125,1768.3746337890625,0.3526938557624817,2308.0439453125,1768.3746337890625,0.27930760383605957,1898.63330078125,1330.44189453125,0.1835709512233734,1898.63330078125,1330.44189453125,0.14116430282592773,1898.63330078125,1330.44189453125,0.12693825364112854,1898.63330078125,1330.44189453125,0.11037261039018631,1898.63330078125,1330.44189453125,0.09127672016620636,1898.63330078125,1330.44189453125,0.08633659780025482,1898.63330078125,1199.1656494140625,0.08983132988214493,1898.63330078125,1199.1656494140625,0.11619880795478821,1898.63330078125,1199.1656494140625,0.16090521216392517,1898.63330078125,1199.1656494140625,0.11751855909824371,1898.63330078125,1199.1656494140625,0.1086592972278595,1898.63330078125,1199.1656494140625,0.11372444033622742,1898.63330078125,1199.1656494140625,0.1588369905948639,1898.63330078125,1199.1656494140625,0.09922043979167938,1898.63330078125,1199.1656494140625,0.10080748051404953,1898.63330078125,1199.1656494140625,0.09573155641555786,1898.63330078125,1199.1656494140625,0.16510042548179626,1898.63330078125,1330.44189453125,0.10394421964883804,1898.63330078125,1330.44189453125,0.10996787250041962,1898.63330078125,1330.44189453125,0.1174561083316803,1898.63330078125,1330.44189453125,0.10546323657035828
DJI_20260917132132_0058_D.JPG,Cam 6,5,SWASTIKAPADAM,CORRECT,,LEFT,dwpose_l_wholebody,coco_wholebody_133,OK,413.85,173.06,1,1,2117.43798828125,834.6400146484375,0.9091551303863525,2113.35302734375,801.9595947265625,0.9828071594238281,2117.43798828125,801.9595947265625,0.8816707134246826,2113.35302734375,801.9595947265625,0.9626926183700562,2105.18310546875,801.9595947265625,0.9788256883621216,2097.012939453125,797.8746337890625,0.9098330736160278,2092.927978515625,797.8746337890625,0.9634628295898438,2015.312255859375,797.8746337890625,0.7201703190803528,2007.14208984375,801.9595947265625,0.8572616577148438,2105.18310546875,875.4903564453125,0.9826407432556152,2088.8427734375,867.3201904296875,0.9693324565887451,1925.44140625,985.7864990234375,0.6454657316207886,1949.95166015625,1010.2965087890625,0.7291154265403748,1982.6318359375,1288.0792236328125,0.382837176322937,1958.12158203125,1259.4840087890625,0.6542088985443115,1913.18603515625,1504.5863037109375,0.6612498760223389,1937.6962890625,1512.7564697265625,0.7107477188110352,1876.4208984375,1880.4100341796875,0.5733028650283813,2113.35302734375,1921.2601318359375,0.7387276887893677,1864.165771484375,2121.42724609375,0.6894294023513794,1896.84619140625,2137.767578125,0.7375186681747437,1815.145263671875,2150.0224609375,0.7492761015892029,1843.740478515625,2166.36279296875,0.7238081693649292,2003.05712890625,2260.31884765625,0.6643271446228027,2027.5673828125,2260.31884765625,0.7477984428405762,2016.5205078125,1324.3193359375,0.18776315450668335,2016.898681640625,1295.821044921875,0.1533326506614685,2016.5205078125,1278.29345703125,0.1846824735403061,2023.834228515625,1268.079345703125,0.15073952078819275,2030.6435546875,1259.883056640625,0.15092626214027405,2031.65234375,1283.9677734375,0.05823075771331787,2034.930908203125,1283.46337890625,0.08985819667577744,2034.930908203125,1276.7802734375,0.08803955465555191,2063.807373046875,1271.736328125,0.10534344613552094,2031.65234375,1294.181640625,0.05370032787322998,2037.8310546875,1285.35498046875,0.0753134936094284,2035.8134765625,1280.8154296875,0.08332991600036621,2063.807373046875,1272.618896484375,0.10001176595687866,2037.20068359375,1294.181640625,0.05325232818722725,2048.675537109375,1299.351806640625,0.07092045247554779,2049.810546875,1285.102783203125,0.07119014114141464,2063.807373046875,1324.3193359375,0.1283103972673416,2035.8134765625,1303.2607421875,0.04805927723646164,2051.32373046875,1303.76513671875,0.07502525299787521,2063.807373046875,1324.3193359375,0.07580927014350891,2063.807373046875,1324.3193359375,0.11293788254261017,1882.6650390625,1324.1173095703125,0.05831974744796753,1937.801513671875,1323.4549560546875,0.04304438829421997,1910.8128662109375,1328.9189453125,0.05741317197680473,1912.137451171875,1323.4549560546875,0.06800728291273117,1909.9849853515625,1320.30908203125,0.0692637711763382,1909.8193359375,1334.21728515625,0.08883330971002579,1909.4881591796875,1329.08447265625,0.09360717236995697,1909.4881591796875,1322.13037109375,0.08456514775753021,1907.6668701171875,1317.825439453125,0.09078404307365417,1911.9718017578125,1332.8927001953125,0.09777238965034485,1911.47509765625,1333.223876953125,0.09655319154262543,1909.9849853515625,1324.4483642578125,0.08397412300109863,1907.004638671875,1319.1500244140625,0.0940898060798645,1913.29638671875,1332.23046875,0.09056149423122406,1913.29638671875,1329.08447265625,0.09381365031003952,1910.1505126953125,1324.779541015625,0.08612346649169922,1907.170166015625,1320.1434326171875,0.10628469288349152,1911.8062744140625,1329.08447265625,0.08022187650203705,1912.137451171875,1326.600830078125,0.10650049149990082,1910.1505126953125,1323.4549560546875,0.10200238972902298,1908.16357421875,1320.30908203125,0.07877665758132935
DJI_20260917132204_0059_D.JPG,Cam 6,6,ARAMANDI,INCORRECT,INSUFFICIENT_KNEE_BEND,,dwpose_l_wholebody,coco_wholebody_133,OK,413.47,217.39,1,1,2092.624755859375,723.246826171875,0.9146347045898438,2084.012939453125,697.410888671875,0.9878112077713013,2088.31884765625,697.410888671875,0.8866288065910339,2084.012939453125,697.410888671875,0.9619053602218628,2075.40087890625,697.410888671875,0.9830036163330078,2071.094970703125,697.410888671875,0.9131631255149841,2062.48291015625,697.410888671875,0.9527443647384644,2010.811279296875,714.634765625,0.7089786529541016,1984.975341796875,718.940673828125,0.8464433550834656,2084.012939453125,762.00048828125,0.9855859279632568,2071.094970703125,762.00048828125,0.9754146337509155,1963.445556640625,908.40380859375,0.6591024398803711,1924.691650390625,908.40380859375,0.7331408262252808,2006.505126953125,1183.986572265625,0.40344852209091187,1950.527587890625,1175.37451171875,0.6332704424858093,1972.057373046875,1382.0615234375,0.6522638201713562,1916.07958984375,1377.755615234375,0.6677733659744263,1989.28125,1782.517578125,0.602303147315979,2002.19921875,1782.517578125,0.7347241640090942,1855.7958984375,2058.10009765625,0.5311477184295654,1881.6318359375,2148.525634765625,0.7755754590034485,1821.34814453125,2083.93603515625,0.568556547164917,1851.489990234375,2178.66748046875,0.7211583852767944,1928.99755859375,2217.42138671875,0.520450234413147,1980.669189453125,2282.010986328125,0.8249393105506897,1972.53759765625,1229.366455078125,0.22969767451286316,1972.53759765625,1226.1307373046875,0.13020122051239014,1923.4613037109375,1221.8162841796875,0.10185328125953674,1898.3839111328125,1179.7509765625,0.1180170327425003,1897.3052978515625,1179.7509765625,0.10799610614776611,1901.61962890625,1203.21044921875,0.276863157749176,1884.6317138671875,1194.851318359375,0.3131149411201477,1869.5313720703125,1200.244384765625,0.3105740547180176,1860.6329345703125,1208.064208984375,0.3944336771965027,1898.1142578125,1215.6143798828125,0.2986277937889099,1866.565185546875,1218.58056640625,0.3222452998161316,1845.262939453125,1230.445068359375,0.28935205936431885,1834.74658203125,1251.2081298828125,0.2882837653160095,1897.574951171875,1226.939697265625,0.2785549759864807,1870.34033203125,1233.680908203125,0.32001975178718567,1850.925537109375,1250.1295166015625,0.27128762006759644,1834.74658203125,1264.4208984375,0.3116871118545532,1901.35009765625,1241.7703857421875,0.2567960023880005,1880.856689453125,1249.0509033203125,0.34219950437545776,1864.4080810546875,1254.713623046875,0.3190300464630127,1847.95947265625,1260.376220703125,0.28942641615867615,1927.08154296875,1234.42578125,0.1381857693195343,1956.9700927734375,1221.326416015625,0.05442412570118904,1989.0726318359375,1203.9837646484375,0.040688008069992065,1989.441650390625,1177.9696044921875,0.05937139689922333,2021.3597412109375,1177.9696044921875,0.09791170060634613,2021.3597412109375,1225.016357421875,0.10017377883195877,2021.3597412109375,1225.016357421875,0.10368326306343079,2021.3597412109375,1177.9696044921875,0.07426468282938004,2021.3597412109375,1177.9696044921875,0.05727219581604004,2006.2308349609375,1232.396240234375,0.09893988072872162,2021.3597412109375,1225.200927734375,0.09947764873504639,1996.636962890625,1225.200927734375,0.07238809764385223,1980.9547119140625,1225.200927734375,0.04173698276281357,1998.66650390625,1234.0567626953125,0.0632408857345581,2021.3597412109375,1225.200927734375,0.05848309397697449,1997.7440185546875,1222.2489013671875,0.046320945024490356,1981.32373046875,1221.6954345703125,0.025324977934360504,2021.3597412109375,1253.613525390625,0.08288560807704926,2021.3597412109375,1253.7979736328125,0.08280819654464722,1989.0726318359375,1272.2476806640625,0.04330284148454666,1971.7298583984375,1177.9696044921875,0.04916398972272873
DJI_20260917132206_0060_D.JPG,Cam 6,6,ARAMANDI,INCORRECT,INSUFFICIENT_KNEE_BEND,,dwpose_l_wholebody,coco_wholebody_133,OK,422.88,199.55,1,1,2079.6337890625,718.7728271484375,0.9095562696456909,2071.00244140625,692.8795166015625,0.9802791476249695,2075.318359375,692.8795166015625,0.8812198638916016,2071.00244140625,692.8795166015625,0.9535689353942871,2062.37158203125,692.8795166015625,0.9744868278503418,2058.05615234375,692.8795166015625,0.9067164063453674,2049.4248046875,692.8795166015625,0.9412403106689453,1993.3226318359375,705.8260498046875,0.7124202251434326,1976.0604248046875,714.4573974609375,0.8443926572799683,2075.318359375,757.6126708984375,0.9813218116760254,2058.05615234375,753.2972412109375,0.9711804389953613,1945.8516845703125,904.3416748046875,0.6598888635635376,1915.6427001953125,912.9727783203125,0.7554638385772705,1967.4293212890625,1184.8529052734375,0.3984142541885376,1932.9049072265625,1176.2215576171875,0.6901502013206482,1963.1138916015625,1387.6839599609375,0.6604588031768799,1911.3272705078125,1391.9993896484375,0.681877613067627,1976.0604248046875,1793.3460693359375,0.5860748291015625,2001.9537353515625,1793.3460693359375,0.7493190169334412,1846.5938720703125,2039.3323974609375,0.4963274896144867,1881.1182861328125,2151.537109375,0.8002272248268127,1820.7003173828125,2030.7015380859375,0.5310745239257812,1855.2249755859375,2181.74609375,0.7300388813018799,1945.8516845703125,2224.9013671875,0.4987676739692688,1980.3760986328125,2285.3193359375,0.8343639373779297,1947.2381591796875,1226.1729736328125,0.19907903671264648,1919.9288330078125,1219.68701171875,0.1805015504360199,1907.2982177734375,1216.61474609375,0.17162305116653442,1899.7882080078125,1184.184814453125,0.12698768079280853,1879.30615234375,1184.184814453125,0.08720922470092773,1892.6195068359375,1204.6668701171875,0.27143463492393494,1876.9166259765625,1184.184814453125,0.3131871521472931,1861.5550537109375,1197.8394775390625,0.3254684507846832,1849.607177734375,1206.715087890625,0.32529202103614807,1890.5712890625,1212.1768798828125,0.29345107078552246,1859.16552734375,1215.590576171875,0.301986962556839,1838.000732421875,1227.8797607421875,0.3244518041610718,1824.004638671875,1241.193115234375,0.36534327268600464,1890.91259765625,1223.4420166015625,0.2627597153186798,1861.8963623046875,1231.9761962890625,0.31339865922927856,1840.3902587890625,1245.9722900390625,0.29556000232696533,1826.394287109375,1262.0164794921875,0.2892315983772278,1893.6435546875,1238.8035888671875,0.25893375277519226,1869.065185546875,1246.996337890625,0.3449205160140991,1851.3140869140625,1253.4822998046875,0.3371778130531311,1835.9525146484375,1259.2855224609375,0.3026902973651886,1944.0211181640625,1124.6597900390625,0.17682692408561707,1944.0211181640625,1124.6597900390625,0.14141733944416046,1944.0211181640625,1124.6597900390625,0.08728289604187012,1944.0211181640625,1124.6597900390625,0.08758698403835297,1944.0211181640625,1124.6597900390625,0.11429285258054733,1981.571533203125,1124.6597900390625,0.0736413225531578,1980.31982421875,1124.6597900390625,0.06966380029916763,2006.7615966796875,1124.6597900390625,0.10568846762180328,1944.0211181640625,1124.6597900390625,0.1695660650730133,1972.6533203125,1150.4757080078125,0.07857994735240936,1967.020751953125,1124.6597900390625,0.06170431524515152,1960.29296875,1124.6597900390625,0.11237837374210358,1944.0211181640625,1186.3050537109375,0.1701391637325287,1944.0211181640625,1150.4757080078125,0.08578240871429443,1944.0211181640625,1168.4686279296875,0.0725058764219284,1944.0211181640625,1124.6597900390625,0.11156462132930756,1944.0211181640625,1185.5228271484375,0.1865679919719696,1982.0408935546875,1149.849853515625,0.07007543742656708,1944.0211181640625,1164.713623046875,0.08096893876791,1944.0211181640625,1172.2236328125,0.12189721316099167,1944.0211181640625,1124.6597900390625,0.15257568657398224
DJI_20260917132245_0061_D.JPG,Cam 6,7,ARAMANDI,INCORRECT,FEET_TOO_FAR_APART,,dwpose_l_wholebody,coco_wholebody_133,OK,436.57,202.42,1,1,2092.508544921875,846.981201171875,0.9008768200874329,2084.3564453125,818.448974609375,0.9851293563842773,2088.432373046875,818.448974609375,0.8797640204429626,2088.432373046875,818.448974609375,0.959079384803772,2072.128173828125,818.448974609375,0.9701233506202698,2063.976318359375,818.448974609375,0.8987598419189453,2055.82421875,818.448974609375,0.9488511681556702,2015.063720703125,834.7529296875,0.6740022897720337,1978.379638671875,842.905029296875,0.8235340118408203,2088.432373046875,887.741455078125,0.9854178428649902,2068.05224609375,883.665283203125,0.9686403274536133,1966.1513671875,1030.402587890625,0.6286816596984863,1933.543212890625,1038.5546875,0.7144420146942139,2010.98779296875,1327.953125,0.42198461294174194,1962.075439453125,1299.4208984375,0.6427205801010132,1962.075439453125,1499.146484375,0.665276825428009,1905.010986328125,1503.22265625,0.69435715675354,1970.227294921875,1882.293701171875,0.5435395836830139,2051.748291015625,1882.293701171875,0.752956748008728,1839.794189453125,2029.031005859375,0.5109752416610718,1896.85888671875,2204.300537109375,0.8180351257324219,1799.033935546875,2049.410888671875,0.5398213863372803,1864.250732421875,2224.680419921875,0.7596298456192017,1900.934814453125,2257.288818359375,0.4246329963207245,1986.531494140625,2371.417724609375,0.8473606705665588,2340.07373046875,1785.1429443359375,0.3636581003665924,2340.07373046875,1785.1429443359375,0.37791770696640015,2340.07373046875,1785.1429443359375,0.3740882873535156,2340.07373046875,1785.1429443359375,0.3700014352798462,2005.7774658203125,1785.1429443359375,0.33075422048568726,2340.07373046875,1785.1429443359375,0.3434108793735504,2340.07373046875,1785.1429443359375,0.36818647384643555,2340.07373046875,1785.1429443359375,0.35770493745803833,2005.7774658203125,1450.8468017578125,0.3229914903640747,2340.07373046875,1785.1429443359375,0.33848538994789124,2005.7774658203125,1785.1429443359375,0.35848933458328247,2005.7774658203125,1785.1429443359375,0.34916090965270996,2005.7774658203125,1785.1429443359375,0.29648399353027344,2340.07373046875,1785.1429443359375,0.34704864025115967,2340.07373046875,1785.1429443359375,0.33076441287994385,2340.07373046875,1785.1429443359375,0.3598859906196594,2005.7774658203125,1785.1429443359375,0.3686242997646332,2340.07373046875,1785.1429443359375,0.34306931495666504,2340.07373046875,1785.1429443359375,0.38683730363845825,2340.07373046875,1785.1429443359375,0.37379753589630127,2005.7774658203125,1785.1429443359375,0.3191492557525635,1959.1820068359375,1362.3365478515625,0.08663398027420044,1959.1820068359375,1362.3365478515625,0.0780835896730423,1959.1820068359375,1362.3365478515625,0.07212641090154648,2007.652587890625,1362.3365478515625,0.09030187875032425,2011.3470458984375,1362.3365478515625,0.10096000134944916,2001.7415771484375,1362.3365478515625,0.05361136794090271,1994.2049560546875,1362.3365478515625,0.05668259412050247,2002.6282958984375,1362.3365478515625,0.06644947081804276,2002.3326416015625,1362.3365478515625,0.09022755175828934,2001.59375,1324.653564453125,0.05404512956738472,2001.7415771484375,1362.3365478515625,0.07153608649969101,2000.1160888671875,1362.3365478515625,0.08584168553352356,2002.037109375,1362.3365478515625,0.1021898165345192,2001.7415771484375,1362.3365478515625,0.06676612794399261,2007.8004150390625,1362.3365478515625,0.08844934403896332,2002.6282958984375,1362.3365478515625,0.09667542576789856,2009.13037109375,1362.3365478515625,0.11315454542636871,2003.8104248046875,1362.3365478515625,0.09324737638235092,2010.01708984375,1362.3365478515625,0.12412955611944199,2010.164794921875,1362.3365478515625,0.13983532786369324,2011.6427001953125,1362.3365478515625,0.12940794229507446
DJI_20260917132246_0062_D.JPG,Cam 6,7,ARAMANDI,INCORRECT,FEET_TOO_FAR_APART,,dwpose_l_wholebody,coco_wholebody_133,OK,439.38,196.47,1,1,2085.7470703125,848.5611572265625,0.8947714567184448,2077.58447265625,819.9910888671875,0.9669204950332642,2081.666015625,819.9910888671875,0.8770046830177307,2081.666015625,824.0726318359375,0.9439772367477417,2061.2587890625,824.0726318359375,0.9519780874252319,2057.17724609375,819.9910888671875,0.8864851593971252,2049.01416015625,824.0726318359375,0.9338390827178955,2016.3629150390625,836.3170166015625,0.6691042184829712,1975.5484619140625,844.4798583984375,0.8116823434829712,2081.666015625,889.3756103515625,0.9723660945892334,2061.2587890625,885.2940673828125,0.9557596445083618,1971.4669189453125,1028.1444091796875,0.6467596888542175,1922.4898681640625,1024.0628662109375,0.731829047203064,2028.6070556640625,1305.6817626953125,0.42220571637153625,1938.8155517578125,1273.0303955078125,0.6867295503616333,1955.1412353515625,1485.2650146484375,0.6690361499786377,1906.1641845703125,1485.2650146484375,0.6981447339057922,1995.9556884765625,1873.0010986328125,0.5589243173599243,2061.2587890625,1873.0010986328125,0.7636629343032837,1853.1055908203125,2032.1771240234375,0.47565311193466187,1902.0826416015625,2207.6787109375,0.8251330852508545,1832.6983642578125,2060.7470703125,0.5055210590362549,1869.4312744140625,2228.0859375,0.7690091133117676,1914.3270263671875,2260.7373046875,0.41058364510536194,1987.7928466796875,2358.69189453125,0.8335273861885071,1919.23486328125,1345.9090576171875,0.39128464460372925,1906.966552734375,1349.46044921875,0.3834618628025055,1890.178466796875,1361.40576171875,0.4076712727546692,1890.178466796875,1365.2799072265625,0.39555370807647705,1890.178466796875,1368.831298828125,0.33090174198150635,1890.178466796875,1357.208740234375,0.34178417921066284,1890.178466796875,1320.404052734375,0.2646482288837433,1890.178466796875,1320.404052734375,0.24136891961097717,1890.178466796875,1320.404052734375,0.20579421520233154,1890.178466796875,1320.404052734375,0.33690184354782104,1890.178466796875,1320.404052734375,0.24894869327545166,1890.178466796875,1320.404052734375,0.22572341561317444,1890.178466796875,1320.404052734375,0.16412353515625,1890.178466796875,1320.404052734375,0.32971030473709106,1890.178466796875,1320.404052734375,0.27145105600357056,1890.178466796875,1320.404052734375,0.23104554414749146,1890.178466796875,1320.404052734375,0.20529577136039734,1890.178466796875,1320.404052734375,0.3152119517326355,1890.178466796875,1320.404052734375,0.3290597200393677,1890.178466796875,1320.404052734375,0.303708553314209,1890.178466796875,1320.404052734375,0.23459549248218536,1961.701416015625,1297.665283203125,0.13716435432434082,1961.701416015625,1340.8045654296875,0.14140205085277557,1961.701416015625,1346.082275390625,0.09128919243812561,2004.611328125,1351.3599853515625,0.09893349558115005,2012.4130859375,1356.408203125,0.08359847217798233,2016.31396484375,1356.408203125,0.10059688985347748,2006.676513671875,1385.3206787109375,0.07808053493499756,2030.311279296875,1383.9439697265625,0.06889354437589645,2027.328369140625,1378.436767578125,0.11361178010702133,2017.23193359375,1359.6207275390625,0.10014018416404724,2011.265625,1381.8787841796875,0.09504495561122894,2027.328369140625,1382.337646484375,0.09224054217338562,1988.7781982421875,1379.8135986328125,0.1050952896475792,2016.54345703125,1363.0626220703125,0.09683837741613388,2008.97119140625,1382.796630859375,0.11365723609924316,2004.3818359375,1382.567138671875,0.09060942381620407,1988.7781982421875,1380.501953125,0.10397258400917053,2006.906005859375,1365.8162841796875,0.07305466383695602,2003.693359375,1386.927001953125,0.14491042494773865,1998.874755859375,1384.63232421875,0.13912701606750488,1988.3193359375,1380.501953125,0.142837792634964
DJI_20260917132319_0063_D.JPG,Cam 6,8,ARAMANDI,INCORRECT,FEET_NOT_IN_LINE,,dwpose_l_wholebody,coco_wholebody_133,OK,558.36,275.95,1,1,2163.177734375,844.9775390625,0.9123382568359375,2155.138671875,812.820556640625,0.9826634526252747,2155.138671875,812.820556640625,0.872086763381958,2155.138671875,816.84033203125,0.9569201469421387,2143.07958984375,816.84033203125,0.9751220345497131,2139.06005859375,812.820556640625,0.9026234149932861,2127.0009765625,812.820556640625,0.9564110040664673,2070.7265625,828.89892578125,0.6885023713111877,2046.6090087890625,832.918701171875,0.8439048528671265,2155.138671875,885.173583984375,0.9885023832321167,2139.06005859375,881.154052734375,0.9845964908599854,2006.4127197265625,1025.860107421875,0.6558600664138794,1990.3343505859375,1045.958251953125,0.7184990644454956,2034.5501708984375,1307.233154296875,0.37272709608078003,2002.3931884765625,1331.350830078125,0.5982834696769714,1998.3736572265625,1496.15478515625,0.6565660238265991,1938.0792236328125,1508.2138671875,0.685228705406189,2139.06005859375,1865.95947265625,0.5723455548286438,2147.09912109375,1873.99853515625,0.6911222338676453,1922.0008544921875,2099.09716796875,0.5121291875839233,1938.0792236328125,2143.312744140625,0.6883130073547363,1897.8831787109375,2115.175537109375,0.5475390553474426,1893.8636474609375,2167.430419921875,0.6688486337661743,2090.82470703125,2251.84228515625,0.5785322189331055,2098.86376953125,2255.862060546875,0.7485729455947876,2269.992919921875,1592.251220703125,0.3449089527130127,2269.992919921875,1592.251220703125,0.35431182384490967,2269.992919921875,1592.251220703125,0.3496989905834198,2269.992919921875,1592.251220703125,0.33368244767189026,2031.241455078125,1592.251220703125,0.27226269245147705,2269.992919921875,1592.251220703125,0.30336910486221313,2269.992919921875,1592.251220703125,0.33314645290374756,2269.992919921875,1592.251220703125,0.32100945711135864,2031.241455078125,1592.251220703125,0.2620970606803894,2269.992919921875,1592.251220703125,0.30888599157333374,2269.992919921875,1592.251220703125,0.3151463270187378,2269.992919921875,1592.251220703125,0.2981224060058594,2031.241455078125,1592.251220703125,0.25053951144218445,2269.992919921875,1592.251220703125,0.3195335268974304,2269.992919921875,1592.251220703125,0.29099318385124207,2269.992919921875,1592.251220703125,0.30719053745269775,2031.241455078125,1592.251220703125,0.30799931287765503,2269.992919921875,1592.251220703125,0.32022935152053833,2269.992919921875,1592.251220703125,0.33646100759506226,2269.992919921875,1592.251220703125,0.33043327927589417,2031.241455078125,1592.251220703125,0.2591351568698883,2064.529541015625,1298.164794921875,0.3271769881248474,2064.529541015625,1433.5623779296875,0.31396958231925964,2064.529541015625,1298.164794921875,0.3131084144115448,2064.529541015625,1298.164794921875,0.3164028525352478,2064.529541015625,1298.164794921875,0.32105594873428345,2064.529541015625,1298.164794921875,0.35000333189964294,2064.529541015625,1298.164794921875,0.3243938088417053,2064.529541015625,1298.164794921875,0.31896448135375977,2064.529541015625,1298.164794921875,0.300263911485672,2064.529541015625,1298.164794921875,0.3357219099998474,2064.529541015625,1298.164794921875,0.3246271312236786,2064.529541015625,1433.5623779296875,0.31795722246170044,2064.529541015625,1433.5623779296875,0.2824467718601227,2064.529541015625,1298.164794921875,0.33537426590919495,2064.529541015625,1298.164794921875,0.32047760486602783,2064.529541015625,1433.5623779296875,0.3233545422554016,2064.529541015625,1433.5623779296875,0.3131888508796692,2064.529541015625,1298.164794921875,0.3303029239177704,2064.529541015625,1433.5623779296875,0.359631210565567,2064.529541015625,1433.5623779296875,0.3531578779220581,2064.529541015625,1433.5623779296875,0.31045299768447876
DJI_20260917132321_0064_D.JPG,Cam 6,8,ARAMANDI,INCORRECT,FEET_NOT_IN_LINE,,dwpose_l_wholebody,coco_wholebody_133,OK,554.2,199.19,1,1,2170.305908203125,849.48193359375,0.914438784122467,2166.287353515625,817.333251953125,0.9797307252883911,2170.305908203125,817.333251953125,0.8736264705657959,2166.287353515625,817.333251953125,0.956324577331543,2154.231689453125,817.333251953125,0.964735746383667,2150.213134765625,817.333251953125,0.9000909328460693,2142.176025390625,817.333251953125,0.9572805166244507,2077.878662109375,825.370361328125,0.7115061283111572,2061.804443359375,833.407470703125,0.8401979207992554,2162.268798828125,889.667724609375,0.9793556928634644,2146.194580078125,885.649169921875,0.9729211926460266,2017.599853515625,1030.318115234375,0.6555514335632324,1993.488525390625,1042.373779296875,0.7240744829177856,2049.748779296875,1299.56298828125,0.4050526022911072,2009.562744140625,1311.61865234375,0.6031053066253662,2001.525634765625,1492.454833984375,0.6525000333786011,1941.246826171875,1508.529052734375,0.6920874714851379,2093.952880859375,1870.201416015625,0.5481095910072327,2146.194580078125,1870.201416015625,0.7647535800933838,1929.191162109375,2079.16748046875,0.4823196530342102,1949.2841796875,2151.501953125,0.7648798227310181,1905.079833984375,2083.18603515625,0.5035862922668457,1901.061279296875,2175.613525390625,0.7360494136810303,2097.971435546875,2215.79931640625,0.5066759586334229,2101.990478515625,2255.985107421875,0.8223916888237,2108.3623046875,1446.3951416015625,0.12455922365188599,2109.35986328125,1446.3951416015625,0.0780625194311142,2099.135498046875,1446.3951416015625,0.06451458483934402,2099.384765625,1446.3951416015625,0.08973506093025208,2108.611572265625,1446.3951416015625,0.09074856340885162,2107.6142578125,1372.081787109375,0.11467393487691879,2108.611572265625,1446.3951416015625,0.11847943067550659,2108.3623046875,1446.3951416015625,0.1335563361644745,2108.113037109375,1446.3951416015625,0.13559386134147644,2110.606689453125,1446.3951416015625,0.10108833014965057,2108.3623046875,1446.3951416015625,0.0953509733080864,2100.881103515625,1446.3951416015625,0.12218202650547028,2152.251953125,1446.3951416015625,0.143185093998909,2112.10302734375,1446.3951416015625,0.0854211375117302,2100.6318359375,1446.3951416015625,0.10419813543558121,2100.881103515625,1446.3951416015625,0.14931225776672363,2096.89111328125,1446.3951416015625,0.1625940203666687,2112.85107421875,1446.3951416015625,0.09268301725387573,2134.7958984375,1446.3951416015625,0.10710372030735016,2144.521484375,1446.3951416015625,0.13713714480400085,2152.002685546875,1446.3951416015625,0.13572478294372559,2110.6015625,1417.640869140625,0.11453032493591309,2110.6015625,1373.05859375,0.07702061533927917,2088.98583984375,1366.3037109375,0.056731291115283966,2095.0654296875,1417.640869140625,0.07169409096240997,2100.01904296875,1345.3636474609375,0.06856073439121246,2117.806640625,1364.0521240234375,0.09747252613306046,2116.230712890625,1356.17138671875,0.08299049735069275,2115.330078125,1417.640869140625,0.08895112574100494,2120.5087890625,1302.582763671875,0.1219334825873375,2118.482177734375,1362.92626953125,0.10131144523620605,2119.3828125,1353.6947021484375,0.07146932929754257,2116.230712890625,1417.640869140625,0.09055884182453156,2122.31005859375,1302.582763671875,0.09017960727214813,2119.3828125,1364.0521240234375,0.09966553747653961,2118.70751953125,1357.2972412109375,0.07095658779144287,2117.3564453125,1417.640869140625,0.09288084506988525,2122.31005859375,1417.640869140625,0.08653920888900757,2123.660888671875,1365.6282958984375,0.08089794218540192,2137.62109375,1364.7276611328125,0.08683569729328156,2144.3759765625,1417.640869140625,0.1192571222782135,2151.35595703125,1417.640869140625,0.09320004284381866
DJI_20260917132342_0065_D.JPG,Cam 6,9,SAMAPADHAM,INCORRECT,FEET_TOO_FAR_APART,,dwpose_l_wholebody,coco_wholebody_133,OK,423.42,205.28,1,1,2115.8173828125,699.8359375,0.899339497089386,2107.142333984375,669.47314453125,0.9514502286911011,2111.47998046875,669.47314453125,0.8651390075683594,2107.142333984375,669.47314453125,0.9172103404998779,2098.46728515625,669.47314453125,0.9465035200119019,2094.1298828125,665.1357421875,0.8817884922027588,2085.454833984375,669.47314453125,0.9119864702224731,2033.404541015625,682.48583984375,0.6997736096382141,2011.717041015625,686.8232421875,0.8207279443740845,2111.47998046875,738.87353515625,0.9573150873184204,2094.1298828125,734.5361328125,0.937105655670166,1994.36669921875,886.34912109375,0.6499041318893433,1959.666748046875,886.34912109375,0.7077428102493286,2033.404541015625,1159.613037109375,0.3926256000995636,1972.67919921875,1120.5751953125,0.6132434606552124,1994.36669921875,1385.1640625,0.6238247156143188,1924.966552734375,1385.1640625,0.6456058025360107,1924.966552734375,1775.540771484375,0.6778990030288696,1881.59130859375,1792.890625,0.7120036482810974,1894.60400390625,2061.81689453125,0.762917160987854,1868.578857421875,2178.93017578125,0.8151003122329712,1859.90380859375,2118.20458984375,0.8004096150398254,1833.87890625,2226.642578125,0.8329119682312012,2068.104736328125,2126.8798828125,0.7868826389312744,2068.104736328125,2252.66796875,0.8746602535247803,2047.174560546875,1222.076416015625,0.16962075233459473,2041.7421875,1233.227294921875,0.15526534616947174,2047.174560546875,1241.804931640625,0.12774111330509186,2006.85986328125,1266.9658203125,0.1217510849237442,2008.861328125,1280.1181640625,0.14558112621307373,2009.718994140625,1247.80908203125,0.11119101941585541,2007.431640625,1272.97021484375,0.15201234817504883,2009.718994140625,1277.259033203125,0.16003838181495667,2019.726318359375,1283.835205078125,0.1362535059452057,2010.86279296875,1251.81201171875,0.12162019312381744,2008.00341796875,1272.97021484375,0.16899986565113068,2015.4375,1276.97314453125,0.18735170364379883,2018.0107421875,1280.404052734375,0.14531399309635162,2008.00341796875,1254.099365234375,0.11677161604166031,2006.573974609375,1270.682861328125,0.1631469428539276,2013.43603515625,1272.97021484375,0.1665286123752594,2022.299560546875,1278.6884765625,0.14215627312660217,2004.572509765625,1254.099365234375,0.11723113059997559,2005.144287109375,1266.9658203125,0.15182891488075256,2006.85986328125,1270.96875,0.15528494119644165,2008.00341796875,1272.398193359375,0.11251881718635559,2032.261962890625,1204.5152587890625,0.1138177216053009,2002.85498046875,1206.216552734375,0.14034047722816467,1974.90625,1215.208740234375,0.18139830231666565,1974.90625,1222.9857177734375,0.1864294409751892,1974.90625,1229.0615234375,0.21067160367965698,2015.24951171875,1231.2489013671875,0.09017512202262878,2014.5205078125,1239.2689208984375,0.07014672458171844,1974.90625,1238.2967529296875,0.06961897015571594,1974.90625,1293.465087890625,0.09208570420742035,2024.970947265625,1224.4439697265625,0.08959286659955978,2024.970947265625,1227.3603515625,0.06172292307019234,2025.943115234375,1237.5677490234375,0.06115283817052841,2025.2138671875,1240.7271728515625,0.0579996220767498,2039.7958984375,1214.72265625,0.08110535144805908,2045.87158203125,1217.1529541015625,0.0636485293507576,2048.7880859375,1225.173095703125,0.062002286314964294,2046.600830078125,1221.04150390625,0.05291382968425751,2048.05908203125,1203.3001708984375,0.10323573648929596,2066.529296875,1203.05712890625,0.15903595089912415,2066.7724609375,1203.3001708984375,0.16717669367790222,2066.7724609375,1204.5152587890625,0.13062995672225952
DJI_20260917132344_0066_D.JPG,Cam 6,9,SAMAPADHAM,INCORRECT,FEET_TOO_FAR_APART,,dwpose_l_wholebody,coco_wholebody_133,OK,457.39,217.26,1,1,2116.641845703125,703.2945556640625,0.8916789889335632,2107.944580078125,672.8538818359375,0.9526541233062744,2112.293212890625,668.5050048828125,0.8629351854324341,2107.944580078125,672.8538818359375,0.9231828451156616,2099.2470703125,672.8538818359375,0.941814661026001,2094.8984375,668.5050048828125,0.8766287565231323,2086.200927734375,668.5050048828125,0.9086447358131409,2020.970703125,681.5511474609375,0.6985952854156494,2007.9248046875,685.8997802734375,0.8173916339874268,2107.944580078125,738.0841064453125,0.9535930156707764,2090.549560546875,733.7354736328125,0.935659646987915,1942.694580078125,885.9393310546875,0.6329907178878784,1977.48388671875,894.6368408203125,0.6809724569320679,1912.253662109375,1164.2550048828125,0.4115675687789917,2003.575927734375,1155.5577392578125,0.6067295074462891,1960.089111328125,1377.3406982421875,0.5937341451644897,1920.950927734375,1377.3406982421875,0.6337522268295288,1916.602294921875,1768.7222900390625,0.6752163767814636,1886.16162109375,1786.1173095703125,0.6922183036804199,1890.51025390625,2047.0382080078125,0.773334264755249,1868.766845703125,2177.49853515625,0.7953333258628845,1860.069580078125,2103.57080078125,0.8139331340789795,1833.977294921875,2225.333984375,0.8166185617446899,2064.45751953125,2120.96533203125,0.7951242923736572,2077.503662109375,2251.42626953125,0.8750062584877014,2013.086669921875,1195.5333251953125,0.2109907865524292,1976.1939697265625,1183.665771484375,0.17937630414962769,1957.360595703125,1171.798095703125,0.161979541182518,1941.107177734375,1151.4168701171875,0.18122008442878723,1931.0455322265625,1151.4168701171875,0.12283004820346832,1933.367431640625,1166.122314453125,0.3383954167366028,1911.6962890625,1151.4168701171875,0.38058626651763916,1898.2806396484375,1161.7364501953125,0.4554052948951721,1881.2532958984375,1169.7342529296875,0.4278777241706848,1925.3697509765625,1177.2159423828125,0.37644481658935547,1896.99072265625,1180.0538330078125,0.42423373460769653,1881.2532958984375,1187.7935791015625,0.3597642779350281,1881.2532958984375,1197.081298828125,0.29380980134010315,1924.853759765625,1191.405517578125,0.40689337253570557,1898.5386962890625,1198.6292724609375,0.454775869846344,1881.2532958984375,1209.46484375,0.3254111111164093,1881.2532958984375,1219.2685546875,0.21415099501609802,1928.7236328125,1206.8848876953125,0.35678088665008545,1908.0843505859375,1213.07666015625,0.44201046228408813,1890.7989501953125,1221.5904541015625,0.3992249369621277,1881.2532958984375,1229.588134765625,0.34511464834213257,2015.1817626953125,1153.1181640625,0.15443451702594757,1997.5526123046875,1195.901611328125,0.09864656627178192,1965.5186767578125,1212.885986328125,0.17273105680942535,1965.5186767578125,1214.60595703125,0.1983102411031723,1965.5186767578125,1214.8209228515625,0.13721540570259094,2005.9371337890625,1220.8406982421875,0.1693190634250641,2001.2073974609375,1224.7105712890625,0.14715367555618286,1994.3275146484375,1227.720458984375,0.16077962517738342,1978.6331787109375,1231.1602783203125,0.16261714696884155,2017.1168212890625,1215.680908203125,0.14186173677444458,2007.8721923828125,1215.680908203125,0.1303480565547943,1999.7025146484375,1214.1759033203125,0.1180172711610794,1965.5186767578125,1185.366943359375,0.11047142744064331,2028.7264404296875,1207.941162109375,0.1197550892829895,2020.5567626953125,1196.33154296875,0.0848679393529892,2010.4520263671875,1195.0416259765625,0.07950760424137115,2003.5723876953125,1184.93701171875,0.07576440274715424,2038.1859130859375,1191.1717529296875,0.14370042085647583,2036.0360107421875,1203.641357421875,0.08232877403497696,2028.9412841796875,1194.181640625,0.054197609424591064,2028.9412841796875,1153.1181640625,0.05006170645356178
DJI_20260917132559_0067_D.JPG,Cam 6,10,SAMAPADHAM,INCORRECT,FEET_NOT_ALIGNED,,dwpose_l_wholebody,coco_wholebody_133,OK,415.11,186.53,1,1,2192.59228515625,694.3597412109375,0.8938230276107788,2179.544677734375,663.9154052734375,0.9658401012420654,2183.893798828125,663.9154052734375,0.8650949001312256,2183.893798828125,668.2645263671875,0.939140796661377,2175.1953125,663.9154052734375,0.9472372531890869,2166.4970703125,663.9154052734375,0.8851466178894043,2162.14794921875,663.9154052734375,0.9211832284927368,2109.95751953125,681.3121337890625,0.7109586000442505,2083.8623046875,685.6612548828125,0.8278828859329224,2188.2431640625,737.8516845703125,0.9711322784423828,2170.84619140625,733.5023193359375,0.9504140615463257,2075.1640625,885.7239990234375,0.6359658241271973,2049.06884765625,881.3748779296875,0.6817566156387329,2109.95751953125,1194.5167236328125,0.447754442691803,2070.81494140625,1164.0723876953125,0.49379992485046387,2066.4658203125,1390.2301025390625,0.6323702931404114,1983.8310546875,1381.5318603515625,0.6445862054824829,2014.275390625,1768.6097412109375,0.6338129043579102,1940.339111328125,1777.3082275390625,0.6378992795944214,1953.38671875,2038.2593994140625,0.6440142393112183,1940.339111328125,2151.33837890625,0.7729798555374146,1922.9423828125,2094.798828125,0.6773126125335693,1905.54541015625,2194.83056640625,0.7782783508300781,2105.6083984375,2142.64013671875,0.670691192150116,2118.65576171875,2273.11572265625,0.859295129776001,1955.35791015625,1802.818359375,0.33430102467536926,1955.35791015625,1802.818359375,0.341006338596344,1955.35791015625,1802.818359375,0.32889223098754883,1955.35791015625,1802.818359375,0.33914798498153687,1955.35791015625,1802.818359375,0.3010399341583252,1955.35791015625,1802.818359375,0.28251349925994873,1955.35791015625,1802.818359375,0.3149906098842621,1955.35791015625,1802.818359375,0.32189351320266724,1955.35791015625,1802.818359375,0.30226588249206543,1955.35791015625,1802.818359375,0.2805655002593994,1955.35791015625,1802.818359375,0.3086030185222626,1955.35791015625,1802.818359375,0.3103591501712799,1955.35791015625,1802.818359375,0.28287816047668457,1955.35791015625,1802.818359375,0.2935935854911804,1955.35791015625,1802.818359375,0.28332197666168213,1955.35791015625,1802.818359375,0.3349369764328003,1955.35791015625,1802.818359375,0.36307579278945923,1955.35791015625,1802.818359375,0.3122897148132324,1955.35791015625,1802.818359375,0.35376399755477905,1955.35791015625,1802.818359375,0.3459908962249756,1955.35791015625,1802.818359375,0.32218697667121887,2045.9554443359375,1210.8248291015625,0.40562334656715393,2042.0850830078125,1190.828125,0.2936110496520996,2027.6790771484375,1168.251220703125,0.14671006798744202,2013.7027587890625,1210.8248291015625,0.10026362538337708,1962.9586181640625,1210.8248291015625,0.16096031665802002,2006.1771240234375,1166.74609375,0.45363950729370117,1979.2999267578125,1164.3809814453125,0.4426317811012268,1962.9586181640625,1171.261474609375,0.4143509864807129,1962.9586181640625,1177.927001953125,0.3213323950767517,2002.7369384765625,1180.0772705078125,0.3676978349685669,1972.8494873046875,1171.9066162109375,0.4432319402694702,1962.9586181640625,1179.2171630859375,0.3706669211387634,1962.9586181640625,1100.95068359375,0.30016016960144043,1994.5662841796875,1192.1182861328125,0.4650140702724457,1962.9586181640625,1190.6131591796875,0.501502513885498,1962.9586181640625,1198.5687255859375,0.42632484436035156,1962.9586181640625,1210.8248291015625,0.3059261739253998,1994.1361083984375,1210.8248291015625,0.4811970889568329,1962.9586181640625,1210.8248291015625,0.4878149926662445,1962.9586181640625,1210.8248291015625,0.4528646171092987,1962.9586181640625,1210.8248291015625,0.4078795909881592
DJI_20260917132601_0068_D.JPG,Cam 6,10,SAMAPADHAM,INCORRECT,FEET_NOT_ALIGNED,,dwpose_l_wholebody,coco_wholebody_133,OK,458.1,194.76,1,1,2206.78759765625,695.7750244140625,0.9032182097434998,2198.05810546875,665.2215576171875,0.9866882562637329,2198.05810546875,660.8568115234375,0.874793529510498,2198.05810546875,665.2215576171875,0.960625410079956,2189.328125,660.8568115234375,0.9711142778396606,2184.96337890625,660.8568115234375,0.901330828666687,2176.23388671875,660.8568115234375,0.9465177059173584,2119.49169921875,673.9510498046875,0.7332227230072021,2097.66796875,673.9510498046875,0.8550971746444702,2198.05810546875,735.0579833984375,0.9851235151290894,2184.96337890625,730.6932373046875,0.9706711769104004,2080.208984375,883.4605712890625,0.6507682800292969,2045.2906494140625,879.0955810546875,0.6984010934829712,2110.76220703125,1184.6302490234375,0.4681360721588135,2067.11474609375,1167.1712646484375,0.5239293575286865,2071.4794921875,1385.4102783203125,0.6442340016365051,1984.1837158203125,1376.6805419921875,0.6585295796394348,2014.7371826171875,1756.4163818359375,0.6277413964271545,1936.1710205078125,1769.5111083984375,0.6847617626190186,1953.6302490234375,2031.3978271484375,0.6667311191558838,1940.5360107421875,2149.24658203125,0.7887960076332092,1927.4415283203125,2083.77490234375,0.6945416927337646,1909.9825439453125,2192.89453125,0.7947701215744019,2110.76220703125,2105.59912109375,0.6888413429260254,2123.8564453125,2267.095703125,0.8630670309066772,1734.5184326171875,1315.6409912109375,0.43368014693260193,1734.5184326171875,1315.6409912109375,0.4445129632949829,1734.5184326171875,1315.6409912109375,0.5003561973571777,1734.5184326171875,1315.6409912109375,0.47068628668785095,1734.5184326171875,1282.611083984375,0.4636589288711548,1734.5184326171875,1315.6409912109375,0.46005111932754517,1734.5184326171875,1315.6409912109375,0.4261462092399597,1734.5184326171875,1315.6409912109375,0.4082013666629791,1734.5184326171875,1315.6409912109375,0.37767115235328674,2012.453369140625,1176.270751953125,0.5246393084526062,1973.7841796875,1177.0762939453125,0.44062668085098267,1958.4775390625,1183.521240234375,0.3717000484466553,1734.5184326171875,1275.360595703125,0.34362828731536865,2014.064697265625,1187.5491943359375,0.5147972106933594,1980.22900390625,1189.966064453125,0.423745721578598,1962.505615234375,1202.0501708984375,0.39395853877067566,1949.615966796875,1209.3006591796875,0.33706337213516235,2014.8701171875,1206.8837890625,0.45525115728378296,1989.896484375,1208.4949951171875,0.4062008261680603,1968.14501953125,1214.13427734375,0.3562443256378174,1952.83837890625,1248.7755126953125,0.34619778394699097,1950.002685546875,1185.044189453125,0.10971103608608246,1956.6201171875,1127.212890625,0.045809388160705566,1970.142822265625,1085.493896484375,0.05521304905414581,1960.935791015625,1085.493896484375,0.04941676929593086,1956.6201171875,1087.795654296875,0.04567607864737511,1956.332275390625,1067.6552734375,0.14113864302635193,1916.339599609375,1068.5185546875,0.10381375253200531,1936.47998046875,1080.027099609375,0.058764658868312836,1931.01318359375,1185.044189453125,0.06090788543224335,1937.055419921875,1075.71142578125,0.12228015810251236,1915.76416015625,1075.999267578125,0.09300767630338669,1920.943115234375,1185.044189453125,0.07246308028697968,1938.78173828125,1185.044189453125,0.07032310217618942,1925.834228515625,1084.343017578125,0.11228478699922562,1918.353759765625,1076.57470703125,0.1051810011267662,1923.244873046875,1094.700927734375,0.09209496527910233,1928.423828125,1185.044189453125,0.07795856893062592,1916.052001953125,1091.248291015625,0.118046835064888,1915.4765625,1099.30419921875,0.14696234464645386,1918.641357421875,1111.676025390625,0.13359461724758148,1922.3818359375,1128.075927734375,0.11806485056877136
DJI_20260917132635_0069_D.JPG,Cam 6,11,SAMAPADHAM,INCORRECT,WEIGHT_ON_ONE_LEG,,dwpose_l_wholebody,coco_wholebody_133,OK,434.54,222.38,1,1,2108.2392578125,694.485107421875,0.9223166704177856,2099.578125,664.171875,0.9803623557090759,2103.90869140625,664.171875,0.8837616443634033,2099.578125,668.50244140625,0.9507392644882202,2090.917236328125,664.171875,0.9862584471702576,2086.5869140625,664.171875,0.914309024810791,2077.92578125,664.171875,0.9563297033309937,2017.29931640625,672.832763671875,0.7066583633422852,1995.64697265625,681.49365234375,0.8453458547592163,2099.578125,737.78955078125,0.9768896102905273,2082.25634765625,733.459228515625,0.9755687713623047,1969.664306640625,880.695068359375,0.6733168363571167,1943.681640625,885.025390625,0.7380284667015076,2008.638427734375,1162.17529296875,0.48006731271743774,1969.664306640625,1153.51416015625,0.6624283790588379,1978.3251953125,1387.359375,0.6354553699493408,1922.029296875,1391.68994140625,0.6622756719589233,1956.6728515625,1755.44873046875,0.6853508949279785,1913.3681640625,1764.10986328125,0.6898682117462158,1909.03759765625,2049.92041015625,0.747761070728302,1878.724609375,2145.19091796875,0.8319656848907471,1870.0634765625,2097.5556640625,0.7679781913757324,1839.75048828125,2192.82568359375,0.8371261358261108,2064.9345703125,2127.869140625,0.7670345306396484,2064.9345703125,2218.80859375,0.8782869577407837,1972.0511474609375,1201.937744140625,0.16326822340488434,1944.119384765625,1164.5145263671875,0.13561135530471802,1933.2720947265625,1164.5145263671875,0.16747212409973145,1907.509765625,1164.5145263671875,0.19751746952533722,1881.4761962890625,1264.3096923828125,0.19258049130439758,1915.9163818359375,1175.633056640625,0.49978718161582947,1889.8828125,1164.5145263671875,0.4298630356788635,1881.4761962890625,1177.2601318359375,0.42587995529174805,1881.4761962890625,1182.9549560546875,0.3583095073699951,1912.933349609375,1187.836181640625,0.4901786148548126,1881.4761962890625,1192.4462890625,0.509772002696991,1881.4761962890625,1198.9547119140625,0.3305140733718872,1881.4761962890625,1204.6495361328125,0.24443912506103516,1911.5775146484375,1201.937744140625,0.5362730622291565,1888.5269775390625,1207.0902099609375,0.4837263226509094,1881.4761962890625,1211.971435546875,0.31604528427124023,1881.4761962890625,1216.58154296875,0.19908159971237183,1915.645263671875,1217.6663818359375,0.45814818143844604,1895.848876953125,1221.191650390625,0.501287579536438,1881.4761962890625,1226.8865966796875,0.3844846487045288,1881.4761962890625,1233.937255859375,0.3278714418411255,1995.2952880859375,1154.474365234375,0.1350231021642685,1979.3382568359375,1181.3785400390625,0.09765887260437012,1942.78564453125,1185.8316650390625,0.11695924401283264,1942.78564453125,1211.9937744140625,0.13358302414417267,1942.78564453125,1249.2884521484375,0.1283164918422699,1942.78564453125,1229.43505859375,0.14697909355163574,1942.78564453125,1249.2884521484375,0.14169275760650635,1942.78564453125,1249.2884521484375,0.09732189029455185,1942.78564453125,1205.8707275390625,0.06514281779527664,2006.4281005859375,1229.06396484375,0.1615714132785797,1997.5218505859375,1226.65185546875,0.08022736012935638,1994.9241943359375,1210.3238525390625,0.053411997854709625,1990.2855224609375,1205.3140869140625,0.04026917368173599,2037.5997314453125,1217.00341796875,0.12489858269691467,2037.5997314453125,1216.81787109375,0.09501015394926071,2014.0355224609375,1210.3238525390625,0.06897197663784027,2005.5003662109375,1196.7789306640625,0.051487382501363754,2037.5997314453125,1201.9742431640625,0.17548801004886627,2037.5997314453125,1212.17919921875,0.1658007651567459,2037.5997314453125,1209.3961181640625,0.13589033484458923,2037.5997314453125,1186.9449462890625,0.09919267892837524
DJI_20260917132637_0070_D.JPG,Cam 6,11,SAMAPADHAM,INCORRECT,WEIGHT_ON_ONE_LEG,,dwpose_l_wholebody,coco_wholebody_133,OK,411.84,180.14,1,1,2117.08740234375,697.6859130859375,0.9093323945999146,2108.421630859375,667.3558349609375,0.9649008512496948,2112.75439453125,663.0230712890625,0.8740618228912354,2108.421630859375,667.3558349609375,0.9384191036224365,2095.423095703125,667.3558349609375,0.9737946391105652,2091.09033203125,663.0230712890625,0.902782678604126,2082.424560546875,667.3558349609375,0.9393844604492188,2026.09716796875,676.0216064453125,0.7029072046279907,2000.10009765625,684.6873779296875,0.8426198959350586,2108.421630859375,736.6817626953125,0.9683840870857239,2091.09033203125,732.3489990234375,0.9595271348953247,1974.10302734375,883.9991455078125,0.6543893814086914,1956.771484375,892.6649169921875,0.7060444355010986,1995.76708984375,1169.9683837890625,0.43412113189697266,1969.77001953125,1156.9698486328125,0.6190729737281799,1974.10302734375,1390.9447021484375,0.6343687772750854,1917.775390625,1390.9447021484375,0.6603856086730957,1965.43701171875,1754.9056396484375,0.6867119073867798,1896.111328125,1763.5711669921875,0.6933740377426147,1909.10986328125,2049.54052734375,0.7926954030990601,1874.44677734375,2140.53076171875,0.8103122115135193,1878.77978515625,2097.2021484375,0.8344223499298096,1839.783935546875,2188.1923828125,0.8144505620002747,2065.093017578125,2136.19775390625,0.7815927863121033,2060.76025390625,2222.85498046875,0.8434630632400513,1989.8599853515625,1221.36669921875,0.14588019251823425,1975.293701171875,1227.1932373046875,0.1305943876504898,1958.54248046875,1168.685302734375,0.1497635543346405,1902.4622802734375,1168.685302734375,0.2247203290462494,1902.4622802734375,1168.685302734375,0.1882321834564209,1922.6123046875,1168.685302734375,0.4646207094192505,1902.4622802734375,1168.685302734375,0.43080800771713257,1902.4622802734375,1168.685302734375,0.3654758632183075,1902.4622802734375,1168.685302734375,0.3198172152042389,1914.3580322265625,1187.378662109375,0.5210028290748596,1902.4622802734375,1190.5347900390625,0.4386858642101288,1902.4622802734375,1199.517333984375,0.30900225043296814,1902.4622802734375,1204.615478515625,0.25521671772003174,1914.8436279296875,1201.2166748046875,0.5749627351760864,1902.4622802734375,1204.615478515625,0.4374089241027832,1902.4622802734375,1208.9853515625,0.3099045753479004,1902.4622802734375,1212.3841552734375,0.2532291114330292,1919.2135009765625,1217.2396240234375,0.49517524242401123,1902.4622802734375,1222.3377685546875,0.38573598861694336,1902.4622802734375,1229.1353759765625,0.3012634217739105,1902.4622802734375,1239.8173828125,0.2815568149089813,2028.87109375,1165.1519775390625,0.10539587587118149,2028.87109375,1165.1519775390625,0.09344883263111115,1934.0045166015625,1165.1519775390625,0.15538261830806732,1934.0045166015625,1165.1519775390625,0.17731083929538727,1934.0045166015625,1165.1519775390625,0.12632650136947632,2028.87109375,1165.1519775390625,0.21278905868530273,2028.87109375,1165.1519775390625,0.1428213119506836,2028.87109375,1191.3284912109375,0.08317145705223083,1934.0045166015625,1165.1519775390625,0.049462057650089264,2028.87109375,1222.8887939453125,0.11186187714338303,2028.87109375,1196.3409423828125,0.07935426384210587,2001.58056640625,1192.6280517578125,0.03945242613554001,1981.5306396484375,1218.0618896484375,0.02980336919426918,2028.87109375,1233.2850341796875,0.09982061386108398,2005.10791015625,1223.63134765625,0.06188175827264786,1988.0283203125,1222.331787109375,0.047538451850414276,1934.0045166015625,1218.6187744140625,0.06103256344795227,2028.87109375,1233.842041015625,0.12287916243076324,1934.0045166015625,1237.74072265625,0.09624140709638596,1934.0045166015625,1237.369384765625,0.08039234578609467,1934.0045166015625,1227.530029296875,0.0648600235581398
DJI_20260917132649_0071_D.JPG,Cam 6,12,MUZHUMANDI,INCORRECT,KNEES_FACING_FORWARD,,dwpose_l_wholebody,coco_wholebody_133,OK,412.12,185.56,1,1,2109.9931640625,1316.712158203125,0.9044363498687744,2104.191162109375,1287.702880859375,1.0027964115142822,2104.191162109375,1284.802001953125,0.8565417528152466,2104.191162109375,1284.802001953125,0.993026614189148,2095.488525390625,1287.702880859375,1.001099705696106,2089.686767578125,1284.802001953125,0.9043287634849548,2083.885009765625,1287.702880859375,0.9758719205856323,2005.560302734375,1290.603759765625,0.664362907409668,1996.857666015625,1299.306640625,0.8446222543716431,2098.389404296875,1354.423828125,0.9848200678825378,2086.785888671875,1354.423828125,0.9728109836578369,1988.155029296875,1467.559326171875,0.6196211576461792,1941.740478515625,1505.271240234375,0.7269174456596375,2025.86669921875,1734.443115234375,0.47479814291000366,1933.037841796875,1801.163818359375,0.6664320230484009,1993.956787109375,1891.092041015625,0.5976555943489075,1915.632080078125,1937.506591796875,0.6301800012588501,2220.227783203125,1981.020263671875,0.447623610496521,2289.849365234375,2195.687255859375,0.44293293356895447,1953.343994140625,2163.777587890625,0.3562396764755249,1817.001220703125,2163.777587890625,0.47808343172073364,1843.109619140625,2186.984619140625,0.35967832803726196,1802.496826171875,2175.381103515625,0.47300130128860474,2040.371337890625,2236.300048828125,0.3553803563117981,2034.569580078125,2259.507568359375,0.4103534519672394,1901.2269287109375,1805.320556640625,0.2971450090408325,1900.3856201171875,1790.17578125,0.30609336495399475,1897.02001953125,1776.7137451171875,0.2921191453933716,1892.3924560546875,1769.5621337890625,0.24988946318626404,1879.3511962890625,1773.76904296875,0.1671694815158844,1855.7926025390625,1769.9827880859375,0.4708956182003021,1836.8616943359375,1761.1483154296875,0.42733269929885864,1819.1927490234375,1758.624267578125,0.4511055648326874,1803.2066650390625,1760.7276611328125,0.5492399334907532,1846.1168212890625,1793.12060546875,0.4596654772758484,1819.6134033203125,1795.22412109375,0.38002830743789673,1798.999755859375,1799.8516845703125,0.42962056398391724,1783.85498046875,1808.265380859375,0.5041400194168091,1845.6961669921875,1812.4722900390625,0.4377686381340027,1820.0341796875,1817.9412841796875,0.4753444194793701,1801.1031494140625,1824.2515869140625,0.45728498697280884,1784.6962890625,1831.823974609375,0.5671181678771973,1852.0064697265625,1833.0860595703125,0.4644128680229187,1833.9168701171875,1838.9757080078125,0.4683685898780823,1815.4066162109375,1844.865234375,0.4698296785354614,1798.5789794921875,1849.0721435546875,0.612506628036499,2072.43115234375,1923.427978515625,0.2032914012670517,1906.31640625,1923.427978515625,0.16463692486286163,1906.31640625,1923.427978515625,0.15576648712158203,1906.31640625,1923.427978515625,0.1638200283050537,1906.31640625,1923.427978515625,0.09687861800193787,2017.8179931640625,1923.427978515625,0.13441741466522217,2018.7933349609375,1923.427978515625,0.12452183663845062,2025.2947998046875,1923.427978515625,0.137209951877594,2030.4959716796875,1923.427978515625,0.13127921521663666,2007.7406005859375,1923.427978515625,0.12120793014764786,2016.1925048828125,1923.427978515625,0.10827837139368057,2022.3690185546875,1923.427978515625,0.12787671387195587,2029.5208740234375,1923.427978515625,0.11093887686729431,2072.43115234375,1923.427978515625,0.1244361475110054,2018.7933349609375,1923.427978515625,0.0822296217083931,2024.6446533203125,1923.427978515625,0.13745632767677307,2031.4713134765625,1923.427978515625,0.12746484577655792,2072.43115234375,1923.427978515625,0.15149280428886414,1906.31640625,1923.427978515625,0.12496256828308105,2028.5455322265625,1923.427978515625,0.13297143578529358,2033.4217529296875,1923.427978515625,0.11076737940311432
DJI_20260917132651_0072_D.JPG,Cam 6,12,MUZHUMANDI,INCORRECT,KNEES_FACING_FORWARD,,dwpose_l_wholebody,coco_wholebody_133,OK,430.28,353.76,1,1,2100.10498046875,1312.7080078125,0.9022709131240845,2094.33984375,1283.88134765625,0.9925181269645691,2094.33984375,1283.88134765625,0.8622480034828186,2091.45703125,1283.88134765625,0.9824316501617432,2082.80908203125,1283.88134765625,0.9858596920967102,2079.92626953125,1283.88134765625,0.9014676213264465,2071.2783203125,1283.88134765625,0.9649447202682495,1999.2110595703125,1289.646728515625,0.6580184698104858,1987.6802978515625,1298.294677734375,0.8523062467575073,2085.69140625,1353.06591796875,0.9693424701690674,2074.1611328125,1350.18310546875,0.9665861129760742,1990.5628662109375,1465.49072265625,0.6269261240959167,1935.7916259765625,1502.9658203125,0.7315244674682617,2028.0377197265625,1727.81591796875,0.5021821856498718,1930.0262451171875,1794.11767578125,0.660593569278717,1996.3282470703125,1886.36376953125,0.6119275093078613,1909.8475341796875,1938.252197265625,0.6390047073364258,2226.943359375,1958.43115234375,0.4632183909416199,2296.1279296875,2186.16357421875,0.4992656111717224,1955.9705810546875,2154.4541015625,0.37016552686691284,1837.7801513671875,2163.10205078125,0.5256655216217041,1950.2052001953125,2168.86767578125,0.36745500564575195,1808.9532470703125,2168.86767578125,0.5169047713279724,2036.6859130859375,2229.404296875,0.36138179898262024,2030.9205322265625,2258.23095703125,0.47217005491256714,1905.737060546875,1801.966796875,0.30832406878471375,1900.8250732421875,1786.3375244140625,0.3419363796710968,1896.3594970703125,1770.2615966796875,0.3234370946884155,1886.0888671875,1765.349609375,0.2727782130241394,1885.642333984375,1771.601318359375,0.16332003474235535,1854.3837890625,1767.5823974609375,0.4928094446659088,1833.3958740234375,1759.097900390625,0.4795103073120117,1815.9803466796875,1756.8651123046875,0.506797730922699,1800.35107421875,1759.990966796875,0.644589900970459,1844.5596923828125,1791.24951171875,0.46101877093315125,1817.7666015625,1795.2684326171875,0.4450581967830658,1797.6717529296875,1800.6270751953125,0.5079531073570251,1782.9356689453125,1808.218505859375,0.5901813507080078,1844.5596923828125,1810.8978271484375,0.4464389979839325,1819.106201171875,1817.1495361328125,0.5452885627746582,1799.4580078125,1824.7408447265625,0.5570857524871826,1782.9356689453125,1833.225341796875,0.7201896905899048,1851.7044677734375,1832.3321533203125,0.4726240038871765,1832.5028076171875,1839.030517578125,0.5206105709075928,1814.1942138671875,1844.8355712890625,0.5644088983535767,1797.6717529296875,1849.3011474609375,0.7555976510047913,2076.444091796875,1929.004638671875,0.1636924147605896,2076.444091796875,1829.28125,0.12454257905483246,2076.444091796875,1842.13623046875,0.11862657219171524,2076.444091796875,1929.004638671875,0.12225490808486938,2076.444091796875,1872.91015625,0.07332797348499298,2076.444091796875,1851.095703125,0.10596270859241486,2076.444091796875,1864.34033203125,0.11261732876300812,2076.444091796875,1875.636962890625,0.1099247857928276,2076.444091796875,1882.25927734375,0.1201668530702591,2076.444091796875,1849.92724609375,0.1030261293053627,2076.444091796875,1853.43310546875,0.09322638064622879,2076.444091796875,1872.91015625,0.09793128073215485,2076.444091796875,1878.75341796875,0.06968798488378525,2076.444091796875,1851.095703125,0.08719084411859512,2076.444091796875,1861.223876953125,0.06591174006462097,2076.444091796875,1871.74169921875,0.08002626895904541,2076.444091796875,1877.584716796875,0.08964267373085022,2076.444091796875,1852.654052734375,0.07143016159534454,2076.444091796875,1863.95068359375,0.09769225120544434,2076.444091796875,1868.625244140625,0.10230714082717896,2076.444091796875,1874.85791015625,0.0929318442940712
DJI_20260917132740_0073_D.JPG,Cam 6,13,MUZHUMANDI,INCORRECT,BACK_BENT_FORWARD,,dwpose_l_wholebody,coco_wholebody_133,OK,440.67,266.52,1,1,2227.711181640625,1384.78857421875,0.9268085360527039,2230.533935546875,1353.739990234375,1.0181772708892822,2230.533935546875,1353.739990234375,0.9024991989135742,2230.533935546875,1353.739990234375,0.9950376152992249,2219.243408203125,1350.917236328125,0.9999579191207886,2213.598388671875,1348.0947265625,0.9025437235832214,2207.952880859375,1348.0947265625,0.9708690643310547,2126.097412109375,1339.626708984375,0.7124534845352173,2128.919921875,1345.27197265625,0.8772177696228027,2207.952880859375,1418.659912109375,0.9860121011734009,2193.840087890625,1413.0146484375,0.9826794266700745,2004.72509765625,1483.579833984375,0.6129710674285889,2032.951171875,1523.096435546875,0.7373003959655762,2001.902587890625,1763.018310546875,0.38341349363327026,1945.4501953125,1811.002685546875,0.6724019646644592,1790.206787109375,1884.390625,0.5939083099365234,1852.303955078125,1906.971435546875,0.6511070728302002,1821.25537109375,2231.57177734375,0.398959219455719,2140.210205078125,2206.168212890625,0.5345386862754822,1634.963134765625,2175.11962890625,0.43859344720840454,1691.415283203125,2149.716064453125,0.38405847549438477,1572.865478515625,2180.764892578125,0.44622355699539185,1668.83447265625,2141.248291015625,0.3933613896369934,1524.881103515625,2240.039794921875,0.4799891710281372,1524.881103515625,2279.556396484375,0.4044407904148102,2094.508056640625,1934.858642578125,0.3394513428211212,2094.508056640625,1934.858642578125,0.31240636110305786,2094.508056640625,1934.858642578125,0.2971097230911255,2094.508056640625,1934.858642578125,0.29115110635757446,2094.508056640625,1934.858642578125,0.2710476517677307,2094.508056640625,1934.858642578125,0.3320540189743042,2094.508056640625,1934.858642578125,0.3131186366081238,2094.508056640625,1934.858642578125,0.30946725606918335,2094.508056640625,1934.858642578125,0.2687709331512451,2094.508056640625,1934.858642578125,0.3193330764770508,2094.508056640625,1934.858642578125,0.30500859022140503,2094.508056640625,1934.858642578125,0.3051993250846863,2094.508056640625,1934.858642578125,0.22776974737644196,2094.508056640625,1934.858642578125,0.2839156985282898,2094.508056640625,1934.858642578125,0.27151501178741455,2094.508056640625,1934.858642578125,0.29114776849746704,2094.508056640625,1934.858642578125,0.26313644647598267,2094.508056640625,1934.858642578125,0.25753915309906006,2094.508056640625,1934.858642578125,0.2775511145591736,2094.508056640625,1934.858642578125,0.28450989723205566,2094.508056640625,1934.858642578125,0.25097382068634033,1899.4571533203125,2216.7265625,0.2079501450061798,1931.3372802734375,2233.097412109375,0.22441914677619934,1958.9093017578125,2246.021728515625,0.22804327309131622,1980.4500732421875,2269.28564453125,0.2267366498708725,1996.8209228515625,2284.794921875,0.20097044110298157,1961.4942626953125,2271.009033203125,0.30695927143096924,1976.1419677734375,2285.65673828125,0.3343421220779419,1976.1419677734375,2286.518310546875,0.3502867519855499,1981.3116455078125,2287.3798828125,0.33063268661499023,1939.0919189453125,2283.07177734375,0.28998368978500366,1947.7081298828125,2298.5810546875,0.3516477346420288,1948.5699462890625,2295.99609375,0.3489638864994049,1946.8465576171875,2299.442626953125,0.30934473872184753,1909.7967529296875,2281.348388671875,0.29868996143341064,1914.1048583984375,2294.27294921875,0.3176121711730957,1916.6895751953125,2292.549560546875,0.34356892108917236,1918.4129638671875,2294.27294921875,0.30735984444618225,1878.7781982421875,2276.1787109375,0.3106729984283447,1882.2244873046875,2287.3798828125,0.30876314640045166,1884.8094482421875,2283.07177734375,0.3236786723136902,1887.3944091796875,2277.902099609375,0.33454811573028564
DJI_20260917132742_0074_D.JPG,Cam 6,13,MUZHUMANDI,INCORRECT,BACK_BENT_FORWARD,,dwpose_l_wholebody,coco_wholebody_133,OK,445.45,228.63,1,1,2234.1826171875,1384.719970703125,0.9229379296302795,2234.1826171875,1356.43017578125,1.0119394063949585,2237.01123046875,1353.601318359375,0.8963901996612549,2234.1826171875,1356.43017578125,0.9888843894004822,2228.5244140625,1353.601318359375,1.0027538537979126,2220.03759765625,1350.7724609375,0.9053024053573608,2214.37939453125,1350.7724609375,0.9693254232406616,2129.5107421875,1342.285400390625,0.7138221263885498,2135.16845703125,1347.943359375,0.8829066753387451,2214.37939453125,1418.667724609375,0.9826122522354126,2200.23486328125,1415.838623046875,0.9708042144775391,2007.8648681640625,1478.076171875,0.6219450235366821,2036.1544189453125,1526.16845703125,0.7338852882385254,2002.2069091796875,1763.802001953125,0.3921658992767334,1948.4564208984375,1817.552490234375,0.6708381175994873,1790.0340576171875,1885.44775390625,0.5876563787460327,1852.2713623046875,1908.07958984375,0.6491210460662842,1821.1527099609375,2207.950439453125,0.3955140709877014,2143.6552734375,2216.4375,0.5428207516670227,1640.0987548828125,2174.0029296875,0.43216967582702637,1693.8492431640625,2154.2001953125,0.37740451097488403,1572.2032470703125,2182.48974609375,0.44034796953201294,1671.2174072265625,2142.88427734375,0.3884601593017578,1521.2818603515625,2239.0693359375,0.48454418778419495,1524.1109619140625,2278.6748046875,0.41672489047050476,2082.876953125,1877.486328125,0.1381898820400238,2084.186767578125,1818.017578125,0.08722220361232758,2095.7138671875,1819.0654296875,0.1266988217830658,2097.28564453125,1820.8992919921875,0.15677180886268616,2103.049072265625,1819.0654296875,0.1326495110988617,2099.381591796875,1820.1134033203125,0.2574778199195862,2102.525146484375,1826.662841796875,0.299166202545166,2101.7392578125,1833.2122802734375,0.28954827785491943,2102.525146484375,1839.4996337890625,0.25847575068473816,2097.547607421875,1825.6148681640625,0.27003467082977295,2099.6435546875,1833.9981689453125,0.31964194774627686,2095.18994140625,1842.9053955078125,0.3286646604537964,2083.138916015625,1844.477294921875,0.28779876232147217,2095.7138671875,1828.49658203125,0.23454314470291138,2096.23779296875,1837.9278564453125,0.25644969940185547,2090.21240234375,1846.31103515625,0.31068581342697144,2080.257080078125,1845.26318359375,0.32166945934295654,2095.7138671875,1877.486328125,0.16114959120750427,2099.11962890625,1877.486328125,0.1936057209968567,2081.8291015625,1847.0970458984375,0.22437752783298492,2078.947265625,1846.8350830078125,0.24079380929470062,1900.6431884765625,2220.342529296875,0.21430057287216187,1932.5604248046875,2236.732421875,0.23160392045974731,1962.7520751953125,2249.671630859375,0.24180422723293304,1982.5924072265625,2272.099853515625,0.24348405003547668,1995.5318603515625,2286.764404296875,0.2089366912841797,1959.3016357421875,2272.96240234375,0.31195247173309326,1973.9661865234375,2288.48974609375,0.3181858956813812,1975.6915283203125,2288.48974609375,0.32680392265319824,1979.1419677734375,2291.940185546875,0.29665714502334595,1936.0108642578125,2283.31396484375,0.2790388762950897,1944.6370849609375,2301.428955078125,0.32562679052352905,1945.4996337890625,2299.703857421875,0.32326069474220276,1944.6370849609375,2302.291748046875,0.2851656377315521,1907.5443115234375,2281.588623046875,0.294161319732666,1912.7200927734375,2296.25341796875,0.30533576011657715,1914.4451904296875,2294.528076171875,0.32527047395706177,1917.0330810546875,2294.528076171875,0.2812668979167938,1878.2149658203125,2273.8251953125,0.3119089901447296,1881.6656494140625,2290.21484375,0.30108606815338135,1884.2535400390625,2286.764404296875,0.3073601722717285,1887.7039794921875,2281.588623046875,0.3121495544910431
DJI_20260917132806_0075_D.JPG,Cam 6,14,MUZHUMANDI,INCORRECT,FEET_APART_HEEL_DOWN,,dwpose_l_wholebody,coco_wholebody_133,OK,481.97,208.7,1,1,2204.221923828125,1365.4722900390625,0.9029729962348938,2207.22412109375,1335.4520263671875,0.9833250045776367,2207.22412109375,1335.4520263671875,0.8797706961631775,2207.22412109375,1335.4520263671875,0.9932217597961426,2195.216064453125,1335.4520263671875,1.000455617904663,2189.2119140625,1332.4498291015625,0.9125334024429321,2183.207763671875,1329.4478759765625,0.9824455976486206,2093.146728515625,1317.4398193359375,0.7343640327453613,2099.15087890625,1323.4437255859375,0.8699761629104614,2183.207763671875,1398.4945068359375,0.9655085802078247,2168.197509765625,1395.4925537109375,0.9629639387130737,1979.069580078125,1446.5272216796875,0.6472784280776978,2030.104248046875,1515.5740966796875,0.711825966835022,1985.073486328125,1707.7039794921875,0.3996877670288086,2060.12451171875,1803.7691650390625,0.6895974278450012,1834.971923828125,1881.8221435546875,0.6762555837631226,1889.008544921875,1914.8443603515625,0.7271512150764465,1886.006591796875,2088.96240234375,0.4442501664161682,2186.209716796875,2139.9970703125,0.6616911888122559,1756.919189453125,2167.01513671875,0.7127258777618408,1898.0146484375,2227.05615234375,0.7430070638656616,1711.888427734375,2185.02734375,0.6929001212120056,1855.986083984375,2230.05810546875,0.7035796642303467,1648.845947265625,2194.03369140625,0.53857421875,1997.081787109375,2392.16796875,0.7019620537757874,2120.598388671875,1890.3516845703125,0.25095677375793457,2109.983642578125,1867.4239501953125,0.20370961725711823,2112.1064453125,1838.552001953125,0.1719016432762146,2115.07861328125,1828.36181640625,0.20963335037231445,2092.575439453125,1815.624267578125,0.22261525690555573,2128.66552734375,1826.2388916015625,0.2527789771556854,2120.598388671875,1813.07666015625,0.2855055034160614,2114.654052734375,1798.216064453125,0.28314274549484253,2108.7099609375,1784.6292724609375,0.22572648525238037,2128.66552734375,1828.36181640625,0.27329158782958984,2121.447509765625,1814.7750244140625,0.2950376272201538,2116.777099609375,1798.6407470703125,0.2704913020133972,2110.832763671875,1748.539306640625,0.216477632522583,2130.36376953125,1830.4847412109375,0.27240124344825745,2124.419677734375,1817.7471923828125,0.28445008397102356,2117.20166015625,1810.9537353515625,0.251068651676178,2112.955810546875,1811.3782958984375,0.22396183013916016,2133.760498046875,1832.18310546875,0.25209295749664307,2130.36376953125,1822.4176025390625,0.24757879972457886,2125.693359375,1820.71923828125,0.22388827800750732,2111.25732421875,1819.0208740234375,0.17812588810920715,2124.5947265625,1859.0413818359375,0.22342151403427124,2114.255126953125,1848.70166015625,0.29663652181625366,2108.803466796875,1838.926025390625,0.3240979313850403,2109.179443359375,1832.158203125,0.3220983147621155,2113.691162109375,1827.0823974609375,0.2795652449131012,2111.059326171875,1828.2103271484375,0.27584588527679443,2112.939208984375,1820.878662109375,0.2734469473361969,2117.451171875,1823.322509765625,0.28386539220809937,2116.135009765625,1825.9544677734375,0.24915382266044617,2119.51904296875,1828.7744140625,0.2608005702495575,2127.226806640625,1822.194580078125,0.3004634976387024,2120.8349609375,1825.3905029296875,0.30116549134254456,2119.3310546875,1828.58642578125,0.25482848286628723,2132.302490234375,1827.4583740234375,0.27813154458999634,2131.926513671875,1820.502685546875,0.3055911958217621,2126.474853515625,1824.4505615234375,0.29773885011672974,2122.52685546875,1829.33837890625,0.23896336555480957,2136.814453125,1827.0823974609375,0.2916285991668701,2136.814453125,1822.006591796875,0.312924861907959,2134.74658203125,1824.8265380859375,0.28572043776512146,2133.054443359375,1828.58642578125,0.2297775149345398
DJI_20260917132807_0076_D.JPG,Cam 6,14,MUZHUMANDI,INCORRECT,FEET_APART_HEEL_DOWN,,dwpose_l_wholebody,coco_wholebody_133,OK,478.54,217.48,1,1,2199.359375,1378.706298828125,0.8961161971092224,2205.305419921875,1348.97607421875,0.9819155931472778,2208.2783203125,1346.0029296875,0.8745946884155273,2208.2783203125,1348.97607421875,0.9949318766593933,2196.38623046875,1346.0029296875,0.9992567300796509,2190.440185546875,1343.030029296875,0.9116790294647217,2184.494140625,1340.056884765625,0.9877578020095825,2098.276611328125,1316.272705078125,0.719800591468811,2104.22265625,1322.21875,0.8646137714385986,2175.5751953125,1411.409423828125,0.9663881063461304,2160.7099609375,1405.463623046875,0.9672121405601501,1976.382568359375,1435.193603515625,0.6299457550048828,2026.923828125,1518.4384765625,0.6999679803848267,1955.5712890625,1705.739013671875,0.38401275873184204,2047.735107421875,1824.659912109375,0.6694358587265015,1824.75830078125,1869.255126953125,0.6662482619285583,1896.11083984375,1907.904541015625,0.7005850076675415,1869.353515625,2068.447998046875,0.4326782822608948,2196.38623046875,2124.935302734375,0.6436784267425537,1762.32470703125,2160.611572265625,0.7068220376968384,1910.97607421875,2226.018310546875,0.7582527995109558,1717.7294921875,2184.395751953125,0.6854842305183411,1863.40771484375,2231.964111328125,0.7166045904159546,1673.134033203125,2181.4228515625,0.5352631211280823,2003.1396484375,2386.5615234375,0.7335365414619446,2031.621337890625,1918.634765625,0.12228792905807495,2031.621337890625,1770.377685546875,0.0858326107263565,2126.745849609375,1766.521240234375,0.10319406539201736,2112.605712890625,1762.236328125,0.1365181803703308,2109.606201171875,1918.634765625,0.12650085985660553,2161.02490234375,1781.08984375,0.09907050430774689,2122.4609375,1918.634765625,0.12280780076980591,2118.6044921875,1918.634765625,0.1504843831062317,2031.621337890625,1918.634765625,0.1952137053012848,2159.31103515625,1816.6544189453125,0.09090697765350342,2130.602294921875,1918.634765625,0.09031510353088379,2110.46337890625,1918.634765625,0.13117432594299316,2031.621337890625,1918.634765625,0.18784388899803162,2159.739501953125,1816.6544189453125,0.07988819479942322,2124.603515625,1918.634765625,0.10141497850418091,2031.621337890625,1918.634765625,0.13345009088516235,2031.621337890625,1918.634765625,0.20540963113307953,2163.16748046875,1918.634765625,0.08713273704051971,2031.621337890625,1918.634765625,0.12471985816955566,2031.621337890625,1918.634765625,0.1571446657180786,2031.621337890625,1918.634765625,0.17360953986644745,2124.9736328125,1862.2249755859375,0.158890962600708,2122.739501953125,1862.2249755859375,0.1162014827132225,2125.904541015625,1827.595947265625,0.1265617311000824,2131.489990234375,1823.127685546875,0.1414453089237213,2137.6337890625,1818.287109375,0.1596340835094452,2129.069580078125,1807.116455078125,0.06404370814561844,2125.904541015625,1798.3660888671875,0.0979524701833725,2123.856689453125,1767.08837890625,0.09947274625301361,2123.112060546875,1767.08837890625,0.13881632685661316,2134.096435546875,1804.1376953125,0.05597706884145737,2132.793212890625,1797.8076171875,0.06729349493980408,2129.069580078125,1862.2249755859375,0.07716505229473114,2125.159912109375,1767.08837890625,0.09665463864803314,2134.096435546875,1811.95703125,0.0418374165892601,2134.655029296875,1803.7652587890625,0.052724748849868774,2125.159912109375,1862.2249755859375,0.08317317813634872,2123.112060546875,1862.2249755859375,0.08358298242092133,2135.21337890625,1822.0106201171875,0.049792103469371796,2135.21337890625,1821.2659912109375,0.06180892512202263,2134.841064453125,1862.2249755859375,0.06744779646396637,2135.21337890625,1862.2249755859375,0.07156360894441605
DJI_20260917132840_0077_D.JPG,Cam 6,15,SWASTIKAPADAM,INCORRECT,OVERCROSSING_SHINS,RIGHT,dwpose_l_wholebody,coco_wholebody_133,OK,441.61,228.98,1,1,2134.989501953125,867.03759765625,0.886275589466095,2127.308837890625,840.155029296875,0.9667368531227112,2127.308837890625,840.155029296875,0.8737457990646362,2123.468505859375,840.155029296875,0.9477509260177612,2111.947509765625,840.155029296875,0.9713383913040161,2104.266845703125,840.155029296875,0.9038251042366028,2096.586181640625,840.155029296875,0.9548798203468323,2050.501953125,855.5166015625,0.7181082367897034,2023.619384765625,859.35693359375,0.8427290916442871,2127.308837890625,901.600830078125,1.0066354274749756,2108.107177734375,901.600830078125,0.9880454540252686,2004.417724609375,1039.853515625,0.6645007729530334,1981.375732421875,1055.21484375,0.7395244836807251,1996.737060546875,1297.156982421875,0.42456138134002686,1950.65283203125,1293.316650390625,0.6458763480186462,1973.69482421875,1485.334228515625,0.6310876607894897,1931.450927734375,1489.174560546875,0.6654655933380127,2058.1826171875,1838.646728515625,0.6055290102958679,2054.34228515625,1846.327392578125,0.723407506942749,1935.291259765625,2122.832763671875,0.6542218923568726,1820.080810546875,2007.6220703125,0.6000247001647949,1904.568603515625,2142.034423828125,0.7255805730819702,1808.559814453125,2026.823974609375,0.6005958318710327,2012.098388671875,2157.395751953125,0.594504714012146,1831.601806640625,2122.832763671875,0.6174741983413696,2006.337646484375,1338.752685546875,0.2278611809015274,1979.199951171875,1341.7904052734375,0.18020939826965332,1951.0498046875,1333.4871826171875,0.1962718665599823,1902.8502197265625,1331.866943359375,0.274044394493103,1902.8502197265625,1335.5123291015625,0.2222290337085724,1917.6341552734375,1308.374755859375,0.19852808117866516,1902.8502197265625,1308.374755859375,0.20596526563167572,1902.8502197265625,1337.1324462890625,0.15712150931358337,1902.8502197265625,1354.5491943359375,0.14958849549293518,1902.8502197265625,1308.374755859375,0.14201916754245758,1902.8502197265625,1369.1304931640625,0.13039644062519073,1902.8502197265625,1369.7381591796875,0.10274004936218262,1902.8502197265625,1354.1441650390625,0.0816231369972229,1902.8502197265625,1308.374755859375,0.11335079371929169,1902.8502197265625,1368.7254638671875,0.123569056391716,1902.8502197265625,1371.15576171875,0.09354181587696075,1902.8502197265625,1371.15576171875,0.08711355179548264,1902.8502197265625,1335.1072998046875,0.09750385582447052,1902.8502197265625,1369.1304931640625,0.15965473651885986,1902.8502197265625,1371.15576171875,0.14039131999015808,1902.8502197265625,1372.1683349609375,0.08262299001216888,1955.3446044921875,1329.9434814453125,0.37193769216537476,1972.9510498046875,1341.9554443359375,0.4165163040161133,1988.912109375,1349.5245361328125,0.32369884848594666,2002.4049072265625,1348.0435791015625,0.2493547797203064,2010.1385498046875,1347.5499267578125,0.2261153757572174,2008.1639404296875,1339.3226318359375,0.24792030453681946,2018.8594970703125,1325.500732421875,0.14694342017173767,2002.8985595703125,1318.75439453125,0.12107312679290771,2002.4049072265625,1316.45068359375,0.06511407345533371,2008.1639404296875,1326.323486328125,0.2494833767414093,2010.1385498046875,1313.4888916015625,0.21610413491725922,1999.9366455078125,1314.3116455078125,0.16334772109985352,1985.9501953125,1321.8807373046875,0.112820565700531,2005.03759765625,1312.6661376953125,0.23846650123596191,2006.8475341796875,1306.2489013671875,0.21128538250923157,1997.468505859375,1308.058837890625,0.19032324850559235,1984.9630126953125,1308.717041015625,0.1409430056810379,1999.1138916015625,1301.14794921875,0.27820849418640137,2004.37939453125,1293.7432861328125,0.24751868844032288,1997.468505859375,1290.781494140625,0.1825348436832428,1991.5447998046875,1299.6669921875,0.14590372145175934
DJI_20260917132841_0078_D.JPG,Cam 6,15,SWASTIKAPADAM,INCORRECT,OVERCROSSING_SHINS,RIGHT,dwpose_l_wholebody,coco_wholebody_133,OK,440.56,170.74,1,1,2117.0537109375,859.2373046875,0.8876247406005859,2109.423828125,832.532470703125,0.9645204544067383,2109.423828125,832.532470703125,0.8735060691833496,2109.423828125,832.532470703125,0.9435132145881653,2097.978515625,832.532470703125,0.9640171527862549,2090.3486328125,832.532470703125,0.9032147526741028,2082.71875,832.532470703125,0.945134162902832,2033.1234130859375,847.79248046875,0.7311758399009705,2010.2337646484375,851.607421875,0.8463666439056396,2109.423828125,893.572265625,1.003067970275879,2094.16357421875,889.75732421875,0.9801265597343445,1994.9735107421875,1023.2822265625,0.6728241443634033,1964.4534912109375,1034.727294921875,0.7382974624633789,1979.7137451171875,1271.2568359375,0.40131500363349915,1933.9337158203125,1282.701904296875,0.6813242435455322,1975.8988037109375,1469.63671875,0.645789384841919,1930.1187744140625,1477.2666015625,0.674656867980957,2048.3837890625,1832.0615234375,0.5972942113876343,2044.5687255859375,1839.69140625,0.7249016761779785,1930.1187744140625,2106.7412109375,0.6330779790878296,1823.2989501953125,1992.291259765625,0.5834575891494751,1903.4136962890625,2125.816162109375,0.7077867984771729,1808.0389404296875,2007.55126953125,0.5788637399673462,2002.6038818359375,2129.631103515625,0.5879379510879517,1830.9288330078125,2106.7412109375,0.61455237865448,1954.8924560546875,1307.5230712890625,0.43114975094795227,1924.6146240234375,1295.0875244140625,0.35568785667419434,1922.4520263671875,1259.943603515625,0.37521660327911377,1900.824951171875,1259.943603515625,0.38854676485061646,1883.5233154296875,1259.943603515625,0.4136464595794678,1901.9063720703125,1286.4366455078125,0.5386737585067749,1885.1453857421875,1283.7332763671875,0.46449804306030273,1875.9539794921875,1285.3553466796875,0.3894878029823303,1872.7098388671875,1259.943603515625,0.3969539999961853,1899.74365234375,1295.628173828125,0.6144911050796509,1876.49462890625,1298.8721923828125,0.6108906865119934,1857.0302734375,1304.279052734375,0.6305254697799683,1846.216796875,1313.470458984375,0.7256611585617065,1900.824951171875,1306.441650390625,0.6335572600364685,1877.0352783203125,1312.9298095703125,0.6035288572311401,1859.1929931640625,1321.58056640625,0.5991881489753723,1846.7574462890625,1330.2314453125,0.6215964555740356,1903.5283203125,1323.20263671875,0.6080596446990967,1882.982666015625,1328.0687255859375,0.6079916954040527,1867.84375,1332.3941650390625,0.5972073078155518,1855.9488525390625,1336.1788330078125,0.5841391086578369,2016.4818115234375,1356.525146484375,0.10332290828227997,2015.8167724609375,1322.443115234375,0.07971614599227905,2026.6231689453125,1320.780517578125,0.05217805504798889,2021.4693603515625,1271.5694580078125,0.04723627492785454,2028.2857666015625,1271.5694580078125,0.10808653384447098,2029.9483642578125,1303.15771484375,0.09589384496212006,2040.9210205078125,1271.5694580078125,0.14817535877227783,2047.0723876953125,1271.5694580078125,0.2273682951927185,2052.724853515625,1271.5694580078125,0.2520066499710083,2028.1195068359375,1296.34130859375,0.13228069245815277,2035.1021728515625,1285.3685302734375,0.17991580069065094,2040.5885009765625,1271.5694580078125,0.24316617846488953,2041.7523193359375,1271.5694580078125,0.20097248256206512,2024.9605712890625,1297.0062255859375,0.11735750734806061,2028.1195068359375,1284.2047119140625,0.133843794465065,2032.9407958984375,1271.5694580078125,0.18749628961086273,2045.0772705078125,1271.5694580078125,0.19851179420948029,2014.1541748046875,1299.5001220703125,0.06989921629428864,2012.8240966796875,1271.5694580078125,0.11603327840566635,2019.6405029296875,1271.5694580078125,0.15475785732269287,2017.3131103515625,1271.5694580078125,0.1450788676738739
DJI_20260917132856_0079_D.JPG,Cam 6,16,SWASTIKAPADAM,INCORRECT,OVERCROSSING_SHINS,LEFT,dwpose_l_wholebody,coco_wholebody_133,OK,473.4,226.12,1,1,2121.089111328125,805.70263671875,0.9082023501396179,2112.77685546875,772.453369140625,0.9917855262756348,2116.93310546875,772.453369140625,0.8890833854675293,2112.77685546875,772.453369140625,0.9779040217399597,2100.308349609375,772.453369140625,1.0107637643814087,2096.15234375,768.297119140625,0.9220373630523682,2087.83984375,772.453369140625,0.997093915939331,2033.8095703125,780.765625,0.7592716217041016,2004.71630859375,780.765625,0.8834820985794067,2116.93310546875,847.264404296875,0.9967597723007202,2096.15234375,843.108154296875,0.9851410388946533,1992.24755859375,980.261962890625,0.6298139095306396,1934.06103515625,988.574462890625,0.7325586676597595,2037.965576171875,1271.194580078125,0.40117108821868896,1963.154296875,1258.725830078125,0.6643823981285095,2017.184814453125,1487.315673828125,0.712202250957489,1909.1240234375,1483.159423828125,0.7187072038650513,2125.24560546875,1894.620849609375,0.8312110900878906,1896.65576171875,1877.996337890625,0.537783145904541,1950.68603515625,2160.6162109375,0.8069288730621338,1759.501953125,2123.210693359375,0.7614035606384277,1909.1240234375,2185.55322265625,0.7919039726257324,1763.657958984375,2148.147705078125,0.663942277431488,2029.6533203125,2293.614013671875,0.8462435007095337,1742.877197265625,2314.39501953125,0.8224999904632568,1951.7252197265625,1325.9005126953125,0.4112113118171692,1939.7391357421875,1310.0789794921875,0.41737422347068787,1936.8624267578125,1270.2852783203125,0.3295964300632477,1919.123046875,1270.2852783203125,0.34224408864974976,1912.410888671875,1270.2852783203125,0.29137730598449707,1911.4520263671875,1296.1751708984375,0.6936296224594116,1889.3975830078125,1288.5040283203125,0.8012604117393494,1875.014404296875,1294.2574462890625,0.7846586108207703,1865.9049072265625,1303.3668212890625,0.6908079981803894,1902.342529296875,1311.517333984375,0.7274653315544128,1874.534912109375,1313.91455078125,0.7597848773002625,1858.23388671875,1324.941650390625,0.8126628398895264,1849.12451171875,1335.4893798828125,0.8752664923667908,1900.904296875,1329.736083984375,0.7936633825302124,1875.9732666015625,1333.5716552734375,0.8093253374099731,1859.6722412109375,1344.119384765625,0.8007782697677612,1847.6861572265625,1354.1876220703125,0.8342107534408569,1902.822021484375,1348.913818359375,0.7196241617202759,1882.6854248046875,1354.1876220703125,0.7819836139678955,1863.5076904296875,1358.502685546875,0.8655979633331299,1850.0833740234375,1362.338134765625,0.9585111737251282,2044.040771484375,1176.128173828125,0.1730024516582489,2049.91748046875,1176.128173828125,0.1447824090719223,2067.19091796875,1207.291748046875,0.10568980872631073,2071.46484375,1221.716064453125,0.07977805286645889,2022.493408203125,1232.757080078125,0.10171453654766083,2065.232177734375,1207.291748046875,0.1014070063829422,2067.19091796875,1235.42822265625,0.09353940933942795,2059.177490234375,1267.126220703125,0.18621161580085754,2056.328125,1267.126220703125,0.20992504060268402,2050.2734375,1207.11376953125,0.10318851470947266,2041.725830078125,1231.6884765625,0.0963170975446701,2035.84912109375,1267.126220703125,0.1272767186164856,2024.986328125,1267.126220703125,0.1541907638311386,2039.0546875,1211.20947265625,0.05858517065644264,2035.84912109375,1231.86669921875,0.08179004490375519,2030.5068359375,1248.249755859375,0.10526317358016968,2022.493408203125,1267.126220703125,0.15094995498657227,2018.3974609375,1204.798828125,0.07340295612812042,2016.61669921875,1216.552001953125,0.09150711447000504,2020.534423828125,1267.126220703125,0.09240874648094177,2021.246826171875,1267.126220703125,0.130021870136261
DJI_20260917132858_0080_D.JPG,Cam 6,16,SWASTIKAPADAM,INCORRECT,OVERCROSSING_SHINS,LEFT,dwpose_l_wholebody,coco_wholebody_133,OK,457.09,227.26,1,1,2122.01904296875,798.8232421875,0.9097498655319214,2113.69482421875,769.68896484375,0.9971842765808105,2117.85693359375,769.68896484375,0.8925883769989014,2113.69482421875,769.68896484375,0.987308919429779,2101.208984375,769.68896484375,1.0223089456558228,2092.884765625,765.52685546875,0.925070583820343,2084.560791015625,765.52685546875,1.0068341493606567,2034.6162109375,778.012939453125,0.7703413963317871,2005.48193359375,778.012939453125,0.8878116607666016,2113.69482421875,844.60546875,1.0024534463882446,2097.046875,840.443359375,0.9933086633682251,2017.96826171875,981.952392578125,0.660714328289032,1930.5654296875,973.628662109375,0.7678697109222412,2051.2646484375,1248.322509765625,0.45555275678634644,1968.02392578125,1248.322509765625,0.6978166103363037,2022.13037109375,1485.558349609375,0.7257252931594849,1905.593505859375,1477.234130859375,0.727768063545227,2122.01904296875,1893.437255859375,0.8442221879959106,1884.783203125,1864.30322265625,0.5692437291145325,1955.53759765625,2163.969482421875,0.806473970413208,1751.59814453125,2130.673095703125,0.7954267263412476,1918.07958984375,2188.941650390625,0.7657641768455505,1751.59814453125,2151.4833984375,0.681779146194458,2022.13037109375,2301.31640625,0.85843825340271,1743.274169921875,2322.12646484375,0.8480173349380493,1953.6922607421875,1324.933837890625,0.23984375596046448,1943.06103515625,1313.2738037109375,0.2307775765657425,1933.8016357421875,1304.7003173828125,0.20315656065940857,1916.3116455078125,1299.899169921875,0.15713316202163696,1900.536376953125,1300.5850830078125,0.11706185340881348,1915.2828369140625,1293.7261962890625,0.2845378518104553,1890.591064453125,1285.8385009765625,0.280906617641449,1876.8734130859375,1292.011474609375,0.28257906436920166,1870.3575439453125,1302.2996826171875,0.3234961926937103,1903.9658203125,1309.50146484375,0.28074419498443604,1873.4439697265625,1312.930908203125,0.2977403402328491,1859.7264404296875,1322.533203125,0.28118962049484253,1850.4669189453125,1334.5361328125,0.3881760537624359,1902.2510986328125,1324.933837890625,0.25546085834503174,1874.1298828125,1333.1644287109375,0.3214041590690613,1859.04052734375,1342.0809326171875,0.29766544699668884,1849.09521484375,1350.6544189453125,0.3945883512496948,1904.99462890625,1343.45263671875,0.2745334506034851,1883.04638671875,1350.3114013671875,0.33178791403770447,1867.2711181640625,1355.45556640625,0.36711570620536804,1850.8099365234375,1361.6285400390625,0.42229631543159485,2032.7515869140625,1327.3399658203125,0.06216953694820404,2032.7515869140625,1274.252685546875,0.05124107003211975,2029.7886962890625,1247.3387451171875,0.05752641707658768,2070.0361328125,1253.2647705078125,0.04065951704978943,2101.147705078125,1201.1651611328125,0.11881622672080994,2066.08544921875,1244.1287841796875,0.06352926790714264,2066.08544921875,1201.1651611328125,0.07975077629089355,2066.08544921875,1201.1651611328125,0.10123877227306366,2101.147705078125,1201.1651611328125,0.13342149555683136,2047.8135986328125,1244.1287841796875,0.06006074696779251,2064.60400390625,1201.1651611328125,0.08288320899009705,2059.912353515625,1201.1651611328125,0.10692434012889862,2051.0234375,1201.1651611328125,0.12222924083471298,2066.08544921875,1253.017822265625,0.05727141350507736,2062.134765625,1201.1651611328125,0.06939789652824402,2058.430908203125,1201.1651611328125,0.0684608668088913,2101.147705078125,1201.1651611328125,0.0989072173833847,2072.9990234375,1250.0548095703125,0.05293036997318268,2080.406494140625,1244.375732421875,0.06029918044805527,2078.925048828125,1256.2276611328125,0.06377392262220383,2060.6533203125,1274.0057373046875,0.05623675882816315
DJI_20260917132930_0081_D.JPG,Cam 6,17,SWASTIKAPADAM,INCORRECT,INSUFFICIENT_ARAMANDI,RIGHT,dwpose_l_wholebody,coco_wholebody_133,OK,479.73,230.7,1,1,2106.8798828125,790.4056396484375,0.9041376709938049,2098.7490234375,761.9483642578125,0.9788471460342407,2102.814453125,761.9483642578125,0.8888832330703735,2098.7490234375,761.9483642578125,0.9629203081130981,2086.55322265625,761.9483642578125,0.9692176580429077,2082.48779296875,757.8831787109375,0.9082051515579224,2074.357421875,757.8831787109375,0.9432637691497803,2025.5736083984375,774.1441650390625,0.7223869562149048,1993.0511474609375,778.2095947265625,0.8329541683197021,2102.814453125,831.0587158203125,1.0112409591674805,2086.55322265625,826.9932861328125,0.988674521446228,1976.7899169921875,957.0831298828125,0.6748918294906616,1956.4635009765625,953.0179443359375,0.7266128659248352,1988.9859619140625,1213.1973876953125,0.4086698293685913,1960.5286865234375,1209.1322021484375,0.6175691485404968,1976.7899169921875,1420.5281982421875,0.6430968046188354,1923.9410400390625,1424.5933837890625,0.6502891778945923,2017.4429931640625,1774.2100830078125,0.5906445980072021,2054.03076171875,1794.5362548828125,0.7451515197753906,1903.6143798828125,2095.369140625,0.6849093437194824,1830.4388427734375,2062.8466796875,0.6929259896278381,1867.0264892578125,2123.826171875,0.7437163591384888,1789.7857666015625,2091.3037109375,0.6614259481430054,2049.96533203125,2131.95703125,0.6968846917152405,1944.2674560546875,2131.95703125,0.5890039801597595,1990.0673828125,1271.63623046875,0.12528583407402039,1894.0244140625,1271.63623046875,0.09964556992053986,1899.27685546875,1271.63623046875,0.12032771110534668,1894.399658203125,1271.63623046875,0.0919085368514061,1898.5264892578125,1306.52685546875,0.09238868951797485,1864.38623046875,1360.551025390625,0.09189076721668243,1860.634521484375,1271.63623046875,0.10849244147539139,1860.634521484375,1306.52685546875,0.10201278328895569,1894.7747802734375,1294.8966064453125,0.10586012899875641,1873.765380859375,1271.63623046875,0.09867444634437561,1873.0150146484375,1288.518798828125,0.10554492473602295,1875.26611328125,1296.7724609375,0.11074762791395187,1894.399658203125,1300.14892578125,0.09217798709869385,1882.394287109375,1271.63623046875,0.08427160233259201,1872.2647705078125,1271.63623046875,0.08415184170007706,1875.26611328125,1306.9019775390625,0.08915485441684723,1894.0244140625,1294.146240234375,0.08987082540988922,1894.399658203125,1271.63623046875,0.07333268225193024,1894.399658203125,1271.63623046875,0.0715494155883789,1894.399658203125,1271.63623046875,0.0676274299621582,1895.14990234375,1292.6456298828125,0.08294518291950226,1984.3468017578125,1259.6181640625,0.12402640283107758,1964.91552734375,1259.6181640625,0.0773768499493599,1951.8291015625,1282.4202880859375,0.09010939300060272,1916.931884765625,1285.791015625,0.14286813139915466,1916.931884765625,1314.7398681640625,0.12766465544700623,1916.931884765625,1301.6533203125,0.05392897129058838,1916.931884765625,1305.222412109375,0.13158728182315826,1916.931884765625,1305.222412109375,0.10760149359703064,1916.931884765625,1301.8516845703125,0.0830736979842186,1916.931884765625,1310.377685546875,0.0738474652171135,1916.931884765625,1315.731201171875,0.1476873904466629,1916.931884765625,1315.1363525390625,0.10679976642131805,1916.931884765625,1301.8516845703125,0.07098838686943054,1916.931884765625,1314.7398681640625,0.07195987552404404,1916.931884765625,1320.886474609375,0.12785890698432922,1916.931884765625,1318.9036865234375,0.10546630620956421,1916.931884765625,1304.23095703125,0.06827114522457123,1951.6307373046875,1328.0245361328125,0.07804296910762787,1916.931884765625,1321.8779296875,0.12194542586803436,1916.931884765625,1318.7054443359375,0.11061743646860123,1916.931884765625,1360.9388427734375,0.07969380915164948
DJI_20260917132932_0082_D.JPG,Cam 6,17,SWASTIKAPADAM,INCORRECT,INSUFFICIENT_ARAMANDI,RIGHT,dwpose_l_wholebody,coco_wholebody_133,OK,413.55,198.97,1,1,2110.48583984375,788.057861328125,0.904022216796875,2102.36279296875,759.626953125,0.9799151420593262,2110.48583984375,755.5654296875,0.8859363794326782,2106.42431640625,759.626953125,0.9689878821372986,2094.23974609375,759.626953125,0.968593955039978,2086.11669921875,755.5654296875,0.905534565448761,2077.99365234375,755.5654296875,0.9401978850364685,2029.255126953125,767.750244140625,0.7222311496734619,2000.82421875,771.8115234375,0.8338048458099365,2106.42431640625,828.67333984375,1.013779640197754,2090.17822265625,824.61181640625,0.9907756447792053,1988.6396484375,958.642578125,0.6719287633895874,1960.208984375,946.457763671875,0.7360516786575317,1992.701171875,1230.765625,0.44470614194869995,1943.962890625,1202.334716796875,0.6164456009864807,1980.5166015625,1421.65771484375,0.6479083299636841,1927.716796875,1429.78076171875,0.654647707939148,2021.132080078125,1775.01171875,0.5862991809844971,2061.74755859375,1799.380859375,0.7688449621200562,1887.101318359375,2087.75048828125,0.6899573802947998,1834.30126953125,2067.4423828125,0.7090679407119751,1858.67041015625,2120.24267578125,0.7493858337402344,1793.68603515625,2091.8115234375,0.6856421232223511,2029.255126953125,2136.48876953125,0.700727105140686,1948.0244140625,2124.30419921875,0.6079336404800415,1914.3348388671875,1584.4423828125,0.20167389512062073,1914.3348388671875,1584.4423828125,0.1712954342365265,1914.3348388671875,1584.4423828125,0.1429094672203064,1914.3348388671875,1584.4423828125,0.14684253931045532,1914.3348388671875,1345.322021484375,0.18070632219314575,1914.3348388671875,1584.4423828125,0.09014908224344254,1914.3348388671875,1584.4423828125,0.13905324041843414,1914.3348388671875,1584.4423828125,0.1643821746110916,1914.3348388671875,1345.322021484375,0.22419990599155426,2034.12890625,1584.4423828125,0.0952448695898056,2027.10986328125,1584.4423828125,0.13378052413463593,2062.673583984375,1345.322021484375,0.1376105546951294,1914.3348388671875,1345.322021484375,0.17547442018985748,2067.821044921875,1434.231689453125,0.10470506548881531,2064.07763671875,1584.4423828125,0.1442214548587799,2067.821044921875,1584.4423828125,0.15174581110477448,2074.84033203125,1584.4423828125,0.15767914056777954,2083.731201171875,1584.4423828125,0.15722396969795227,2080.923583984375,1584.4423828125,0.18021821975708008,2079.519775390625,1584.4423828125,0.16550865769386292,2076.244140625,1345.322021484375,0.18295559287071228,1992.6876220703125,1242.7767333984375,0.16831037402153015,1912.650634765625,1242.7767333984375,0.1831996887922287,1912.650634765625,1279.40380859375,0.2482929825782776,1912.650634765625,1289.9171142578125,0.2638743221759796,1912.650634765625,1299.4129638671875,0.17544758319854736,1912.650634765625,1290.2562255859375,0.11713436245918274,1912.650634765625,1341.805419921875,0.10752065479755402,1912.650634765625,1350.283935546875,0.12280148267745972,1912.650634765625,1416.0770263671875,0.21043246984481812,1999.4703369140625,1242.7767333984375,0.06149066239595413,1912.650634765625,1347.231689453125,0.05521192029118538,1972.3392333984375,1416.0770263671875,0.07656028121709824,1972.3392333984375,1416.0770263671875,0.14910726249217987,1912.650634765625,1242.7767333984375,0.07342678308486938,1912.650634765625,1348.5882568359375,0.04833761602640152,1912.650634765625,1416.0770263671875,0.07281257212162018,1967.9302978515625,1416.0770263671875,0.13514916598796844,1912.650634765625,1242.7767333984375,0.10828844457864761,1912.650634765625,1416.0770263671875,0.12914586067199707,1912.650634765625,1416.0770263671875,0.14811384677886963,1912.650634765625,1416.0770263671875,0.14616349339485168
DJI_20260917132940_0083_D.JPG,Cam 6,18,SWASTIKAPADAM,INCORRECT,INSUFFICIENT_ARAMANDI,LEFT,dwpose_l_wholebody,coco_wholebody_133,OK,436.42,209.54,1,1,2157.28857421875,746.356689453125,0.9161251783370972,2153.02294921875,712.2314453125,0.9900175929069519,2153.02294921875,712.2314453125,0.8838218450546265,2153.02294921875,712.2314453125,0.9729921221733093,2140.22607421875,712.2314453125,0.9943352937698364,2135.96044921875,707.9658203125,0.9180378913879395,2127.42919921875,712.2314453125,0.9728530645370483,2076.24169921875,720.7626953125,0.7378962635993958,2046.3817138671875,725.028564453125,0.8585628867149353,2148.75732421875,789.01318359375,1.0018287897109985,2131.69482421875,784.74755859375,0.9809286594390869,2033.5848388671875,934.044921875,0.665589451789856,1973.8660888671875,921.248046875,0.741757869720459,2089.03857421875,1202.78076171875,0.481118381023407,2020.7879638671875,1202.78076171875,0.6199878454208374,2025.0535888671875,1437.39111328125,0.6801626086235046,1935.4752197265625,1424.59423828125,0.6956413984298706,2084.77294921875,1825.564453125,0.6777757406234741,2050.64794921875,1829.830322265625,0.6387384533882141,1956.8035888671875,2171.08154296875,0.7420943975448608,1837.3653564453125,2115.62841796875,0.6815176010131836,1914.1468505859375,2196.67578125,0.761167049407959,1820.3028564453125,2141.22216796875,0.6187073588371277,2033.5848388671875,2299.05126953125,0.7827073335647583,1850.1624755859375,2264.92626953125,0.7311108708381653,1998.5430908203125,1267.251953125,0.20594704151153564,1998.5430908203125,1257.972900390625,0.18199343979358673,1958.0526123046875,1245.741455078125,0.1511087417602539,1921.7801513671875,1245.741455078125,0.13337422907352448,1902.378662109375,1249.5374755859375,0.10685394704341888,1944.1341552734375,1239.4149169921875,0.2440859079360962,1915.0318603515625,1236.8841552734375,0.2175751030445099,1904.4874267578125,1243.2108154296875,0.1364433914422989,1872.4327392578125,1295.9324951171875,0.12682080268859863,1939.4947509765625,1256.70751953125,0.2567610740661621,1904.9093017578125,1269.3607177734375,0.2604803442955017,1885.5076904296875,1287.4970703125,0.24059845507144928,1871.1673583984375,1304.367919921875,0.2957514524459839,1943.2906494140625,1273.5784912109375,0.2235574722290039,1912.9229736328125,1286.231689453125,0.24581658840179443,1895.20849609375,1303.1026611328125,0.2607463002204895,1877.072265625,1317.86474609375,0.3296326696872711,1950.0389404296875,1290.8712158203125,0.23773816227912903,1926.8414306640625,1301.8372802734375,0.28763556480407715,1907.8616943359375,1311.1163330078125,0.29092422127723694,1894.7867431640625,1324.6131591796875,0.28202515840530396,2011.64892578125,1232.8702392578125,0.15183547139167786,2023.655517578125,1225.587646484375,0.1422027349472046,2033.693603515625,1218.5018310546875,0.09064126014709473,2050.0302734375,1197.244384765625,0.10132138431072235,2047.865234375,1192.5205078125,0.1252657175064087,2051.21142578125,1210.431884765625,0.1630243957042694,2051.21142578125,1190.55224609375,0.16983841359615326,2037.039794921875,1179.3330078125,0.18639972805976868,2037.8271484375,1168.704345703125,0.17424222826957703,2042.1572265625,1216.7303466796875,0.13766807317733765,2034.48095703125,1191.339599609375,0.16795483231544495,2035.661865234375,1179.923583984375,0.20440374314785004,2035.858642578125,1167.3265380859375,0.1932639181613922,2033.890380859375,1219.2891845703125,0.11456815898418427,2030.93798828125,1197.8348388671875,0.10019434988498688,2008.893310546875,1185.631591796875,0.12025006860494614,2002.39794921875,1188.38720703125,0.09618184715509415,2020.506103515625,1222.044677734375,0.11910028755664825,2007.9091796875,1206.692138671875,0.08724478632211685,2004.16943359375,1201.771484375,0.10635778307914734,2000.4296875,1191.1427001953125,0.09403432905673981
DJI_20260917132942_0084_D.JPG,Cam 6,18,SWASTIKAPADAM,INCORRECT,INSUFFICIENT_ARAMANDI,LEFT,dwpose_l_wholebody,coco_wholebody_133,OK,451.41,235.17,1,1,2215.39697265625,791.33740234375,0.8874223232269287,2219.63916015625,761.643798828125,0.9469336271286011,2223.880859375,757.40185546875,0.8705240488052368,2215.39697265625,761.643798828125,0.93526291847229,2206.9130859375,757.40185546875,0.9442204833030701,2202.67138671875,753.159912109375,0.880122184753418,2194.1875,753.159912109375,0.9202228784561157,2139.0419921875,731.9501953125,0.7221132516860962,2117.83203125,727.708251953125,0.8448495864868164,2194.1875,829.51513671875,0.9530818462371826,2177.21923828125,821.03125,0.9440257549285889,2071.1708984375,927.080078125,0.6219673156738281,1986.3316650390625,905.8701171875,0.7113821506500244,2079.65478515625,1207.048828125,0.4358764886856079,1956.6380615234375,1177.355224609375,0.526207447052002,2028.7513427734375,1423.388427734375,0.6304975748062134,1926.9442138671875,1414.904296875,0.6398258805274963,2075.41259765625,1805.1640625,0.6611074209213257,2049.9609375,1809.40625,0.5989253520965576,1943.9119873046875,2157.24609375,0.71001797914505,1859.0731201171875,2119.068603515625,0.6678276658058167,1897.2506103515625,2182.69775390625,0.7513467073440552,1837.8631591796875,2148.76220703125,0.6320005655288696,2020.2672119140625,2284.504638671875,0.7498226165771484,1871.7989501953125,2263.294921875,0.6968491077423096,2013.9859619140625,1254.2457275390625,0.3031993508338928,1994.2874755859375,1242.150146484375,0.2791573405265808,1978.0447998046875,1232.4737548828125,0.2436293363571167,1969.7508544921875,1232.4737548828125,0.16739748418331146,1936.920166015625,1233.8560791015625,0.1106003150343895,1959.3831787109375,1225.56201171875,0.36612367630004883,1927.24365234375,1224.1796875,0.42011314630508423,1911.6923828125,1235.238525390625,0.405904620885849,1905.8173828125,1246.2972412109375,0.32468873262405396,1949.3612060546875,1243.5325927734375,0.3307509422302246,1910.655517578125,1252.517822265625,0.4330853819847107,1889.229248046875,1266.3411865234375,0.4218740463256836,1875.40576171875,1282.9293212890625,0.5683761835098267,1949.706787109375,1260.8118896484375,0.31439849734306335,1915.83935546875,1272.561767578125,0.4272761046886444,1893.0306396484375,1286.7308349609375,0.4249846637248993,1878.17041015625,1302.6278076171875,0.5992688536643982,1954.890625,1279.819091796875,0.330657958984375,1930.0084228515625,1289.14990234375,0.4383220672607422,1910.3099365234375,1298.1351318359375,0.465545654296875,1893.7218017578125,1306.7747802734375,0.46538496017456055,1951.715087890625,1255.888427734375,0.06522092968225479,2052.69775390625,1245.6827392578125,0.0729251354932785,1951.715087890625,1233.3284912109375,0.09883387386798859,1951.715087890625,1233.3284912109375,0.11273857951164246,1951.715087890625,1231.448486328125,0.04632317274808884,2069.61767578125,1285.9683837890625,0.1222357451915741,2063.440673828125,1288.385498046875,0.06854385137557983,2030.943603515625,1297.2484130859375,0.04463505372405052,2009.457763671875,1300.47119140625,0.032685209065675735,2063.440673828125,1288.9227294921875,0.09005597233772278,1951.715087890625,1274.1512451171875,0.09048789739608765,2030.943603515625,1298.3226318359375,0.0511220246553421,2009.457763671875,1269.0484619140625,0.05616947263479233,1951.715087890625,1292.1455078125,0.0986766442656517,1951.715087890625,1280.059814453125,0.12950381636619568,1951.715087890625,1293.4884033203125,0.08351075649261475,2007.040771484375,1276.5684814453125,0.07257336378097534,1951.715087890625,1292.1455078125,0.14148318767547607,1951.715087890625,1291.876953125,0.18786773085594177,1951.715087890625,1294.0255126953125,0.15157195925712585,1985.286376953125,1298.0540771484375,0.12681910395622253
DJI_20260917133337_0085_D.JPG,Cam 6,19,PATAKA,INCORRECT,ELBOWS_NOT_ALIGNED,,dwpose_l_wholebody,coco_wholebody_133,OK,488.58,169.07,0,1,2062.099853515625,724.895263671875,0.8793337345123291,2053.604248046875,699.40771484375,0.9139585494995117,2057.851806640625,695.16015625,0.8455974459648132,2053.604248046875,699.40771484375,0.8849114179611206,2040.860595703125,699.40771484375,0.925834059715271,2036.612548828125,699.40771484375,0.8590203523635864,2028.116455078125,699.40771484375,0.8845609426498413,1989.885498046875,716.3994140625,0.6728128790855408,1947.40673828125,720.6474609375,0.8078683018684387,2057.851806640625,763.126220703125,0.9313728213310242,2040.860595703125,758.87841796875,0.9177829027175903,1994.133544921875,890.563232421875,0.6701414585113525,1879.440185546875,916.050537109375,0.745500922203064,2074.843505859375,1107.2060546875,0.37633100152015686,1930.4150390625,1145.43701171875,0.6899504661560059,1998.381591796875,1379.0712890625,0.6411715745925903,1896.431884765625,1387.567138671875,0.6739001274108887,1955.902587890625,1774.125732421875,0.5855309963226318,1858.200927734375,1786.86962890625,0.6941912174224854,1879.440185546875,2058.73486328125,0.6142704486846924,1862.44873046875,2160.684326171875,0.8020997047424316,1836.961181640625,2109.70947265625,0.6017063856124878,1824.217529296875,2207.411376953125,0.8167533874511719,2028.116455078125,2113.95751953125,0.6304979920387268,2040.860595703125,2215.9072265625,0.8644266128540039,,,0.0,,,0.0,,,0.0,,,0.0,,,0.0,,,0.0,,,0.0,,,0.0,,,0.0,,,0.0,,,0.0,,,0.0,,,0.0,,,0.0,,,0.0,,,0.0,,,0.0,,,0.0,,,0.0,,,0.0,,,0.0,2077.27099609375,956.1397705078125,0.4675710201263428,2082.935791015625,935.368896484375,0.4268427789211273,2088.6005859375,895.0858154296875,0.39043694734573364,2106.224365234375,880.609130859375,0.3286364674568176,2106.224365234375,869.908935546875,0.2651492953300476,2089.22998046875,871.7972412109375,0.4768918752670288,2096.153564453125,837.1790771484375,0.5547558069229126,2099.300537109375,808.2256469726562,0.603572428226471,2097.412353515625,785.5664672851562,0.6007116436958313,2095.524169921875,869.279541015625,0.5146398544311523,2103.70654296875,827.1082763671875,0.6353461742401123,2104.3359375,795.0078125,0.7014010548591614,2099.300537109375,770.4603271484375,0.6932373046875,2105.594970703125,872.4266357421875,0.5459287166595459,2110.630126953125,835.9202270507812,0.6221321821212769,2110.630126953125,808.8551025390625,0.656084418296814,2108.112548828125,783.67822265625,0.6634260416030884,2116.924560546875,881.8680419921875,0.5420217514038086,2120.071533203125,854.1734619140625,0.5901862382888794,2119.442138671875,832.1436767578125,0.6324565410614014,2115.0361328125,811.3727416992188,0.6642385721206665
DJI_20260917133339_0086_D.JPG,Cam 6,19,PATAKA,INCORRECT,ELBOWS_NOT_ALIGNED,,dwpose_l_wholebody,coco_wholebody_133,OK,472.47,187.3,1,1,2079.20263671875,720.5628662109375,0.8832323551177979,2070.6884765625,695.0203857421875,0.9228490591049194,2074.9453125,690.7635498046875,0.8517087697982788,2070.6884765625,695.0203857421875,0.8977941274642944,2057.9169921875,695.0203857421875,0.9287643432617188,2049.4033203125,695.0203857421875,0.8636233806610107,2040.8890380859375,695.0203857421875,0.8928581476211548,2006.8326416015625,707.7916259765625,0.6747677326202393,1968.5191650390625,716.3057861328125,0.8148547410964966,2070.6884765625,754.6192626953125,0.9385958909988403,2053.66015625,754.6192626953125,0.9224808812141418,1994.0614013671875,882.3309326171875,0.6819078922271729,1896.1492919921875,899.3590087890625,0.766806960105896,2040.8890380859375,1167.5533447265625,0.4160476326942444,1925.9486083984375,1154.7821044921875,0.7491859197616577,2006.8326416015625,1384.6629638671875,0.6440523862838745,1908.9205322265625,1393.1771240234375,0.685131311416626,1960.0050048828125,1776.3118896484375,0.5938209891319275,1866.3497314453125,1793.3402099609375,0.6895505785942078,1883.3780517578125,2044.5062255859375,0.608012318611145,1866.3497314453125,2159.44677734375,0.805657684803009,1836.5504150390625,2095.5908203125,0.585472583770752,1828.0362548828125,2206.2744140625,0.8180298805236816,2032.3748779296875,2091.333984375,0.6248538494110107,2045.1461181640625,2202.01708984375,0.8800255060195923,2096.89599609375,950.523193359375,0.47956162691116333,2102.19287109375,926.39111328125,0.4404815137386322,2106.31298828125,889.3101806640625,0.3050205409526825,2122.205078125,866.3552856445312,0.23504933714866638,2128.67919921875,902.259033203125,0.19905483722686768,2108.66748046875,861.0579833984375,0.4438321590423584,2113.96484375,831.0401000976562,0.5207333564758301,2116.90771484375,800.4336547851562,0.541276216506958,2114.55322265625,775.7130126953125,0.5486358404159546,2116.3193359375,859.880859375,0.47420960664749146,2122.79345703125,822.2113037109375,0.5768290758132935,2122.205078125,790.4276733398438,0.631479024887085,2116.90771484375,765.1184692382812,0.6643702983856201,2125.14794921875,864.0009765625,0.47881925106048584,2130.4453125,830.4515380859375,0.560508131980896,2129.8564453125,799.8450317382812,0.6070802211761475,2126.3251953125,778.0673217773438,0.5989423990249634,2136.3310546875,872.2411499023438,0.48388466238975525,2139.86279296875,845.7547607421875,0.5532456636428833,2138.685546875,825.1542358398438,0.5994881391525269,2134.5654296875,803.9651489257812,0.6268343329429626,2097.82177734375,954.8388671875,0.5282589197158813,2104.609619140625,929.7235107421875,0.4905184507369995,2107.324951171875,895.1051025390625,0.36299216747283936,2120.221923828125,875.4200439453125,0.3121148645877838,2129.72509765625,857.7713623046875,0.23034830391407013,2108.682373046875,863.2017822265625,0.5047354102134705,2114.79150390625,829.2620849609375,0.606890082359314,2118.185546875,801.4315795898438,0.6238580942153931,2115.470458984375,776.9949951171875,0.6261857748031616,2116.149169921875,859.8077392578125,0.5531510710716248,2121.57958984375,819.7589721679688,0.6743241548538208,2122.93701171875,790.5708618164062,0.7198755145072937,2116.827880859375,764.7767333984375,0.7558977603912354,2124.973388671875,862.52294921875,0.5821423530578613,2129.72509765625,829.2620849609375,0.6728272438049316,2130.40380859375,799.3952026367188,0.708336591720581,2127.009765625,776.9949951171875,0.6816105842590332,2135.1552734375,871.3472900390625,0.576485276222229,2139.22802734375,846.23193359375,0.6620340347290039,2139.906982421875,824.5105590820312,0.7060328722000122,2134.4765625,803.4679565429688,0.7137894630432129
DJI_20260917133408_0087_D.JPG,Cam 6,20,ALAPADMA,INCORRECT,ELBOWS_NOT_ALIGNED,,dwpose_l_wholebody,coco_wholebody_133,OK,462.02,195.75,1,1,2106.823486328125,706.564453125,0.8877677917480469,2098.250244140625,680.8447265625,0.9501864910125732,2102.536865234375,680.8447265625,0.8792105913162231,2098.250244140625,685.13134765625,0.9305274486541748,2085.390380859375,680.8447265625,0.9610520601272583,2076.81689453125,676.55810546875,0.8807792067527771,2068.243896484375,680.8447265625,0.935999870300293,2021.0908203125,689.41796875,0.7276573777198792,1982.51123046875,693.70458984375,0.8780084252357483,2098.250244140625,745.144287109375,0.9584938883781433,2076.81689453125,740.857666015625,0.9400898218154907,2012.517578125,882.316650390625,0.699669599533081,1905.3515625,882.316650390625,0.7867321968078613,2059.67041015625,1066.641845703125,0.5212268829345703,1926.784912109375,1130.941162109375,0.7351629734039307,1999.65771484375,1362.419677734375,0.65778648853302,1918.21142578125,1366.706298828125,0.7115892171859741,1939.644775390625,1756.789794921875,0.6997610330581665,1888.205078125,1769.649658203125,0.7668783664703369,1888.205078125,2074.000732421875,0.759984016418457,1866.77197265625,2138.300537109375,0.8584150075912476,1845.3388671875,2112.580810546875,0.77061527967453,1828.1923828125,2181.166748046875,0.8807972073554993,2033.95068359375,2146.873779296875,0.7732971906661987,2055.3837890625,2189.739990234375,0.8941901326179504,2126.51416015625,939.962890625,0.29841798543930054,2126.51416015625,915.6768798828125,0.28509068489074707,2126.51416015625,893.9207153320312,0.27817466855049133,2126.51416015625,870.1406860351562,0.3167150616645813,2153.329833984375,854.9619750976562,0.34618663787841797,2181.157470703125,891.3909301757812,0.2594917416572571,2224.1640625,890.3790283203125,0.22918745875358582,2245.920166015625,896.9564208984375,0.20231840014457703,2283.361083984375,905.0517578125,0.1626516729593277,2193.300537109375,876.212158203125,0.28374016284942627,2217.58642578125,850.914306640625,0.2708424925804138,2232.765380859375,829.6640625,0.2662774920463562,2254.521484375,814.9913330078125,0.29777073860168457,2200.384033203125,879.2479248046875,0.2734578847885132,2229.2236328125,878.741943359375,0.22866538166999817,2267.17041015625,879.75390625,0.2481238692998886,2288.926513671875,883.8015747070312,0.28900355100631714,2199.3720703125,889.3670654296875,0.2688339054584503,2219.6103515625,889.3670654296875,0.2606893479824066,2241.366455078125,893.9207153320312,0.1945677548646927,2243.896240234375,904.039794921875,0.15366317331790924,2098.341796875,941.604736328125,0.46260595321655273,2103.19775390625,914.5511474609375,0.5160967111587524,2110.13427734375,896.5155029296875,0.5625760555267334,2130.94482421875,873.6240234375,0.5617589354515076,2151.75537109375,858.363037109375,0.5580841302871704,2182.97119140625,895.1280517578125,0.4053584933280945,2222.5107421875,893.74072265625,0.43280649185180664,2250.95166015625,898.5965576171875,0.48334017395973206,2276.61767578125,904.14599609375,0.4711083173751831,2193.3759765625,896.5155029296875,0.3595011234283447,2233.60986328125,883.3355712890625,0.39083802700042725,2268.9873046875,883.3355712890625,0.3984004855155945,2290.49169921875,884.722900390625,0.424203485250473,2190.6015625,879.8670654296875,0.3747079372406006,2217.65478515625,854.8946533203125,0.4134667217731476,2236.38427734375,832.69677734375,0.3615785837173462,2259.9697265625,886.803955078125,0.31529417634010315,2181.58349609375,881.9481201171875,0.3404766023159027,2169.791015625,845.1830444335938,0.27385973930358887,2159.3857421875,824.3726196289062,0.36922502517700195,2161.466796875,802.1748046875,0.41147103905677795
DJI_20260917133411_0088_D.JPG,Cam 6,20,ALAPADMA,INCORRECT,ELBOWS_NOT_ALIGNED,,dwpose_l_wholebody,coco_wholebody_133,OK,431.06,198.1,1,1,2073.3662109375,694.0987548828125,0.8904306888580322,2069.05322265625,668.2210693359375,0.9404099583625793,2069.05322265625,663.9080810546875,0.8764584064483643,2069.05322265625,668.2210693359375,0.921226978302002,2051.80126953125,663.9080810546875,0.9622962474822998,2047.4884033203125,663.9080810546875,0.8793083429336548,2038.8624267578125,663.9080810546875,0.9327602386474609,1987.1068115234375,668.2210693359375,0.7197460532188416,1948.2901611328125,676.8470458984375,0.8674677610397339,2064.740234375,732.9156494140625,0.9606447219848633,2047.4884033203125,728.6026611328125,0.9445116519927979,1991.4197998046875,862.3050537109375,0.7012691497802734,1870.6563720703125,870.9310302734375,0.7774214744567871,2038.8624267578125,1052.0760498046875,0.5030689835548401,1905.1602783203125,1125.3966064453125,0.7534358501434326,1982.7940673828125,1353.9844970703125,0.6602475047111511,1900.8472900390625,1358.2974853515625,0.7063735127449036,1935.3511962890625,1746.4654541015625,0.6760491132736206,1879.2823486328125,1763.7174072265625,0.7729107141494751,1887.9083251953125,2048.3740234375,0.7179155349731445,1870.6563720703125,2130.32080078125,0.8510899543762207,1836.1524658203125,2087.1904296875,0.7015285491943359,1831.8394775390625,2173.4501953125,0.8643004894256592,2025.9237060546875,2113.068359375,0.7315680980682373,2047.4884033203125,2164.82421875,0.8790147304534912,2079.1748046875,918.97900390625,0.3852308392524719,2079.1748046875,897.9539794921875,0.36243146657943726,2079.1748046875,870.9871826171875,0.3945618271827698,2100.6572265625,853.6187133789062,0.4785178303718567,2118.482421875,834.4219360351562,0.4589495062828064,2157.3330078125,876.9290161132812,0.36439239978790283,2196.640625,874.1866455078125,0.39045774936676025,2224.521484375,877.3861083984375,0.37351423501968384,2248.2890625,884.6990966796875,0.39487212896347046,2163.73193359375,861.3887939453125,0.3565934896469116,2200.29736328125,851.7904052734375,0.24250854551792145,2235.4912109375,861.8458862304688,0.31579333543777466,2258.80126953125,865.95947265625,0.3396161198616028,2161.44677734375,854.5328369140625,0.3289729952812195,2184.2998046875,836.250244140625,0.24387313425540924,2198.01171875,811.5687255859375,0.2688230574131012,2221.322265625,795.1143798828125,0.36183035373687744,2155.5048828125,854.5328369140625,0.279302179813385,2127.6240234375,854.0757446289062,0.2139807790517807,2126.70947265625,807.9121704101562,0.2585793435573578,2126.70947265625,785.0588989257812,0.3657462000846863,2067.41162109375,928.400390625,0.4308355450630188,2070.07470703125,898.4410400390625,0.4675609767436981,2081.392578125,876.4708251953125,0.493790864944458,2101.365478515625,854.5006103515625,0.5229504108428955,2118.67529296875,835.8592529296875,0.5262967348098755,2150.632080078125,877.8023681640625,0.3562657833099365,2189.246337890625,872.476318359375,0.46540236473083496,2218.5400390625,876.4708251953125,0.45198118686676025,2242.507568359375,882.462646484375,0.44074511528015137,2164.613037109375,876.4708251953125,0.3614652454853058,2203.227294921875,863.8212890625,0.41937369108200073,2232.52099609375,865.15283203125,0.4301554560661316,2257.154296875,865.818603515625,0.44567304849624634,2160.618408203125,858.4952392578125,0.3557068407535553,2182.588623046875,834.5277099609375,0.3839229345321655,2203.227294921875,811.8917236328125,0.4205547571182251,2225.86328125,792.5845947265625,0.4650471806526184,2147.968994140625,859.1610107421875,0.3105369806289673,2133.988037109375,827.2042846679688,0.2398443967103958,2128.661865234375,806.5656127929688,0.4081498980522156,2128.661865234375,785.9269409179688,0.5712517499923706
DJI_20260917133439_0089_D.JPG,Cam 6,21,ALAPADMA,CORRECT,,,dwpose_l_wholebody,coco_wholebody_133,OK,459.51,227.11,1,1,2055.3173828125,725.6502685546875,0.9030647277832031,2046.82470703125,695.9261474609375,0.9674313068389893,2046.82470703125,695.9261474609375,0.8838975429534912,2046.82470703125,700.1722412109375,0.9444283246994019,2034.085693359375,695.9261474609375,0.9748373031616211,2025.593017578125,695.9261474609375,0.8837099075317383,2017.1005859375,695.9261474609375,0.941612958908081,1961.898681640625,708.6649169921875,0.7358028888702393,1936.4208984375,708.6649169921875,0.8608671426773071,2046.82470703125,763.8670654296875,0.9759434461593628,2025.593017578125,759.6207275390625,0.9595205783843994,1944.913330078125,899.7486572265625,0.6529372930526733,1898.204345703125,903.9949951171875,0.7451099157333374,2076.548828125,1035.6302490234375,0.4693305790424347,2055.3173828125,1039.8765869140625,0.5297154188156128,1995.869140625,1362.5955810546875,0.6303002834320068,1923.681884765625,1371.0880126953125,0.7056601047515869,1944.913330078125,1761.7479248046875,0.617345929145813,1889.711669921875,1778.7327880859375,0.736202597618103,1893.957763671875,2067.4814453125,0.6689186692237854,1872.726318359375,2156.65380859375,0.8236129283905029,1847.24853515625,2105.6982421875,0.6926490068435669,1834.509521484375,2199.11669921875,0.8542590141296387,2025.593017578125,2109.9443359375,0.6824533939361572,2055.3173828125,2177.88525390625,0.863174557685852,2177.752685546875,1026.3626708984375,0.2998882532119751,2207.61767578125,994.2003173828125,0.2821451723575592,2242.405517578125,971.2271728515625,0.4513736963272095,2275.552490234375,958.756103515625,0.48373943567276,2302.4638671875,950.5513916015625,0.7880258560180664,2268.98876953125,1016.1888427734375,0.33379268646240234,2294.91552734375,1030.3009033203125,0.44922980666160583,2310.66845703125,1042.11572265625,0.5710833668708801,2325.43701171875,1056.555908203125,0.7788616418838501,2253.23583984375,1028.331787109375,0.33557048439979553,2271.9423828125,1014.5479736328125,0.17860670387744904,2285.726318359375,991.5748291015625,0.14197075366973877,2228.29345703125,983.6983642578125,0.17952027916908264,2241.421142578125,1035.880126953125,0.40881913900375366,2247.000244140625,1025.706298828125,0.24069413542747498,2228.949951171875,1014.5479736328125,0.1634211242198944,2219.7607421875,991.903076171875,0.1641002893447876,2231.575439453125,1050.9766845703125,0.43027782440185547,2250.9384765625,1051.6331787109375,0.32877296209335327,2263.40966796875,1053.602294921875,0.26878607273101807,2276.865234375,1060.8223876953125,0.3242301344871521,2194.016845703125,1025.083251953125,0.3089432716369629,2215.792724609375,991.5819091796875,0.40008461475372314,2243.85009765625,970.6435546875,0.5584824085235596,2274.8388671875,959.755615234375,0.6417533159255981,2302.89599609375,950.5428466796875,0.8402966260910034,2269.8134765625,1015.0328369140625,0.4210067689418793,2297.033447265625,1030.1083984375,0.512594997882843,2312.946533203125,1042.67138671875,0.6251940727233887,2326.765625,1058.165771484375,0.8028874397277832,2254.738037109375,1026.75830078125,0.40529313683509827,2268.138427734375,1012.93896484375,0.24249081313610077,2286.1455078125,1010.8450927734375,0.1728169322013855,2297.870849609375,980.2752685546875,0.14076796174049377,2242.175048828125,1034.71484375,0.42258453369140625,2242.175048828125,1022.9893798828125,0.2744319438934326,2237.9873046875,1008.33251953125,0.21031975746154785,2217.4677734375,977.7625732421875,0.16238939762115479,2236.73095703125,1048.5340576171875,0.39174485206604004,2255.15673828125,1050.6279296875,0.3133090138435364,2203.6484375,961.011962890625,0.3422924280166626,2278.607666015625,950.9615478515625,0.3505026400089264
DJI_20260917133441_0090_D.JPG,Cam 6,21,ALAPADMA,CORRECT,,,dwpose_l_wholebody,coco_wholebody_133,OK,435.53,196.67,1,1,2058.74609375,733.9351806640625,0.8970904350280762,2050.28857421875,704.3338623046875,0.9636796116828918,2050.28857421875,704.3338623046875,0.8798818588256836,2050.28857421875,708.5626220703125,0.9406418800354004,2037.6021728515625,704.3338623046875,0.9705066680908203,2029.1446533203125,704.3338623046875,0.8760836124420166,2020.6868896484375,704.3338623046875,0.9354495406150818,1969.9415283203125,712.7913818359375,0.7212860584259033,1940.3399658203125,717.0201416015625,0.8446660041809082,2050.28857421875,771.9945068359375,0.9780411124229431,2029.1446533203125,767.7657470703125,0.9611701369285583,1944.5687255859375,907.3160400390625,0.6465675830841064,1902.2808837890625,898.8582763671875,0.7440361380577087,2062.97509765625,1034.1798095703125,0.4541833996772766,2054.517578125,1021.4932861328125,0.5318304300308228,1999.5430908203125,1359.7965087890625,0.6300978064537048,1923.4246826171875,1368.2540283203125,0.7022639513015747,1957.2552490234375,1753.0743408203125,0.5924383997917175,1889.5946044921875,1774.2183837890625,0.7259204983711243,1898.0521240234375,2066.0048828125,0.6219726204872131,1872.6793212890625,2159.0380859375,0.8155472278594971,1855.7640380859375,2099.8349609375,0.6490083932876587,1834.6202392578125,2201.326171875,0.8430076837539673,2024.9158935546875,2099.8349609375,0.6395686864852905,2054.517578125,2180.18212890625,0.852758526802063,2168.38671875,1037.6851806640625,0.282540500164032,2213.26611328125,1002.7434692382812,0.2360694408416748,2241.79638671875,973.5718383789062,0.32240030169487,2275.13525390625,962.3521118164062,0.3856546878814697,2301.421875,955.9407348632812,0.47690147161483765,2266.800537109375,1017.4894409179688,0.32534658908843994,2293.728271484375,1033.5177001953125,0.35766923427581787,2311.038818359375,1045.6993408203125,0.41497063636779785,2332.1962890625,1058.201416015625,0.5127423405647278,2253.3369140625,1029.02978515625,0.2805634140968323,2273.85302734375,1018.7717895507812,0.1826404631137848,2285.714111328125,1012.0398559570312,0.12930382788181305,2295.3310546875,955.9407348632812,0.1592341661453247,2240.193603515625,1038.3262939453125,0.29181140661239624,2253.3369140625,1031.5943603515625,0.1961255669593811,2274.494140625,1021.6567993164062,0.12320947647094727,2283.79052734375,1034.158935546875,0.10501624643802643,2227.05029296875,1055.9573974609375,0.28117966651916504,2250.772216796875,1055.9573974609375,0.29615169763565063,2265.19775390625,1057.2396240234375,0.34063011407852173,2281.8671875,1064.6126708984375,0.3545905351638794,2168.18359375,1028.28076171875,0.2934354841709137,2212.97265625,997.5357055664062,0.35501253604888916,2242.199462890625,973.2433471679688,0.5236852169036865,2275.221923828125,962.6154174804688,0.5762141942977905,2303.689453125,954.6444702148438,0.7930886745452881,2270.28759765625,1018.0324096679688,0.3805382251739502,2295.718505859375,1032.83544921875,0.49247077107429504,2311.660400390625,1044.60205078125,0.6382712125778198,2326.84326171875,1059.784912109375,0.8181061148643494,2253.58642578125,1027.901123046875,0.3745735287666321,2271.8056640625,1013.8571166992188,0.20011433959007263,2283.19287109375,985.7689819335938,0.14349967241287231,2216.768310546875,981.9733276367188,0.2084731161594391,2241.060791015625,1038.529052734375,0.429548978805542,2243.7177734375,1025.623779296875,0.23722630739212036,2230.812255859375,1013.4774780273438,0.17575344443321228,2213.352294921875,961.8562622070312,0.2114681899547577,2231.951171875,1054.470947265625,0.4291567802429199,2254.345703125,1054.8505859375,0.3072941303253174,2265.732666015625,1057.1279296875,0.3005794286727905,2281.294921875,956.1626586914062,0.3285723924636841
DJI_20260917133507_0091_D.JPG,Cam 6,22,MUSHTI,CORRECT,,,dwpose_l_wholebody,coco_wholebody_133,OK,446.9,187.9,1,1,2081.734375,704.3956298828125,0.8764961957931519,2073.115478515625,674.2296142578125,0.9333416223526001,2073.115478515625,674.2296142578125,0.8539876937866211,2073.115478515625,674.2296142578125,0.9050705432891846,2060.187255859375,674.2296142578125,0.9477511644363403,2051.568359375,669.9200439453125,0.856589674949646,2042.949462890625,674.2296142578125,0.9058264493942261,1982.617431640625,678.5389404296875,0.6876533031463623,1952.451416015625,682.8485107421875,0.8232430219650269,2068.805908203125,738.8709716796875,0.9392059445381165,2051.568359375,738.8709716796875,0.9315012097358704,1986.927001953125,872.4635009765625,0.6328615546226501,1922.285400390625,872.4635009765625,0.7102328538894653,2180.851318359375,967.2708740234375,0.4250587821006775,2133.447509765625,975.8900146484375,0.5215694308280945,2017.093017578125,1333.5726318359375,0.6398649215698242,1922.285400390625,1337.8822021484375,0.6971904635429382,1969.689208984375,1730.0404052734375,0.5986287593841553,1887.809814453125,1755.8970947265625,0.7086912393569946,1913.66650390625,2018.7723388671875,0.6548094749450684,1892.119384765625,2122.19873046875,0.7967877388000488,1866.2626953125,2040.3197021484375,0.6749257445335388,1853.33447265625,2173.912109375,0.8155592083930969,2042.949462890625,2057.5576171875,0.6519899964332581,2073.115478515625,2160.98388671875,0.8566999435424805,2137.39892578125,1041.59130859375,0.1589498519897461,2153.164794921875,1035.19970703125,0.1275835633277893,2173.617919921875,1043.7216796875,0.15629105269908905,2187.892333984375,1025.186279296875,0.16569703817367554,2181.927001953125,1016.0249633789062,0.2578355073928833,2212.6064453125,1044.573974609375,0.2426813542842865,2212.6064453125,1038.821533203125,0.27696165442466736,2193.85791015625,1025.186279296875,0.24188914895057678,2182.779052734375,1015.5988159179688,0.2567257583141327,2212.6064453125,1030.08642578125,0.23326367139816284,2212.6064453125,1018.3685913085938,0.2603890299797058,2212.6064453125,1009.4203491210938,0.2801007926464081,2182.35302734375,1001.7504272460938,0.23398348689079285,2212.6064453125,1030.512451171875,0.1848825216293335,2212.6064453125,1009.4203491210938,0.24913141131401062,2212.6064453125,1007.9290161132812,0.2532975673675537,2185.974853515625,1002.3895874023438,0.22347146272659302,2212.6064453125,1043.08251953125,0.12584614753723145,2212.6064453125,1004.9462280273438,0.19088761508464813,2212.6064453125,1004.7332153320312,0.17412644624710083,2180.648681640625,1002.1765747070312,0.16856592893600464,2200.10205078125,971.9993286132812,0.08433812856674194,2213.248046875,959.0079345703125,0.13479319214820862,2247.58251953125,941.2220458984375,0.2768808603286743,2247.58251953125,941.2220458984375,0.23531277477741241,2247.58251953125,941.2220458984375,0.19296100735664368,2247.58251953125,941.2220458984375,0.28284579515457153,2247.58251953125,1020.253173828125,0.21928800642490387,2247.58251953125,967.8235473632812,0.1554792821407318,2247.58251953125,963.647705078125,0.07627663761377335,2247.58251953125,990.2491455078125,0.22828596830368042,2247.58251953125,987.46533203125,0.21194525063037872,2247.58251953125,980.81494140625,0.15697023272514343,2227.4765625,980.81494140625,0.057970523834228516,2247.58251953125,993.4970703125,0.23184044659137726,2247.58251953125,993.3424072265625,0.17889800667762756,2228.7138671875,993.6517333984375,0.10541125386953354,2224.07421875,994.2703857421875,0.07776598632335663,2232.58056640625,1020.253173828125,0.28323113918304443,2232.27099609375,1020.253173828125,0.25081130862236023,2213.7119140625,1020.253173828125,0.21363119781017303,2210.0,1020.253173828125,0.18366584181785583
DJI_20260917133509_0092_D.JPG,Cam 6,22,MUSHTI,CORRECT,,,dwpose_l_wholebody,coco_wholebody_133,OK,458.87,226.36,1,1,2063.72802734375,702.7799072265625,0.8877050876617432,2059.42431640625,672.6539306640625,0.9392365217208862,2059.42431640625,672.6539306640625,0.8621492385864258,2059.42431640625,672.6539306640625,0.9119734168052673,2046.512939453125,668.3502197265625,0.9533083438873291,2037.905517578125,668.3502197265625,0.8632889986038208,2029.298095703125,668.3502197265625,0.9166901111602783,1977.653564453125,672.6539306640625,0.6786544322967529,1938.919921875,672.6539306640625,0.8150701522827148,2055.12060546875,741.5135498046875,0.9499565362930298,2033.601806640625,732.9061279296875,0.947149932384491,1977.653564453125,870.6253662109375,0.6370384097099304,1887.275146484375,857.7142333984375,0.7324787378311157,2111.069091796875,991.1297607421875,0.4189339280128479,2102.461669921875,935.1812744140625,0.5601098537445068,1999.172119140625,1318.2130126953125,0.6513871550559998,1908.793701171875,1318.2130126953125,0.7007670402526855,1956.135009765625,1718.4595947265625,0.6300933361053467,1882.971435546875,1739.9781494140625,0.7304617166519165,1887.275146484375,2028.3280029296875,0.6884145736694336,1874.364013671875,2110.0986328125,0.8139193058013916,1835.630615234375,2067.0615234375,0.7033483982086182,1835.630615234375,2161.74365234375,0.8154720664024353,2020.690673828125,2079.97265625,0.6663385629653931,2050.816650390625,2148.83251953125,0.8381291627883911,2119.337890625,1037.1363525390625,0.1378093957901001,2136.01904296875,1033.7603759765625,0.11430130898952484,2191.42431640625,1036.1434326171875,0.17743220925331116,2191.42431640625,1022.8382568359375,0.24609650671482086,2167.792724609375,1011.916015625,0.2965605556964874,2191.42431640625,1041.1080322265625,0.24163870513439178,2191.42431640625,1031.97314453125,0.2461351752281189,2191.42431640625,1021.051025390625,0.2657944858074188,2165.608154296875,1007.1500244140625,0.33148109912872314,2191.42431640625,1022.8382568359375,0.23982982337474823,2191.42431640625,1010.1287841796875,0.27215397357940674,2178.119140625,999.8023681640625,0.31723570823669434,2160.842041015625,993.8448486328125,0.3205455243587494,2191.42431640625,1021.051025390625,0.20138351619243622,2191.42431640625,1005.95849609375,0.2592619061470032,2191.42431640625,1001.7882080078125,0.2744355797767639,2162.232177734375,994.63916015625,0.2693703770637512,2191.42431640625,1008.1429443359375,0.14501509070396423,2191.42431640625,1004.568359375,0.22693952918052673,2191.42431640625,997.617919921875,0.19346457719802856,2166.00537109375,988.8802490234375,0.1844480037689209,2142.215576171875,965.306396484375,0.07765699923038483,2192.7109375,956.1890869140625,0.07147182524204254,2163.489013671875,920.421630859375,0.10463639348745346,2163.489013671875,920.421630859375,0.08893211930990219,2215.386962890625,920.421630859375,0.06845027208328247,2249.284423828125,962.73486328125,0.08710487186908722,2219.361328125,946.6043701171875,0.10946787893772125,2226.140625,949.1759033203125,0.09029287099838257,2210.477783203125,952.2149658203125,0.04133634269237518,2245.310302734375,973.488525390625,0.14070497453212738,2227.777099609375,971.384521484375,0.1493561863899231,2218.893798828125,963.202392578125,0.12535834312438965,2209.776611328125,967.6441650390625,0.07624712586402893,2228.946044921875,992.42431640625,0.1672065407037735,2225.20556640625,987.0474853515625,0.11343510448932648,2213.750732421875,976.2938232421875,0.08455805480480194,2212.1142578125,987.0474853515625,0.05101049691438675,2217.25732421875,1014.86669921875,0.14588063955307007,2202.06201171875,1039.8804931640625,0.09382302314043045,2181.022216796875,1017.90576171875,0.12266506999731064,2167.463134765625,1011.126220703125,0.13886156678199768
DJI_20260917133523_0093_D.JPG,Cam 6,23,KATAKAMUKHA,CORRECT,,,dwpose_l_wholebody,coco_wholebody_133,OK,441.2,197.93,1,1,2078.339599609375,699.3984375,0.8617823123931885,2065.406982421875,669.22216796875,0.9063519835472107,2069.718017578125,669.22216796875,0.8336658477783203,2069.718017578125,669.22216796875,0.8845295310020447,2052.474365234375,669.22216796875,0.9141426086425781,2048.163330078125,664.911376953125,0.8367618322372437,2043.8525390625,669.22216796875,0.8686928749084473,1949.012939453125,677.843994140625,0.6918107271194458,1953.323974609375,682.155029296875,0.8016351461410522,2065.406982421875,733.885498046875,0.9203423261642456,2052.474365234375,733.885498046875,0.9010993242263794,1914.52587890625,850.279541015625,0.6113475561141968,1953.323974609375,850.279541015625,0.6790093183517456,2099.89404296875,983.917236328125,0.3342062830924988,2160.24658203125,953.740966796875,0.5938780307769775,1970.5673828125,1328.788330078125,0.6036098599433899,1944.7021484375,1328.788330078125,0.6541887521743774,1936.080322265625,1734.01171875,0.6184501647949219,1897.282470703125,1755.566162109375,0.7140423059463501,1871.4169921875,2048.70654296875,0.7222548723220825,1867.106201171875,2134.92431640625,0.8039798736572266,1828.30810546875,2096.126220703125,0.7480188608169556,1828.30810546875,2178.033203125,0.8271097540855408,2013.67626953125,2100.43701171875,0.7017942667007446,2043.8525390625,2165.100341796875,0.8504468202590942,2163.141357421875,944.4407348632812,0.0633477121591568,2188.74462890625,977.5316772460938,0.0493781752884388,2246.47265625,992.2655639648438,0.16792979836463928,2246.47265625,987.9179077148438,0.22138789296150208,2246.47265625,992.5071411132812,0.19929459691047668,2246.47265625,995.6471557617188,0.14988364279270172,2246.47265625,1021.4918823242188,0.22996875643730164,2246.47265625,1021.4918823242188,0.21519236266613007,2246.47265625,1021.4918823242188,0.17710208892822266,2246.47265625,1021.4918823242188,0.08916440606117249,2204.927734375,1021.4918823242188,0.15346504747867584,2210.724853515625,1021.4918823242188,0.1448613554239273,2213.3818359375,1021.4918823242188,0.11764315515756607,2189.7109375,996.3717651367188,0.06543128192424774,2123.0458984375,1021.4918823242188,0.15784163773059845,2188.74462890625,1021.4918823242188,0.12845318019390106,2184.880126953125,1021.4918823242188,0.10776561498641968,2123.0458984375,994.9225463867188,0.13588491082191467,2123.0458984375,1021.4918823242188,0.20402611792087555,2123.0458984375,1021.4918823242188,0.16373492777347565,2141.885986328125,978.4978637695312,0.06550006568431854,2244.65869140625,945.2591552734375,0.30811184644699097,2225.405517578125,945.2591552734375,0.2973162531852722,2223.284423828125,932.8587646484375,0.28785037994384766,2220.184326171875,925.8426513671875,0.31594109535217285,2219.368408203125,918.174072265625,0.4645766019821167,2244.822021484375,915.0738525390625,0.19145557284355164,2252.980224609375,903.4892578125,0.14553877711296082,2263.422607421875,861.882568359375,0.20398634672164917,2264.564697265625,861.882568359375,0.2739025950431824,2246.780029296875,913.60546875,0.2321307361125946,2262.1171875,891.2520751953125,0.22761547565460205,2263.7490234375,875.261962890625,0.3634445071220398,2265.05419921875,861.882568359375,0.39885732531547546,2256.56982421875,913.60546875,0.3127908706665039,2263.09619140625,892.06787109375,0.3167168200016022,2265.543701171875,879.341064453125,0.4603106379508972,2266.1962890625,861.882568359375,0.45025524497032166,2261.9541015625,917.195068359375,0.3511379361152649,2265.543701171875,905.936767578125,0.323587030172348,2267.17529296875,896.799560546875,0.37508830428123474,2267.664794921875,887.009765625,0.43331003189086914
DJI_20260917133525_0094_D.JPG,Cam 6,23,KATAKAMUKHA,CORRECT,,,dwpose_l_wholebody,coco_wholebody_133,OK,457.69,215.82,1,1,2076.787841796875,712.094482421875,0.8664370775222778,2068.201416015625,682.042724609375,0.9230090379714966,2068.201416015625,682.042724609375,0.8378386497497559,2072.49462890625,682.042724609375,0.8985929489135742,2055.322265625,682.042724609375,0.9290854930877686,2046.736083984375,682.042724609375,0.8387525677680969,2038.14990234375,682.042724609375,0.8802450895309448,1956.581298828125,690.62890625,0.6818041801452637,1956.581298828125,694.922119140625,0.8041410446166992,2068.201416015625,750.732421875,0.9296822547912598,2051.029052734375,746.439208984375,0.9105452299118042,1905.06396484375,862.3525390625,0.6108142137527466,1965.167236328125,858.0595703125,0.6813291311264038,2089.6669921875,1004.02490234375,0.3269578814506531,2154.0634765625,969.68017578125,0.6071641445159912,1917.943115234375,1330.2998046875,0.615181565284729,1952.2880859375,1321.713623046875,0.6607424020767212,1900.770751953125,1738.143798828125,0.6257627010345459,1900.770751953125,1759.609375,0.7235198616981506,1862.133056640625,2068.7119140625,0.7431765198707581,1866.426025390625,2150.28076171875,0.8130664825439453,1819.2021484375,2111.64306640625,0.7730625867843628,1823.495361328125,2193.21142578125,0.8404314517974854,2008.098388671875,2120.22900390625,0.7374733686447144,2038.14990234375,2171.74609375,0.8772726058959961,2228.231689453125,1003.3448486328125,0.35301411151885986,2207.588134765625,989.9700927734375,0.35643190145492554,2197.41162109375,979.212158203125,0.3416138291358948,2186.944580078125,970.7802734375,0.28740590810775757,2180.838623046875,954.2071533203125,0.1623733639717102,2203.517578125,941.4139404296875,0.397821843624115,2192.17822265625,935.8896484375,0.26027584075927734,2205.843505859375,942.8677368164062,0.1854841560125351,2203.517578125,969.6171875,0.14603859186172485,2218.927490234375,937.9249267578125,0.39646148681640625,2213.98486328125,936.4711303710938,0.24757643043994904,2217.7646484375,947.5198364257812,0.23460084199905396,2221.253662109375,950.4273681640625,0.2125452160835266,2238.408203125,937.9249267578125,0.38634341955184937,2245.38623046875,924.8409423828125,0.3550284504890442,2249.74755859375,930.94677734375,0.23394976556301117,2251.4921875,921.3518676757812,0.15738582611083984,2256.144287109375,943.739990234375,0.43827611207962036,2261.3779296875,919.0258178710938,0.3931664824485779,2263.99462890625,898.6729736328125,0.439342200756073,2265.7392578125,876.2847900390625,0.5139337778091431,2240.290771484375,960.018310546875,0.2841874361038208,2240.290771484375,960.018310546875,0.23103362321853638,2231.641845703125,944.06591796875,0.16147270798683167,2222.6083984375,936.7623291015625,0.1460377424955368,2218.18798828125,931.572998046875,0.16881760954856873,2257.972900390625,923.500732421875,0.18099260330200195,2260.279296875,913.6986083984375,0.15589067339897156,2262.585693359375,892.7490234375,0.177096426486969,2264.89208984375,879.6795654296875,0.18424813449382782,2257.972900390625,926.960205078125,0.1966899186372757,2262.201416015625,905.626220703125,0.16627490520477295,2263.546630859375,893.1334228515625,0.22327813506126404,2265.46875,878.5263671875,0.24808377027511597,2257.972900390625,931.1885986328125,0.1739169955253601,2262.585693359375,904.088623046875,0.13736027479171753,2263.93115234375,893.3255615234375,0.17737482488155365,2266.04541015625,879.295166015625,0.23784983158111572,2259.70263671875,943.297119140625,0.15216732025146484,2265.660888671875,936.7623291015625,0.138717919588089,2265.85302734375,894.6710205078125,0.15051740407943726,2266.04541015625,888.5206298828125,0.17626585066318512
DJI_20260917133603_0095_D.JPG,Cam 6,24,PATAKA,INCORRECT,FINGERS_TOO_FAR_APART,,dwpose_l_wholebody,coco_wholebody_133,OK,438.95,210.25,1,1,2058.93603515625,733.4193115234375,0.8961281776428223,2050.45849609375,703.7474365234375,0.9620542526245117,2054.697265625,703.7474365234375,0.8875248432159424,2050.45849609375,707.9862060546875,0.9416123628616333,2041.9805908203125,703.7474365234375,0.9762142896652222,2033.5028076171875,699.5086669921875,0.895953893661499,2025.0252685546875,703.7474365234375,0.9469412565231323,1969.9202880859375,707.9862060546875,0.7167171239852905,1940.2484130859375,712.2249755859375,0.8617458939552307,2050.45849609375,771.5687255859375,0.9577898979187012,2033.5028076171875,767.3299560546875,0.950710117816925,1978.3978271484375,890.2562255859375,0.6601220369338989,1893.6209716796875,869.0621337890625,0.7370201349258423,2139.47412109375,1076.7655029296875,0.6258043050765991,1995.3533935546875,1030.1380615234375,0.4828229546546936,1952.9647216796875,1360.7677001953125,0.6192048788070679,1885.1434326171875,1365.0064697265625,0.6916015148162842,1923.2928466796875,1754.9798583984375,0.6729356050491333,1872.4268798828125,1771.9354248046875,0.7252732515335083,1880.9046630859375,2085.609375,0.717857837677002,1863.9490966796875,2166.1474609375,0.8322125673294067,1838.5162353515625,2119.5205078125,0.7434215545654297,1825.7996826171875,2208.5361328125,0.8488305807113647,2012.3084716796875,2127.998046875,0.7206166386604309,2046.2193603515625,2191.58056640625,0.8732812404632568,2209.980224609375,1009.1001586914062,0.4249219596385956,2200.6240234375,984.4967651367188,0.3408969044685364,2199.58447265625,966.8237915039062,0.34202951192855835,2207.2080078125,947.0717163085938,0.28272056579589844,2217.950439453125,930.7849731445312,0.20887309312820435,2208.940673828125,960.2398071289062,0.33384719491004944,2208.59423828125,928.3592529296875,0.23439128696918488,2214.138671875,906.1815185546875,0.20563890039920807,2219.68310546875,886.7760009765625,0.30691683292388916,2226.26708984375,956.0814819335938,0.34310072660446167,2244.9794921875,920.7356567382812,0.25735965371131897,2248.098388671875,890.2412719726562,0.31034135818481445,2251.91015625,871.8753051757812,0.3488214612007141,2244.28662109375,964.0515747070312,0.32433396577835083,2266.11767578125,926.2800903320312,0.24437880516052246,2279.63232421875,900.2905883789062,0.35132479667663574,2286.909423828125,877.4197387695312,0.4299893081188202,2258.8408203125,976.8731079101562,0.36207810044288635,2281.364990234375,956.7744750976562,0.3615056872367859,2300.077392578125,937.3689575195312,0.36372512578964233,2313.592041015625,918.3099975585938,0.41318660974502563,2198.99169921875,1023.4397583007812,0.4384761452674866,2192.316162109375,1011.2011108398438,0.3891385495662689,2190.091064453125,990.6179809570312,0.32513532042503357,2188.422119140625,971.1475219726562,0.23873460292816162,2219.0185546875,953.9021606445312,0.16688784956932068,2203.99853515625,960.5776977539062,0.4230537414550781,2210.11767578125,932.2063598632812,0.5187510848045349,2216.237060546875,913.8484497070312,0.5408265590667725,2220.131103515625,894.9342651367188,0.540787935256958,2226.25048828125,953.3457641601562,0.3949807584285736,2241.2705078125,921.0803833007812,0.5174593925476074,2248.50244140625,896.0468139648438,0.5631188154220581,2251.84033203125,871.0133056640625,0.5734431147575378,2242.939453125,959.4651489257812,0.40367591381073,2264.63525390625,929.9812622070312,0.5248255729675293,2275.76123046875,903.8350219726562,0.565316915512085,2283.549560546875,879.3578491210938,0.5542541742324829,2259.072265625,972.8163452148438,0.4478895664215088,2283.549560546875,953.9021606445312,0.6149996519088745,2300.238525390625,936.6567993164062,0.6281776428222656,2313.58984375,917.7426147460938,0.6695348024368286
DJI_20260917133605_0096_D.JPG,Cam 6,24,PATAKA,INCORRECT,FINGERS_TOO_FAR_APART,,dwpose_l_wholebody,coco_wholebody_133,OK,443.77,211.14,1,1,2062.66796875,734.4783935546875,0.9008852243423462,2058.43115234375,704.8221435546875,0.9658625721931458,2058.43115234375,704.8221435546875,0.8920184373855591,2058.43115234375,709.0589599609375,0.9477140307426453,2045.7215576171875,704.8221435546875,0.9820705056190491,2037.2484130859375,700.5858154296875,0.8983187079429626,2028.7752685546875,704.8221435546875,0.9518349170684814,1977.9359130859375,704.8221435546875,0.7108278870582581,1944.0430908203125,709.0589599609375,0.8592787384986877,2054.19482421875,772.6077880859375,0.9662079811096191,2037.2484130859375,768.3712158203125,0.9580357074737549,1990.6458740234375,891.2325439453125,0.6700087785720825,1897.4405517578125,874.2860107421875,0.7403927445411682,2151.63671875,1081.8795166015625,0.670418381690979,1994.8822021484375,1039.5135498046875,0.45804595947265625,1960.9896240234375,1357.2581787109375,0.6196610331535339,1884.7308349609375,1357.2581787109375,0.6840324997901917,1927.0968017578125,1742.7886962890625,0.6673527956008911,1884.7308349609375,1759.7352294921875,0.7242653369903564,1872.0211181640625,2077.47998046875,0.7407337427139282,1863.5477294921875,2153.73876953125,0.8411728143692017,1833.8917236328125,2115.609375,0.7674088478088379,1825.4183349609375,2196.1044921875,0.8476672172546387,2011.8287353515625,2132.5556640625,0.7398582696914673,2041.4847412109375,2187.63134765625,0.8666247129440308,2212.402587890625,1011.9249877929688,0.5378648042678833,2200.3603515625,1011.9249877929688,0.40925365686416626,2198.1708984375,973.6088256835938,0.43641895055770874,2203.644775390625,954.2682495117188,0.3884654641151428,2216.0517578125,936.7522583007812,0.26291388273239136,2209.848388671875,960.4717407226562,0.4905818700790405,2210.943115234375,930.1837158203125,0.4442884027957916,2216.0517578125,911.9378662109375,0.46463215351104736,2220.7958984375,894.421875,0.5121455192565918,2227.3642578125,952.8085327148438,0.48137134313583374,2245.610107421875,916.6818237304688,0.41525208950042725,2249.989013671875,890.4077758789062,0.47930601239204407,2254.3681640625,870.7022705078125,0.4914882183074951,2245.2451171875,959.3770141601562,0.44606196880340576,2270.0595703125,924.7099609375,0.34513241052627563,2283.5615234375,898.8009033203125,0.45284324884414673,2289.76513671875,876.9058837890625,0.5067189931869507,2261.301513671875,972.8789672851562,0.470461368560791,2286.480712890625,953.5383911132812,0.47231820225715637,2304.361572265625,935.2925415039062,0.4848317503929138,2317.1337890625,917.0466918945312,0.5587277412414551,2204.230224609375,1019.5186157226562,0.4530431032180786,2198.058349609375,1001.0031127929688,0.40068382024765015,2198.058349609375,978.5599975585938,0.35400521755218506,2200.86376953125,962.2888793945312,0.26633042097091675,2213.7685546875,948.8230590820312,0.19485634565353394,2207.5966796875,954.4337768554688,0.4007784426212311,2211.524169921875,929.1853637695312,0.5120230913162231,2218.818115234375,911.2308959960938,0.5422376394271851,2222.74560546875,892.7153930664062,0.580735445022583,2231.161865234375,948.2619018554688,0.3682459890842438,2244.627685546875,917.9638061523438,0.49239856004714966,2250.799560546875,892.7153930664062,0.5867880582809448,2255.2880859375,870.2723999023438,0.6202074289321899,2247.994140625,954.9948120117188,0.39089134335517883,2268.75390625,926.3799438476562,0.5683009028434753,2280.536376953125,901.6926879882812,0.6014870405197144,2288.3916015625,879.2495727539062,0.6506889462471008,2262.02099609375,969.5828247070312,0.4468095302581787,2286.708251953125,951.0673217773438,0.619268536567688,2303.54052734375,935.3572387695312,0.6536295413970947,2317.00634765625,916.8416137695312,0.7225613594055176
DJI_20260917133648_0099_D.JPG,Cam 6,25,KATAKAMUKHA,INCORRECT,FINGERS_BENT,,dwpose_l_wholebody,coco_wholebody_133,OK,656.5,345.47,1,1,1948.807861328125,729.6793212890625,0.8739298582077026,1944.560791015625,699.9520263671875,0.9235302805900574,1944.560791015625,695.7054443359375,0.8448140621185303,1944.560791015625,699.9520263671875,0.9011622667312622,1931.820556640625,699.9520263671875,0.9358094334602356,1927.573974609375,695.7054443359375,0.8533450961112976,1919.080322265625,695.7054443359375,0.8937679529190063,1829.898193359375,699.9520263671875,0.7021714448928833,1834.145263671875,699.9520263671875,0.8168677687644958,1940.314208984375,767.9002685546875,0.9400038719177246,1923.326904296875,763.6534423828125,0.9257303476333618,1770.443603515625,869.8223876953125,0.6429120898246765,1817.157958984375,882.5628662109375,0.7127295732498169,1906.340087890625,1048.1866455078125,0.3479713201522827,2008.26220703125,1005.7188720703125,0.6070796251296997,1817.157958984375,1353.9532470703125,0.620220959186554,1812.911376953125,1358.2000732421875,0.6808429956436157,1787.430908203125,1744.6553955078125,0.626273512840271,1766.197021484375,1765.8890380859375,0.7010770440101624,1770.443603515625,2063.16259765625,0.7327654957771301,1761.9501953125,2152.34423828125,0.7973092794418335,1723.729248046875,2105.6298828125,0.747735857963562,1723.729248046875,2199.05859375,0.8270785212516785,1906.340087890625,2097.13623046875,0.7056362628936768,1936.067138671875,2177.8251953125,0.8631794452667236,2090.552490234375,1011.3483276367188,0.33017972111701965,2068.194091796875,993.7811889648438,0.28181421756744385,2049.82861328125,975.0162963867188,0.26169008016586304,2041.843505859375,965.4341430664062,0.2393333613872528,2055.018798828125,957.4491577148438,0.12974444031715393,2059.809814453125,942.6766967773438,0.4429057240486145,2050.227783203125,941.4789428710938,0.35061168670654297,2053.421875,956.6505737304688,0.28912436962127686,2065.3994140625,967.0311889648438,0.23291638493537903,2079.7724609375,938.2849731445312,0.45103633403778076,2074.582275390625,937.4865112304688,0.34081095457077026,2074.18310546875,955.4528198242188,0.3073285222053528,2077.7763671875,967.8296508789062,0.30039283633232117,2100.134521484375,941.4789428710938,0.48488128185272217,2104.126953125,933.0946655273438,0.43663522601127625,2106.5224609375,955.0536499023438,0.3106890320777893,2105.723876953125,964.6356811523438,0.2264600694179535,2120.496337890625,948.2662963867188,0.5188590288162231,2127.28369140625,928.3036499023438,0.6059262752532959,2130.876953125,910.7365112304688,0.6050251722335815,2133.2724609375,888.777587890625,0.6181575059890747,2094.54833984375,996.507568359375,0.36278092861175537,2073.51416015625,996.507568359375,0.28738126158714294,2045.7279052734375,974.953857421875,0.22646385431289673,2055.595703125,963.26806640625,0.29398924112319946,2054.55712890625,953.9194946289062,0.21064653992652893,2061.828125,946.1290283203125,0.34670037031173706,2056.375,938.5982055664062,0.3214098811149597,2055.85546875,956.2566528320312,0.2410125732421875,2135.05908203125,888.2196655273438,0.28989875316619873,2081.56396484375,942.7531127929688,0.3956602215766907,2078.96728515625,937.0401000976562,0.32694485783576965,2082.60302734375,951.3226318359375,0.29079708456993103,2085.71923828125,959.8922119140625,0.30959492921829224,2100.26123046875,946.1290283203125,0.3658130168914795,2103.11767578125,937.2998046875,0.29218900203704834,2105.974609375,949.2451782226562,0.2519654631614685,2106.23388671875,963.26806640625,0.2359282374382019,2118.43896484375,952.1016845703125,0.32354652881622314,2127.0087890625,934.7029418945312,0.22720867395401,2131.42333984375,908.9943237304688,0.25918054580688477,2134.27978515625,892.3745727539062,0.33673322200775146
DJI_20260917133651_0100_D.JPG,Cam 6,25,KATAKAMUKHA,INCORRECT,FINGERS_BENT,,dwpose_l_wholebody,coco_wholebody_133,OK,538.58,252.24,1,1,1945.852783203125,737.092041015625,0.8853167295455933,1937.390869140625,707.474365234375,0.9379104375839233,1941.621826171875,707.474365234375,0.8625968098640442,1937.390869140625,711.70556640625,0.9137536287307739,1924.697509765625,707.474365234375,0.9548953771591187,1920.466552734375,703.243408203125,0.8682796955108643,1912.004150390625,703.243408203125,0.9151188135147095,1844.307373046875,703.243408203125,0.6907395720481873,1823.152099609375,707.474365234375,0.8261351585388184,1933.159423828125,775.171630859375,0.9441916942596436,1916.2353515625,770.9404296875,0.9419955015182495,1831.614013671875,889.410400390625,0.6162890195846558,1793.534423828125,872.486083984375,0.7024291753768921,1975.470458984375,1041.728515625,0.3803396224975586,1988.163330078125,969.800537109375,0.5300154685974121,1857.00048828125,1354.8271484375,0.6232904195785522,1797.765625,1354.8271484375,0.6904170513153076,1818.9208984375,1752.547119140625,0.634512186050415,1768.148193359375,1773.702392578125,0.7143359780311584,1772.379150390625,2061.414794921875,0.7344418168067932,1751.223876953125,2158.729248046875,0.8111569881439209,1730.068603515625,2103.725341796875,0.750014066696167,1713.144287109375,2205.270751953125,0.8289399743080139,1903.542236328125,2112.187255859375,0.7128070592880249,1928.928466796875,2192.577880859375,0.8719956278800964,2046.06787109375,1073.641357421875,0.1764891892671585,2028.441162109375,1073.641357421875,0.1976950615644455,2029.110595703125,1051.3291015625,0.26633283495903015,2046.51416015625,1040.619384765625,0.2102266401052475,2059.455322265625,1036.60302734375,0.15647223591804504,2100.063720703125,1025.669921875,0.08685562014579773,2100.063720703125,1024.108154296875,0.18584786355495453,2100.063720703125,959.6256713867188,0.10557220876216888,1986.0478515625,959.6256713867188,0.1543305516242981,2053.877197265625,959.6256713867188,0.08789278566837311,2100.063720703125,1018.5300903320312,0.11599794030189514,2071.50390625,959.6256713867188,0.10573165118694305,2046.51416015625,959.6256713867188,0.11558989435434341,2047.40673828125,1028.347412109375,0.07818055152893066,2100.063720703125,1020.3151245117188,0.08749367296695709,2070.165283203125,959.6256713867188,0.10361219942569733,2053.430908203125,959.6256713867188,0.10556907951831818,2052.3154296875,1073.641357421875,0.07060305029153824,2100.063720703125,959.6256713867188,0.07658684998750687,2051.869140625,959.6256713867188,0.08963726460933685,2056.1083984375,959.6256713867188,0.05802903324365616,2088.93701171875,999.8984985351562,0.37481269240379333,2068.099609375,999.8984985351562,0.33163613080978394,2036.56201171875,984.6929321289062,0.3447621464729309,2036.56201171875,980.4691772460938,0.3673814535140991,2036.56201171875,963.8555297851562,0.29882147908210754,2054.020263671875,952.5922241210938,0.4189136028289795,2046.135986328125,945.8341064453125,0.431824654340744,2046.41748046875,953.4369506835938,0.34273838996887207,2045.009521484375,892.6144409179688,0.24773213267326355,2074.576171875,948.6499633789062,0.46920573711395264,2071.478515625,941.3287353515625,0.41836321353912354,2074.29443359375,954.5632934570312,0.35604190826416016,2078.236572265625,960.1950073242188,0.3221040964126587,2093.4423828125,950.62109375,0.42923635244369507,2093.723876953125,943.0182495117188,0.3482872247695923,2096.258056640625,953.1553344726562,0.29382675886154175,2097.384521484375,961.0397338867188,0.22441861033439636,2112.30859375,954.5632934570312,0.3769688606262207,2120.19287109375,930.346923828125,0.28502899408340454,2125.261474609375,914.0149536132812,0.3199514150619507,2128.640380859375,895.9934692382812,0.37239450216293335
DJI_20260917133704_0101_D.JPG,Cam 6,26,MUSHTI,INCORRECT,PINKY_DROPPED,,dwpose_l_wholebody,coco_wholebody_133,OK,535.67,200.79,1,1,1929.476318359375,729.0035400390625,0.896408200263977,1920.9619140625,699.2030029296875,0.960097074508667,1920.9619140625,699.2030029296875,0.8675097823143005,1920.9619140625,699.2030029296875,0.9360198974609375,1908.190185546875,699.2030029296875,0.9800926446914673,1899.676025390625,694.9459228515625,0.8816512823104858,1891.161376953125,694.9459228515625,0.9447764158248901,1823.046142578125,699.2030029296875,0.7119755744934082,1797.5029296875,703.4603271484375,0.8524837493896484,1912.447509765625,767.3184814453125,0.9641691446304321,1899.676025390625,763.0611572265625,0.9623007774353027,1810.274658203125,895.0347900390625,0.6437039375305176,1771.959716796875,895.0347900390625,0.7198848724365234,1950.762451171875,1031.2652587890625,0.3849698305130005,1959.276611328125,1014.2364501953125,0.5363951921463013,1865.618408203125,1367.5848388671875,0.6397154927253723,1788.988525390625,1371.8419189453125,0.6966609358787537,1827.303466796875,1742.2191162109375,0.6333798766136169,1763.445068359375,1767.7623291015625,0.7113537788391113,1788.988525390625,2052.9951171875,0.6984259486198425,1763.445068359375,2155.16796875,0.8106411695480347,1754.930908203125,2095.5673828125,0.7023425102233887,1729.387451171875,2201.99755859375,0.83714359998703,1920.9619140625,2082.79541015625,0.7004599571228027,1942.248046875,2184.96875,0.8585473299026489,2001.880615234375,1043.788818359375,0.18917354941368103,2023.652587890625,1032.384521484375,0.1310516893863678,2001.880615234375,983.6569213867188,0.099662184715271,2001.880615234375,983.6569213867188,0.08813507109880447,2107.837158203125,983.6569213867188,0.1512734293937683,2107.837158203125,1002.7332153320312,0.22734864056110382,2107.837158203125,1007.0875854492188,0.27396535873413086,2107.837158203125,1008.3317260742188,0.16551770269870758,2107.837158203125,983.6569213867188,0.0932653397321701,2107.837158203125,1028.652099609375,0.2030390501022339,2089.59033203125,1034.043212890625,0.24805694818496704,2080.052001953125,1034.043212890625,0.19698014855384827,2066.57421875,1031.9697265625,0.09628675878047943,2087.309326171875,1036.9462890625,0.113044872879982,2082.540283203125,1046.691650390625,0.18461954593658447,2061.80517578125,1049.179931640625,0.17119216918945312,2052.88916015625,1037.153564453125,0.12570399045944214,2054.755126953125,1068.87841796875,0.10988561809062958,2063.67138671875,1069.50048828125,0.2804982662200928,2054.962646484375,1062.65771484375,0.27065643668174744,2042.521484375,1050.424072265625,0.29305076599121094,2055.7763671875,1003.671142578125,0.1835792064666748,2057.1513671875,994.045654296875,0.14165225625038147,2059.901611328125,971.6516723632812,0.18003810942173004,2086.224365234375,1072.0318603515625,0.1696920394897461,2095.064208984375,1072.0318603515625,0.21876287460327148,2118.63671875,1050.6199951171875,0.29809555411338806,2092.31396484375,1072.0318603515625,0.24617992341518402,2086.813720703125,1072.0318603515625,0.16793489456176758,2070.705810546875,1046.8876953125,0.07006920874118805,2106.654052734375,1029.01171875,0.26440685987472534,2093.099853515625,1021.7435302734375,0.20378965139389038,2083.081298828125,1017.029052734375,0.14825089275836945,2070.705810546875,1017.2254638671875,0.09762053191661835,2108.2255859375,1029.60107421875,0.26112139225006104,2085.438720703125,1013.885986328125,0.14243033528327942,2082.6884765625,1019.38623046875,0.06876997649669647,2071.0986328125,1011.1358642578125,0.05295637249946594,2110.386474609375,987.9560546875,0.30930760502815247,2093.885498046875,1072.0318603515625,0.24953164160251617,2088.778076171875,1072.0318603515625,0.23912611603736877,2040.846923828125,971.6516723632812,0.17713114619255066
DJI_20260917133706_0102_D.JPG,Cam 6,26,MUSHTI,INCORRECT,PINKY_DROPPED,,dwpose_l_wholebody,coco_wholebody_133,OK,446.59,207.27,1,1,1945.3109130859375,714.7542724609375,0.8762058019638062,1936.7540283203125,689.0838623046875,0.9245468378067017,1936.7540283203125,684.8055419921875,0.8422396779060364,1936.7540283203125,689.0838623046875,0.9007481336593628,1923.9190673828125,684.8055419921875,0.94167160987854,1915.3624267578125,684.8055419921875,0.85382080078125,1906.8055419921875,684.8055419921875,0.8950761556625366,1829.7947998046875,697.6407470703125,0.71286940574646,1816.9598388671875,701.9190673828125,0.8255399465560913,1936.7540283203125,753.2596435546875,0.9387315511703491,1919.6407470703125,753.2596435546875,0.9280380010604858,1804.1246337890625,881.6107177734375,0.6427491903305054,1795.5679931640625,894.4456787109375,0.7114635109901428,1919.6407470703125,1014.2401123046875,0.35696762800216675,1983.8160400390625,1022.7967529296875,0.5322174429893494,1855.4649658203125,1352.2310791015625,0.6183643937110901,1799.8463134765625,1356.5096435546875,0.6795539259910583,1834.0733642578125,1745.8411865234375,0.6348831653594971,1778.4544677734375,1767.2327880859375,0.6966168880462646,1774.1759033203125,2049.60546875,0.7185931205749512,1761.3409423828125,2148.0078125,0.8099716901779175,1722.8355712890625,2092.38916015625,0.7234570384025574,1722.8355712890625,2195.06982421875,0.8393281102180481,1915.3624267578125,2092.38916015625,0.7052603960037231,1941.0325927734375,2177.95654296875,0.8699198961257935,2071.97705078125,998.9003295898438,0.30441951751708984,2074.021240234375,985.2722778320312,0.3313618302345276,2067.5478515625,970.2815551757812,0.34001511335372925,2064.822265625,974.7106323242188,0.23233982920646667,2060.052490234375,1001.6259155273438,0.12163328379392624,2127.8515625,983.5687866210938,0.3915502429008484,2116.608642578125,981.8652954101562,0.3498798906803131,2100.936279296875,982.2059936523438,0.29243382811546326,2081.857177734375,984.5908813476562,0.20621684193611145,2126.82958984375,1013.5503540039062,0.5336141586303711,2113.542236328125,1009.8026733398438,0.43048757314682007,2101.61767578125,1005.7142944335938,0.34346136450767517,2087.98974609375,1005.0328979492188,0.271298885345459,2120.356201171875,1027.17822265625,0.4715671241283417,2108.7724609375,1019.6829223632812,0.3630002737045288,2101.277099609375,1013.5503540039062,0.28090861439704895,2088.671142578125,1012.1875610351562,0.2194983959197998,2103.3212890625,1045.2353515625,0.3495967984199524,2111.1572265625,1066.01806640625,0.3154275417327881,2106.046875,1055.456298828125,0.2999712824821472,2088.33056640625,1043.53173828125,0.2170749008655548,2079.775390625,1000.1824340820312,0.25353437662124634,2079.775390625,981.8683471679688,0.32868731021881104,2067.11376953125,966.4934692382812,0.37662577629089355,2076.60986328125,971.6937866210938,0.24545755982398987,2096.958984375,979.6073608398438,0.1153312474489212,2128.386962890625,982.0944213867188,0.4212815463542938,2111.881591796875,979.8334350585938,0.28160718083381653,2103.289794921875,981.4160766601562,0.23338502645492554,2089.723876953125,983.9032592773438,0.19514518976211548,2128.160888671875,1009.4525756835938,0.4089096486568451,2116.177490234375,1006.7394409179688,0.31363219022750854,2104.646484375,1004.2522583007812,0.2503677308559418,2092.43701171875,1005.6089477539062,0.22826918959617615,2124.317138671875,1024.149169921875,0.357080340385437,2113.01220703125,1013.0702514648438,0.26223933696746826,2103.063720703125,1013.0702514648438,0.2051820456981659,2093.793701171875,1011.2614135742188,0.1769293248653412,2127.030517578125,1039.07177734375,0.26816534996032715,2102.385498046875,1030.02783203125,0.18600764870643616,2102.385498046875,1031.610595703125,0.1930520236492157,2094.471923828125,1033.193115234375,0.1786053478717804
DJI_20260917131012_0064_D.JPG,Cam 7,1,ARAMANDI,CORRECT,,,dwpose_l_wholebody,coco_wholebody_133,OK,518.63,216.67,1,1,220.7978515625,824.2191162109375,0.9298946857452393,240.08935546875,797.2110595703125,1.017604947090149,255.5224609375,789.4945068359375,0.9173802137374878,274.81396484375,793.3526611328125,0.9645543694496155,197.6480712890625,797.2110595703125,1.0303531885147095,178.356689453125,797.2110595703125,0.9352196455001831,166.78173828125,801.0692138671875,1.0038090944290161,317.255126953125,797.2110595703125,0.8754889965057373,128.19873046875,808.7860107421875,0.8915680646896362,263.239013671875,858.9437255859375,0.9902001619338989,193.789794921875,862.8021240234375,1.016882300376892,452.29541015625,966.9759521484375,0.7812259197235107,81.8992919921875,1005.5589599609375,0.8523231744766235,479.303466796875,1186.8988037109375,0.777708888053894,74.1826171875,1213.9066162109375,0.7625367641448975,490.87841796875,1426.1126708984375,0.7364193201065063,270.95556640625,1464.6956787109375,0.7461782097816467,587.335693359375,1734.7762451171875,0.7697659730911255,274.81396484375,1754.0677490234375,0.7358862161636353,598.91064453125,1935.4075927734375,0.7471901178359985,317.255126953125,2055.0146484375,0.6323927640914917,579.619140625,1966.2738037109375,0.7082865238189697,332.6883544921875,2078.16455078125,0.5652135610580444,652.9267578125,2008.7152099609375,0.6697194576263428,386.70458984375,2136.0390625,0.5031384825706482,372.4105224609375,1353.1552734375,0.3754310607910156,347.3050537109375,1359.431640625,0.4039410352706909,322.1995849609375,1364.5667724609375,0.4356769323348999,294.2412109375,1375.9783935546875,0.430827796459198,264.57110595703125,1386.8193359375,0.4915938973426819,350.728515625,1411.354248046875,0.38950616121292114,315.35260009765625,1438.1715087890625,0.3495709300041199,288.535400390625,1449.012451171875,0.30920594930648804,266.2828369140625,1450.7242431640625,0.29346561431884766,353.5814208984375,1431.3245849609375,0.38512325286865234,319.917236328125,1458.7122802734375,0.3626684248447418,286.25311279296875,1468.412109375,0.36415982246398926,260.5770263671875,1467.27099609375,0.38081201910972595,350.728515625,1440.4537353515625,0.35609036684036255,323.91131591796875,1464.9886474609375,0.35646018385887146,295.38232421875,1472.40625,0.3525668680667877,269.1357421875,1471.2650146484375,0.33350786566734314,345.022705078125,1443.306640625,0.29933106899261475,326.193603515625,1460.99462890625,0.29935938119888306,302.79986572265625,1470.1239013671875,0.26704686880111694,279.4061279296875,1470.1239013671875,0.228767529129982,118.75414276123047,1330.103271484375,0.3293558359146118,151.18130493164062,1352.2301025390625,0.35477593541145325,168.73016357421875,1356.0450439453125,0.4368930757045746,193.90890502929688,1368.2529296875,0.49684399366378784,211.07623291015625,1387.709228515625,0.4912571310997009,102.34980010986328,1396.8651123046875,0.4477124810218811,116.8466567993164,1427.384765625,0.26643380522727966,145.84036254882812,1454.089599609375,0.2026740461587906,193.52740478515625,1457.1414794921875,0.3028484880924225,97.77184295654297,1417.08447265625,0.3454568386077881,109.59822845458984,1462.482421875,0.3921394348144531,151.18130493164062,1473.9273681640625,0.3220880627632141,190.47543334960938,1479.268310546875,0.33286142349243164,106.54625701904297,1433.8702392578125,0.29228219389915466,107.30925750732422,1470.493896484375,0.38240864872932434,160.71871948242188,1479.268310546875,0.30501091480255127,190.09393310546875,1478.8868408203125,0.3233357071876526,109.97972869873047,1439.5926513671875,0.20551800727844238,109.59822845458984,1466.678955078125,0.20750612020492554,168.73016357421875,1468.2049560546875,0.18442778289318085,182.46401977539062,1455.9970703125,0.1853906512260437
DJI_20260917131015_0065_D.JPG,Cam 7,1,ARAMANDI,CORRECT,,,dwpose_l_wholebody,coco_wholebody_133,OK,445.93,207.81,1,1,398.55810546875,813.66357421875,0.9082174301147461,413.8857421875,790.672119140625,0.967343807220459,425.3814697265625,786.84033203125,0.9108049869537354,440.7091064453125,790.672119140625,0.9706770181655884,371.73486328125,790.672119140625,0.9616551399230957,356.4072265625,786.84033203125,0.8878333568572998,341.07958984375,790.672119140625,0.9645429253578186,463.7005615234375,798.3359375,0.854736864566803,279.76904296875,794.50390625,0.9072873592376709,425.3814697265625,851.982666015625,0.957854688167572,356.4072265625,855.814453125,0.9628640413284302,551.83447265625,955.444091796875,0.82520592212677,199.2989501953125,970.771728515625,0.8192046284675598,659.1278076171875,1173.86279296875,0.8139560222625732,65.18212890625,1200.686279296875,0.8401207327842712,590.1534423828125,1396.113525390625,0.7648621797561646,367.9029541015625,1419.10498046875,0.70090252161026,685.951171875,1664.34716796875,0.8921054601669312,356.4072265625,1717.99365234375,0.7564738988876343,620.8087158203125,1898.093505859375,0.8011077046394348,360.2391357421875,2020.71435546875,0.6283462047576904,586.3216552734375,1921.0849609375,0.7608292102813721,333.415771484375,2047.537841796875,0.5360119342803955,701.27880859375,1970.89990234375,0.8038783669471741,467.532470703125,2089.688720703125,0.5257250666618347,704.3583984375,1396.2154541015625,0.4031990170478821,694.8492431640625,1424.109130859375,0.41107964515686035,684.0721435546875,1439.32373046875,0.3618106245994568,681.536376953125,1464.047607421875,0.284062922000885,684.0721435546875,1488.771484375,0.2793760299682617,722.10888671875,1469.753173828125,0.3223796784877777,720.20703125,1499.548583984375,0.2661510705947876,717.6712646484375,1514.7633056640625,0.2458329051733017,708.7960205078125,1530.6119384765625,0.2319188416004181,738.5914306640625,1473.556884765625,0.36815953254699707,730.3501586914062,1506.52197265625,0.27937808632850647,717.6712646484375,1521.102783203125,0.2846038341522217,707.5281372070312,1526.8082275390625,0.2668578624725342,744.2969360351562,1474.1907958984375,0.3563002347946167,738.5914306640625,1502.71826171875,0.31303220987319946,726.5465087890625,1515.397216796875,0.30540701746940613,720.20703125,1523.004638671875,0.2978780269622803,746.1987915039062,1472.2889404296875,0.31747010350227356,742.3951416015625,1494.47705078125,0.28759169578552246,731.6180419921875,1506.52197265625,0.29643312096595764,724.0106811523438,1519.200927734375,0.2700003981590271,274.9649658203125,1349.725341796875,0.16341418027877808,274.9649658203125,1381.6904296875,0.17906196415424347,279.29925537109375,1394.1513671875,0.15334472060203552,280.3828125,1432.076171875,0.18884898722171783,274.9649658203125,1429.3671875,0.18946155905723572,225.6628875732422,1430.9925537109375,0.16709433495998383,200.74095153808594,1443.995361328125,0.22112923860549927,203.44984436035156,1446.7042236328125,0.2763344645500183,201.8245086669922,1452.1220703125,0.28690266609191895,212.1183319091797,1415.8226318359375,0.22273075580596924,199.6573944091797,1421.240478515625,0.23540949821472168,207.24232482910156,1429.908935546875,0.2425048053264618,202.3662872314453,1431.5343017578125,0.23941953480243683,214.2854766845703,1398.4857177734375,0.18461567163467407,202.90806579589844,1417.98974609375,0.1853490173816681,203.44984436035156,1429.908935546875,0.1787414848804474,199.11558532714844,1402.8199462890625,0.17837919294834137,225.6628875732422,1373.02197265625,0.14065775275230408,203.9916229248047,1376.814453125,0.15336033701896667,203.44984436035156,1378.9815673828125,0.14590498805046082,203.44984436035156,1376.272705078125,0.12623834609985352
DJI_20260917131333_0066_D.JPG,Cam 7,2,SAMAPADHAM,CORRECT,,,dwpose_l_wholebody,coco_wholebody_133,OK,403.89,194.96,1,1,1703.478759765625,737.5057373046875,0.8752223253250122,1724.674560546875,712.0706787109375,0.9312098026275635,1728.91357421875,707.8314208984375,0.8730249404907227,1737.39208984375,712.0706787109375,0.9003145098686218,1716.1962890625,712.0706787109375,0.9364697933197021,1716.1962890625,712.0706787109375,0.8529508113861084,1716.1962890625,712.0706787109375,0.9343162775039673,1817.93603515625,733.2664794921875,0.8523843884468079,1805.21875,729.0272216796875,0.7152408957481384,1724.674560546875,779.8970947265625,0.9393889904022217,1707.7177734375,779.8970947265625,0.95606929063797,1873.04541015625,911.3114013671875,0.7343488931655884,1809.4580078125,911.3114013671875,0.655908465385437,1877.284423828125,1161.4219970703125,0.6206343770027161,1724.674560546875,1186.8570556640625,0.5180658102035522,1881.5234375,1398.8153076171875,0.6778247356414795,1796.740234375,1398.8153076171875,0.6312471628189087,1932.3935546875,1801.5360107421875,0.7644006609916687,1885.7626953125,1793.0577392578125,0.677367091178894,1936.6328125,2204.25634765625,0.844161868095398,1919.676025390625,2149.1474609375,0.7121210098266602,1966.306884765625,2246.64794921875,0.9455902576446533,1949.35009765625,2195.7783203125,0.6716266870498657,1754.3486328125,2238.169921875,0.8251506090164185,1771.305419921875,2208.49560546875,0.6844912767410278,1887.4151611328125,1253.37255859375,0.1068534106016159,1887.4151611328125,1248.482421875,0.09367005527019501,1887.4151611328125,1238.7021484375,0.11053457856178284,1887.4151611328125,1265.597900390625,0.09257523715496063,1839.32861328125,1263.6962890625,0.07526180148124695,1834.9818115234375,1278.9100341796875,0.11613970994949341,1829.820068359375,1274.29150390625,0.08888339251279831,1831.4500732421875,1272.6614990234375,0.10771530121564865,1835.796875,1264.782958984375,0.09044818580150604,1827.103271484375,1275.1065673828125,0.11566564440727234,1824.658203125,1274.0198974609375,0.12575499713420868,1826.2882080078125,1265.597900390625,0.11508733034133911,1832.5367431640625,1262.8812255859375,0.09134730696678162,1826.2882080078125,1277.5516357421875,0.11015263199806213,1826.0166015625,1275.1065673828125,0.11479280889034271,1830.90673828125,1272.6614990234375,0.11581358313560486,1832.8084716796875,1258.534423828125,0.1021135002374649,1827.103271484375,1281.08349609375,0.11558952927589417,1831.993408203125,1281.08349609375,0.12960967421531677,1835.525146484375,1278.9100341796875,0.12544256448745728,1839.32861328125,1271.846435546875,0.11325818300247192,1795.012939453125,1291.10888671875,0.10909329354763031,1702.198486328125,1291.10888671875,0.09094551205635071,1702.198486328125,1198.294189453125,0.0889788269996643,1702.198486328125,1198.294189453125,0.10743667185306549,1795.012939453125,1198.294189453125,0.13669131696224213,1795.012939453125,1198.294189453125,0.11372026056051254,1702.198486328125,1198.294189453125,0.1205548346042633,1702.198486328125,1198.294189453125,0.1265798658132553,1702.198486328125,1198.294189453125,0.1356886774301529,1702.198486328125,1198.294189453125,0.07641001045703888,1702.198486328125,1198.294189453125,0.08588077872991562,1702.198486328125,1291.10888671875,0.09087896347045898,1702.198486328125,1291.10888671875,0.12592309713363647,1795.012939453125,1198.294189453125,0.08015889674425125,1702.198486328125,1198.294189453125,0.041854918003082275,1702.198486328125,1291.10888671875,0.09119430184364319,1702.198486328125,1291.10888671875,0.14946433901786804,1795.012939453125,1291.10888671875,0.09546424448490143,1702.198486328125,1291.10888671875,0.11099737882614136,1702.198486328125,1291.10888671875,0.13613082468509674,1702.198486328125,1291.10888671875,0.12771674990653992
DJI_20260917131335_0067_D.JPG,Cam 7,2,SAMAPADHAM,CORRECT,,,dwpose_l_wholebody,coco_wholebody_133,OK,401.84,185.36,1,1,1695.05859375,771.1240234375,0.868693470954895,1711.872802734375,741.69970703125,0.9262737035751343,1720.27978515625,737.49609375,0.877230703830719,1724.4833984375,741.69970703125,0.8972543478012085,1707.66943359375,741.69970703125,0.9344339370727539,1707.66943359375,741.69970703125,0.853201687335968,1707.66943359375,741.69970703125,0.9334830045700073,1804.349853515625,754.31005859375,0.8599008917808533,1804.349853515625,750.1064453125,0.7287881374359131,1711.872802734375,808.95556640625,0.9247250556945801,1699.26220703125,813.1591796875,0.9368363618850708,1867.40234375,930.857177734375,0.7428687810897827,1804.349853515625,930.857177734375,0.6679823994636536,1867.40234375,1195.677734375,0.6276625394821167,1724.4833984375,1191.47412109375,0.5104906558990479,1880.0126953125,1410.056396484375,0.7022460699081421,1787.53564453125,1410.056396484375,0.6406298875808716,1930.454833984375,1813.59228515625,0.7760792970657349,1871.60595703125,1805.185546875,0.682790994644165,1934.658203125,2225.53564453125,0.8558745384216309,1909.437255859375,2179.297119140625,0.7126086354255676,1964.0830078125,2271.774169921875,0.9526809453964233,1943.0654296875,2221.33203125,0.6576038599014282,1758.111328125,2267.570556640625,0.8263339400291443,1770.7216796875,2246.55322265625,0.6810324788093567,1831.4249267578125,1178.3326416015625,0.2817481756210327,1831.4249267578125,1178.3326416015625,0.25926142930984497,1831.4249267578125,1178.3326416015625,0.22133207321166992,1831.4249267578125,1178.3326416015625,0.21665340662002563,1831.4249267578125,1178.3326416015625,0.22259539365768433,1831.4249267578125,1178.3326416015625,0.17857909202575684,1831.4249267578125,1178.3326416015625,0.19873464107513428,1831.4249267578125,1320.4342041015625,0.22146907448768616,1831.4249267578125,1320.4342041015625,0.2527462840080261,1831.4249267578125,1178.3326416015625,0.18671289086341858,1831.4249267578125,1178.3326416015625,0.2019454538822174,1831.4249267578125,1320.4342041015625,0.2248774915933609,1831.4249267578125,1320.4342041015625,0.24524904787540436,1831.4249267578125,1178.3326416015625,0.19275082647800446,1831.4249267578125,1178.3326416015625,0.19321107864379883,1831.4249267578125,1320.4342041015625,0.23061998188495636,1831.4249267578125,1320.4342041015625,0.2673105001449585,1831.4249267578125,1178.3326416015625,0.18651634454727173,1831.4249267578125,1320.4342041015625,0.20149511098861694,1831.4249267578125,1320.4342041015625,0.2184806764125824,1831.4249267578125,1320.4342041015625,0.20842453837394714,1685.297119140625,1205.4736328125,0.24204476177692413,1692.14111328125,1217.180419921875,0.14338091015815735,1691.420654296875,1246.897705078125,0.09730874747037888,1696.82373046875,1255.542724609375,0.08774592727422714,1709.07080078125,1263.82763671875,0.11624903976917267,1696.283447265625,1250.85986328125,0.10042183846235275,1718.796630859375,1281.838134765625,0.1626046895980835,1726.9013671875,1281.838134765625,0.18929949402809143,1734.645751953125,1281.838134765625,0.15632431209087372,1701.86669921875,1247.43798828125,0.08997137099504471,1713.753662109375,1281.838134765625,0.14344167709350586,1725.820556640625,1281.838134765625,0.1712060570716858,1733.385009765625,1281.838134765625,0.13595476746559143,1704.568359375,1246.537353515625,0.07155926525592804,1714.2939453125,1256.803466796875,0.09550192207098007,1725.100341796875,1281.838134765625,0.13201779127120972,1729.782958984375,1281.838134765625,0.11986814439296722,1696.103271484375,1238.072509765625,0.0550454817712307,1710.871826171875,1281.838134765625,0.0740344375371933,1706.7294921875,1281.838134765625,0.10561858862638474,1730.863525390625,1281.838134765625,0.08503036946058273
DJI_20260917131401_0068_D.JPG,Cam 7,3,MUZHUMANDI,CORRECT,,,dwpose_l_wholebody,coco_wholebody_133,OK,451.43,207.29,1,1,1741.5435791015625,1344.6822509765625,0.8586203455924988,1764.9989013671875,1315.3629150390625,0.9453343152999878,1773.7947998046875,1315.3629150390625,0.8718725442886353,1782.5904541015625,1315.3629150390625,0.934219241142273,1750.3392333984375,1315.3629150390625,0.9514224529266357,1750.3392333984375,1315.3629150390625,0.8286454081535339,1750.3392333984375,1315.3629150390625,0.9482229948043823,1867.6160888671875,1341.7503662109375,0.8506866693496704,1852.9566650390625,1341.7503662109375,0.6461551189422607,1770.8626708984375,1385.7291259765625,0.9521495699882507,1750.3392333984375,1385.7291259765625,0.9655153751373291,1911.5950927734375,1532.3253173828125,0.7284888029098511,1858.8204345703125,1511.8018798828125,0.6232379674911499,1911.5950927734375,1837.2452392578125,0.7281786203384399,1797.2501220703125,1693.5811767578125,0.4029250144958496,1937.9822998046875,1989.7052001953125,0.6967874765396118,1858.8204345703125,1957.4542236328125,0.6026984453201294,1659.4495849609375,2326.87646484375,0.7242297530174255,1721.0201416015625,2294.625,0.49842414259910583,1964.3695068359375,2233.0546875,0.4483909606933594,1952.6419677734375,2230.123046875,0.4338589310646057,2005.4166259765625,2224.2587890625,0.4584650993347168,1996.6207275390625,2235.98681640625,0.38690125942230225,1908.6632080078125,2323.9443359375,0.49394112825393677,1914.5269775390625,2318.08056640625,0.3826185166835785,1840.4393310546875,2000.7828369140625,0.46296805143356323,1840.4393310546875,2000.7828369140625,0.44465216994285583,1840.4393310546875,2000.7828369140625,0.42634227871894836,1840.4393310546875,2000.7828369140625,0.4097384214401245,1840.4393310546875,2000.7828369140625,0.37347105145454407,1840.4393310546875,2000.7828369140625,0.40254151821136475,1840.4393310546875,2000.7828369140625,0.40307748317718506,1840.4393310546875,2000.7828369140625,0.39120110869407654,1840.4393310546875,2000.7828369140625,0.3483866751194,1840.4393310546875,2000.7828369140625,0.4225645065307617,1840.4393310546875,2000.7828369140625,0.41178154945373535,1840.4393310546875,2000.7828369140625,0.4008024334907532,1840.4393310546875,2000.7828369140625,0.3643934726715088,1840.4393310546875,2000.7828369140625,0.42141610383987427,1840.4393310546875,2000.7828369140625,0.3959791660308838,1840.4393310546875,2000.7828369140625,0.4123956561088562,1840.4393310546875,2000.7828369140625,0.415063738822937,1840.4393310546875,2000.7828369140625,0.4087066650390625,1840.4393310546875,2000.7828369140625,0.41400718688964844,1840.4393310546875,2000.7828369140625,0.41326361894607544,1840.4393310546875,2000.7828369140625,0.3663473427295685,1764.83056640625,1535.15478515625,0.1956142783164978,1824.816162109375,1535.15478515625,0.1415109634399414,1739.573486328125,1535.15478515625,0.11801820248365402,1917.6357421875,1535.15478515625,0.15019570291042328,1917.6357421875,1535.15478515625,0.12222857773303986,1819.7646484375,1535.15478515625,0.16372519731521606,1917.6357421875,1535.15478515625,0.1812681257724762,1917.6357421875,1212.495849609375,0.19584208726882935,1757.25341796875,1212.495849609375,0.20474304258823395,1821.027587890625,1535.15478515625,0.16831842064857483,1750.307861328125,1212.495849609375,0.1594066619873047,1743.99365234375,1212.495849609375,0.18424636125564575,1757.25341796875,1212.495849609375,0.2015855312347412,1824.184814453125,1535.15478515625,0.15433408319950104,1917.6357421875,1535.15478515625,0.17911678552627563,1917.6357421875,1212.495849609375,0.15033432841300964,1767.98779296875,1212.495849609375,0.16032183170318604,1917.6357421875,1535.15478515625,0.15909631550312042,1917.6357421875,1535.15478515625,0.17354534566402435,1917.6357421875,1535.15478515625,0.15065106749534607,1917.6357421875,1535.15478515625,0.11999543011188507
DJI_20260917131447_0069_D.JPG,Cam 7,3,MUZHUMANDI,CORRECT,,,dwpose_l_wholebody,coco_wholebody_133,OK,417.76,205.44,1,1,1776.98291015625,1331.256591796875,0.855725884437561,1800.614990234375,1304.670654296875,0.9347684383392334,1806.52294921875,1301.716552734375,0.8636090755462646,1815.385009765625,1304.670654296875,0.9250730276107788,1788.798828125,1301.716552734375,0.9260897636413574,1788.798828125,1301.716552734375,0.803862988948822,1791.7529296875,1301.716552734375,0.9184510707855225,1898.096923828125,1334.210693359375,0.8578845262527466,1892.18896484375,1331.256591796875,0.6791784763336182,1803.56884765625,1372.612548828125,0.9452109932899475,1785.844970703125,1372.612548828125,0.9562482833862305,1951.269287109375,1532.12890625,0.7230179309844971,1895.14306640625,1499.635009765625,0.6108312606811523,1951.269287109375,1824.575439453125,0.6684116721153259,1815.385009765625,1676.875244140625,0.33074724674224854,1968.9931640625,1984.092041015625,0.6764763593673706,1886.281005859375,1939.78173828125,0.6155550479888916,1673.592529296875,2314.9404296875,0.6091871857643127,1714.94873046875,1916.149658203125,0.6287548542022705,2048.751220703125,2226.3203125,0.49433597922325134,2028.0732421875,2205.642333984375,0.41866350173950195,2075.33740234375,2232.228271484375,0.5403235554695129,2078.291259765625,2226.3203125,0.39895570278167725,1939.453125,2317.894287109375,0.489012211561203,2039.889404296875,2314.9404296875,0.3678891360759735,1872.692138671875,2004.2630615234375,0.36377716064453125,1872.692138671875,2004.2630615234375,0.3503192365169525,1872.692138671875,2004.2630615234375,0.2930084466934204,1872.692138671875,2004.2630615234375,0.2901225686073303,1872.692138671875,1801.1937255859375,0.28895968198776245,1872.692138671875,2004.2630615234375,0.28317195177078247,1872.692138671875,2004.2630615234375,0.2684749662876129,1872.692138671875,2004.2630615234375,0.2798794209957123,1872.692138671875,1801.1937255859375,0.2904137372970581,1872.692138671875,2004.2630615234375,0.30321812629699707,1872.692138671875,2004.2630615234375,0.2703464925289154,1872.692138671875,2004.2630615234375,0.2830737829208374,1872.692138671875,1801.1937255859375,0.2995200753211975,1872.692138671875,2004.2630615234375,0.31006720662117004,1872.692138671875,2004.2630615234375,0.2877255082130432,1872.692138671875,2004.2630615234375,0.3192087411880493,1872.692138671875,2004.2630615234375,0.3120713233947754,1872.692138671875,2004.2630615234375,0.3128180503845215,1872.692138671875,2004.2630615234375,0.3172537088394165,1872.692138671875,2004.2630615234375,0.32880303263664246,1872.692138671875,1801.1937255859375,0.30984243750572205,2052.70556640625,1537.7242431640625,0.36216139793395996,2052.70556640625,1537.7242431640625,0.30906790494918823,2052.70556640625,1537.7242431640625,0.33901339769363403,2052.70556640625,1537.7242431640625,0.3725823163986206,2052.70556640625,1537.7242431640625,0.38534340262413025,2052.70556640625,1537.7242431640625,0.45859724283218384,2052.70556640625,1537.7242431640625,0.42530131340026855,2052.70556640625,1537.7242431640625,0.4017433524131775,2052.70556640625,1537.7242431640625,0.3958457410335541,2052.70556640625,1537.7242431640625,0.44495245814323425,2052.70556640625,1537.7242431640625,0.41325700283050537,2052.70556640625,1537.7242431640625,0.35628437995910645,2052.70556640625,1537.7242431640625,0.3623908758163452,2052.70556640625,1537.7242431640625,0.42203056812286377,2052.70556640625,1537.7242431640625,0.3956812620162964,2052.70556640625,1537.7242431640625,0.34828662872314453,2052.70556640625,1537.7242431640625,0.3367916941642761,2052.70556640625,1537.7242431640625,0.3904123604297638,2052.70556640625,1537.7242431640625,0.37369418144226074,2052.70556640625,1537.7242431640625,0.3087177574634552,2052.70556640625,1537.7242431640625,0.31490612030029297
DJI_20260917131536_0071_D.JPG,Cam 7,4,SWASTIKAPADAM,CORRECT,,RIGHT,dwpose_l_wholebody,coco_wholebody_133,OK,455.95,273.14,1,1,1743.625,852.4501953125,0.9079760909080505,1759.9521484375,819.79541015625,0.9772855639457703,1768.115966796875,815.713623046875,0.922309160232544,1776.27978515625,819.79541015625,0.9591808915138245,1751.78857421875,823.877197265625,0.9777078628540039,1747.70654296875,819.79541015625,0.8860064744949341,1751.78857421875,819.79541015625,0.9772204160690308,1861.99853515625,832.041015625,0.8732869625091553,1845.671142578125,832.041015625,0.7211425304412842,1768.115966796875,893.268798828125,0.9596993923187256,1751.78857421875,897.3505859375,0.9694334268569946,1923.226318359375,1023.887939453125,0.7803852558135986,1845.671142578125,1019.80615234375,0.6660197973251343,1894.6533203125,1305.53564453125,0.6751008629798889,1792.60693359375,1264.717041015625,0.47017359733581543,1931.389892578125,1481.055419921875,0.7099718451499939,1866.080322265625,1472.8916015625,0.6356273293495178,1906.89892578125,1848.421875,0.6069292426109314,1910.980712890625,1848.421875,0.6228508353233337,1955.881103515625,2187.215576171875,0.6403906345367432,1972.20849609375,2187.215576171875,0.6677899360656738,1972.20849609375,2228.033935546875,0.7224280834197998,1996.69970703125,2236.197998046875,0.6679356098175049,1943.6357421875,2297.425537109375,0.6433392763137817,1943.6357421875,2289.261962890625,0.6593385934829712,1764.7742919921875,1263.597900390625,0.08388151228427887,1774.035400390625,1195.6824951171875,0.0656297504901886,1765.931884765625,1102.2987060546875,0.09468984603881836,1771.334228515625,1134.3270263671875,0.1289318948984146,1773.6495361328125,1263.597900390625,0.14480236172676086,1728.501220703125,1109.24462890625,0.1909024715423584,1731.97412109375,1263.597900390625,0.1923118233680725,1742.007080078125,1263.597900390625,0.22233709692955017,1790.2425537109375,1263.597900390625,0.21180082857608795,1743.5506591796875,1136.642333984375,0.10224569588899612,1759.371826171875,1263.597900390625,0.16963684558868408,1777.894287109375,1263.597900390625,0.20385384559631348,1797.5743408203125,1263.597900390625,0.2184593379497528,1746.2518310546875,1142.4306640625,0.05883343890309334,1779.437744140625,1263.597900390625,0.15262487530708313,1787.5413818359375,1263.597900390625,0.18490487337112427,1795.6448974609375,1263.597900390625,0.21748784184455872,1733.5177001953125,1263.597900390625,0.05058600753545761,1790.2425537109375,1263.597900390625,0.12040841579437256,1790.2425537109375,1263.597900390625,0.15311157703399658,1858.157958984375,1263.597900390625,0.16841396689414978,1776.7904052734375,1229.32275390625,0.19001711905002594,1791.7640380859375,1229.32275390625,0.13519039750099182,1804.760009765625,1229.32275390625,0.09474769979715347,1819.4510498046875,1283.56689453125,0.08713160455226898,1830.4693603515625,1229.32275390625,0.08768951147794724,1810.9754638671875,1275.373779296875,0.16173909604549408,1821.9937744140625,1285.8270263671875,0.1983015537261963,1828.49169921875,1296.8453369140625,0.18590357899665833,1835.272216796875,1305.885986328125,0.19614753127098083,1798.8270263671875,1287.8046875,0.16676181554794312,1807.3026123046875,1304.7559814453125,0.14058047533035278,1822.2762451171875,1312.9490966796875,0.1167941614985466,1834.4246826171875,1373.691162109375,0.11060245335102081,1786.3961181640625,1285.8270263671875,0.16672800481319427,1791.4814453125,1305.603515625,0.10903643071651459,1788.938720703125,1373.691162109375,0.08938807249069214,1798.8270263671875,1373.691162109375,0.11325924098491669,1774.812744140625,1284.1318359375,0.16071856021881104,1776.5078125,1306.4510498046875,0.13047844171524048,1776.5078125,1373.691162109375,0.11058904230594635,1774.5301513671875,1373.691162109375,0.1102922260761261
DJI_20260917131538_0072_D.JPG,Cam 7,4,SWASTIKAPADAM,CORRECT,,RIGHT,dwpose_l_wholebody,coco_wholebody_133,OK,434.59,235.67,1,1,1764.587890625,854.224365234375,0.903251051902771,1784.889892578125,825.801513671875,0.9863588809967041,1793.0107421875,821.7412109375,0.9208979606628418,1805.19189453125,825.801513671875,0.9653689861297607,1776.76904296875,825.801513671875,0.9888831377029419,1772.708740234375,821.7412109375,0.8906688690185547,1776.76904296875,821.7412109375,0.9851574897766113,1890.460205078125,842.043212890625,0.8659132719039917,1866.097900390625,837.982666015625,0.7008174657821655,1793.0107421875,898.888671875,0.959442675113678,1772.708740234375,898.888671875,0.975256085395813,1947.3056640625,1036.942138671875,0.7695613503456116,1857.97705078125,1024.760986328125,0.678762674331665,1906.70166015625,1329.290771484375,0.6576985120773315,1780.82958984375,1272.4453125,0.4726256728172302,1947.3056640625,1495.76708984375,0.713146448135376,1878.279052734375,1483.585693359375,0.6512757539749146,1870.158203125,1865.262939453125,0.6382737159729004,1927.00390625,1861.202880859375,0.6387200951576233,1914.82275390625,2214.457275390625,0.6768074631690979,1991.97021484375,2165.732421875,0.7275922298431396,1939.18505859375,2255.06103515625,0.7416844367980957,2024.453369140625,2218.517578125,0.7312325239181519,1857.97705078125,2311.90673828125,0.6410223245620728,1939.18505859375,2263.181884765625,0.650577187538147,1892.3150634765625,1275.8470458984375,0.2707149386405945,1892.3150634765625,1275.8470458984375,0.266364723443985,1892.3150634765625,1275.8470458984375,0.217521071434021,1892.3150634765625,1275.8470458984375,0.2746361792087555,1892.3150634765625,1275.8470458984375,0.3325469195842743,1892.3150634765625,1275.8470458984375,0.2994707524776459,1729.1363525390625,1275.8470458984375,0.29273778200149536,1892.3150634765625,1275.8470458984375,0.3009364604949951,1892.3150634765625,1275.8470458984375,0.36771273612976074,1892.3150634765625,1275.8470458984375,0.2603701651096344,1892.3150634765625,1275.8470458984375,0.2661978602409363,1892.3150634765625,1275.8470458984375,0.2969546616077423,1892.3150634765625,1275.8470458984375,0.3346954584121704,1892.3150634765625,1275.8470458984375,0.25678926706314087,1892.3150634765625,1275.8470458984375,0.3094475567340851,1892.3150634765625,1275.8470458984375,0.32281550765037537,1892.3150634765625,1275.8470458984375,0.34971949458122253,1892.3150634765625,1275.8470458984375,0.2651081383228302,1892.3150634765625,1275.8470458984375,0.3217619061470032,1892.3150634765625,1275.8470458984375,0.33369287848472595,1892.3150634765625,1275.8470458984375,0.3595031201839447,1861.0391845703125,1083.18359375,0.14261895418167114,1765.5673828125,1083.18359375,0.0805901288986206,1733.743408203125,1083.18359375,0.11227269470691681,1736.072021484375,1281.5010986328125,0.11474862694740295,1861.0391845703125,1281.5010986328125,0.23746898770332336,1727.9219970703125,1191.074462890625,0.1275327354669571,1732.5791015625,1238.42236328125,0.196966752409935,1746.5506591796875,1281.5010986328125,0.25248879194259644,1774.4935302734375,1281.5010986328125,0.2883630692958832,1753.148193359375,1207.7626953125,0.07577268034219742,1738.7886962890625,1281.5010986328125,0.15376730263233185,1786.5245361328125,1281.5010986328125,0.21996194124221802,1803.600830078125,1281.5010986328125,0.25617462396621704,1762.074462890625,1211.6436767578125,0.060885947197675705,1781.4793701171875,1281.5010986328125,0.1535494178533554,1797.003173828125,1281.5010986328125,0.2261005938053131,1802.82470703125,1281.5010986328125,0.2400147020816803,1732.1910400390625,1217.0770263671875,0.05772677809000015,1738.7886962890625,1281.5010986328125,0.15860433876514435,1861.0391845703125,1281.5010986328125,0.21746446192264557,1861.0391845703125,1281.5010986328125,0.2543361783027649
DJI_20260917131602_0073_D.JPG,Cam 7,5,SWASTIKAPADAM,CORRECT,,LEFT,dwpose_l_wholebody,coco_wholebody_133,OK,454.75,187.88,1,0,1717.34521484375,927.140869140625,0.9084060192108154,1736.488037109375,896.51220703125,0.9586871862411499,1744.145263671875,896.51220703125,0.9036579728126526,1751.802490234375,896.51220703125,0.9436688423156738,1725.00244140625,896.51220703125,0.958224892616272,1725.00244140625,896.51220703125,0.879873514175415,1725.00244140625,896.51220703125,0.9609893560409546,1828.3740234375,911.826416015625,0.8706946969032288,1809.231201171875,915.655029296875,0.6995871067047119,1747.973876953125,961.59814453125,0.9702621102333069,1728.8310546875,965.4267578125,0.9781071543693542,1870.48876953125,1103.255859375,0.7489339709281921,1828.3740234375,1084.11279296875,0.6361158490180969,1878.14599609375,1359.771240234375,0.5846480131149292,1793.9169921875,1355.942626953125,0.3515338897705078,1874.3173828125,1520.57177734375,0.6669654846191406,1813.06005859375,1516.743408203125,0.616865873336792,1820.717041015625,1865.14501953125,0.577017068862915,1813.06005859375,1865.14501953125,0.5823173522949219,1916.431640625,2110.17431640625,0.6372332572937012,1897.28857421875,2136.974609375,0.5953562259674072,1927.91748046875,2144.6318359375,0.7179285287857056,1924.0888671875,2171.431640625,0.6059563755989075,1924.0888671875,2217.375,0.6449419260025024,1893.460205078125,2228.86083984375,0.5802192687988281,1931.3797607421875,1534.0614013671875,0.073741614818573,1878.88623046875,1475.258544921875,0.0456666499376297,1847.592041015625,1472.73486328125,0.05326630920171738,1848.0966796875,1449.7689208984375,0.09810307621955872,1844.0587158203125,1442.19775390625,0.14253182709217072,1871.5673828125,1485.10107421875,0.07770470529794693,1872.829345703125,1440.1787109375,0.062150534242391586,1802.417236328125,1534.0614013671875,0.07970566302537918,1802.417236328125,1534.0614013671875,0.13030974566936493,1877.876708984375,1484.5963134765625,0.08785602450370789,1886.4573974609375,1534.0614013671875,0.0637131929397583,1802.417236328125,1534.0614013671875,0.0885758176445961,1802.417236328125,1534.0614013671875,0.10436192154884338,1877.876708984375,1485.10107421875,0.07473830133676529,1885.95263671875,1534.0614013671875,0.03413457050919533,1802.417236328125,1534.0614013671875,0.06496613472700119,1802.417236328125,1534.0614013671875,0.09007714688777924,1876.8671875,1485.10107421875,0.06114166975021362,1931.3797607421875,1534.0614013671875,0.0657687857747078,1931.3797607421875,1534.0614013671875,0.08360011875629425,1931.3797607421875,1534.0614013671875,0.0642729103565216,,,0.0,1839.85986328125,1463.14306640625,0.3091115951538086,,,0.0,,,0.0,,,0.0,,,0.0,,,0.0,,,0.0,,,0.0,,,0.0,,,0.0,,,0.0,,,0.0,,,0.0,,,0.0,,,0.0,,,0.0,1878.14599609375,1478.45751953125,0.3078727126121521,,,0.0,,,0.0,,,0.0
DJI_20260917131604_0074_D.JPG,Cam 7,5,SWASTIKAPADAM,CORRECT,,LEFT,dwpose_l_wholebody,coco_wholebody_133,OK,416.93,294.88,1,1,1712.558837890625,922.274169921875,0.9065635800361633,1731.75341796875,895.401611328125,0.9575631022453308,1739.43115234375,891.56298828125,0.9016900062561035,1747.10888671875,891.56298828125,0.9429365396499634,1720.23681640625,895.401611328125,0.9551587700843811,1720.23681640625,895.401611328125,0.8725990653038025,1720.23681640625,895.401611328125,0.9554485082626343,1823.88671875,906.91845703125,0.8621207475662231,1812.3701171875,906.91845703125,0.7206041216850281,1743.27001953125,960.6630859375,0.960722804069519,1724.07568359375,960.6630859375,0.9667091965675354,1854.597900390625,1102.7021484375,0.7333135604858398,1854.597900390625,1060.474365234375,0.6203902363777161,1862.275634765625,1348.391357421875,0.5436298847198486,1942.892578125,895.401611328125,0.42391395568847656,1850.759033203125,1521.1416015625,0.6515535712242126,1827.7255859375,1509.624755859375,0.6079809069633484,1770.142333984375,1866.64208984375,0.5749338865280151,1816.208984375,1855.125244140625,0.5407776832580566,1877.63134765625,2143.04248046875,0.602637529373169,1904.503662109375,2127.68701171875,0.6137611865997314,1896.82568359375,2177.592529296875,0.7156826257705688,1931.375732421875,2166.075927734375,0.6300606727600098,1881.47021484375,2246.692626953125,0.581761360168457,1889.14794921875,2215.9814453125,0.5669179558753967,1812.5245361328125,1418.7427978515625,0.14387962222099304,1812.5245361328125,1418.7427978515625,0.1375519186258316,1812.5245361328125,1418.7427978515625,0.13629382848739624,1812.5245361328125,1418.7427978515625,0.14508715271949768,1812.5245361328125,1418.7427978515625,0.15070538222789764,1904.656005859375,1418.7427978515625,0.1096947193145752,1907.610595703125,1418.7427978515625,0.10327443480491638,1949.7816162109375,1555.9998779296875,0.11632541567087173,1812.5245361328125,1418.7427978515625,0.14488941431045532,1877.25830078125,1418.7427978515625,0.09331429749727249,1812.5245361328125,1418.7427978515625,0.059821899980306625,1949.7816162109375,1555.9998779296875,0.09759820997714996,1812.5245361328125,1555.9998779296875,0.12890778481960297,1875.1094970703125,1418.7427978515625,0.08134624361991882,1812.5245361328125,1418.7427978515625,0.059183716773986816,1812.5245361328125,1555.9998779296875,0.10368905961513519,1812.5245361328125,1555.9998779296875,0.14301654696464539,1812.5245361328125,1418.7427978515625,0.1016383171081543,1812.5245361328125,1555.9998779296875,0.12963202595710754,1812.5245361328125,1555.9998779296875,0.14929890632629395,1812.5245361328125,1555.9998779296875,0.13655446469783783,1810.45361328125,787.2225341796875,0.4244532287120819,1810.45361328125,787.2225341796875,0.40928471088409424,1810.45361328125,787.2225341796875,0.42580246925354004,1810.45361328125,787.2225341796875,0.43124863505363464,1810.45361328125,787.2225341796875,0.3715915083885193,1810.45361328125,787.2225341796875,0.4201308488845825,1810.45361328125,787.2225341796875,0.4246378242969513,1810.45361328125,787.2225341796875,0.4155445694923401,1810.45361328125,787.2225341796875,0.3691435754299164,1810.45361328125,787.2225341796875,0.422544002532959,1810.45361328125,787.2225341796875,0.41581016778945923,1810.45361328125,787.2225341796875,0.3976615071296692,1810.45361328125,787.2225341796875,0.3441200256347656,1810.45361328125,787.2225341796875,0.41535288095474243,1810.45361328125,787.2225341796875,0.38864511251449585,1810.45361328125,787.2225341796875,0.39726436138153076,1810.45361328125,787.2225341796875,0.39949774742126465,1810.45361328125,787.2225341796875,0.41905277967453003,1810.45361328125,787.2225341796875,0.44024422764778137,1810.45361328125,787.2225341796875,0.4328792095184326,1810.45361328125,787.2225341796875,0.3812476396560669
DJI_20260917131638_0075_D.JPG,Cam 7,6,ARAMANDI,INCORRECT,INSUFFICIENT_KNEE_BEND,,dwpose_l_wholebody,coco_wholebody_133,OK,428.58,181.55,1,1,1723.3138427734375,791.3531494140625,0.9133163690567017,1740.1710205078125,766.0672607421875,0.980911374092102,1748.5994873046875,761.8529052734375,0.9268193244934082,1752.8138427734375,766.0672607421875,0.9538737535476685,1731.7423095703125,766.0672607421875,0.9796958565711975,1731.7423095703125,761.8529052734375,0.8917384147644043,1731.7423095703125,766.0672607421875,0.9808484315872192,1837.1004638671875,774.4959716796875,0.8572820425033569,1824.4573974609375,770.2816162109375,0.7091361284255981,1748.5994873046875,829.2821044921875,0.9650464057922363,1731.7423095703125,833.4964599609375,0.9791644811630249,1891.8865966796875,955.7117919921875,0.7597686052322388,1845.5291748046875,938.8546142578125,0.6341161727905273,1858.1722412109375,1225.4285888671875,0.6513305306434631,1778.0999755859375,1195.9283447265625,0.4056451916694641,1883.4581298828125,1427.7161865234375,0.7111619710922241,1824.4573974609375,1419.2877197265625,0.6492724418640137,1845.5291748046875,1828.0772705078125,0.6726223826408386,1832.8861083984375,1823.8626708984375,0.6623629331588745,1912.9583740234375,2253.72412109375,0.785519540309906,1904.5296630859375,2224.2236328125,0.669152557849884,1934.0299072265625,2291.65283203125,0.85943603515625,1938.2442626953125,2262.15283203125,0.6293293237686157,1837.1004638671875,2380.15380859375,0.7552199363708496,1837.1004638671875,2359.08251953125,0.5678997039794922,1899.932861328125,1263.7744140625,0.059204503893852234,1843.9283447265625,1257.1627197265625,0.08152442425489426,1832.2607421875,1251.3289794921875,0.10409723967313766,1826.6214599609375,1252.690185546875,0.09019755572080612,1824.093505859375,1259.6907958984375,0.05817161127924919,1819.23193359375,1281.6646728515625,0.12657979130744934,1821.1766357421875,1305.583251953125,0.08274877071380615,1831.6773681640625,1305.7777099609375,0.06916283816099167,1837.51123046875,1264.3577880859375,0.0359020009636879,1825.26025390625,1288.2763671875,0.12319844216108322,1829.3438720703125,1300.7218017578125,0.09704218804836273,1836.5389404296875,1301.694091796875,0.08595345169305801,1846.4564208984375,1281.47021484375,0.04659469425678253,1834.9832763671875,1300.916259765625,0.08426522463560104,1837.51123046875,1304.805419921875,0.08387817442417145,1845.678466796875,1304.6109619140625,0.0695761889219284,1864.3466796875,1326.3905029296875,0.05080927908420563,1846.8453369140625,1308.694580078125,0.08827991038560867,1845.484130859375,1326.3905029296875,0.0994487926363945,1853.8458251953125,1326.3905029296875,0.0841766893863678,1862.402099609375,1326.3905029296875,0.09779807180166245,1921.046875,1284.063232421875,0.1750313937664032,1921.046875,1240.6153564453125,0.16050058603286743,1921.046875,1240.6153564453125,0.19638589024543762,1921.046875,1240.6153564453125,0.21246203780174255,1921.046875,1240.6153564453125,0.20637497305870056,1921.046875,1240.6153564453125,0.17705857753753662,1921.046875,1298.2310791015625,0.1858477145433426,1921.046875,1297.9949951171875,0.15750281512737274,1921.046875,1240.6153564453125,0.1320553421974182,1921.046875,1281.7020263671875,0.1553213745355606,1921.046875,1287.605224609375,0.19157983362674713,1921.046875,1291.8555908203125,0.1545284539461136,1921.046875,1297.522705078125,0.08942797034978867,1921.046875,1289.02197265625,0.15265223383903503,1921.046875,1291.8555908203125,0.1380355805158615,1921.046875,1292.800048828125,0.1350439488887787,1921.046875,1297.0504150390625,0.10482931137084961,1921.046875,1311.6905517578125,0.16712155938148499,1921.046875,1313.1072998046875,0.18510043621063232,1921.046875,1314.2879638671875,0.17182286083698273,1921.046875,1314.996337890625,0.1199674978852272
DJI_20260917131640_0076_D.JPG,Cam 7,6,ARAMANDI,INCORRECT,INSUFFICIENT_KNEE_BEND,,dwpose_l_wholebody,coco_wholebody_133,OK,456.08,231.99,1,1,1735.372314453125,807.6907958984375,0.9090361595153809,1756.357666015625,778.3109130859375,0.9756300449371338,1760.554931640625,778.3109130859375,0.9192755222320557,1768.948974609375,778.3109130859375,0.9471749067306519,1743.766357421875,778.3109130859375,0.976449728012085,1743.766357421875,778.3109130859375,0.8874122500419617,1743.766357421875,778.3109130859375,0.9766720533370972,1852.89111328125,790.9022216796875,0.8413145542144775,1831.905517578125,790.9022216796875,0.6788224577903748,1760.554931640625,841.2674560546875,0.9578431844711304,1743.766357421875,845.4647216796875,0.974449634552002,1899.059326171875,967.1805419921875,0.7488144636154175,1848.694091796875,962.9835205078125,0.6199235916137695,1878.07373046875,1227.4007568359375,0.6239916086196899,1785.737548828125,1219.0067138671875,0.4241211414337158,1890.6650390625,1441.4530029296875,0.6980341672897339,1827.70849609375,1433.0589599609375,0.6461188197135925,1848.694091796875,1835.9808349609375,0.6728949546813965,1836.102783203125,1835.9808349609375,0.6631606817245483,1915.84765625,2268.2822265625,0.7660699486732483,1911.650634765625,2247.296875,0.6676566004753113,1932.635986328125,2301.859375,0.8328819274902344,1941.0302734375,2280.87353515625,0.6342942714691162,1852.89111328125,2394.1953125,0.7451349496841431,1852.89111328125,2377.4072265625,0.5770785808563232,1912.804443359375,1314.2113037109375,0.1302737295627594,1912.804443359375,1306.215576171875,0.09787198901176453,1912.804443359375,1293.7005615234375,0.12380261719226837,1912.804443359375,1289.8765869140625,0.10946556180715561,1865.0040283203125,1288.8336181640625,0.08921778202056885,1873.1734619140625,1298.046142578125,0.09567593783140182,1872.478271484375,1291.61474609375,0.11036723107099533,1863.6134033203125,1291.61474609375,0.10772816836833954,1855.79150390625,1290.7457275390625,0.07475586235523224,1864.4825439453125,1305.5203857421875,0.0831783264875412,1845.5361328125,1298.219970703125,0.1049802154302597,1850.750732421875,1298.046142578125,0.11289137601852417,1855.79150390625,1309.3443603515625,0.06657322496175766,1854.5748291015625,1314.3851318359375,0.08502247929573059,1845.8837890625,1313.16845703125,0.09670302271842957,1845.5361328125,1314.3851318359375,0.10775616019964218,1851.793701171875,1315.0804443359375,0.0921289324760437,1823.9825439453125,1327.943115234375,0.14206910133361816,1823.9825439453125,1328.638427734375,0.1312803477048874,1823.9825439453125,1328.812255859375,0.13220934569835663,1856.13916015625,1329.8551025390625,0.09435580670833588,1850.458251953125,1323.9140625,0.036246489733457565,1846.2529296875,1311.962158203125,0.05061858892440796,1834.079833984375,1300.8955078125,0.05804251879453659,1839.83447265625,1325.684814453125,0.05560912936925888,1856.212890625,1303.77294921875,0.06173285096883774,1831.423828125,1327.012939453125,0.11560604721307755,1833.63720703125,1326.348876953125,0.08837909251451492,1842.711669921875,1325.684814453125,0.0643623024225235,1857.319580078125,1298.682373046875,0.05505464971065521,1842.711669921875,1326.12744140625,0.1325685828924179,1849.572998046875,1326.570068359375,0.09870554506778717,1853.1142578125,1325.684814453125,0.08160968124866486,1876.796875,1319.708740234375,0.07264448702335358,1845.810302734375,1328.3408203125,0.13421553373336792,1853.335693359375,1326.79150390625,0.08569574356079102,1864.62353515625,1327.6767578125,0.08291144669055939,1876.796875,1318.159423828125,0.07835426926612854,1860.6396484375,1329.89013671875,0.10495476424694061,1864.844970703125,1329.89013671875,0.09037761390209198,1874.804931640625,1330.332763671875,0.09575062990188599,1878.567626953125,1329.447509765625,0.0913156121969223
DJI_20260917131718_0077_D.JPG,Cam 7,7,ARAMANDI,INCORRECT,FEET_TOO_FAR_APART,,dwpose_l_wholebody,coco_wholebody_133,OK,456.23,180.17,1,1,1721.747314453125,862.561279296875,0.9031212329864502,1742.179931640625,829.869140625,0.9836028814315796,1746.266357421875,829.869140625,0.9216165542602539,1754.439453125,829.869140625,0.9594854116439819,1729.920166015625,829.869140625,0.9795728921890259,1725.833740234375,829.869140625,0.8885501623153687,1729.920166015625,829.869140625,0.9770365953445435,1840.256103515625,846.21533203125,0.8461300134658813,1819.823486328125,846.21533203125,0.7052179574966431,1746.266357421875,899.33984375,0.9542446136474609,1729.920166015625,903.42626953125,0.9660188555717468,1885.207763671875,1046.4541015625,0.7690821886062622,1819.823486328125,1021.93505859375,0.6593347787857056,1877.034912109375,1307.99072265625,0.6443119645118713,1795.304443359375,1283.4716796875,0.34564873576164246,1881.121337890625,1504.143310546875,0.7143508195877075,1807.564208984375,1495.97021484375,0.6669508218765259,1815.737060546875,1900.53466796875,0.6750746965408325,1799.390869140625,1884.188720703125,0.6161295175552368,1913.813232421875,2256.06103515625,0.7944338321685791,1885.207763671875,2182.50390625,0.5906232595443726,1930.159423828125,2284.666748046875,0.86464524269104,1909.726806640625,2198.85009765625,0.5572869777679443,1856.602294921875,2390.915771484375,0.7833647727966309,1787.131591796875,2305.09912109375,0.5125393867492676,1880.41650390625,1362.2823486328125,0.28833499550819397,1910.22265625,1386.8131103515625,0.35754311084747314,1933.4345703125,1392.6160888671875,0.42140763998031616,1951.1072998046875,1394.726318359375,0.42787694931030273,1951.1072998046875,1397.364013671875,0.32470473647117615,1951.1072998046875,1362.2823486328125,0.45533469319343567,1951.1072998046875,1362.2823486328125,0.4211732745170593,1951.1072998046875,1362.2823486328125,0.3940119445323944,1951.1072998046875,1362.2823486328125,0.3648357391357422,1951.1072998046875,1362.2823486328125,0.43228524923324585,1951.1072998046875,1362.2823486328125,0.40850651264190674,1951.1072998046875,1362.2823486328125,0.3509119153022766,1951.1072998046875,1497.0697021484375,0.3162488639354706,1951.1072998046875,1362.2823486328125,0.41228431463241577,1951.1072998046875,1362.2823486328125,0.39521580934524536,1951.1072998046875,1362.2823486328125,0.3327125310897827,1951.1072998046875,1497.0697021484375,0.33869078755378723,1951.1072998046875,1362.2823486328125,0.3119865655899048,1951.1072998046875,1362.2823486328125,0.3401135206222534,1951.1072998046875,1362.2823486328125,0.31083017587661743,1951.1072998046875,1497.0697021484375,0.28321629762649536,2615.108154296875,1665.43505859375,0.40895140171051025,2615.108154296875,1665.43505859375,0.39565569162368774,2615.108154296875,1665.43505859375,0.41606980562210083,2615.108154296875,1665.43505859375,0.42658060789108276,2615.108154296875,1665.43505859375,0.36954444646835327,2615.108154296875,1665.43505859375,0.43354928493499756,2615.108154296875,1665.43505859375,0.43722689151763916,2615.108154296875,1665.43505859375,0.42557233572006226,2615.108154296875,1665.43505859375,0.3557569980621338,2615.108154296875,1665.43505859375,0.43297937512397766,2615.108154296875,1665.43505859375,0.42290759086608887,2615.108154296875,1665.43505859375,0.3983977138996124,2615.108154296875,1665.43505859375,0.31868064403533936,2615.108154296875,1665.43505859375,0.4281933903694153,2615.108154296875,1665.43505859375,0.39860019087791443,2615.108154296875,1665.43505859375,0.39002588391304016,2615.108154296875,1665.43505859375,0.4045172333717346,2615.108154296875,1665.43505859375,0.4045429825782776,2615.108154296875,1665.43505859375,0.41701704263687134,2615.108154296875,1665.43505859375,0.3872629404067993,2615.108154296875,1665.43505859375,0.3217364251613617
DJI_20260917131720_0078_D.JPG,Cam 7,7,ARAMANDI,INCORRECT,FEET_TOO_FAR_APART,,dwpose_l_wholebody,coco_wholebody_133,OK,452.35,216.08,1,1,1742.064697265625,847.3310546875,0.9115009307861328,1766.622314453125,818.680419921875,0.9892078638076782,1770.71533203125,814.58740234375,0.9218747615814209,1782.994384765625,818.680419921875,0.9738744497299194,1750.250732421875,818.680419921875,0.988774299621582,1750.250732421875,814.58740234375,0.8990648984909058,1750.250732421875,814.58740234375,0.987106442451477,1868.946044921875,839.145263671875,0.8568827509880066,1828.0166015625,839.145263671875,0.6914983987808228,1766.622314453125,888.260498046875,0.9675002694129944,1746.157470703125,888.260498046875,0.9845210313796997,1918.061767578125,1047.885498046875,0.8034283518791199,1799.365966796875,1043.792724609375,0.7117929458618164,1889.410888671875,1326.206298828125,0.7027992010116577,1778.901123046875,1301.648681640625,0.5095275640487671,1901.689697265625,1518.574951171875,0.7358518242835999,1807.552001953125,1506.296142578125,0.7036038637161255,1823.923583984375,1919.684326171875,0.7121248245239258,1795.273193359375,1907.405517578125,0.6661612391471863,1918.061767578125,2263.491943359375,0.8511167764663696,1897.596923828125,2210.28369140625,0.6441513299942017,1946.712158203125,2296.23583984375,0.9048154354095459,1934.433349609375,2238.934326171875,0.5767920017242432,1848.481201171875,2410.83837890625,0.8187549114227295,1823.923583984375,2361.722900390625,0.5326857566833496,1899.6788330078125,1448.9329833984375,0.40791231393814087,1899.6788330078125,1448.9329833984375,0.38585376739501953,1899.6788330078125,1448.9329833984375,0.38761699199676514,1899.6788330078125,1448.9329833984375,0.3869977593421936,1899.6788330078125,1448.9329833984375,0.3582879304885864,1899.6788330078125,1448.9329833984375,0.36488571763038635,1899.6788330078125,1448.9329833984375,0.38226550817489624,1899.6788330078125,1448.9329833984375,0.38356444239616394,1899.6788330078125,1448.9329833984375,0.34147530794143677,1899.6788330078125,1448.9329833984375,0.36958372592926025,1899.6788330078125,1448.9329833984375,0.3774297833442688,1899.6788330078125,1448.9329833984375,0.3749905228614807,1899.6788330078125,1448.9329833984375,0.32593661546707153,1899.6788330078125,1448.9329833984375,0.36241787672042847,1899.6788330078125,1448.9329833984375,0.34552282094955444,1899.6788330078125,1448.9329833984375,0.3875409960746765,1899.6788330078125,1448.9329833984375,0.39047449827194214,1899.6788330078125,1448.9329833984375,0.3603214621543884,1899.6788330078125,1448.9329833984375,0.37846750020980835,1899.6788330078125,1448.9329833984375,0.3860998749732971,1899.6788330078125,1448.9329833984375,0.35787951946258545,1857.386962890625,1454.197265625,0.322994202375412,1857.386962890625,1454.197265625,0.2977321743965149,1857.386962890625,1454.197265625,0.30050867795944214,1857.386962890625,1454.197265625,0.326809287071228,1857.386962890625,1454.197265625,0.3126870393753052,1857.386962890625,1454.197265625,0.3111187219619751,1733.3060302734375,1454.197265625,0.33356353640556335,1733.3060302734375,1454.197265625,0.3106110692024231,1857.386962890625,1454.197265625,0.285281777381897,1733.3060302734375,1454.197265625,0.2954547107219696,1733.3060302734375,1454.197265625,0.3190189301967621,1733.3060302734375,1454.197265625,0.30496665835380554,1857.386962890625,1454.197265625,0.25520390272140503,1857.386962890625,1454.197265625,0.3247585892677307,1857.386962890625,1454.197265625,0.30971887707710266,1857.386962890625,1454.197265625,0.3192897439002991,1857.386962890625,1454.197265625,0.31886839866638184,1857.386962890625,1454.197265625,0.32761114835739136,1857.386962890625,1454.197265625,0.3498465418815613,1733.3060302734375,1454.197265625,0.3379892110824585,1857.386962890625,1454.197265625,0.3200233578681946
DJI_20260917131754_0079_D.JPG,Cam 7,8,ARAMANDI,INCORRECT,FEET_NOT_IN_LINE,,dwpose_l_wholebody,coco_wholebody_133,OK,458.02,208.56,1,1,1653.8662109375,875.24609375,0.9136964082717896,1669.92626953125,839.111083984375,0.9790162444114685,1677.95654296875,835.095947265625,0.918566107749939,1685.986328125,839.111083984375,0.9663366079330444,1661.896484375,839.111083984375,0.9760950803756714,1657.88134765625,839.111083984375,0.8996639847755432,1661.896484375,839.111083984375,0.9820296764373779,1774.31689453125,851.156005859375,0.8480886220932007,1770.3017578125,851.156005859375,0.7447367906570435,1681.971435546875,911.38134765625,0.9468338489532471,1665.911376953125,915.396240234375,0.9532654881477356,1818.48193359375,1059.936767578125,0.7427600622177124,1830.52685546875,1007.741455078125,0.6625014543533325,1802.421875,1316.8974609375,0.5915406942367554,1890.752197265625,823.051025390625,0.42588770389556885,1830.52685546875,1501.588134765625,0.6955810785293579,1818.48193359375,1477.498046875,0.6275354623794556,1730.151611328125,1850.894287109375,0.6829261779785156,1778.331787109375,1858.92431640625,0.6014925241470337,1866.662109375,2204.21533203125,0.7738773822784424,1834.5419921875,2148.005126953125,0.5766944885253906,1918.857421875,2232.320556640625,0.9214766025543213,1890.752197265625,2168.080078125,0.5499053597450256,1734.16650390625,2316.6357421875,0.843782901763916,1726.13671875,2260.425537109375,0.5292853713035583,1904.1375732421875,1625.9766845703125,0.23052901029586792,1904.1375732421875,1420.2535400390625,0.21374307572841644,1904.1375732421875,1420.2535400390625,0.19383065402507782,1904.1375732421875,1420.2535400390625,0.2150818109512329,1904.1375732421875,1420.2535400390625,0.22550731897354126,1904.1375732421875,1420.2535400390625,0.20338794589042664,1904.1375732421875,1420.2535400390625,0.20940381288528442,1698.414306640625,1420.2535400390625,0.2164836823940277,1698.414306640625,1420.2535400390625,0.23877710103988647,1904.1375732421875,1420.2535400390625,0.19468677043914795,1904.1375732421875,1420.2535400390625,0.18473684787750244,1904.1375732421875,1420.2535400390625,0.17288318276405334,1698.414306640625,1420.2535400390625,0.22034065425395966,1904.1375732421875,1420.2535400390625,0.21032747626304626,1904.1375732421875,1420.2535400390625,0.19175520539283752,1904.1375732421875,1420.2535400390625,0.18611380457878113,1698.414306640625,1420.2535400390625,0.22516334056854248,1904.1375732421875,1420.2535400390625,0.20463915169239044,1904.1375732421875,1420.2535400390625,0.24219925701618195,1904.1375732421875,1420.2535400390625,0.2364208698272705,1698.414306640625,1420.2535400390625,0.19791840016841888,1812.7640380859375,726.1008911132812,0.4503657817840576,1812.7640380859375,726.1008911132812,0.46141427755355835,1812.7640380859375,726.1008911132812,0.4731906056404114,1812.7640380859375,726.1008911132812,0.4697827100753784,1812.7640380859375,726.1008911132812,0.4154672622680664,1812.7640380859375,726.1008911132812,0.4529055655002594,1812.7640380859375,726.1008911132812,0.46227550506591797,1812.7640380859375,726.1008911132812,0.4579158127307892,1812.7640380859375,726.1008911132812,0.42782461643218994,1812.7640380859375,726.1008911132812,0.4590754508972168,1812.7640380859375,726.1008911132812,0.4580651521682739,1812.7640380859375,726.1008911132812,0.44655853509902954,1812.7640380859375,726.1008911132812,0.401493638753891,1812.7640380859375,726.1008911132812,0.458415150642395,1812.7640380859375,726.1008911132812,0.42974841594696045,1812.7640380859375,726.1008911132812,0.44688528776168823,1812.7640380859375,726.1008911132812,0.4430282711982727,1812.7640380859375,726.1008911132812,0.44608762860298157,1812.7640380859375,726.1008911132812,0.4632287621498108,1812.7640380859375,726.1008911132812,0.4652911424636841,1812.7640380859375,726.1008911132812,0.4242040812969208
DJI_20260917131755_0080_D.JPG,Cam 7,8,ARAMANDI,INCORRECT,FEET_NOT_IN_LINE,,dwpose_l_wholebody,coco_wholebody_133,OK,452.43,219.1,1,1,1653.8651123046875,875.48828125,0.9155701398849487,1669.9229736328125,839.35791015625,0.9765397310256958,1677.9520263671875,839.35791015625,0.9181811213493347,1681.9664306640625,839.35791015625,0.9630604386329651,1657.8795166015625,843.37255859375,0.9767895936965942,1657.8795166015625,839.35791015625,0.897037148475647,1661.8939208984375,839.35791015625,0.9838192462921143,1774.2996826171875,851.4013671875,0.8584292531013489,1766.2708740234375,851.4013671875,0.7306177616119385,1681.9664306640625,911.618896484375,0.9492249488830566,1665.9085693359375,915.63330078125,0.9565340280532837,1822.4735107421875,1064.16943359375,0.7307777404785156,1830.5025634765625,1015.99560546875,0.6476863622665405,1802.4012451171875,1305.038818359375,0.5766644477844238,1822.4735107421875,843.37255859375,0.3176630735397339,1830.5025634765625,1497.734375,0.6749254465103149,1822.4735107421875,1473.6474609375,0.6200457215309143,1750.2127685546875,1842.98046875,0.6460947394371033,1778.3143310546875,1846.9951171875,0.5650256276130676,1870.6473388671875,2208.299072265625,0.7485156655311584,1838.5316162109375,2172.168701171875,0.5155463218688965,1922.8358154296875,2232.385986328125,0.8659335374832153,1906.7777099609375,2184.212158203125,0.4943082332611084,1738.1693115234375,2312.675537109375,0.8003420829772949,1750.2127685546875,2264.501708984375,0.5031143426895142,1812.1087646484375,1381.414306640625,0.2559765577316284,1838.2010498046875,1357.1214599609375,0.34805548191070557,1848.322998046875,1338.90185546875,0.3043329417705536,1852.371826171875,1330.8043212890625,0.2385893166065216,1862.268798828125,1330.8043212890625,0.2210269421339035,1878.4639892578125,1340.25146484375,0.4523821771144867,1911.5291748046875,1342.725830078125,0.6751992106437683,1927.049560546875,1349.69873046875,0.4880332350730896,1927.049560546875,1355.322021484375,0.3907119631767273,1885.8868408203125,1358.4710693359375,0.40512704849243164,1918.05224609375,1362.5198974609375,0.5368077754974365,1927.049560546875,1368.593017578125,0.3642342984676361,1927.049560546875,1372.641845703125,0.2943733334541321,1887.4613037109375,1373.991455078125,0.4199894070625305,1915.35302734375,1377.365478515625,0.5545447468757629,1927.049560546875,1382.98876953125,0.3535394072532654,1927.049560546875,1386.1378173828125,0.2332993894815445,1881.8380126953125,1392.2110595703125,0.35216474533081055,1905.006103515625,1394.2354736328125,0.4715234935283661,1919.8516845703125,1396.9346923828125,0.44863319396972656,1927.049560546875,1400.083740234375,0.37726616859436035,1790.9927978515625,743.8299560546875,0.3584686517715454,1790.9927978515625,743.8299560546875,0.36341485381126404,1790.9927978515625,743.8299560546875,0.38667306303977966,1790.9927978515625,743.8299560546875,0.39781051874160767,1790.9927978515625,743.8299560546875,0.351732462644577,1790.9927978515625,743.8299560546875,0.3910619616508484,1790.9927978515625,743.8299560546875,0.3939741253852844,1790.9927978515625,743.8299560546875,0.37972939014434814,1790.9927978515625,743.8299560546875,0.3508916199207306,1790.9927978515625,743.8299560546875,0.3842250108718872,1790.9927978515625,743.8299560546875,0.3890700936317444,1790.9927978515625,743.8299560546875,0.3644253611564636,1790.9927978515625,743.8299560546875,0.31109556555747986,1790.9927978515625,743.8299560546875,0.38169974088668823,1790.9927978515625,743.8299560546875,0.35340237617492676,1790.9927978515625,743.8299560546875,0.36143720149993896,1790.9927978515625,743.8299560546875,0.3696817457675934,1790.9927978515625,743.8299560546875,0.3798651099205017,1790.9927978515625,743.8299560546875,0.40489670634269714,1790.9927978515625,743.8299560546875,0.40673893690109253,1790.9927978515625,743.8299560546875,0.35500937700271606
DJI_20260917131816_0081_D.JPG,Cam 7,9,SAMAPADHAM,INCORRECT,FEET_TOO_FAR_APART,,dwpose_l_wholebody,coco_wholebody_133,OK,428.76,202.65,1,1,1712.614501953125,724.703125,0.8664960861206055,1734.22119140625,694.45361328125,0.9286437034606934,1738.542724609375,694.45361328125,0.8747235536575317,1747.185546875,698.775146484375,0.9014193415641785,1725.57861328125,694.45361328125,0.9358530044555664,1721.25732421875,694.45361328125,0.8571383357048035,1725.57861328125,694.45361328125,0.9320343732833862,1824.969970703125,711.7392578125,0.8220551013946533,1816.3271484375,711.7392578125,0.6989802122116089,1734.22119140625,763.595458984375,0.9252132177352905,1716.93603515625,767.916748046875,0.9404440522193909,1881.1474609375,906.200439453125,0.7322298288345337,1816.3271484375,901.87890625,0.6483228206634521,1868.18359375,1182.767333984375,0.5658508539199829,1751.5068359375,1174.12451171875,0.45708122849464417,1889.790283203125,1403.15673828125,0.6836421489715576,1803.36328125,1398.83544921875,0.6361627578735352,1928.6826171875,1818.00732421875,0.76873379945755,1876.826171875,1787.7578125,0.6639562845230103,1933.00390625,2241.50048828125,0.828223466873169,1898.43310546875,2124.82373046875,0.8111042976379395,1967.57470703125,2284.71435546875,0.9276978969573975,1915.718505859375,2168.03759765625,0.7832326889038086,1760.1494140625,2323.6064453125,0.8275494575500488,1755.828125,2185.32275390625,0.8165991306304932,1875.21630859375,1242.074462890625,0.09676074981689453,1875.21630859375,1242.074462890625,0.08155043423175812,1875.21630859375,1237.69091796875,0.10350152105093002,1875.21630859375,1246.2674560546875,0.08644995093345642,1834.4302978515625,1237.119140625,0.07010321319103241,1832.715087890625,1266.088623046875,0.17585784196853638,1833.858642578125,1268.3756103515625,0.1328306794166565,1834.6209716796875,1267.4227294921875,0.12545770406723022,1839.195068359375,1254.2720947265625,0.08542110025882721,1822.804443359375,1267.232177734375,0.18077576160430908,1822.804443359375,1265.516845703125,0.14582644402980804,1822.6138916015625,1263.6109619140625,0.11010108888149261,1822.6138916015625,1254.2720947265625,0.08240429311990738,1809.4632568359375,1265.516845703125,0.16156506538391113,1810.0350341796875,1263.229736328125,0.11452631652355194,1808.700927734375,1254.08154296875,0.107093445956707,1815.180908203125,1246.6485595703125,0.09289875626564026,1800.505615234375,1263.6109619140625,0.086728036403656,1795.55029296875,1263.229736328125,0.1185867190361023,1797.074951171875,1258.465087890625,0.10523923486471176,1798.0279541015625,1255.9874267578125,0.09790299832820892,1879.0556640625,1245.1697998046875,0.13037006556987762,1879.0556640625,1242.606201171875,0.1384543627500534,1879.0556640625,1253.0745849609375,0.16096995770931244,1879.0556640625,1253.0745849609375,0.17438550293445587,1879.0556640625,1253.7154541015625,0.13995008170604706,1879.0556640625,1265.679443359375,0.1345149278640747,1879.0556640625,1272.088623046875,0.12453438341617584,1879.0556640625,1272.088623046875,0.09873679280281067,1879.0556640625,1266.106689453125,0.09017610549926758,1827.78173828125,1269.311279296875,0.11636825650930405,1824.5771484375,1271.0203857421875,0.11209297180175781,1879.0556640625,1267.6021728515625,0.08783994615077972,1847.864013671875,1269.09765625,0.0658649206161499,1879.0556640625,1268.67041015625,0.09610376507043839,1879.0556640625,1269.52490234375,0.07590852677822113,1879.0556640625,1265.89306640625,0.0802270919084549,1879.0556640625,1258.201904296875,0.07458376884460449,1879.0556640625,1266.106689453125,0.09345833957195282,1879.0556640625,1269.09765625,0.12987370789051056,1879.0556640625,1266.9613037109375,0.13620907068252563,1879.0556640625,1265.0384521484375,0.09997367858886719
DJI_20260917131818_0082_D.JPG,Cam 7,9,SAMAPADHAM,INCORRECT,FEET_TOO_FAR_APART,,dwpose_l_wholebody,coco_wholebody_133,OK,416.8,162.17,1,0,1708.441162109375,733.1396484375,0.8621726036071777,1725.728271484375,707.208984375,0.9168416857719421,1734.371826171875,702.88720703125,0.8707304000854492,1738.693603515625,707.208984375,0.8903462886810303,1721.406494140625,702.88720703125,0.9226069450378418,1717.084716796875,702.88720703125,0.8459275960922241,1721.406494140625,702.88720703125,0.9214156866073608,1820.807861328125,715.8525390625,0.8177765607833862,1825.129638671875,711.53076171875,0.6940900087356567,1734.371826171875,772.0361328125,0.9163480997085571,1717.084716796875,776.35791015625,0.9300882816314697,1881.313232421875,914.65576171875,0.7417411804199219,1820.807861328125,901.690185546875,0.643033504486084,1859.7041015625,1195.572998046875,0.6118391752243042,1755.98095703125,1178.28564453125,0.3958618640899658,1889.956787109375,1398.69775390625,0.6965824961662292,1803.520751953125,1390.05419921875,0.638185977935791,1928.85302734375,1813.59130859375,0.7656189203262329,1872.669677734375,1783.33837890625,0.6610636711120605,1933.1748046875,2245.771484375,0.8178885579109192,1898.600341796875,2120.439453125,0.8137233257293701,1967.749267578125,2288.98974609375,0.9264171719551086,1915.8876953125,2167.97900390625,0.7828065156936646,1755.98095703125,2332.20751953125,0.8163591623306274,1755.98095703125,2180.94482421875,0.822508692741394,1831.228271484375,1203.4146728515625,0.23526427149772644,1837.025390625,1203.4146728515625,0.25629696249961853,1862.4073486328125,1203.4146728515625,0.13511016964912415,1833.7352294921875,1225.50634765625,0.06449828296899796,1806.47314453125,1245.247802734375,0.03971293941140175,1782.3446044921875,1235.063720703125,0.18179720640182495,1800.9893798828125,1249.79150390625,0.10583227872848511,1816.1871337890625,1240.0775146484375,0.08052072674036026,1827.1546630859375,1243.5244140625,0.054594457149505615,1799.265869140625,1255.9019775390625,0.2222948968410492,1802.55615234375,1262.63916015625,0.24019727110862732,1809.7633056640625,1248.068115234375,0.15124571323394775,1822.454345703125,1241.487548828125,0.0648648664355278,1799.5792236328125,1255.9019775390625,0.23605448007583618,1801.4593505859375,1263.7359619140625,0.2019203007221222,1810.703369140625,1251.044921875,0.11995264887809753,1816.8138427734375,1249.79150390625,0.05051876977086067,1782.3446044921875,1265.302734375,0.18859118223190308,1824.4910888671875,1270.7864990234375,0.12203521281480789,1794.87890625,1266.0860595703125,0.08355339616537094,1840.0023193359375,1263.1092529296875,0.07888194918632507,,,0.0,,,0.0,,,0.0,,,0.0,,,0.0,,,0.0,,,0.0,,,0.0,,,0.0,,,0.0,,,0.0,,,0.0,,,0.0,,,0.0,,,0.0,,,0.0,,,0.0,,,0.0,,,0.0,,,0.0,,,0.0
DJI_20260917132034_0083_D.JPG,Cam 7,10,SAMAPADHAM,INCORRECT,FEET_NOT_ALIGNED,,dwpose_l_wholebody,coco_wholebody_133,OK,454.11,203.72,1,1,1620.9844970703125,734.4503173828125,0.8915609121322632,1642.4405517578125,700.1209716796875,0.9444413185119629,1651.0228271484375,695.8297119140625,0.8769017457962036,1659.6051025390625,695.8297119140625,0.919622540473938,1629.5670166015625,700.1209716796875,0.9561901092529297,1629.5670166015625,700.1209716796875,0.8672930002212524,1629.5670166015625,700.1209716796875,0.9459354877471924,1758.3023681640625,704.4122314453125,0.8284894227981567,1736.8463134765625,708.7032470703125,0.6851933002471924,1655.3140869140625,768.7799072265625,0.9372763633728027,1638.1492919921875,773.0709228515625,0.9523806571960449,1801.2142333984375,906.0977783203125,0.684086799621582,1771.1759033203125,884.6417236328125,0.6173267960548401,1809.7965087890625,1163.5687255859375,0.49279773235321045,1749.7198486328125,1142.1129150390625,0.3599311113357544,1826.9613037109375,1369.5455322265625,0.657452404499054,1741.1378173828125,1365.2545166015625,0.6106367707252502,1882.7467041015625,1772.9166259765625,0.7386730313301086,1809.7965087890625,1768.6256103515625,0.6208531260490417,1861.2906494140625,2189.16162109375,0.812079668045044,1844.1260986328125,2120.50244140625,0.6837359666824341,1887.0379638671875,2232.0732421875,0.8987321257591248,1865.5819091796875,2176.2880859375,0.6629964113235474,1685.3521728515625,2287.85888671875,0.8511871099472046,1702.5169677734375,2219.19970703125,0.6538434028625488,1793.2215576171875,1206.6617431640625,0.3194645941257477,1793.2215576171875,1206.6617431640625,0.3093155026435852,1793.2215576171875,1206.6617431640625,0.2649729549884796,1831.96337890625,1206.6617431640625,0.22112664580345154,1845.147705078125,1206.6617431640625,0.1652589589357376,1828.51513671875,1206.6617431640625,0.3548356890678406,1854.275390625,1206.6617431640625,0.2741928696632385,1872.7335205078125,1215.9921875,0.33738428354263306,1878.4129638671875,1226.134033203125,0.38853466510772705,1833.180419921875,1206.6617431640625,0.40548083186149597,1860.15771484375,1217.209228515625,0.33861133456230164,1874.55908203125,1232.6248779296875,0.3658049702644348,1885.91796875,1240.73828125,0.3250219225883484,1832.9775390625,1213.9638671875,0.37613195180892944,1858.73779296875,1226.7425537109375,0.37594079971313477,1873.7476806640625,1235.6673583984375,0.3924970030784607,1885.91796875,1243.5780029296875,0.32660937309265137,1829.1236572265625,1238.7099609375,0.3316207826137543,1851.4356689453125,1242.158203125,0.32874876260757446,1869.6910400390625,1245.20068359375,0.38260364532470703,1880.03564453125,1247.837646484375,0.3020213842391968,1801.160400390625,1216.7255859375,0.17794468998908997,1801.160400390625,1216.7255859375,0.1679142415523529,1801.160400390625,1242.6644287109375,0.13409164547920227,1835.41552734375,1244.24853515625,0.0904492512345314,1887.2933349609375,1252.7628173828125,0.1152959018945694,1826.1092529296875,1240.09033203125,0.2273557186126709,1848.4840087890625,1241.4764404296875,0.23043665289878845,1868.6806640625,1244.64453125,0.25280144810676575,1888.0853271484375,1250.38671875,0.2492731660604477,1830.0693359375,1216.7255859375,0.20316043496131897,1855.0181884765625,1227.02197265625,0.23082873225212097,1870.066650390625,1233.754150390625,0.2156512439250946,1886.105224609375,1243.2584228515625,0.20403172075748444,1831.0594482421875,1216.7255859375,0.2408653050661087,1854.6221923828125,1216.7255859375,0.21428459882736206,1870.6607666015625,1216.7255859375,0.2907291650772095,1883.7291259765625,1237.5162353515625,0.26477980613708496,1831.0594482421875,1216.7255859375,0.20245090126991272,1857.1962890625,1216.7255859375,0.24434393644332886,1870.2647705078125,1216.7255859375,0.29472601413726807,1880.363037109375,1216.7255859375,0.24767211079597473
DJI_20260917132036_0084_D.JPG,Cam 7,10,SAMAPADHAM,INCORRECT,FEET_NOT_ALIGNED,,dwpose_l_wholebody,coco_wholebody_133,OK,406.08,180.12,1,0,1606.7303466796875,766.381591796875,0.8928610682487488,1623.6209716796875,732.60009765625,0.9419428110122681,1632.0665283203125,728.37744140625,0.8777472972869873,1640.5118408203125,728.37744140625,0.9141291379928589,1615.1756591796875,732.60009765625,0.9525824785232544,1610.9530029296875,732.60009765625,0.8752814531326294,1615.1756591796875,732.60009765625,0.9474773406982422,1733.4110107421875,741.04541015625,0.8213505148887634,1716.5203857421875,741.04541015625,0.6758255958557129,1636.2891845703125,800.1630859375,0.9321320056915283,1615.1756591796875,804.3857421875,0.9499419331550598,1784.0833740234375,943.734619140625,0.6734234094619751,1746.0792236328125,922.62109375,0.6211082935333252,1796.7513427734375,1213.98681640625,0.45965802669525146,1708.0750732421875,1209.76416015625,0.37008917331695557,1813.6422119140625,1420.898681640625,0.6890804767608643,1733.4110107421875,1416.676025390625,0.6410197019577026,1864.3145751953125,1822.05419921875,0.740645170211792,1796.7513427734375,1796.718017578125,0.6493463516235352,1851.6463623046875,2231.6552734375,0.8592429161071777,1826.3104248046875,2155.64697265625,0.7571237683296204,1876.9825439453125,2269.65966796875,0.9328670501708984,1851.6463623046875,2206.3193359375,0.7248368263244629,1678.5159912109375,2328.77685546875,0.8622610569000244,1686.9615478515625,2244.3232421875,0.7126324772834778,1774.4022216796875,1254.0701904296875,0.23497074842453003,1774.4022216796875,1237.577880859375,0.17217499017715454,1823.0443115234375,1234.2376708984375,0.09212078154087067,1825.75830078125,1234.2376708984375,0.09826430678367615,1831.3948974609375,1172.443359375,0.12982091307640076,1803.6292724609375,1220.4591064453125,0.2964763343334198,1833.6912841796875,1229.43603515625,0.20116639137268066,1850.1837158203125,1241.1268310546875,0.20627406239509583,1857.0728759765625,1255.114013671875,0.3442690670490265,1806.1343994140625,1235.0726318359375,0.22221967577934265,1838.2840576171875,1246.13720703125,0.25094953179359436,1851.436279296875,1260.750732421875,0.27217069268226624,1859.578125,1265.55224609375,0.3080165982246399,1806.7607421875,1250.938720703125,0.2837141454219818,1835.5701904296875,1258.6630859375,0.2995174527168274,1849.557373046875,1267.8486328125,0.33880746364593506,1861.2481689453125,1279.1219482421875,0.3524245023727417,1805.9256591796875,1268.4749755859375,0.3268572986125946,1830.559814453125,1272.6502685546875,0.32019126415252686,1843.085693359375,1279.1219482421875,0.34258440136909485,1855.40283203125,1279.1219482421875,0.33567869663238525,,,0.0,,,0.0,,,0.0,,,0.0,,,0.0,,,0.0,,,0.0,,,0.0,,,0.0,,,0.0,,,0.0,,,0.0,,,0.0,,,0.0,,,0.0,,,0.0,,,0.0,,,0.0,,,0.0,,,0.0,,,0.0
DJI_20260917132109_0085_D.JPG,Cam 7,11,SAMAPADHAM,INCORRECT,WEIGHT_ON_ONE_LEG,,dwpose_l_wholebody,coco_wholebody_133,OK,448.14,234.86,1,1,1718.3033447265625,777.9288330078125,0.8756599426269531,1735.1673583984375,748.4171142578125,0.932101845741272,1743.5992431640625,744.2008056640625,0.8788104057312012,1747.8155517578125,748.4171142578125,0.9097563028335571,1726.7354736328125,748.4171142578125,0.9387068748474121,1726.7354736328125,748.4171142578125,0.8627321720123291,1726.7354736328125,748.4171142578125,0.932712972164154,1832.1356201171875,756.8489990234375,0.8188797235488892,1815.2716064453125,756.8489990234375,0.6853475570678711,1743.5992431640625,811.6571044921875,0.9354050159454346,1726.7354736328125,815.8731689453125,0.9450303316116333,1891.1595458984375,929.7052001953125,0.7512346506118774,1811.0555419921875,938.1373291015625,0.6767946481704712,1908.0235595703125,1157.3697509765625,0.6672804951667786,1743.5992431640625,1178.4498291015625,0.49784013628959656,1886.9434814453125,1410.3302001953125,0.6895443201065063,1798.4073486328125,1410.3302001953125,0.6433299779891968,1903.8077392578125,1806.6348876953125,0.763742208480835,1823.7034912109375,1781.3389892578125,0.7527402639389038,1916.4556884765625,2232.45166015625,0.8517507314682007,1861.6475830078125,2139.69970703125,0.8325189352035522,1950.1837158203125,2266.1796875,0.9271596670150757,1882.7276611328125,2181.85986328125,0.7967541217803955,1752.0313720703125,2337.85205078125,0.8263764381408691,1743.5992431640625,2194.5078125,0.8157215118408203,1838.121337890625,1265.16552734375,0.1478174328804016,1863.7843017578125,1254.57958984375,0.15551498532295227,1922.1678466796875,1243.0311279296875,0.1840101182460785,1922.1678466796875,1236.2945556640625,0.22699379920959473,1922.1678466796875,1202.9326171875,0.26493656635284424,1922.1678466796875,1236.2945556640625,0.4162013828754425,1922.1678466796875,1233.086669921875,0.4476044178009033,1922.1678466796875,1234.049072265625,0.4661690592765808,1922.1678466796875,1235.653076171875,0.4586021304130554,1910.619384765625,1248.163818359375,0.47159385681152344,1922.1678466796875,1244.6351318359375,0.4211420714855194,1922.1678466796875,1250.4093017578125,0.40516674518585205,1922.1678466796875,1251.0509033203125,0.3987422585487366,1911.902587890625,1261.9576416015625,0.4538038969039917,1922.1678466796875,1265.80712890625,0.40291279554367065,1922.1678466796875,1268.3734130859375,0.3622134029865265,1922.1678466796875,1269.9774169921875,0.35087502002716064,1909.3363037109375,1276.0723876953125,0.4334199130535126,1922.1678466796875,1277.67626953125,0.44139358401298523,1922.1678466796875,1277.67626953125,0.3544498085975647,1922.1678466796875,1276.0723876953125,0.35335731506347656,1892.37255859375,1269.427734375,0.1127384752035141,1892.37255859375,1266.829345703125,0.11905613541603088,1892.37255859375,1269.427734375,0.141251340508461,1892.37255859375,1279.34912109375,0.15532785654067993,1892.37255859375,1228.79736328125,0.13905760645866394,1892.37255859375,1286.672119140625,0.1566161811351776,1892.37255859375,1296.8297119140625,0.1619407832622528,1892.37255859375,1283.1287841796875,0.12885123491287231,1892.37255859375,1278.876708984375,0.10668424516916275,1892.37255859375,1289.2705078125,0.1313236951828003,1892.37255859375,1297.06591796875,0.16023272275924683,1892.37255859375,1305.0975341796875,0.14462196826934814,1858.3564453125,1281.71142578125,0.05680229887366295,1892.37255859375,1294.4674072265625,0.12755048274993896,1892.37255859375,1297.06591796875,0.123641736805439,1892.37255859375,1303.9163818359375,0.1489170640707016,1892.37255859375,1303.9163818359375,0.10217849910259247,1892.37255859375,1293.050048828125,0.12711894512176514,1892.37255859375,1299.4281005859375,0.17400895059108734,1892.37255859375,1302.4990234375,0.1785571277141571,1892.37255859375,1299.4281005859375,0.0906408429145813
DJI_20260917132111_0086_D.JPG,Cam 7,11,SAMAPADHAM,INCORRECT,WEIGHT_ON_ONE_LEG,,dwpose_l_wholebody,coco_wholebody_133,OK,407.59,204.09,1,1,1725.0262451171875,764.2867431640625,0.8778516054153442,1746.2989501953125,734.5050048828125,0.9399286508560181,1750.5535888671875,730.2503662109375,0.8812663555145264,1759.0626220703125,734.5050048828125,0.9213917851448059,1737.7899169921875,734.5050048828125,0.9432963132858276,1733.5352783203125,734.5050048828125,0.8663716316223145,1737.7899169921875,734.5050048828125,0.936587929725647,1839.8995361328125,747.2686767578125,0.8235770463943481,1827.1358642578125,743.0140380859375,0.6831565499305725,1750.5535888671875,802.5780029296875,0.9362393021583557,1733.5352783203125,806.8326416015625,0.9470981359481812,1899.4635009765625,921.7056884765625,0.7609193325042725,1822.8809814453125,925.9600830078125,0.6391888856887817,1907.9722900390625,1168.4703369140625,0.6462103128433228,1754.8082275390625,1189.7430419921875,0.45052552223205566,1886.6995849609375,1402.4713134765625,0.689354419708252,1805.8629150390625,1398.2164306640625,0.639796257019043,1899.4635009765625,1793.8909912109375,0.7525259852409363,1831.3902587890625,1776.8726806640625,0.7391418218612671,1916.4815673828125,2210.837890625,0.8395575284957886,1865.4268798828125,2125.74658203125,0.830716609954834,1959.0269775390625,2244.87451171875,0.9259852766990662,1886.6995849609375,2172.546875,0.8004817962646484,1750.5535888671875,2325.7109375,0.8179951906204224,1742.0445556640625,2185.310546875,0.8064410090446472,1885.245361328125,1332.1336669921875,0.15418276190757751,1885.245361328125,1332.1336669921875,0.15622451901435852,1885.245361328125,1332.1336669921875,0.1551022082567215,1885.245361328125,1332.1336669921875,0.17658981680870056,1885.245361328125,1164.9376220703125,0.18943873047828674,1885.245361328125,1164.9376220703125,0.16349899768829346,1885.245361328125,1164.9376220703125,0.16174405813217163,1885.245361328125,1332.1336669921875,0.15365807712078094,1885.245361328125,1164.9376220703125,0.13189131021499634,1885.245361328125,1164.9376220703125,0.14163169264793396,1885.245361328125,1332.1336669921875,0.14641940593719482,1885.245361328125,1332.1336669921875,0.14140959084033966,1885.245361328125,1332.1336669921875,0.10613647103309631,1885.245361328125,1332.1336669921875,0.13610495626926422,1885.245361328125,1332.1336669921875,0.13476556539535522,1885.245361328125,1332.1336669921875,0.1682681292295456,1885.245361328125,1332.1336669921875,0.1609954535961151,1885.245361328125,1332.1336669921875,0.1392962634563446,1885.245361328125,1332.1336669921875,0.18469282984733582,1885.245361328125,1332.1336669921875,0.18217307329177856,1885.245361328125,1332.1336669921875,0.1277046501636505,1791.7420654296875,1232.1002197265625,0.15727809071540833,1793.1407470703125,1232.1002197265625,0.14100804924964905,1799.6099853515625,1232.1002197265625,0.12710396945476532,1831.6065673828125,1232.1002197265625,0.0982084646821022,1792.44140625,1232.1002197265625,0.08924439549446106,1789.6439208984375,1275.4615478515625,0.05598197877407074,1782.824951171875,1291.5472412109375,0.07295338064432144,1779.328125,1321.4456787109375,0.10347186028957367,1775.306640625,1321.4456787109375,0.14252078533172607,1791.7420654296875,1276.8603515625,0.062016092240810394,1799.6099853515625,1294.3447265625,0.08942404389381409,1801.3585205078125,1321.4456787109375,0.13208703696727753,1831.6065673828125,1321.4456787109375,0.14947949349880219,1799.6099853515625,1275.636474609375,0.056382305920124054,1800.3094482421875,1291.022705078125,0.06537342071533203,1831.6065673828125,1321.4456787109375,0.16081619262695312,1831.6065673828125,1321.4456787109375,0.1809038519859314,1831.6065673828125,1264.4464111328125,0.05203060805797577,1831.6065673828125,1286.826416015625,0.11321017891168594,1831.6065673828125,1321.4456787109375,0.15133249759674072,1831.6065673828125,1232.1002197265625,0.14825671911239624
DJI_20260917132124_0087_D.JPG,Cam 7,12,MUZHUMANDI,INCORRECT,KNEES_FACING_FORWARD,,dwpose_l_wholebody,coco_wholebody_133,OK,449.93,228.68,1,1,1721.425537109375,1344.2496337890625,0.889251708984375,1739.248046875,1314.5455322265625,0.9695777893066406,1748.1591796875,1314.5455322265625,0.9011270999908447,1754.10009765625,1314.5455322265625,0.9680624008178711,1727.3662109375,1314.5455322265625,0.9910950660705566,1727.3662109375,1311.5750732421875,0.8698463439941406,1730.336669921875,1311.5750732421875,0.9853070974349976,1843.212646484375,1329.3975830078125,0.875965416431427,1828.360595703125,1326.4271240234375,0.6984724402427673,1748.1591796875,1382.8651123046875,0.960853099822998,1733.30712890625,1385.8355712890625,0.9702527523040771,1905.591552734375,1528.4156494140625,0.7554751634597778,1843.212646484375,1495.7410888671875,0.6455296277999878,1896.68017578125,1837.3394775390625,0.6914645433425903,1840.2421875,1769.0196533203125,0.3470936417579651,1935.295654296875,1994.7716064453125,0.7123851180076599,1831.330810546875,1950.2152099609375,0.6400183439254761,1528.34814453125,2223.49365234375,0.6198163032531738,1590.72705078125,2164.08544921875,0.4787570834159851,1982.822509765625,2223.49365234375,0.5987390279769897,1923.413818359375,2208.6416015625,0.3559073805809021,2003.615234375,2235.37548828125,0.5961043238639832,1929.354736328125,2235.37548828125,0.33462730050086975,1852.123779296875,2345.28076171875,0.6262977719306946,1834.301513671875,2327.45849609375,0.3157516121864319,1953.506591796875,2243.5029296875,0.1693369448184967,1916.168212890625,2260.30517578125,0.18044674396514893,1882.5634765625,2270.5732421875,0.15749303996562958,1858.29345703125,2269.639892578125,0.13593332469463348,1831.222900390625,2271.5068359375,0.1332581639289856,1885.36376953125,2312.5791015625,0.19446399807929993,1866.694580078125,2326.5810546875,0.19680273532867432,1852.692626953125,2334.982177734375,0.19189396500587463,1836.82373046875,2339.649658203125,0.21141347289085388,1904.033203125,2324.714111328125,0.22144187986850739,1887.230712890625,2345.25048828125,0.2256181836128235,1876.029296875,2353.651611328125,0.23939752578735352,1864.82763671875,2362.986328125,0.246057391166687,1922.702392578125,2332.181884765625,0.20635703206062317,1911.500732421875,2350.85107421875,0.2276848554611206,1902.166259765625,2356.451904296875,0.22767138481140137,1897.498779296875,2364.85302734375,0.2167152464389801,1946.972412109375,2334.982177734375,0.18657374382019043,1938.5712890625,2351.78466796875,0.22392228245735168,1932.970458984375,2354.5849609375,0.23885685205459595,1928.30322265625,2359.25244140625,0.2547702491283417,1962.478271484375,1772.48046875,0.3400754928588867,1965.748291015625,1772.48046875,0.3636201322078705,1982.097900390625,1772.48046875,0.35750913619995117,2013.162109375,1772.48046875,0.3861311674118042,2022.971923828125,1772.48046875,0.41253870725631714,1977.19287109375,1772.48046875,0.4544580578804016,2008.25732421875,1772.48046875,0.4151061475276947,2019.7021484375,1828.0693359375,0.385906845331192,2027.876953125,1772.48046875,0.3948075473308563,1977.19287109375,1832.97412109375,0.4676693081855774,2008.25732421875,1842.783935546875,0.44540512561798096,2024.60693359375,1846.053955078125,0.4741727113723755,2045.861328125,1846.053955078125,0.5203143358230591,1977.19287109375,1832.97412109375,0.4577699601650238,2011.52734375,1841.14892578125,0.4887804090976715,2024.60693359375,1849.32373046875,0.47800374031066895,2044.2265625,1849.32373046875,0.45485401153564453,1987.002685546875,1772.48046875,0.4372541904449463,2006.622314453125,1772.48046875,0.41039422154426575,2021.3369140625,1829.7041015625,0.42827728390693665,2027.876953125,1772.48046875,0.43320685625076294
DJI_20260917132126_0088_D.JPG,Cam 7,12,MUZHUMANDI,INCORRECT,KNEES_FACING_FORWARD,,dwpose_l_wholebody,coco_wholebody_133,OK,390.69,287.37,1,0,1732.2860107421875,1356.060546875,0.8811404705047607,1753.0352783203125,1326.418701171875,0.9743292331695557,1758.9637451171875,1323.45458984375,0.8886140584945679,1764.8919677734375,1323.45458984375,0.9564357399940491,1738.2142333984375,1323.45458984375,0.9860028028488159,1738.2142333984375,1320.490234375,0.863309383392334,1741.1785888671875,1320.490234375,0.9770037531852722,1853.8177490234375,1338.275390625,0.8998357057571411,1838.9967041015625,1332.34716796875,0.7137054204940796,1764.8919677734375,1397.55908203125,0.9385349154472351,1750.0711669921875,1397.55908203125,0.9476727843284607,1919.0296630859375,1536.8759765625,0.7532296180725098,1853.8177490234375,1495.37744140625,0.6451438665390015,1921.9940185546875,1842.18701171875,0.6980820894241333,1847.8892822265625,1759.18994140625,0.3464467525482178,1930.8865966796875,2005.21728515625,0.7169366478919983,1821.2115478515625,1951.86181640625,0.6567758321762085,1521.8287353515625,2239.38818359375,0.624927282333374,1598.8975830078125,1990.396484375,0.4728778004646301,1975.3494873046875,2239.38818359375,0.6333199739456177,1916.0655517578125,2215.674560546875,0.35066521167755127,1996.0985107421875,2251.24462890625,0.6284680962562561,1913.1014404296875,2251.24462890625,0.32029497623443604,1844.9251708984375,2352.027099609375,0.6586430072784424,1830.1041259765625,2334.241943359375,0.32191187143325806,1961.360595703125,2257.80322265625,0.16836506128311157,1919.970458984375,2271.599853515625,0.1682964563369751,1876.609375,2287.36767578125,0.14390674233436584,1857.885009765625,2285.396728515625,0.12901191413402557,1815.509521484375,2287.36767578125,0.1144094169139862,1872.667236328125,2327.772216796875,0.19202014803886414,1854.9287109375,2345.510986328125,0.16862761974334717,1848.0302734375,2356.351318359375,0.14988180994987488,1835.218994140625,2358.322265625,0.13513725996017456,1891.391357421875,2347.48193359375,0.20629967749118805,1879.565673828125,2366.2060546875,0.21991845965385437,1870.6962890625,2368.177001953125,0.22157613933086395,1860.841552734375,2373.1044921875,0.21578386425971985,1912.086669921875,2355.36572265625,0.20787742733955383,1903.21728515625,2373.1044921875,0.24230259656906128,1899.275390625,2372.118896484375,0.24038517475128174,1899.275390625,2373.1044921875,0.21475830674171448,1936.7236328125,2362.26416015625,0.19237735867500305,1929.8251953125,2373.1044921875,0.2595282793045044,1926.868896484375,2370.14794921875,0.2696496844291687,1922.9267578125,2369.16259765625,0.24050945043563843,,,0.0,,,0.0,,,0.0,,,0.0,,,0.0,,,0.0,,,0.0,,,0.0,,,0.0,,,0.0,,,0.0,,,0.0,,,0.0,,,0.0,,,0.0,,,0.0,,,0.0,,,0.0,,,0.0,,,0.0,,,0.0
DJI_20260917132215_0089_D.JPG,Cam 7,13,MUZHUMANDI,INCORRECT,BACK_BENT_FORWARD,,dwpose_l_wholebody,coco_wholebody_133,OK,441.72,209.94,1,1,1593.2706298828125,1411.8822021484375,0.9222463965415955,1601.6668701171875,1381.0953369140625,1.016347050666809,1604.4656982421875,1378.2965087890625,0.9311169385910034,1612.8619384765625,1378.2965087890625,0.9870200753211975,1590.4718017578125,1383.8941650390625,1.0113186836242676,1590.4718017578125,1383.8941650390625,0.9027003049850464,1590.4718017578125,1383.8941650390625,1.0007129907608032,1694.0272216796875,1369.9002685546875,0.8486484289169312,1694.0272216796875,1367.1014404296875,0.7779048681259155,1626.8560791015625,1439.8702392578125,1.0049445629119873,1612.8619384765625,1445.4678955078125,1.0099865198135376,1797.5826416015625,1526.6329345703125,0.7200762033462524,1761.1983642578125,1515.4376220703125,0.6023362874984741,1892.7418212890625,1814.9090576171875,0.7272887825965881,1777.9910888671875,1756.1343994140625,0.4414960741996765,1973.9068603515625,1938.0562744140625,0.7035825252532959,1920.7296142578125,1926.8609619140625,0.6098164319992065,1705.2222900390625,2259.91748046875,0.6315746307373047,1724.8140869140625,2248.72265625,0.4965589642524719,1959.9129638671875,2217.935546875,0.5259004235267639,1959.9129638671875,2209.53955078125,0.4226228892803192,1993.4984130859375,2206.74072265625,0.495663046836853,1979.5045166015625,2212.337890625,0.3405540883541107,1901.1383056640625,2318.6923828125,0.5614067912101746,1959.9129638671875,2304.6982421875,0.37709975242614746,1926.581298828125,1824.6317138671875,0.4941774904727936,1934.514404296875,1797.6590576171875,0.49012744426727295,1951.96728515625,1775.4464111328125,0.47458410263061523,1985.286376953125,1773.8597412109375,0.46245551109313965,2043.991455078125,1769.099853515625,0.44357314705848694,1969.420166015625,1780.99951171875,0.8660933971405029,1996.392822265625,1777.032958984375,0.8334237337112427,2013.845703125,1778.61962890625,0.8105336427688599,2030.505126953125,1784.966064453125,0.7610336542129517,1978.93994140625,1800.832275390625,0.863132119178772,2009.879150390625,1798.452392578125,1.1267443895339966,2030.505126953125,1797.6590576171875,0.7638827562332153,2043.991455078125,1802.4189453125,0.7015660405158997,1982.906494140625,1823.0450439453125,0.7659757733345032,2011.465576171875,1818.28515625,0.9625093936920166,2030.505126953125,1817.4918212890625,0.6958221197128296,2043.991455078125,1817.4918212890625,0.6017026901245117,1983.69970703125,1848.430908203125,0.7695042490959167,2005.119140625,1844.4644775390625,0.9539024829864502,2022.572021484375,1842.08447265625,0.8416414260864258,2043.991455078125,1838.9112548828125,0.7105991840362549,1748.00390625,1884.5040283203125,0.1100035309791565,1744.7568359375,1918.5980224609375,0.16928574442863464,1741.1038818359375,1929.962646484375,0.1684243083000183,1735.421630859375,1934.42724609375,0.16064414381980896,1735.0157470703125,1953.09765625,0.13329145312309265,1723.2452392578125,1933.2095947265625,0.24212902784347534,1721.2158203125,1950.66259765625,0.2997986674308777,1733.798095703125,1960.403564453125,0.29712703824043274,1743.945068359375,1968.115234375,0.34918516874313354,1726.4923095703125,1931.991943359375,0.27320006489753723,1726.898193359375,1952.69189453125,0.31088876724243164,1734.60986328125,1960.403564453125,0.3395352363586426,1745.1627197265625,1969.73876953125,0.368833065032959,1726.4923095703125,1931.991943359375,0.28089049458503723,1725.274658203125,1949.850830078125,0.28811171650886536,1733.3922119140625,1958.780029296875,0.33657217025756836,1743.13330078125,1967.303466796875,0.33756595849990845,1735.0157470703125,1931.1802978515625,0.23867851495742798,1724.8687744140625,1941.733154296875,0.24022965133190155,1733.798095703125,1952.69189453125,0.263596773147583,1739.88623046875,1957.96826171875,0.2479804903268814
DJI_20260917132217_0090_D.JPG,Cam 7,13,MUZHUMANDI,INCORRECT,BACK_BENT_FORWARD,,dwpose_l_wholebody,coco_wholebody_133,OK,421.04,217.17,1,1,1597.0543212890625,1418.6268310546875,0.8928123712539673,1608.3006591796875,1387.6995849609375,1.0018701553344727,1613.9239501953125,1384.8880615234375,0.9092566967010498,1622.3585205078125,1387.6995849609375,0.9898463487625122,1597.0543212890625,1390.5111083984375,0.9945015907287598,1597.0543212890625,1387.6995849609375,0.8710459470748901,1599.8660888671875,1390.5111083984375,0.9918164014816284,1703.8939208984375,1379.2647705078125,0.8902567625045776,1701.0821533203125,1376.4532470703125,0.7576305866241455,1633.6048583984375,1449.5538330078125,0.983817458152771,1622.3585205078125,1452.3656005859375,0.9799832105636597,1805.1099853515625,1531.0892333984375,0.7248967885971069,1760.1251220703125,1522.6546630859375,0.660297155380249,1892.2684326171875,1834.7379150390625,0.6773815751075745,1796.6754150390625,1761.6373291015625,0.503484845161438,1973.8038330078125,1938.7657470703125,0.7004384994506836,1923.1956787109375,1924.7078857421875,0.5712950229644775,1706.7054443359375,2248.03759765625,0.6909486055374146,1850.0950927734375,2231.16845703125,0.4075165390968323,1940.0650634765625,2239.60302734375,0.5492655634880066,2193.10546875,2203.052734375,0.4308232069015503,1965.3692626953125,2228.3564453125,0.5369278192520142,2142.49755859375,2203.052734375,0.38067975640296936,1897.8917236328125,2318.32666015625,0.5724789500236511,2297.13330078125,2304.2685546875,0.3889082074165344,1828.1378173828125,1995.2645263671875,0.13134294748306274,1741.1461181640625,1995.2645263671875,0.08489599078893661,1828.1378173828125,1995.2645263671875,0.07334347069263458,1732.697265625,1995.2645263671875,0.09966199100017548,1735.2005615234375,1995.2645263671875,0.1022549420595169,1722.0579833984375,1995.2645263671875,0.11229962855577469,1720.180419921875,1995.2645263671875,0.1540755331516266,1732.697265625,1995.2645263671875,0.19096557796001434,1741.1461181640625,1995.2645263671875,0.19655460119247437,1725.1871337890625,1937.374267578125,0.10998479276895523,1725.1871337890625,1957.4012451171875,0.16697892546653748,1733.9488525390625,1963.9725341796875,0.20662744343280792,1739.8944091796875,1995.2645263671875,0.20014092326164246,1734.2618408203125,1935.8096923828125,0.09489167481660843,1723.9354248046875,1949.5782470703125,0.13353517651557922,1731.7584228515625,1962.094970703125,0.193245530128479,1737.7039794921875,1995.2645263671875,0.19799324870109558,1745.2139892578125,1995.2645263671875,0.09252698719501495,1721.7449951171875,1995.2645263671875,0.11292453110218048,1726.751708984375,1995.2645263671875,0.13425341248512268,1734.8876953125,1995.2645263671875,0.13894176483154297,1740.953125,1885.20751953125,0.21252554655075073,1738.3585205078125,1901.748291015625,0.22340577840805054,1738.0341796875,1932.2354736328125,0.1686651110649109,1738.0341796875,1947.47900390625,0.19403156638145447,1738.3585205078125,1952.343994140625,0.1939568817615509,1721.4932861328125,1949.1007080078125,0.28690600395202637,1726.6826171875,1958.50634765625,0.3268286883831024,1734.7908935546875,1966.614501953125,0.38650691509246826,1742.5748291015625,1973.425537109375,0.41315945982933044,1722.1419677734375,1945.208740234375,0.3041766881942749,1728.952880859375,1956.2359619140625,0.33479753136634827,1735.115234375,1964.0198974609375,0.36463913321495056,1743.2235107421875,1972.77685546875,0.3762126863002777,1721.817626953125,1941.64111328125,0.28396695852279663,1725.7095947265625,1951.6953125,0.2964373230934143,1734.466552734375,1960.776611328125,0.3384287357330322,1743.2235107421875,1967.911865234375,0.34412869811058044,1729.6015625,1934.505859375,0.23549076914787292,1731.871826171875,1946.506103515625,0.2505696713924408,1734.7908935546875,1951.046630859375,0.2816268801689148,1739.0072021484375,1956.2359619140625,0.27416276931762695
DJI_20260917132241_0091_D.JPG,Cam 7,14,MUZHUMANDI,INCORRECT,FEET_APART_HEEL_DOWN,,dwpose_l_wholebody,coco_wholebody_133,OK,447.48,204.16,1,1,1637.0899658203125,1408.4925537109375,0.9196913838386536,1642.9053955078125,1379.4151611328125,1.0095561742782593,1645.8131103515625,1376.5074462890625,0.92315673828125,1654.5362548828125,1373.5997314453125,0.9831515550613403,1634.1822509765625,1379.4151611328125,1.022295355796814,1631.2745361328125,1379.4151611328125,0.8999309539794922,1634.1822509765625,1379.4151611328125,1.019931435585022,1733.0450439453125,1359.0611572265625,0.8558864593505859,1738.8604736328125,1353.2457275390625,0.6790225505828857,1674.8905029296875,1434.6622314453125,0.9628702402114868,1663.2593994140625,1440.4776611328125,0.9707227349281311,1814.4615478515625,1527.7095947265625,0.7048053741455078,1829.0001220703125,1478.2781982421875,0.6034222841262817,1776.6610107421875,1809.7596435546875,0.5502574443817139,1788.2918701171875,1748.6971435546875,0.3181920647621155,1933.6785888671875,1926.0689697265625,0.6921643614768982,1968.5714111328125,1891.1761474609375,0.6262682676315308,1593.4739990234375,2126.7021484375,0.7205612659454346,1927.8631591796875,2115.0712890625,0.47702836990356445,1907.5089111328125,2231.380859375,0.703707218170166,2096.51171875,2132.517578125,0.4350643754005432,1942.4017333984375,2225.5654296875,0.7185021638870239,2143.03515625,2123.79443359375,0.4142669439315796,1823.1846923828125,2376.76708984375,0.7027928829193115,1954.0325927734375,2260.4580078125,0.4016796946525574,1880.321533203125,1853.03515625,0.44336044788360596,1878.826416015625,1817.9017333984375,0.4772873520851135,1904.2421875,1793.9810791015625,0.6273738145828247,1920.6875,1776.04052734375,0.8141222596168518,1927.415283203125,1750.6248779296875,0.899444580078125,1954.325927734375,1808.1839599609375,0.4310876131057739,1954.325927734375,1796.2236328125,0.3940359354019165,1954.325927734375,1791.738525390625,0.362798273563385,1954.325927734375,1798.4661865234375,0.323311448097229,1954.325927734375,1827.6195068359375,0.47362402081489563,1954.325927734375,1811.9215087890625,0.3413248062133789,1954.325927734375,1805.19384765625,0.29807546734809875,1954.325927734375,1802.9512939453125,0.27831441164016724,1954.325927734375,1844.06494140625,0.45290228724479675,1954.325927734375,1837.337158203125,0.3770334720611572,1954.325927734375,1837.337158203125,0.3059585988521576,1954.325927734375,1837.337158203125,0.26672598719596863,1954.325927734375,1863.50048828125,0.4296168386936188,1954.325927734375,1866.490478515625,0.3795960545539856,1954.325927734375,1864.99560546875,0.3472592830657959,1954.325927734375,1867.238037109375,0.32568982243537903,1874.8018798828125,1849.7608642578125,0.27120694518089294,1882.65087890625,1821.987548828125,0.299892783164978,1901.3677978515625,1798.440673828125,0.36197125911712646,1918.2730712890625,1779.723876953125,0.49887293577194214,1926.1221923828125,1755.5732421875,0.5783174633979797,1945.4427490234375,1805.6859130859375,0.5251947641372681,1970.8009033203125,1796.62939453125,0.6002247333526611,1986.4986572265625,1796.025634765625,0.5916352272033691,1997.9703369140625,1800.251953125,0.6642341613769531,1953.2916259765625,1826.8177490234375,0.6313611268997192,1982.8760986328125,1827.4215087890625,0.6768633127212524,2002.8004150390625,1833.4591064453125,0.6659214496612549,2020.3096923828125,1841.30810546875,0.6992138624191284,1952.0841064453125,1846.7420654296875,0.6148946285247803,1979.2535400390625,1848.5533447265625,0.7323788404464722,1999.7816162109375,1853.9871826171875,0.7066064476966858,2019.7059326171875,1860.628662109375,0.6738302707672119,1945.4427490234375,1867.2701416015625,0.5141134262084961,1965.9708251953125,1871.4964599609375,0.6452842950820923,1984.0836181640625,1875.1190185546875,0.633284866809845,2002.1966552734375,1876.930419921875,0.7085966467857361
DJI_20260917132243_0092_D.JPG,Cam 7,14,MUZHUMANDI,INCORRECT,FEET_APART_HEEL_DOWN,,dwpose_l_wholebody,coco_wholebody_133,OK,420.67,209.56,1,1,1648.7994384765625,1396.51220703125,0.9240224361419678,1651.7205810546875,1364.37890625,1.0113584995269775,1657.5628662109375,1361.457763671875,0.9298674464225769,1666.3265380859375,1361.457763671875,0.9892427921295166,1642.9571533203125,1367.30029296875,1.0278810262680054,1642.9571533203125,1364.37890625,0.9090481996536255,1642.9571533203125,1367.30029296875,1.0242223739624023,1745.1986083984375,1343.9306640625,0.8433599472045898,1745.1986083984375,1341.009521484375,0.6662634611129761,1686.7747802734375,1422.802734375,0.9733335971832275,1672.1688232421875,1428.64501953125,0.9770077466964722,1821.1495361328125,1510.4384765625,0.7144937515258789,1826.9918212890625,1475.384033203125,0.6132352352142334,1765.6468505859375,1817.1630859375,0.5891546010971069,1762.7257080078125,1752.89697265625,0.3762635886669159,1935.0758056640625,1916.4833984375,0.6814439296722412,1946.7606201171875,1884.35009765625,0.607297420501709,1593.2967529296875,2120.96630859375,0.7258336544036865,1935.0758056640625,2109.28173828125,0.46363314986228943,1905.8638916015625,2229.05029296875,0.7084806561470032,2107.42578125,2129.72998046875,0.5330238938331604,1952.6029052734375,2223.2080078125,0.7075128555297852,2154.1650390625,2123.8876953125,0.5114449858665466,1826.9918212890625,2378.031005859375,0.7448381185531616,2157.0859375,2226.129150390625,0.44352802634239197,1861.560791015625,1845.70556640625,0.38215726613998413,1880.0848388671875,1814.1644287109375,0.4230608344078064,1901.1123046875,1793.6375732421875,0.4627135097980499,1918.134521484375,1773.6114501953125,0.5972532033920288,1924.64306640625,1748.0782470703125,0.6397358179092407,1945.169677734375,1800.1461181640625,0.637149453163147,1969.201171875,1790.133056640625,0.6994210481643677,1986.223388671875,1789.1317138671875,0.706228494644165,2000.7421875,1793.6375732421875,0.7137501239776611,1953.680908203125,1822.675537109375,0.6812679767608643,1981.216796875,1822.1748046875,0.7767994403839111,2003.24560546875,1826.6806640625,0.7327878475189209,2020.267822265625,1831.687255859375,0.810628354549408,1952.178955078125,1842.200927734375,0.6367780566215515,1978.212890625,1844.20361328125,0.7727864980697632,1999.240234375,1848.2088623046875,0.7305964231491089,2018.26513671875,1852.7147216796875,0.7583810091018677,1944.16845703125,1863.72900390625,0.5452500581741333,1964.194580078125,1867.7342529296875,0.8156028985977173,1981.717529296875,1870.237548828125,0.8322875499725342,2000.24169921875,1872.2401123046875,0.8068084716796875,1882.27978515625,1842.572265625,0.40168219804763794,1888.056640625,1817.058349609375,0.3932625949382782,1903.942626953125,1792.507080078125,0.47451549768447876,1919.347412109375,1774.2138671875,0.547315776348114,1928.975341796875,1749.181396484375,0.5475726127624512,1944.861572265625,1800.69091796875,0.5641957521438599,1969.41259765625,1790.58154296875,0.5486054420471191,1986.742919921875,1790.10009765625,0.571653425693512,2000.22216796875,1793.951171875,0.6432856917381287,1953.526611328125,1821.872314453125,0.6227965950965881,1984.8173828125,1821.872314453125,0.624780535697937,2004.5546875,1825.723388671875,0.6560380458831787,2020.922119140625,1831.981689453125,0.6750555634498596,1951.60107421875,1841.609619140625,0.5799360275268555,1979.52197265625,1844.497802734375,0.6234680414199829,2001.184814453125,1848.34912109375,0.6307957172393799,2019.95947265625,1853.1630859375,0.7096875309944153,1943.898681640625,1864.235107421875,0.6008649468421936,1965.5615234375,1866.64208984375,0.6847949028015137,1983.854736328125,1870.011962890625,0.6766355037689209,2002.147705078125,1871.4560546875,0.7765731811523438
DJI_20260917132313_0093_D.JPG,Cam 7,15,SWASTIKAPADAM,INCORRECT,OVERCROSSING_SHINS,RIGHT,dwpose_l_wholebody,coco_wholebody_133,OK,435.88,260.02,1,1,1676.8651123046875,846.609375,0.9231892824172974,1697.4718017578125,813.638671875,0.9815206527709961,1701.5928955078125,809.517578125,0.9134999513626099,1709.8355712890625,809.517578125,0.9471278190612793,1685.1077880859375,813.638671875,0.9978506565093994,1685.1077880859375,813.638671875,0.8965948224067688,1685.1077880859375,813.638671875,0.9921690225601196,1800.5047607421875,817.76025390625,0.8604589700698853,1779.8980712890625,813.638671875,0.6702128052711487,1705.7144775390625,883.701171875,0.9590902328491211,1685.1077880859375,887.82275390625,0.9749492406845093,1862.3245849609375,1023.826171875,0.754762589931488,1800.5047607421875,1015.583740234375,0.6107117533683777,1862.3245849609375,1304.076171875,0.5762859582901001,1800.5047607421875,1316.4404296875,0.39555758237838745,1903.5379638671875,1526.6279296875,0.6972799301147461,1808.7474365234375,1526.6279296875,0.6521003842353821,1759.2916259765625,1955.24560546875,0.5383302569389343,1718.0782470703125,1955.24560546875,0.7112038135528564,2010.6925048828125,2202.52490234375,0.6911178827285767,1887.0526123046875,2235.49560546875,0.742767333984375,2027.1776123046875,2227.2529296875,0.7153350114822388,1928.2657470703125,2268.46630859375,0.6990262269973755,2023.0562744140625,2379.7421875,0.776680588722229,1870.5672607421875,2387.984375,0.7639703750610352,1865.3297119140625,1376.690185546875,0.19614525139331818,1886.294189453125,1356.218994140625,0.2466457188129425,1893.693359375,1336.48779296875,0.26629725098609924,1912.6846923828125,1335.747802734375,0.2508425712585449,1944.2547607421875,1313.5501708984375,0.24010977149009705,1926.0032958984375,1330.32177734375,0.4253021478652954,1944.2547607421875,1341.4205322265625,0.32010263204574585,1944.2547607421875,1350.052978515625,0.3094445466995239,1944.2547607421875,1356.4656982421875,0.26513588428497314,1935.622314453125,1348.3265380859375,0.36394912004470825,1944.2547607421875,1360.6585693359375,0.33001142740249634,1944.2547607421875,1366.331298828125,0.30103567242622375,1944.2547607421875,1367.0711669921875,0.25353237986564636,1944.2547607421875,1371.0174560546875,0.339537650346756,1944.2547607421875,1376.9368896484375,0.32366615533828735,1944.2547607421875,1380.1431884765625,0.269001841545105,1944.2547607421875,1379.64990234375,0.2326449602842331,1944.2547607421875,1389.5155029296875,0.3513016402721405,1944.2547607421875,1394.4483642578125,0.35072070360183716,1944.2547607421875,1397.161376953125,0.2927284240722656,1913.6712646484375,1396.914794921875,0.21027855575084686,1848.214111328125,1367.47509765625,0.28024744987487793,1874.987060546875,1347.3037109375,0.2528165578842163,1902.493408203125,1321.99755859375,0.27189910411834717,1912.7626953125,1312.09521484375,0.27012428641319275,1923.3984375,1293.024169921875,0.2502235770225525,1930.0,1331.16650390625,0.4529109001159668,1959.70703125,1338.868408203125,0.4736500382423401,1968.509033203125,1349.504150390625,0.4372967779636383,1974.377197265625,1357.939453125,0.311683714389801,1937.701904296875,1351.337890625,0.45288771390914917,1965.941650390625,1359.406494140625,0.503518283367157,1980.61181640625,1368.20849609375,0.4260697662830353,1990.51416015625,1374.81005859375,0.44247370958328247,1939.90234375,1370.4091796875,0.5082913637161255,1965.208251953125,1375.910400390625,0.6216685175895691,1979.51171875,1383.245361328125,0.5644324421882629,1990.51416015625,1389.113525390625,0.4825562834739685,1935.501220703125,1389.846923828125,0.5307387709617615,1957.873291015625,1394.248046875,0.6406574249267578,1975.843994140625,1398.2822265625,0.5901072025299072,1990.51416015625,1403.050048828125,0.5252559185028076
DJI_20260917132315_0094_D.JPG,Cam 7,15,SWASTIKAPADAM,INCORRECT,OVERCROSSING_SHINS,RIGHT,dwpose_l_wholebody,coco_wholebody_133,OK,478.05,244.94,1,1,1681.0772705078125,843.60986328125,0.9214334487915039,1701.7166748046875,810.5869140625,0.9728938341140747,1705.8446044921875,810.5869140625,0.9115042686462402,1714.1002197265625,810.5869140625,0.9418582916259766,1689.3331298828125,814.71484375,0.9920647144317627,1689.3331298828125,810.5869140625,0.8979533910751343,1689.3331298828125,814.71484375,0.9862273931503296,1804.9134521484375,818.8427734375,0.8720269203186035,1784.2740478515625,814.71484375,0.6742590069770813,1709.9722900390625,884.888671875,0.9541964530944824,1689.3331298828125,889.0166015625,0.9726252555847168,1866.8314208984375,1021.1083984375,0.7606503963470459,1792.5299072265625,1016.98046875,0.6322112083435059,1883.3428955078125,1293.5478515625,0.6019389629364014,1796.6578369140625,1310.059326171875,0.43937140703201294,1916.3658447265625,1524.70849609375,0.7129648923873901,1813.1690673828125,1520.58056640625,0.6700931787490845,1833.8087158203125,1945.75146484375,0.5301160216331482,1726.4840087890625,1958.134765625,0.7784427404403687,2027.8184814453125,2205.80712890625,0.7462739944458008,1879.2149658203125,2242.9580078125,0.8148722648620605,2036.0740966796875,2230.57421875,0.7526127099990845,1916.3658447265625,2271.85302734375,0.7592545747756958,2031.9464111328125,2379.177734375,0.8232518434524536,1850.3199462890625,2391.56103515625,0.8233222961425781,1887.7056884765625,1528.08837890625,0.17870795726776123,1887.7056884765625,1528.08837890625,0.1480877548456192,1711.1612548828125,1351.5439453125,0.13002660870552063,1711.1612548828125,1351.5439453125,0.15651951730251312,1711.1612548828125,1351.5439453125,0.2049749493598938,1711.1612548828125,1426.16943359375,0.11047681421041489,1711.1612548828125,1528.08837890625,0.13492783904075623,1711.1612548828125,1528.08837890625,0.17998237907886505,1711.1612548828125,1528.08837890625,0.2307707816362381,1711.1612548828125,1428.933349609375,0.11104947328567505,1711.1612548828125,1528.08837890625,0.143719881772995,1711.1612548828125,1528.08837890625,0.1882554441690445,1711.1612548828125,1528.08837890625,0.2115982621908188,1711.1612548828125,1461.063720703125,0.11424122750759125,1711.1612548828125,1528.08837890625,0.135233074426651,1711.1612548828125,1528.08837890625,0.2028772532939911,1711.1612548828125,1528.08837890625,0.24940946698188782,1711.1612548828125,1528.08837890625,0.13517357409000397,1711.1612548828125,1528.08837890625,0.17222243547439575,1711.1612548828125,1528.08837890625,0.2066582441329956,1711.1612548828125,1528.08837890625,0.22362713515758514,1813.1171875,1537.23681640625,0.1099606603384018,1813.1171875,1537.23681640625,0.0866951197385788,1813.1171875,1537.23681640625,0.11007378995418549,1813.1171875,1537.23681640625,0.11939607560634613,1813.1171875,1537.23681640625,0.11567291617393494,1813.1171875,1463.1671142578125,0.0614733062684536,1813.1171875,1537.23681640625,0.090846486389637,1743.0933837890625,1537.23681640625,0.11004120111465454,1743.0933837890625,1537.23681640625,0.1186024397611618,1729.088623046875,1469.080322265625,0.09224408864974976,1725.9764404296875,1475.3046875,0.08148180693387985,1743.0933837890625,1537.23681640625,0.1256723254919052,1741.5372314453125,1537.23681640625,0.11760418117046356,1722.8642578125,1470.013916015625,0.0953710526227951,1712.9052734375,1475.3046875,0.08406701683998108,1722.552978515625,1537.23681640625,0.11738650500774384,1727.532470703125,1537.23681640625,0.1361517310142517,1709.170654296875,1469.7027587890625,0.09477388113737106,1708.237060546875,1470.9476318359375,0.10746124386787415,1710.1043701171875,1537.23681640625,0.11017049849033356,1710.41552734375,1537.23681640625,0.10207978636026382
DJI_20260917132330_0095_D.JPG,Cam 7,16,SWASTIKAPADAM,INCORRECT,OVERCROSSING_SHINS,LEFT,dwpose_l_wholebody,coco_wholebody_133,OK,485.97,213.15,1,1,1714.39892578125,922.47998046875,0.9256251454353333,1733.6728515625,891.6416015625,0.9619745016098022,1741.38232421875,891.6416015625,0.9066406488418579,1749.091796875,891.6416015625,0.943259060382843,1722.1083984375,891.6416015625,0.972041130065918,1722.1083984375,891.6416015625,0.8922150135040283,1722.1083984375,891.6416015625,0.9713453650474548,1826.1875,914.770263671875,0.8795076608657837,1806.91357421875,914.770263671875,0.6984802484512329,1737.527587890625,961.02783203125,0.9659554958343506,1722.1083984375,961.02783203125,0.9795248508453369,1857.02587890625,1088.235595703125,0.7438478469848633,1822.3330078125,1084.380859375,0.6346012949943542,1845.46142578125,1346.50634765625,0.5821902751922607,1787.6396484375,1323.377685546875,0.36661282181739807,1860.880859375,1527.681396484375,0.6772291660308838,1880.15478515625,1508.407470703125,0.6396654844284058,1787.6396484375,1901.595458984375,0.6404106020927429,1999.65283203125,1824.499755859375,0.5699187517166138,1876.2998046875,2152.156494140625,0.6741423606872559,2015.072265625,2063.496337890625,0.6514145135879517,1918.70263671875,2175.284912109375,0.772114634513855,2042.0556640625,2109.753662109375,0.6553819179534912,1845.46142578125,2225.397216796875,0.5991619825363159,1984.23388671875,2125.173095703125,0.5801698565483093,1821.47021484375,1409.8563232421875,0.07028341293334961,1806.10986328125,1388.1943359375,0.05944707989692688,1789.1741943359375,1292.48779296875,0.06343886256217957,1899.4532470703125,1292.48779296875,0.09130128473043442,1899.4532470703125,1292.48779296875,0.13389231264591217,1787.9925537109375,1292.48779296875,0.107170969247818,1726.9451904296875,1292.48779296875,0.12346327304840088,1728.126708984375,1292.48779296875,0.12377490848302841,1899.4532470703125,1292.48779296875,0.10653497278690338,1770.6629638671875,1292.48779296875,0.08839794993400574,1768.2999267578125,1292.48779296875,0.10202637314796448,1769.875244140625,1292.48779296875,0.07251492887735367,1899.4532470703125,1292.48779296875,0.06461470574140549,1773.026123046875,1292.48779296875,0.06330837309360504,1769.875244140625,1292.48779296875,0.0702417641878128,1786.0233154296875,1412.61328125,0.054141148924827576,1899.4532470703125,1292.48779296875,0.07211614400148392,1788.386474609375,1409.8563232421875,0.0492502897977829,1784.0540771484375,1292.48779296875,0.05523109436035156,1899.4532470703125,1292.48779296875,0.061490364372730255,1899.4532470703125,1292.48779296875,0.05939602851867676,1831.72802734375,1348.487548828125,0.1122591644525528,1797.510009765625,1348.487548828125,0.06349660456180573,1797.697998046875,1348.487548828125,0.0649334266781807,1776.828857421875,1348.487548828125,0.07454486936330795,1779.4609375,1348.487548828125,0.0892115905880928,1774.7607421875,1348.487548828125,0.056359708309173584,1774.7607421875,1348.487548828125,0.06481675058603287,1774.7607421875,1348.487548828125,0.07423728704452515,1778.144775390625,1348.487548828125,0.08082064241170883,1775.888671875,1348.487548828125,0.06279952824115753,1775.5126953125,1444.561279296875,0.06481869518756866,1776.2646484375,1444.561279296875,0.06486990302801132,1779.4609375,1348.487548828125,0.07212136685848236,1778.708740234375,1408.087158203125,0.04633414000272751,1777.204833984375,1408.275146484375,0.043995972722768784,1778.520751953125,1444.561279296875,0.06383632123470306,1779.4609375,1444.561279296875,0.06462317705154419,1797.697998046875,1408.651123046875,0.03109874203801155,1780.965087890625,1444.561279296875,0.0603489950299263,1783.59716796875,1444.561279296875,0.05376057326793671,1783.59716796875,1444.561279296875,0.0412835031747818
DJI_20260917132332_0096_D.JPG,Cam 7,16,SWASTIKAPADAM,INCORRECT,OVERCROSSING_SHINS,LEFT,dwpose_l_wholebody,coco_wholebody_133,OK,432.23,224.55,1,1,1730.551513671875,939.951416015625,0.9412996768951416,1749.72119140625,913.114013671875,0.9868901968002319,1753.55517578125,913.114013671875,0.9387595653533936,1761.22314453125,913.114013671875,0.9650261402130127,1738.219482421875,909.280029296875,0.986751139163971,1734.385498046875,909.280029296875,0.9049208164215088,1738.219482421875,913.114013671875,0.9811640977859497,1841.73583984375,936.117431640625,0.8835731744766235,1837.90185546875,928.44970703125,0.7205089330673218,1753.55517578125,978.290771484375,0.9597784280776978,1738.219482421875,978.290771484375,0.9640421867370605,1876.2412109375,1123.98046875,0.7280141115188599,1860.9052734375,1093.308837890625,0.610827624797821,1887.7431640625,1354.016357421875,0.4649515151977539,1941.41796875,901.612060546875,0.40084347128868103,1891.576904296875,1549.547119140625,0.6851040124893188,1922.24853515625,1526.543701171875,0.6327435374259949,1837.90185546875,1929.106689453125,0.672887921333313,1987.42529296875,1860.095947265625,0.5593990683555603,1929.916259765625,2205.150146484375,0.7070658802986145,2071.77197265625,2082.46435546875,0.6686162948608398,1968.255615234375,2235.82177734375,0.8016438484191895,2110.111328125,2120.803466796875,0.6785989999771118,1887.7431640625,2274.160888671875,0.6235106587409973,2056.43603515625,2147.64111328125,0.5954514741897583,2469.61669921875,1860.564697265625,0.3841453790664673,2469.61669921875,1860.564697265625,0.35663139820098877,2469.61669921875,1860.564697265625,0.3460862636566162,2469.61669921875,1860.564697265625,0.35664278268814087,2469.61669921875,1860.564697265625,0.3384283781051636,2469.61669921875,1860.564697265625,0.3951558470726013,2469.61669921875,1860.564697265625,0.382956326007843,2469.61669921875,1860.564697265625,0.3850818872451782,2469.61669921875,1860.564697265625,0.3426920771598816,2469.61669921875,1860.564697265625,0.41682788729667664,2469.61669921875,1860.564697265625,0.3778427839279175,2469.61669921875,1860.564697265625,0.3614543080329895,2469.61669921875,1860.564697265625,0.32338225841522217,2469.61669921875,1860.564697265625,0.385287880897522,2469.61669921875,1860.564697265625,0.3336336016654968,2469.61669921875,1860.564697265625,0.31973206996917725,2469.61669921875,1860.564697265625,0.366296648979187,2469.61669921875,1860.564697265625,0.36952272057533264,2469.61669921875,1860.564697265625,0.3819562494754791,2469.61669921875,1860.564697265625,0.3479158282279968,2469.61669921875,1860.564697265625,0.3004445433616638,2005.698486328125,798.1123046875,0.3535839319229126,2005.698486328125,798.1123046875,0.3558124899864197,2005.698486328125,798.1123046875,0.36996400356292725,2005.698486328125,798.1123046875,0.37271010875701904,2005.698486328125,798.1123046875,0.29359903931617737,2005.698486328125,798.1123046875,0.3409721255302429,2005.698486328125,798.1123046875,0.35059478878974915,2005.698486328125,798.1123046875,0.34690922498703003,2005.698486328125,798.1123046875,0.3050277829170227,2005.698486328125,798.1123046875,0.34348994493484497,2005.698486328125,798.1123046875,0.33225685358047485,2005.698486328125,798.1123046875,0.32194051146507263,2005.698486328125,798.1123046875,0.26827865839004517,2005.698486328125,798.1123046875,0.35949501395225525,2005.698486328125,798.1123046875,0.32047516107559204,2005.698486328125,798.1123046875,0.31972911953926086,2005.698486328125,798.1123046875,0.3173920810222626,2005.698486328125,798.1123046875,0.36518216133117676,2005.698486328125,798.1123046875,0.36127713322639465,2005.698486328125,798.1123046875,0.3544818162918091,2005.698486328125,798.1123046875,0.30641305446624756
DJI_20260917132404_0097_D.JPG,Cam 7,17,SWASTIKAPADAM,INCORRECT,INSUFFICIENT_ARAMANDI,RIGHT,dwpose_l_wholebody,coco_wholebody_133,OK,419.65,208.05,1,1,1712.8271484375,768.4375,0.9308184385299683,1734.14697265625,734.3251953125,0.9756730794906616,1738.4111328125,734.3251953125,0.919350802898407,1751.203125,734.3251953125,0.9523540139198303,1721.35498046875,738.58935546875,0.9900552034378052,1721.35498046875,734.3251953125,0.9089146852493286,1721.35498046875,738.58935546875,0.9888865947723389,1840.747314453125,742.853271484375,0.8670452833175659,1815.163330078125,738.58935546875,0.6905130743980408,1742.675048828125,806.8134765625,0.9604824781417847,1725.619140625,811.07763671875,0.9681886434555054,1900.443603515625,947.52587890625,0.7647162675857544,1836.4833984375,938.998046875,0.6189166903495789,1891.91552734375,1224.686767578125,0.5827541351318359,1836.4833984375,1220.4228515625,0.39709368348121643,1926.027587890625,1403.775390625,0.6634494066238403,1849.275390625,1390.9833984375,0.6252163052558899,1943.08349609375,1783.2724609375,0.6158198714256287,1900.443603515625,1783.2724609375,0.6205723881721497,2019.8359375,2141.44921875,0.6584630012512207,1989.98779296875,2171.29736328125,0.6349446773529053,2028.36376953125,2192.61767578125,0.7365801930427551,2024.099853515625,2218.20166015625,0.6328683495521545,2002.77978515625,2273.6337890625,0.7361602783203125,1964.40380859375,2282.162109375,0.6853975653648376,1952.109130859375,1613.2772216796875,0.11445179581642151,1949.430419921875,1508.8125,0.08028076589107513,1946.216064453125,1454.16943359375,0.0491153821349144,1937.644775390625,1433.276611328125,0.08286318182945251,1928.53759765625,1423.097900390625,0.10012798011302948,1928.53759765625,1429.526611328125,0.07490532100200653,1929.0732421875,1339.5262451171875,0.11108757555484772,1918.894775390625,1339.5262451171875,0.1462436020374298,1916.751708984375,1339.5262451171875,0.16826802492141724,1916.751708984375,1432.205078125,0.06768899410963058,1929.0732421875,1339.5262451171875,0.10209479928016663,1918.35888671875,1339.5262451171875,0.13277651369571686,1918.894775390625,1339.5262451171875,0.14755010604858398,1914.60888671875,1432.205078125,0.06504130363464355,1928.53759765625,1339.5262451171875,0.08441881835460663,1940.3232421875,1339.5262451171875,0.0916571170091629,1918.35888671875,1339.5262451171875,0.11630465090274811,1952.644775390625,1432.205078125,0.05319727957248688,1938.180419921875,1428.455078125,0.04858803004026413,1938.180419921875,1339.5262451171875,0.055970728397369385,1921.03759765625,1339.5262451171875,0.07602699100971222,2008.5225830078125,1624.5841064453125,0.18322423100471497,1943.0040283203125,1624.5841064453125,0.10259905457496643,2008.5225830078125,1624.5841064453125,0.09360897541046143,2008.5225830078125,1624.5841064453125,0.052768558263778687,2008.5225830078125,1358.8699951171875,0.10777018964290619,1865.525634765625,1358.8699951171875,0.04547426849603653,1842.1260986328125,1358.8699951171875,0.09785471856594086,1841.086181640625,1358.8699951171875,0.1282680630683899,1742.808349609375,1358.8699951171875,0.14620938897132874,1885.28515625,1469.6275634765625,0.05893273279070854,1862.9256591796875,1358.8699951171875,0.08494888246059418,1863.9656982421875,1358.8699951171875,0.12149219959974289,1841.086181640625,1358.8699951171875,0.139545738697052,1894.64501953125,1463.90771484375,0.051940202713012695,1886.3251953125,1358.8699951171875,0.07025818526744843,1886.3251953125,1358.8699951171875,0.0902814194560051,1841.086181640625,1358.8699951171875,0.10403364151716232,2008.5225830078125,1523.7064208984375,0.06534227728843689,2008.5225830078125,1624.5841064453125,0.09338559955358505,2008.5225830078125,1358.8699951171875,0.14185279607772827,2008.5225830078125,1358.8699951171875,0.14358031749725342
DJI_20260917132406_0098_D.JPG,Cam 7,17,SWASTIKAPADAM,INCORRECT,INSUFFICIENT_ARAMANDI,RIGHT,dwpose_l_wholebody,coco_wholebody_133,OK,430.07,202.56,1,1,1723.001708984375,801.9796142578125,0.9268124103546143,1744.003662109375,768.3763427734375,0.9679323434829712,1752.404296875,764.1759033203125,0.9160927534103394,1760.80517578125,768.3763427734375,0.9449453353881836,1735.602783203125,768.3763427734375,0.9836039543151855,1731.40234375,764.1759033203125,0.899572491645813,1735.602783203125,768.3763427734375,0.9816531538963318,1849.013427734375,772.5767822265625,0.8679279088973999,1832.2119140625,768.3763427734375,0.6804644465446472,1756.60498046875,839.7830810546875,0.9631352424621582,1735.602783203125,843.9835205078125,0.9723162055015564,1903.61865234375,978.3961181640625,0.7605376243591309,1861.61474609375,965.7947998046875,0.6105383038520813,1891.017578125,1247.2210693359375,0.6405842304229736,1840.61279296875,1230.4195556640625,0.4049682319164276,1907.81884765625,1440.4390869140625,0.6729691028594971,1882.61669921875,1423.6375732421875,0.625054121017456,1882.61669921875,1831.0758056640625,0.6327612400054932,1945.62255859375,1822.6749267578125,0.6027038097381592,1979.2255859375,2209.11083984375,0.681856632232666,2029.63037109375,2179.7080078125,0.663111686706543,2000.2275390625,2255.31494140625,0.7651757001876831,2063.2333984375,2234.31298828125,0.6663317680358887,1958.2236328125,2322.521484375,0.6802463531494141,2017.029296875,2301.51953125,0.6883565783500671,1804.0059814453125,1266.201171875,0.138463094830513,1799.2713623046875,1222.0108642578125,0.08710773289203644,1789.0128173828125,1203.0721435546875,0.08571088314056396,1791.1171875,1186.23779296875,0.11711472272872925,1790.06494140625,1170.718505859375,0.11757318675518036,1822.4185791015625,1182.8182373046875,0.11135652661323547,1819.5252685546875,1162.5643310546875,0.14866137504577637,1809.7928466796875,1148.623291015625,0.17404435575008392,1807.425537109375,1131.7889404296875,0.20739828050136566,1817.4208984375,1187.02685546875,0.122081458568573,1816.3687744140625,1163.353515625,0.1602167934179306,1812.16015625,1150.2015380859375,0.19145998358726501,1805.584228515625,1131.7889404296875,0.2041437178850174,1821.892578125,1192.5506591796875,0.1085435226559639,1828.99462890625,1173.875,0.111631378531456,1806.8994140625,1157.566650390625,0.13213366270065308,1803.47998046875,1131.7889404296875,0.15818119049072266,1833.4661865234375,1198.6004638671875,0.1040068119764328,1841.0943603515625,1185.4486083984375,0.11153386533260345,1847.4072265625,1177.0313720703125,0.12705712020397186,1789.27587890625,1169.1402587890625,0.10537125170230865,1833.8724365234375,1231.942138671875,0.21818503737449646,1835.395263671875,1248.6934814453125,0.20960888266563416,1841.18212890625,1265.1402587890625,0.1908968985080719,1845.4461669921875,1281.8914794921875,0.19274628162384033,1849.1009521484375,1297.7291259765625,0.20702077448368073,1816.8165283203125,1272.75439453125,0.16617298126220703,1813.46630859375,1292.551513671875,0.2095554769039154,1816.511962890625,1308.693603515625,0.18451666831970215,1845.4461669921875,1315.3941650390625,0.15590031445026398,1815.90283203125,1270.31787109375,0.19170549511909485,1815.293701171875,1288.592041015625,0.21340498328208923,1820.7760009765625,1300.47021484375,0.17478011548519135,1839.6593017578125,1315.3941650390625,0.14333868026733398,1816.511962890625,1267.5767822265625,0.16927862167358398,1814.9891357421875,1282.80517578125,0.1835680603981018,1818.9486083984375,1293.769775390625,0.16454795002937317,1841.4866943359375,1299.5565185546875,0.14520469307899475,1837.52734375,1264.531005859375,0.13646692037582397,1813.46630859375,1279.759521484375,0.14644993841648102,1847.8826904296875,1286.7646484375,0.14383959770202637,1849.1009521484375,1296.5108642578125,0.1527124047279358
DJI_20260917132414_0099_D.JPG,Cam 7,18,SWASTIKAPADAM,INCORRECT,INSUFFICIENT_ARAMANDI,LEFT,dwpose_l_wholebody,coco_wholebody_133,OK,425.35,198.01,1,1,1701.5274658203125,859.3299560546875,0.922234833240509,1721.4730224609375,827.4173583984375,0.9519949555397034,1725.4620361328125,827.4173583984375,0.9018335342407227,1737.4293212890625,827.4173583984375,0.9302487373352051,1709.5057373046875,827.4173583984375,0.9642837047576904,1705.5167236328125,827.4173583984375,0.8857260346412659,1709.5057373046875,827.4173583984375,0.9643340706825256,1821.2003173828125,843.3736572265625,0.855176568031311,1809.2330322265625,843.3736572265625,0.6865745782852173,1725.4620361328125,895.2318115234375,0.952016294002533,1709.5057373046875,891.2427978515625,0.95789635181427,1853.1129150390625,1046.8172607421875,0.7469894886016846,1861.0909423828125,1010.9154052734375,0.6115543842315674,1873.0582275390625,1294.1407470703125,0.5036050081253052,1920.9273681640625,811.4610595703125,0.33584168553352356,1861.0909423828125,1485.6170654296875,0.6575236320495605,1869.0692138671875,1469.6607666015625,0.6217660903930664,1833.1676025390625,1836.6568603515625,0.6440690755844116,1924.9166259765625,1836.6568603515625,0.5950357913970947,1936.8839111328125,2171.740234375,0.6195798516273499,2012.6763916015625,2115.89306640625,0.6474714279174805,1972.7855224609375,2215.62060546875,0.7128753662109375,2048.578125,2163.76220703125,0.6655439138412476,1861.0909423828125,2231.57666015625,0.585831880569458,1980.7637939453125,2199.6640625,0.5989387035369873,1874.512939453125,1307.1826171875,0.34739455580711365,1874.512939453125,1307.1826171875,0.32969608902931213,1874.512939453125,1329.4019775390625,0.2632933259010315,1874.512939453125,1331.1112060546875,0.2067393660545349,1874.512939453125,1307.1826171875,0.1841728389263153,1911.773193359375,1329.914794921875,0.23182249069213867,1936.727294921875,1332.478515625,0.3098665773868561,1952.7935791015625,1336.23876953125,0.28439897298812866,1961.852294921875,1339.8280029296875,0.29849642515182495,1916.9007568359375,1307.1826171875,0.2788963317871094,1945.444091796875,1322.3944091796875,0.296482115983963,1953.989990234375,1327.5218505859375,0.30604976415634155,1961.852294921875,1331.9658203125,0.312236487865448,1918.26806640625,1307.1826171875,0.3301614224910736,1940.8292236328125,1307.1826171875,0.3148479461669922,1953.3062744140625,1316.2413330078125,0.42833268642425537,1961.852294921875,1325.983642578125,0.3618437647819519,1915.0206298828125,1307.1826171875,0.3292731046676636,1940.3165283203125,1307.1826171875,0.3107057213783264,1961.852294921875,1307.1826171875,0.3241760730743408,1961.852294921875,1307.1826171875,0.3258211016654968,1843.4066162109375,725.8793334960938,0.44327348470687866,1843.4066162109375,725.8793334960938,0.4517126977443695,1843.4066162109375,725.8793334960938,0.4587554931640625,1843.4066162109375,725.8793334960938,0.4619928300380707,1843.4066162109375,725.8793334960938,0.37544339895248413,1843.4066162109375,725.8793334960938,0.4359389543533325,1843.4066162109375,725.8793334960938,0.4519771933555603,1843.4066162109375,725.8793334960938,0.4392564296722412,1843.4066162109375,725.8793334960938,0.3978855609893799,1843.4066162109375,725.8793334960938,0.4409393072128296,1843.4066162109375,725.8793334960938,0.4435233771800995,1843.4066162109375,725.8793334960938,0.4198163151741028,1843.4066162109375,725.8793334960938,0.356548011302948,1843.4066162109375,725.8793334960938,0.431465744972229,1843.4066162109375,725.8793334960938,0.39344102144241333,1843.4066162109375,725.8793334960938,0.4181113839149475,1843.4066162109375,725.8793334960938,0.431643545627594,1843.4066162109375,725.8793334960938,0.42529210448265076,1843.4066162109375,725.8793334960938,0.4468678832054138,1843.4066162109375,725.8793334960938,0.44581741094589233,1843.4066162109375,725.8793334960938,0.3987719714641571
DJI_20260917132415_0100_D.JPG,Cam 7,18,SWASTIKAPADAM,INCORRECT,INSUFFICIENT_ARAMANDI,LEFT,dwpose_l_wholebody,coco_wholebody_133,OK,436.23,179.48,1,1,1684.8165283203125,888.04833984375,0.9292561411857605,1700.6295166015625,856.42236328125,0.9705143570899963,1708.5360107421875,852.46923828125,0.9089047908782959,1716.4425048828125,852.46923828125,0.9458246231079102,1688.7698974609375,856.42236328125,0.982033371925354,1688.7698974609375,856.42236328125,0.9062771201133728,1688.7698974609375,856.42236328125,0.9848160743713379,1803.4136962890625,856.42236328125,0.8542065620422363,1775.7410888671875,860.375732421875,0.6521968841552734,1716.4425048828125,919.67431640625,0.9581297636032104,1700.6295166015625,923.62744140625,0.9573320150375366,1838.9927978515625,1046.177734375,0.7413727045059204,1846.8992919921875,1026.41162109375,0.5913487672805786,1842.9461669921875,1287.3251953125,0.43424782156944275,,,0.0,1854.8057861328125,1481.03369140625,0.6577944159507751,1890.3846435546875,1465.220703125,0.6208661794662476,1823.1798095703125,1828.91845703125,0.6599413156509399,1929.9173583984375,1840.778076171875,0.6287014484405518,1918.0574951171875,2196.5693359375,0.6670477390289307,2024.7947998046875,2141.22412109375,0.6979169845581055,1953.6365966796875,2244.00830078125,0.7570913434028625,2060.3740234375,2188.66259765625,0.7086185216903687,1831.0863037109375,2232.1484375,0.6253098249435425,1989.2156982421875,2208.42919921875,0.6302412152290344,1533.5018310546875,1060.878173828125,0.38377416133880615,1533.5018310546875,1060.878173828125,0.38486993312835693,1533.5018310546875,1060.878173828125,0.38796916604042053,1533.5018310546875,1060.878173828125,0.4136399030685425,1533.5018310546875,1060.878173828125,0.36906325817108154,1533.5018310546875,1060.878173828125,0.41850221157073975,1533.5018310546875,1060.878173828125,0.4164053797721863,1533.5018310546875,1060.878173828125,0.41846799850463867,1533.5018310546875,1060.878173828125,0.34195297956466675,1533.5018310546875,1060.878173828125,0.41241884231567383,1533.5018310546875,1060.878173828125,0.4230690002441406,1533.5018310546875,1060.878173828125,0.3999108672142029,1533.5018310546875,1060.878173828125,0.34262049198150635,1533.5018310546875,1060.878173828125,0.3885488510131836,1533.5018310546875,1060.878173828125,0.37504056096076965,1533.5018310546875,1060.878173828125,0.4167909622192383,1533.5018310546875,1060.878173828125,0.40519529581069946,1533.5018310546875,1060.878173828125,0.3892870545387268,1533.5018310546875,1060.878173828125,0.4179275631904602,1533.5018310546875,1060.878173828125,0.4202704429626465,1533.5018310546875,1060.878173828125,0.3643898367881775,1911.70947265625,738.1343994140625,0.2021307349205017,1913.3511962890625,738.1343994140625,0.15444311499595642,1983.1241455078125,738.1343994140625,0.1324501782655716,1983.1241455078125,738.1343994140625,0.1383962631225586,1983.1241455078125,738.1343994140625,0.1059555634856224,1907.0579833984375,738.1343994140625,0.10466174781322479,1919.0972900390625,738.1343994140625,0.1289934515953064,1983.1241455078125,738.1343994140625,0.12036919593811035,1843.3046875,598.31494140625,0.1407139152288437,1908.69970703125,738.1343994140625,0.1265943944454193,1913.3511962890625,738.1343994140625,0.144264355301857,1919.0972900390625,738.1343994140625,0.14205019176006317,1983.1241455078125,598.31494140625,0.12611529231071472,1908.69970703125,738.1343994140625,0.10784485191106796,1918.550048828125,738.1343994140625,0.10759375244379044,1920.1917724609375,738.1343994140625,0.12794563174247742,1983.1241455078125,738.1343994140625,0.152976393699646,1983.1241455078125,738.1343994140625,0.10588805377483368,1983.1241455078125,738.1343994140625,0.14495524764060974,1983.1241455078125,738.1343994140625,0.15864503383636475,1983.1241455078125,738.1343994140625,0.1320955455303192
DJI_20260917132812_0102_D.JPG,Cam 7,19,PATAKA,INCORRECT,ELBOWS_NOT_ALIGNED,,dwpose_l_wholebody,coco_wholebody_133,OK,439.27,233.71,1,1,1760.97314453125,715.781494140625,0.8774634599685669,1782.49072265625,689.960205078125,0.9560434818267822,1791.097900390625,685.65673828125,0.8917264938354492,1799.705078125,689.960205078125,0.9386217594146729,1773.8837890625,685.65673828125,0.9463251829147339,1773.8837890625,685.65673828125,0.8646126985549927,1773.8837890625,685.65673828125,0.936829149723053,1881.47216796875,707.174560546875,0.8618252277374268,1851.347412109375,702.870849609375,0.7160384654998779,1786.79443359375,754.51318359375,0.9357068538665771,1773.8837890625,754.51318359375,0.9519325494766235,1941.7216796875,887.9228515625,0.8001290559768677,1829.82958984375,879.315673828125,0.6823064088821411,1915.900390625,1159.045654296875,0.7843844890594482,1773.8837890625,1180.563232421875,0.47820883989334106,1920.2041015625,1382.829345703125,0.7117743492126465,1804.008544921875,1369.918701171875,0.6601150035858154,1950.32861328125,1787.361572265625,0.7526843547821045,1812.61572265625,1765.843994140625,0.6931909918785095,1937.41796875,2183.286865234375,0.8169315457344055,1877.168701171875,2114.43017578125,0.6072065234184265,1967.54296875,2226.322265625,0.9337181448936462,1902.98974609375,2153.162109375,0.5431053638458252,1748.0625,2213.41162109375,0.7782617807388306,1765.27685546875,2140.25146484375,0.6419386863708496,1755.1512451171875,932.8515625,0.5169703960418701,1730.228515625,920.72705078125,0.46970832347869873,1729.554931640625,906.581787109375,0.433883935213089,1724.166259765625,887.7213134765625,0.4339654743671417,1712.71533203125,878.9647216796875,0.4598192572593689,1735.6171875,841.91748046875,0.44981449842453003,1726.860595703125,808.23828125,0.52604079246521,1722.1455078125,781.2947998046875,0.5678126215934753,1720.124755859375,753.6778564453125,0.5415651798248291,1734.27001953125,829.119384765625,0.5591957569122314,1724.83984375,792.7457275390625,0.6202384233474731,1719.451171875,763.1080322265625,0.6637006998062134,1719.451171875,738.85888671875,0.7295655608177185,1731.57568359375,829.119384765625,0.5555715560913086,1724.166259765625,797.4609375,0.6097922325134277,1720.124755859375,768.4967041015625,0.6255847215652466,1719.451171875,744.9212646484375,0.6409606337547302,1728.207763671875,832.4873046875,0.5028338432312012,1722.1455078125,809.58544921875,0.5858446955680847,1718.777587890625,787.3570556640625,0.5935436487197876,1719.451171875,763.1080322265625,0.5692659020423889,1750.944580078125,927.115478515625,0.32047179341316223,1730.5196533203125,924.5623779296875,0.3619961440563202,1728.604736328125,910.520263671875,0.36190417408943176,1724.775146484375,897.754638671875,0.3670298457145691,1715.200927734375,886.2655029296875,0.3472679853439331,1738.178955078125,854.3515014648438,0.3670940399169922,1727.3282470703125,814.778076171875,0.4402703046798706,1722.8602294921875,779.0343627929688,0.502549409866333,1722.221923828125,779.0343627929688,0.5104483366012573,1736.26416015625,839.0327758789062,0.45165616273880005,1728.604736328125,816.6929321289062,0.5292852520942688,1723.49853515625,797.5444946289062,0.5687653422355652,1722.221923828125,779.0343627929688,0.5619932413101196,1738.178955078125,840.309326171875,0.4446635842323303,1730.5196533203125,820.5225830078125,0.5027401447296143,1724.1368408203125,802.012451171875,0.5393184423446655,1720.9454345703125,779.0343627929688,0.5391147136688232,1732.4344482421875,852.4366455078125,0.39220547676086426,1725.413330078125,824.9906005859375,0.46684718132019043,1720.9454345703125,807.7570190429688,0.48970019817352295,1717.11572265625,779.0343627929688,0.45276734232902527
DJI_20260917132815_0103_D.JPG,Cam 7,19,PATAKA,INCORRECT,ELBOWS_NOT_ALIGNED,,dwpose_l_wholebody,coco_wholebody_133,OK,420.23,218.02,1,1,1748.824951171875,714.56884765625,0.8782938718795776,1770.35546875,688.732177734375,0.9638379812240601,1778.9677734375,684.426025390625,0.895922064781189,1787.579833984375,688.732177734375,0.9502552151679993,1761.743408203125,684.426025390625,0.9531777501106262,1757.437255859375,684.426025390625,0.869199275970459,1761.743408203125,688.732177734375,0.9444442987442017,1873.702392578125,705.95654296875,0.8603613972663879,1839.25341796875,701.650390625,0.701943039894104,1778.9677734375,753.323974609375,0.9354223012924194,1761.743408203125,757.630126953125,0.9520150423049927,1933.988037109375,886.8134765625,0.8016061186790466,1822.029052734375,882.50732421875,0.6859667301177979,1903.845458984375,1158.09912109375,0.7820338606834412,1766.049560546875,1166.71142578125,0.47809699177742004,1912.45751953125,1382.017333984375,0.7234457731246948,1800.498291015625,1369.098876953125,0.668907105922699,1938.294189453125,1791.0986328125,0.7632120251655579,1813.416748046875,1769.568115234375,0.7292214632034302,1938.294189453125,2187.26171875,0.8355192542076111,1878.008544921875,2118.36376953125,0.7131339311599731,1968.43701171875,2230.32275390625,0.9523686170578003,1908.1513671875,2165.73095703125,0.6529960632324219,1753.131103515625,2221.710693359375,0.8194137811660767,1748.824951171875,2170.037109375,0.731867253780365,1743.697265625,938.2051391601562,0.5333738327026367,1719.777587890625,924.5368041992188,0.48618441820144653,1718.410888671875,906.0845336914062,0.44373947381973267,1711.57666015625,888.3157348632812,0.46445342898368835,1697.224853515625,881.4816284179688,0.5038840770721436,1724.5615234375,843.2103271484375,0.4338815212249756,1713.626953125,806.3058471679688,0.5376772880554199,1710.209716796875,776.9190063476562,0.5754643082618713,1708.843017578125,750.94921875,0.5388436913490295,1722.51123046875,832.2756958007812,0.5388534069061279,1712.260009765625,793.3209838867188,0.6122795343399048,1707.47607421875,763.93408203125,0.6560777425765991,1708.15966796875,737.2808837890625,0.7006896734237671,1719.777587890625,832.9591064453125,0.5384927988052368,1712.260009765625,799.4717407226562,0.589720606803894,1708.15966796875,770.0848388671875,0.6116193532943726,1706.792724609375,744.1150512695312,0.608399510383606,1715.677001953125,835.6927490234375,0.4931791424751282,1708.843017578125,813.1400146484375,0.5878112316131592,1706.792724609375,789.220458984375,0.5884323716163635,1707.47607421875,765.3009643554688,0.5612571239471436,1742.2630615234375,931.216796875,0.3744916319847107,1720.4066162109375,922.4742431640625,0.4100351333618164,1717.90869140625,906.2379150390625,0.3961201012134552,1711.0394287109375,891.2506103515625,0.41345298290252686,1697.9256591796875,883.132568359375,0.4315512478351593,1726.02685546875,848.162109375,0.43879076838493347,1714.161865234375,811.9427490234375,0.487093448638916,1709.79052734375,783.217041015625,0.5474348068237305,1709.1661376953125,763.8585205078125,0.4854190945625305,1724.77783203125,836.297119140625,0.5300261378288269,1714.7862548828125,803.82470703125,0.5631664991378784,1709.1661376953125,781.9681396484375,0.6264935731887817,1710.4150390625,763.8585205078125,0.5429359674453735,1722.9044189453125,835.6727294921875,0.5138620138168335,1715.4107666015625,807.571533203125,0.550126314163208,1711.0394287109375,784.466064453125,0.597561240196228,1709.1661376953125,763.8585205078125,0.5291917324066162,1717.90869140625,837.546142578125,0.4677274823188782,1710.4150390625,810.69384765625,0.5476832985877991,1706.668212890625,793.2086181640625,0.566145658493042,1704.7947998046875,763.8585205078125,0.4838990867137909
DJI_20260917132844_0104_D.JPG,Cam 7,20,ALAPADMA,INCORRECT,ELBOWS_NOT_ALIGNED,,dwpose_l_wholebody,coco_wholebody_133,OK,442.04,212.09,1,1,1794.1275634765625,736.5628662109375,0.8871287703514099,1811.2008056640625,710.9527587890625,0.9622582793235779,1819.7374267578125,706.6844482421875,0.8807560205459595,1824.0059814453125,706.6844482421875,0.9237183332443237,1802.6641845703125,710.9527587890625,0.9533945322036743,1802.6641845703125,706.6844482421875,0.8625645637512207,1802.6641845703125,710.9527587890625,0.9419355392456055,1909.3726806640625,715.2210693359375,0.8688056468963623,1892.2991943359375,715.2210693359375,0.7108829021453857,1819.7374267578125,770.7095947265625,0.9450573325157166,1806.9322509765625,774.9779052734375,0.9560551643371582,1964.8609619140625,903.0281982421875,0.7898306846618652,1896.5675048828125,903.0281982421875,0.6789486408233643,1905.1041259765625,1163.3970947265625,0.6916552782058716,1789.8590087890625,1142.0552978515625,0.4432748556137085,1939.2510986328125,1402.4239501953125,0.7175202369689941,1866.6890869140625,1389.6190185546875,0.6499409675598145,1934.9825439453125,1803.6480712890625,0.7098668813705444,1866.6890869140625,1790.8431396484375,0.6720525026321411,1947.7877197265625,2200.603515625,0.7764492630958557,1934.9825439453125,2145.115234375,0.7386798858642578,1986.2027587890625,2247.55517578125,0.8523610234260559,1969.1292724609375,2183.5302734375,0.6588457226753235,1772.7857666015625,2234.75048828125,0.7916802167892456,1781.3223876953125,2196.33544921875,0.6918390989303589,1792.3895263671875,1054.743896484375,0.2688462734222412,1781.922119140625,1047.0072021484375,0.22228184342384338,1771.4547119140625,1032.44384765625,0.1909445822238922,1768.72412109375,1009.6885986328125,0.21635551750659943,1765.083251953125,996.490478515625,0.2608383595943451,1737.3218994140625,1048.3724365234375,0.2481248378753662,1717.7523193359375,1050.64794921875,0.2528022527694702,1700.0032958984375,1054.743896484375,0.256428599357605,1686.35009765625,1058.384765625,0.356444388628006,1734.1361083984375,1038.8153076171875,0.2727808654308319,1710.015625,1030.1683349609375,0.4078215956687927,1689.080810546875,1027.4376220703125,0.45559924840927124,1671.7867431640625,1026.9825439453125,0.5059921145439148,1741.4178466796875,1033.80908203125,0.25284889340400696,1727.7646484375,1008.7783203125,0.20795896649360657,1719.11767578125,991.939453125,0.24564215540885925,1706.374755859375,981.9271240234375,0.21844621002674103,1755.526123046875,1023.796875,0.23990800976753235,1764.173095703125,1007.8681640625,0.3011820912361145,1767.8138427734375,1001.0416259765625,0.2915932536125183,1766.9036865234375,996.035400390625,0.24392014741897583,1769.0894775390625,962.1386108398438,0.35767897963523865,1761.8902587890625,935.7416381835938,0.3776615858078003,1744.6123046875,920.8633422851562,0.41076695919036865,1720.1351318359375,901.6655883789062,0.455872118473053,1695.657958984375,892.546630859375,0.545621395111084,1678.85986328125,923.7429809570312,0.3354390859603882,1639.0245361328125,920.3834838867188,0.5088269710540771,1611.6676025390625,927.5825805664062,0.5189903974533081,1589.5902099609375,940.0610961914062,0.6008802056312561,1679.33984375,913.1842651367188,0.28340956568717957,1638.5445556640625,890.6268920898438,0.4784983992576599,1613.58740234375,878.6282348632812,0.5273535251617432,1589.1102294921875,870.9491577148438,0.5911838412284851,1684.6192626953125,903.1054077148438,0.2577449679374695,1674.5404052734375,871.4290771484375,0.4105132520198822,1666.38134765625,844.072265625,0.5856034755706787,1657.7423095703125,822.9547119140625,0.6136941909790039,1716.7755126953125,897.3460693359375,0.2554086148738861,1733.0936279296875,878.1483154296875,0.4283505082130432,1737.4130859375,859.910400390625,0.5038650631904602,1740.2928466796875,836.8731079101562,0.5507254600524902
DJI_20260917132846_0105_D.JPG,Cam 7,20,ALAPADMA,INCORRECT,ELBOWS_NOT_ALIGNED,,dwpose_l_wholebody,coco_wholebody_133,OK,439.46,192.98,1,1,1773.719970703125,737.5809326171875,0.8920227289199829,1790.85791015625,707.5897216796875,0.9707085490226746,1799.4267578125,703.3052978515625,0.8891785740852356,1803.71142578125,703.3052978515625,0.9324160814285278,1782.288818359375,707.5897216796875,0.961979866027832,1782.288818359375,707.5897216796875,0.8672983646392822,1782.288818359375,707.5897216796875,0.9474896788597107,1893.68505859375,707.5897216796875,0.8784264922142029,1876.54736328125,707.5897216796875,0.716858983039856,1803.71142578125,771.8565673828125,0.9472870230674744,1786.5732421875,776.1412353515625,0.9584439396858215,1949.383056640625,904.6754150390625,0.791716456413269,1889.400634765625,900.3907470703125,0.6859608888626099,1902.25390625,1170.3121337890625,0.7071930170059204,1782.288818359375,1140.3209228515625,0.4523901343345642,1923.67626953125,1401.6734619140625,0.719090461730957,1867.97802734375,1384.5357666015625,0.6523692011833191,1923.67626953125,1795.8443603515625,0.702338457107544,1885.1162109375,1795.8443603515625,0.660114049911499,1936.52978515625,2194.2998046875,0.7908797264099121,1923.67626953125,2134.3173828125,0.7506045699119568,1975.08984375,2237.14453125,0.8597562909126282,1953.66748046875,2172.8779296875,0.6664398908615112,1752.297607421875,2228.57568359375,0.7855969667434692,1765.15087890625,2190.015625,0.6887658834457397,1784.739501953125,1051.2301025390625,0.2124873250722885,1771.817626953125,1041.3233642578125,0.19220271706581116,1760.18798828125,1024.52490234375,0.1930559277534485,1750.7119140625,1011.1723022460938,0.1794171780347824,1747.69677734375,995.2352905273438,0.24133539199829102,1730.4676513671875,1027.1092529296875,0.2211436927318573,1708.93115234375,1003.4192504882812,0.18293505907058716,1693.4249267578125,987.9129028320312,0.19710281491279602,1683.5181884765625,970.6837768554688,0.2850199341773987,1722.2838134765625,1034.431640625,0.2257271409034729,1695.57861328125,1024.52490234375,0.23638556897640228,1674.903564453125,1024.0941162109375,0.22348955273628235,1655.520751953125,1023.2327270507812,0.30338314175605774,1721.85302734375,1038.3082275390625,0.1929531693458557,1697.732177734375,1030.5550537109375,0.19284024834632874,1677.0572509765625,1030.5550537109375,0.1722216010093689,1658.1051025390625,1029.693603515625,0.18512043356895447,1724.4373779296875,1047.7843017578125,0.14676553010940552,1694.7171630859375,1049.9378662109375,0.21117904782295227,1682.2259521484375,1050.79931640625,0.2637220621109009,1668.442626953125,1052.9530029296875,0.31610971689224243,1748.3642578125,955.8939208984375,0.3421664237976074,1739.7572021484375,932.0980224609375,0.38754814863204956,1725.0745849609375,918.9342041015625,0.40994662046432495,1699.759765625,901.2138671875,0.43839970231056213,1674.951171875,890.5816040039062,0.5263221263885498,1658.243408203125,921.9720458984375,0.325134813785553,1619.7647705078125,918.427978515625,0.4709831774234772,1593.4373779296875,926.0224609375,0.47029224038124084,1570.147705078125,938.6798095703125,0.5913923978805542,1658.749755859375,912.858642578125,0.24985170364379883,1617.7396240234375,892.1005249023438,0.41029706597328186,1593.943603515625,879.443115234375,0.49803227186203003,1570.147705078125,869.8234252929688,0.5785875916481018,1665.837890625,901.72021484375,0.24037891626358032,1655.7119140625,867.7982177734375,0.3701516389846802,1648.117431640625,842.9896850585938,0.53990638256073,1639.004150390625,821.2189331054688,0.5584467053413391,1682.039306640625,896.15087890625,0.20561042428016663,1710.8983154296875,873.8738403320312,0.35623055696487427,1716.973876953125,857.166015625,0.43762099742889404,1721.530517578125,837.42041015625,0.5137015581130981
DJI_20260917132914_0106_D.JPG,Cam 7,21,ALAPADMA,CORRECT,,,dwpose_l_wholebody,coco_wholebody_133,OK,441.33,218.76,1,1,1801.5693359375,737.8148193359375,0.8866982460021973,1822.943359375,712.1658935546875,0.9630129337310791,1827.218017578125,707.8912353515625,0.8943485617637634,1831.492919921875,707.8912353515625,0.939440131187439,1814.3935546875,712.1658935546875,0.9385956525802612,1814.3935546875,707.8912353515625,0.8565905094146729,1810.118896484375,716.4407958984375,0.9274065494537354,1916.98876953125,716.4407958984375,0.8859410285949707,1899.8896484375,720.7156982421875,0.7020372152328491,1827.218017578125,780.5628662109375,0.9524097442626953,1810.118896484375,784.8375244140625,0.9486737251281738,1942.6376953125,878.8831787109375,0.7647786736488342,1899.8896484375,895.9822998046875,0.6645651459693909,1750.271728515625,968.6536865234375,0.5841568112373352,1805.84423828125,1152.4700927734375,0.43688392639160156,1921.263671875,1383.3092041015625,0.724202573299408,1887.0654296875,1370.4847412109375,0.6718263030052185,1921.263671875,1815.0638427734375,0.6863720417022705,1899.8896484375,1806.5140380859375,0.6647382974624634,1955.4619140625,2229.71923828125,0.778769850730896,1934.087890625,2178.42138671875,0.7341173887252808,1993.93505859375,2276.7421875,0.8265625238418579,1976.8359375,2216.89453125,0.6460450887680054,1775.92041015625,2263.91748046875,0.772601842880249,1780.1953125,2238.2685546875,0.6846498250961304,1669.5281982421875,1019.8829345703125,0.31080925464630127,1637.771484375,996.947509765625,0.3404226303100586,1607.1910400390625,979.89306640625,0.37837159633636475,1584.84375,969.3074951171875,0.33976125717163086,1566.613037109375,969.3074951171875,0.2165949046611786,1594.547119140625,1021.941162109375,0.3135664761066437,1563.672607421875,1036.9373779296875,0.43843236565589905,1550.440673828125,1048.4051513671875,0.4596775770187378,1538.678955078125,1061.9310302734375,0.4639355540275574,1605.4267578125,1046.640869140625,0.2813204526901245,1598.3697509765625,1094.56982421875,0.16927629709243774,1582.197265625,1105.449462890625,0.2777600586414337,1562.79052734375,1119.5635986328125,0.436606228351593,1623.951416015625,1056.0501708984375,0.27745378017425537,1609.249267578125,1087.806884765625,0.23387646675109863,1592.4888916015625,1096.3341064453125,0.19529524445533752,1577.49267578125,1119.5635986328125,0.19584202766418457,1637.183349609375,1057.814453125,0.24890637397766113,1634.242919921875,1063.6953125,0.2367497831583023,1630.7144775390625,1058.6966552734375,0.16765940189361572,1669.5281982421875,1061.9310302734375,0.1177825927734375,1709.3021240234375,1093.795654296875,0.3154856562614441,1685.2886962890625,1078.701416015625,0.2894083857536316,1648.2391357421875,1064.293212890625,0.28100383281707764,1634.8602294921875,1059.1474609375,0.3116709589958191,1615.6492919921875,1055.3739013671875,0.30656200647354126,1625.5977783203125,1092.4234619140625,0.2974674701690674,1602.9564208984375,1096.1968994140625,0.3746200203895569,1583.0595703125,1099.62744140625,0.3133489489555359,1565.56396484375,1107.8607177734375,0.3021036982536316,1633.8310546875,1100.3135986328125,0.3533262312412262,1610.8466796875,1086.9345703125,0.3856472969055176,1585.1177978515625,1079.04443359375,0.30746954679489136,1565.906982421875,1077.3292236328125,0.37569692730903625,1648.5821533203125,1099.9705810546875,0.42048171162605286,1643.779541015625,1068.0667724609375,0.367282897233963,1634.174072265625,1057.0892333984375,0.2739051580429077,1619.7659912109375,1055.3739013671875,0.2006644606590271,1667.449951171875,1095.5108642578125,0.43115973472595215,1668.1361083984375,1067.3807373046875,0.47987842559814453,1673.2818603515625,1060.5196533203125,0.42174962162971497,1677.055419921875,1055.717041015625,0.32062891125679016
DJI_20260917132916_0107_D.JPG,Cam 7,21,ALAPADMA,CORRECT,,,dwpose_l_wholebody,coco_wholebody_133,OK,418.24,187.08,1,1,1774.5872802734375,736.9501953125,0.8856876492500305,1791.7305908203125,711.2353515625,0.9496681690216064,1800.3021240234375,706.949462890625,0.8816734552383423,1800.3021240234375,706.949462890625,0.9158201813697815,1783.1590576171875,711.2353515625,0.9305497407913208,1783.1590576171875,711.2353515625,0.8505661487579346,1783.1590576171875,715.52099609375,0.9222102165222168,1890.3045654296875,715.52099609375,0.8728654384613037,1886.0184326171875,719.806884765625,0.7138689756393433,1800.3021240234375,771.23681640625,0.9425647854804993,1783.1590576171875,779.808349609375,0.9462331533432007,1911.7335205078125,886.953857421875,0.7477728128433228,1886.0184326171875,899.8115234375,0.6712480187416077,1701.7283935546875,985.52783203125,0.5409703254699707,1766.0155029296875,1152.6748046875,0.4498250186443329,1890.3045654296875,1388.39501953125,0.7261965274810791,1868.8753662109375,1371.251708984375,0.6612753868103027,1903.1619873046875,1812.69140625,0.7126907706260681,1890.3045654296875,1804.11962890625,0.67929607629776,1907.4476318359375,2228.416015625,0.7629366517066956,1898.8760986328125,2172.700439453125,0.7049113512039185,1941.7342529296875,2275.56005859375,0.8105267286300659,1933.1627197265625,2211.272705078125,0.6182980537414551,1731.7291259765625,2262.70263671875,0.7741193175315857,1740.3006591796875,2228.416015625,0.6423439979553223,1627.716552734375,1013.994873046875,0.27142634987831116,1604.82666015625,992.6480712890625,0.3073963522911072,1575.76416015625,974.3875732421875,0.34556323289871216,1555.703369140625,967.4434814453125,0.302156925201416,1541.04345703125,967.4434814453125,0.18963804841041565,1562.133056640625,1018.624267578125,0.31253543496131897,1536.4140625,1031.2265625,0.37404441833496094,1520.982666015625,1042.54296875,0.41201743483543396,1508.1231689453125,1057.4599609375,0.4463993310928345,1576.278564453125,1043.828857421875,0.3698388934135437,1577.050048828125,1043.5716552734375,0.1794576644897461,1583.9942626953125,1017.595458984375,0.12728913128376007,1627.716552734375,967.4434814453125,0.14298543334007263,1594.024658203125,1051.287353515625,0.33440667390823364,1591.9671630859375,1035.08447265625,0.23410847783088684,1606.3697509765625,1022.4820556640625,0.19349965453147888,1627.716552734375,1019.138671875,0.23529109358787537,1627.716552734375,1052.5733642578125,0.27555572986602783,1627.716552734375,1047.4295654296875,0.2106463760137558,1627.716552734375,1036.370361328125,0.22469890117645264,1627.716552734375,1026.082763671875,0.2263350933790207,1672.460205078125,1105.7681884765625,0.3259890675544739,1644.3218994140625,1084.0711669921875,0.28434237837791443,1614.1495361328125,1074.917724609375,0.22028449177742004,1599.910888671875,1055.932861328125,0.24263596534729004,1583.9771728515625,1052.542724609375,0.2983076572418213,1600.927978515625,1089.1563720703125,0.31258752942085266,1574.82373046875,1091.529541015625,0.3857196569442749,1554.4827880859375,1095.59765625,0.36192524433135986,1537.531982421875,1104.0731201171875,0.422377347946167,1611.4373779296875,1096.2757568359375,0.362575888633728,1583.9771728515625,1080.6810302734375,0.3941457271575928,1564.314208984375,1074.5787353515625,0.3875255584716797,1542.2781982421875,1071.527587890625,0.3968168795108795,1624.320068359375,1092.5465087890625,0.4348706603050232,1617.20068359375,1062.713134765625,0.42854076623916626,1618.5567626953125,1053.8988037109375,0.3619476556777954,1618.2177734375,1048.8135986328125,0.3069377541542053,1643.304931640625,1088.8173828125,0.4053444266319275,1642.9658203125,1063.730224609375,0.4387609362602234,1646.695068359375,1058.3060302734375,0.4000181555747986,1649.4071044921875,1049.152587890625,0.2978976368904114
DJI_20260917132941_0108_D.JPG,Cam 7,22,MUSHTI,CORRECT,,,dwpose_l_wholebody,coco_wholebody_133,OK,442.91,207.15,1,1,1782.4898681640625,726.3265380859375,0.894873857498169,1799.6507568359375,700.5853271484375,0.984709620475769,1803.9407958984375,696.2950439453125,0.8957076072692871,1812.5213623046875,696.2950439453125,0.9472565650939941,1791.0701904296875,700.5853271484375,0.9693522453308105,1786.7801513671875,700.5853271484375,0.8718430995941162,1786.7801513671875,704.8753662109375,0.9570565223693848,1894.0352783203125,700.5853271484375,0.854614794254303,1868.2938232421875,704.8753662109375,0.7024188041687012,1812.5213623046875,760.6480712890625,0.9532358646392822,1795.3604736328125,764.9383544921875,0.9693572521209717,1924.0665283203125,880.7738037109375,0.7437354326248169,1855.4232177734375,897.9346923828125,0.671036958694458,1683.8153076171875,979.4483642578125,0.5321520566940308,1761.0389404296875,1185.3782958984375,0.4317539632320404,1919.7762451171875,1374.1470947265625,0.718131422996521,1825.3919677734375,1361.2764892578125,0.6692276000976562,1932.6470947265625,1794.5870361328125,0.7256997227668762,1842.5526123046875,1777.4263916015625,0.6730835437774658,1928.3568115234375,2202.15673828125,0.7967742085456848,1906.9056396484375,2146.38427734375,0.6679906249046326,1958.3880615234375,2245.05859375,0.8573068976402283,1932.6470947265625,2180.70556640625,0.5918653011322021,1748.1683349609375,2236.478515625,0.7595269680023193,1756.7486572265625,2180.70556640625,0.6155619621276855,1671.9241943359375,983.8153076171875,0.16961920261383057,1671.9241943359375,983.8153076171875,0.16095665097236633,1622.2076416015625,983.8153076171875,0.2096620351076126,1671.9241943359375,983.8153076171875,0.15229105949401855,1585.2171630859375,983.8153076171875,0.15982919931411743,1585.2171630859375,1011.8126220703125,0.25259822607040405,1585.2171630859375,1012.1519775390625,0.2806861996650696,1585.2171630859375,1007.2313232421875,0.235471710562706,1585.2171630859375,983.8153076171875,0.19313105940818787,1595.3980712890625,1033.3621826171875,0.2061789333820343,1585.2171630859375,1036.9254150390625,0.1267479658126831,1610.4996337890625,1015.3759765625,0.05742289125919342,1671.9241943359375,1007.0616455078125,0.09209004044532776,1612.0267333984375,1042.355224609375,0.13792313635349274,1621.6986083984375,1070.5223388671875,0.16510215401649475,1650.5443115234375,1055.420654296875,0.14694860577583313,1671.9241943359375,1049.9908447265625,0.21923139691352844,1622.3773193359375,1070.5223388671875,0.18913495540618896,1640.024169921875,1070.5223388671875,0.25009042024612427,1654.107666015625,1059.1536865234375,0.24886739253997803,1666.32470703125,1053.8935546875,0.2851134240627289,1688.2977294921875,1053.755126953125,0.4339916706085205,1673.401611328125,1037.085693359375,0.4039403200149536,1656.7320556640625,1022.544189453125,0.3765973448753357,1642.190673828125,1013.3228759765625,0.3751409649848938,1630.1318359375,1002.328125,0.36334943771362305,1616.2998046875,1033.184326171875,0.39400163292884827,1615.945068359375,1027.1549072265625,0.4050632119178772,1629.4224853515625,1024.317626953125,0.37010592222213745,1636.1612548828125,1022.544189453125,0.3245844841003418,1618.427734375,1048.43505859375,0.45870786905288696,1623.3931884765625,1042.7603759765625,0.40848508477211,1636.87060546875,1035.6669921875,0.3568592071533203,1643.9639892578125,1033.8936767578125,0.302323579788208,1625.8758544921875,1062.9765625,0.48999908566474915,1631.550537109375,1052.33642578125,0.3724404573440552,1648.219970703125,1046.30712890625,0.3509453237056732,1663.825439453125,1043.824462890625,0.32811588048934937,1639.7080078125,1074.6806640625,0.5101140737533569,1648.57470703125,1065.1046142578125,0.3858218491077423,1657.44140625,1056.9471435546875,0.4124982953071594,1666.662841796875,1052.691162109375,0.4203087389469147
DJI_20260917132943_0109_D.JPG,Cam 7,22,MUSHTI,CORRECT,,,dwpose_l_wholebody,coco_wholebody_133,OK,441.38,203.5,1,1,1780.2325439453125,720.5277099609375,0.9000853300094604,1793.1129150390625,694.7672119140625,0.9738733172416687,1801.6995849609375,690.4737548828125,0.8960863351821899,1805.9930419921875,690.4737548828125,0.9396854639053345,1788.8194580078125,694.7672119140625,0.9584784507751465,1784.5260009765625,694.7672119140625,0.8686520457267761,1784.5260009765625,699.0606689453125,0.9500420093536377,1891.8614501953125,694.7672119140625,0.8631349802017212,1883.2745361328125,699.0606689453125,0.7146886587142944,1810.2862548828125,754.8751220703125,0.9507641196250916,1793.1129150390625,759.1685791015625,0.9647513628005981,1909.0352783203125,883.6776123046875,0.7386245727539062,1896.1549072265625,883.6776123046875,0.6741534471511841,1668.6036376953125,973.8394775390625,0.5725389719009399,1724.4180908203125,1106.9354248046875,0.3910635709762573,1909.0352783203125,1364.5406494140625,0.7175756096839905,1853.2208251953125,1347.3670654296875,0.669182538986206,1930.5023193359375,1785.2957763671875,0.7387797236442566,1891.8614501953125,1776.7088623046875,0.6728004813194275,1926.2086181640625,2201.75732421875,0.7894504070281982,1909.0352783203125,2141.6494140625,0.7333686351776123,1956.2628173828125,2248.9853515625,0.8462820053100586,1930.5023193359375,2184.583984375,0.6495758891105652,1745.8853759765625,2223.224609375,0.7647901773452759,1754.4720458984375,2175.9970703125,0.661400556564331,1645.8271484375,976.5740356445312,0.09558478742837906,1653.80810546875,976.5740356445312,0.12435181438922882,1684.713134765625,976.5740356445312,0.18145745992660522,1684.713134765625,976.5740356445312,0.16424626111984253,1684.713134765625,1027.0069580078125,0.1525510847568512,1597.9412841796875,1063.345947265625,0.21754050254821777,1597.9412841796875,1063.345947265625,0.22305935621261597,1597.9412841796875,1063.345947265625,0.11892934888601303,1669.2606201171875,1042.6292724609375,0.09402100741863251,1597.9412841796875,1044.6669921875,0.23376937210559845,1597.9412841796875,1063.345947265625,0.19844070076942444,1651.0911865234375,1063.345947265625,0.08994138240814209,1669.0908203125,1037.5350341796875,0.12778331339359283,1597.9412841796875,1045.006591796875,0.19250671565532684,1597.9412841796875,1063.345947265625,0.2135952115058899,1649.053466796875,1063.345947265625,0.13779869675636292,1669.77001953125,1042.6292724609375,0.21765126287937164,1597.9412841796875,1063.345947265625,0.18346568942070007,1641.412109375,1063.345947265625,0.22124138474464417,1655.5062255859375,1053.836669921875,0.2142232209444046,1667.0531005859375,1046.3651123046875,0.21912100911140442,1730.7138671875,1050.7222900390625,0.13432252407073975,1691.827880859375,1040.0244140625,0.08052124083042145,1687.412841796875,1010.3079833984375,0.1532314121723175,1683.3375244140625,1010.3079833984375,0.17297737300395966,1643.9420166015625,1010.3079833984375,0.2253822535276413,1643.9420166015625,1010.3079833984375,0.16513285040855408,1643.9420166015625,1010.3079833984375,0.25948813557624817,1643.9420166015625,1010.3079833984375,0.2597573399543762,1643.9420166015625,1010.3079833984375,0.24920900166034698,1643.9420166015625,1042.0621337890625,0.13971970975399017,1643.9420166015625,1010.3079833984375,0.21871590614318848,1643.9420166015625,1037.81689453125,0.22717903554439545,1643.9420166015625,1039.17529296875,0.1566610038280487,1643.9420166015625,1050.0430908203125,0.1360943615436554,1643.9420166015625,1049.1939697265625,0.22759342193603516,1643.9420166015625,1046.6468505859375,0.1909230649471283,1666.5264892578125,1042.9111328125,0.1490928828716278,1643.9420166015625,1068.721923828125,0.15542733669281006,1643.9420166015625,1067.703125,0.2365264594554901,1657.6964111328125,1051.0618896484375,0.1832800805568695,1668.224609375,1045.9676513671875,0.21249645948410034
DJI_20260917132958_0110_D.JPG,Cam 7,23,KATAKAMUKHA,CORRECT,,,dwpose_l_wholebody,coco_wholebody_133,OK,441.42,226.6,1,1,1777.3818359375,717.0968017578125,0.9001473188400269,1790.283935546875,691.2923583984375,0.9727299213409424,1798.885498046875,686.9918212890625,0.8921780586242676,1803.186279296875,686.9918212890625,0.9399299621582031,1785.983154296875,691.2923583984375,0.9567661285400391,1781.682373046875,691.2923583984375,0.8659046292304993,1781.682373046875,695.5931396484375,0.9450078010559082,1889.200927734375,695.5931396484375,0.8748997449874878,1884.900146484375,695.5931396484375,0.7226450443267822,1803.186279296875,751.5025634765625,0.9459241628646851,1785.983154296875,755.8033447265625,0.9598627090454102,1876.298583984375,876.2237548828125,0.711978018283844,1884.900146484375,889.1260986328125,0.6776705384254456,1661.261962890625,949.3363037109375,0.5835154056549072,1755.878173828125,1112.7640380859375,0.4063873291015625,1889.200927734375,1362.2066650390625,0.709790825843811,1867.697021484375,1349.3043212890625,0.6572004556655884,1906.403564453125,1796.5804443359375,0.7479389905929565,1893.501708984375,1783.6783447265625,0.6813641786575317,1923.606689453125,2200.84912109375,0.7678137421607971,1906.403564453125,2149.240234375,0.737789511680603,1958.012451171875,2252.4580078125,0.8170888423919678,1932.208251953125,2192.24755859375,0.6544326543807983,1742.975830078125,2222.3525390625,0.7538750171661377,1742.975830078125,2157.841796875,0.6880733966827393,1604.022216796875,1007.4302978515625,0.2273041009902954,1584.971435546875,994.92822265625,0.1500890552997589,1651.4508056640625,1023.9012451171875,0.18348214030265808,1651.4508056640625,940.9508056640625,0.23611071705818176,1651.4508056640625,922.495361328125,0.2581053376197815,1634.979736328125,945.51513671875,0.3050209581851959,1638.94873046875,943.1337890625,0.3745121657848358,1651.4508056640625,945.51513671875,0.30927586555480957,1651.4508056640625,922.495361328125,0.2374517023563385,1614.3414306640625,941.1492919921875,0.3761208653450012,1615.1351318359375,936.98193359375,0.39187318086624146,1616.7227783203125,947.697998046875,0.3042627274990082,1615.928955078125,942.73681640625,0.18687927722930908,1595.489013671875,948.4918212890625,0.32398080825805664,1593.5045166015625,940.75244140625,0.3255864977836609,1593.107666015625,940.553955078125,0.24087145924568176,1590.726318359375,931.6239013671875,0.19770491123199463,1576.23974609375,957.421875,0.34942615032196045,1571.675537109375,946.3089599609375,0.4157556891441345,1568.302001953125,932.417724609375,0.3364076614379883,1563.142333984375,922.495361328125,0.3123652935028076,1647.9471435546875,1085.7762451171875,0.34217938780784607,1658.6065673828125,1074.2095947265625,0.3402639925479889,1665.410400390625,1061.2822265625,0.30761289596557617,1648.854248046875,1047.4476318359375,0.378562867641449,1636.8341064453125,1041.0972900390625,0.40748149156570435,1680.1522216796875,1027.2626953125,0.3428972363471985,1681.7398681640625,1014.56201171875,0.4861382842063904,1666.998046875,1020.685546875,0.384020060300827,1654.0706787109375,1026.582275390625,0.364541232585907,1659.2869873046875,1026.35546875,0.32241711020469666,1656.11181640625,1005.263427734375,0.33947399258613586,1651.8026123046875,993.469970703125,0.30331718921661377,1643.4111328125,993.469970703125,0.2820158004760742,1642.2772216796875,1026.582275390625,0.33792099356651306,1639.5556640625,993.469970703125,0.34297841787338257,1635.4732666015625,993.469970703125,0.32844358682632446,1602.5877685546875,993.469970703125,0.2833549976348877,1626.4013671875,1034.5201416015625,0.38652724027633667,1621.865478515625,1024.9947509765625,0.37480080127716064,1614.3812255859375,1024.3143310546875,0.3476187586784363,1602.5877685546875,1032.9326171875,0.32432079315185547
DJI_20260917133000_0111_D.JPG,Cam 7,23,KATAKAMUKHA,CORRECT,,,dwpose_l_wholebody,coco_wholebody_133,OK,441.75,187.0,1,1,1770.3885498046875,715.6414794921875,0.8977904319763184,1787.5672607421875,689.8734130859375,0.9701393842697144,1796.1566162109375,685.5787353515625,0.8868688344955444,1800.4515380859375,685.5787353515625,0.9351633191108704,1778.9779052734375,689.8734130859375,0.953947901725769,1778.9779052734375,689.8734130859375,0.8636865019798279,1778.9779052734375,694.1680908203125,0.9410936236381531,1886.3450927734375,694.1680908203125,0.8739947080612183,1873.4608154296875,694.1680908203125,0.713385820388794,1800.4515380859375,749.9989013671875,0.9416385293006897,1783.2725830078125,754.2935791015625,0.9571865797042847,1886.3450927734375,870.2498779296875,0.7342267632484436,1873.4608154296875,883.1339111328125,0.6766835451126099,1658.7269287109375,943.2593994140625,0.5849599838256836,1710.2630615234375,1093.5733642578125,0.40591126680374146,1886.3450927734375,1359.8433837890625,0.7092276215553284,1847.6927490234375,1346.9593505859375,0.6626871824264526,1894.9342041015625,1785.0167236328125,0.7239677906036377,1873.4608154296875,1772.1329345703125,0.664696991443634,1924.9969482421875,2197.30615234375,0.7625020146369934,1903.5235595703125,2132.8857421875,0.7218809127807617,1959.3543701171875,2244.54736328125,0.8230220079421997,1929.2918701171875,2175.83251953125,0.6471449136734009,1744.6204833984375,2227.36865234375,0.7498451471328735,1744.6204833984375,2150.064453125,0.6783220767974854,1622.04296875,991.0423583984375,0.10999913513660431,1616.7490234375,980.7659301757812,0.1560553014278412,1614.880615234375,972.3579711914062,0.2298443764448166,1606.939697265625,974.537841796875,0.22251185774803162,1598.53173828125,975.4720458984375,0.17109981179237366,1595.417724609375,980.921630859375,0.19330164790153503,1587.9439697265625,982.322998046875,0.2761191129684448,1598.3760986328125,982.94580078125,0.21668888628482819,1604.604248046875,984.0357055664062,0.1703299582004547,1590.74658203125,991.353759765625,0.19596925377845764,1584.0513916015625,991.353759765625,0.28784558176994324,1590.74658203125,994.62353515625,0.26216769218444824,1600.0888671875,994.7791748046875,0.21002940833568573,1588.0997314453125,997.5819091796875,0.21032486855983734,1582.8057861328125,999.138916015625,0.28807777166366577,1587.788330078125,1001.9415283203125,0.29749229550361633,1593.54931640625,1001.9415283203125,0.2369508445262909,1586.231201171875,1007.39111328125,0.21532252430915833,1582.494384765625,1008.79248046875,0.2966497540473938,1584.36279296875,1008.79248046875,0.3237016201019287,1586.8541259765625,1009.8824462890625,0.2699824571609497,1679.791259765625,1082.1253662109375,0.11736933887004852,1677.4556884765625,1062.973876953125,0.12113246321678162,1676.2100830078125,1035.10302734375,0.25377246737480164,1639.9312744140625,1035.10302734375,0.2808106541633606,1639.9312744140625,1035.10302734375,0.2628409266471863,1663.4425048828125,1060.0155029296875,0.3027479648590088,1639.9312744140625,1035.10302734375,0.35726016759872437,1639.9312744140625,1035.10302734375,0.316555380821228,1639.9312744140625,1035.10302734375,0.3194352686405182,1639.9312744140625,1074.9630126953125,0.26602643728256226,1639.9312744140625,1035.10302734375,0.36342543363571167,1639.9312744140625,1035.10302734375,0.33283284306526184,1639.9312744140625,1035.10302734375,0.32148832082748413,1639.9312744140625,1080.41259765625,0.3062778413295746,1639.9312744140625,1035.10302734375,0.3537946939468384,1639.9312744140625,1035.10302734375,0.29814672470092773,1639.9312744140625,1035.10302734375,0.23560842871665955,1639.9312744140625,1082.436767578125,0.3227245807647705,1639.9312744140625,1035.10302734375,0.24748636782169342,1639.9312744140625,1035.10302734375,0.2585051357746124,1639.9312744140625,1035.10302734375,0.22612819075584412
DJI_20260917133037_0112_D.JPG,Cam 7,24,PATAKA,INCORRECT,FINGERS_TOO_FAR_APART,,dwpose_l_wholebody,coco_wholebody_133,OK,429.71,213.19,1,1,1785.599609375,740.880859375,0.885718047618866,1802.599609375,711.130615234375,0.9455256462097168,1811.099609375,706.880615234375,0.8776261210441589,1815.349609375,706.880615234375,0.9135305881500244,1798.349609375,711.130615234375,0.928546667098999,1798.349609375,711.130615234375,0.8507401347160339,1798.349609375,715.380615234375,0.9206266403198242,1904.6005859375,719.630615234375,0.864946722984314,1887.6005859375,723.880615234375,0.7157266139984131,1811.099609375,774.881103515625,0.9384799599647522,1798.349609375,779.13134765625,0.9457690715789795,1934.35107421875,898.13232421875,0.7496991157531738,1866.350341796875,906.63232421875,0.6773945093154907,1738.84912109375,1025.6337890625,0.5455203056335449,1743.09912109375,1148.884765625,0.5045125484466553,1900.3505859375,1399.63720703125,0.7170532941818237,1840.85009765625,1382.63720703125,0.6674467325210571,1900.3505859375,1816.14111328125,0.7317420244216919,1857.85009765625,1803.39111328125,0.6687177419662476,1925.850830078125,2215.64501953125,0.7815840244293213,1904.6005859375,2151.89453125,0.7417657375335693,1959.85107421875,2258.145263671875,0.8393713235855103,1930.100830078125,2194.394775390625,0.6545901298522949,1747.34912109375,2249.645263671875,0.7767346501350403,1747.34912109375,2202.89501953125,0.68611741065979,1613.0474853515625,1016.47607421875,0.5767700672149658,1634.311279296875,1004.877685546875,0.35253840684890747,1655.2528076171875,991.0240478515625,0.316947877407074,1640.4326171875,971.693359375,0.37798914313316345,1634.6334228515625,951.073974609375,0.4814798831939697,1610.792236328125,962.3502197265625,0.3826920986175537,1609.181396484375,947.530029296875,0.33692625164985657,1606.9261474609375,937.86474609375,0.38564130663871765,1603.06005859375,924.6554565429688,0.45427367091178894,1587.917724609375,963.9610595703125,0.4116799235343933,1580.1854248046875,937.86474609375,0.4295008182525635,1575.9971923828125,921.4337158203125,0.5324414372444153,1570.5201416015625,900.8143310546875,0.5669577121734619,1573.0975341796875,972.0155029296875,0.3556300401687622,1557.9552001953125,950.107421875,0.38916778564453125,1549.57861328125,929.1659545898438,0.4993758201599121,1544.1015625,908.2244262695312,0.5467586517333984,1556.3443603515625,991.0240478515625,0.4130282998085022,1539.2689208984375,971.693359375,0.43822574615478516,1528.959228515625,954.940185546875,0.473845899105072,1520.260498046875,935.2872924804688,0.5231046676635742,1623.4305419921875,1033.6939697265625,0.5229657888412476,1647.974853515625,1007.3712158203125,0.4727059602737427,1651.17626953125,993.85400390625,0.5186983942985535,1644.417724609375,975.0010986328125,0.5190616250038147,1639.7933349609375,954.3697509765625,0.592179536819458,1616.3162841796875,969.3096923828125,0.40000417828559875,1611.6920166015625,955.4368896484375,0.4646686315536499,1608.490478515625,941.208251953125,0.509611189365387,1603.15478515625,924.48974609375,0.5435225963592529,1595.684814453125,972.1553955078125,0.3912851810455322,1581.456298828125,944.4097900390625,0.5035197138786316,1575.0533447265625,924.134033203125,0.6030712127685547,1570.4290771484375,901.0125732421875,0.7196518182754517,1578.2547607421875,983.538330078125,0.41263166069984436,1560.4691162109375,954.3697509765625,0.5301259160041809,1549.7977294921875,932.3154296875,0.650869607925415,1543.394775390625,909.9054565429688,0.7389755249023438,1561.8919677734375,999.901123046875,0.5204404592514038,1543.394775390625,976.0682373046875,0.5852891802787781,1531.300537109375,957.9268798828125,0.5755504369735718,1520.98486328125,938.362548828125,0.6655495762825012
DJI_20260917133040_0113_D.JPG,Cam 7,24,PATAKA,INCORRECT,FINGERS_TOO_FAR_APART,,dwpose_l_wholebody,coco_wholebody_133,OK,448.97,210.28,1,1,1780.924560546875,742.6640625,0.8909367918968201,1797.946044921875,712.876953125,0.9550380706787109,1806.456298828125,708.62158203125,0.8848904371261597,1806.456298828125,708.62158203125,0.923560619354248,1789.435302734375,712.876953125,0.9379223585128784,1789.435302734375,712.876953125,0.8560034036636353,1789.435302734375,717.13232421875,0.9290111660957336,1900.0732421875,717.13232421875,0.8686928749084473,1891.562744140625,717.13232421875,0.7080265283584595,1810.711669921875,780.9619140625,0.9360756874084473,1793.690673828125,785.217041015625,0.9453567862510681,1912.839111328125,895.855224609375,0.732178270816803,1904.32861328125,895.855224609375,0.6683611869812012,1725.605712890625,1023.514404296875,0.5680842399597168,1759.648193359375,1142.663330078125,0.4603937268257141,1883.052001953125,1393.726318359375,0.7119492292404175,1874.54150390625,1376.705322265625,0.6621402502059937,1887.307373046875,1810.746826171875,0.7422730326652527,1878.796630859375,1802.236083984375,0.6617414951324463,1921.349853515625,2219.256591796875,0.7821804881095886,1908.583984375,2151.171630859375,0.7093328237533569,1959.647705078125,2266.065185546875,0.8464388847351074,1938.370849609375,2185.214111328125,0.6161655783653259,1746.882080078125,2240.532958984375,0.7789173722267151,1751.137451171875,2189.469482421875,0.6566795110702515,1610.2880859375,1015.9702758789062,0.5273789167404175,1631.2696533203125,1004.2453002929688,0.3035283088684082,1649.4742431640625,989.7433471679688,0.3117336928844452,1649.4742431640625,970.6130981445312,0.35943639278411865,1632.5037841796875,950.5571899414062,0.4282758831977844,1609.0538330078125,961.3565063476562,0.37705087661743164,1606.89404296875,947.4717407226562,0.33491379022598267,1603.4998779296875,937.5980224609375,0.3752932548522949,1599.48876953125,925.2559814453125,0.44782912731170654,1585.9124755859375,963.8250122070312,0.40900135040283203,1576.038818359375,938.2151489257812,0.43611663579940796,1571.7191162109375,921.2447509765625,0.5451955199241638,1567.0908203125,900.57177734375,0.6086574196815491,1571.4105224609375,973.0814819335938,0.348940372467041,1554.440185546875,949.0144653320312,0.38747596740722656,1546.1092529296875,928.6500244140625,0.4914318919181824,1539.629638671875,907.3599243164062,0.5590980052947998,1555.0572509765625,993.4459838867188,0.41356325149536133,1536.235595703125,972.7730102539062,0.46816182136535645,1526.0533447265625,956.4197387695312,0.4896237552165985,1517.4139404296875,936.0552978515625,0.5131357908248901,1625.5693359375,1053.425537109375,0.384723424911499,1646.438720703125,1020.8172607421875,0.3558284044265747,1649.4820556640625,997.33935546875,0.4052717983722687,1644.6995849609375,976.90478515625,0.41598254442214966,1639.9169921875,953.4267578125,0.4960983097553253,1616.873779296875,976.90478515625,0.3634757995605469,1610.3521728515625,959.948486328125,0.4315098524093628,1606.00439453125,942.9921875,0.49472978711128235,1600.352294921875,925.166259765625,0.5416816473007202,1592.9610595703125,974.7308349609375,0.30206573009490967,1580.3525390625,947.3399658203125,0.4579411447048187,1573.8309326171875,926.4705810546875,0.5828664302825928,1567.7440185546875,902.1231689453125,0.6707509160041809,1575.5699462890625,980.3829345703125,0.38342973589897156,1559.91796875,955.6007080078125,0.5225726366043091,1548.1790771484375,932.9923095703125,0.5783815383911133,1539.4835205078125,909.07958984375,0.6879739761352539,1559.0484619140625,996.4697265625,0.45791393518447876,1541.22265625,975.6004638671875,0.5521633625030518,1529.048828125,958.2093505859375,0.5792540907859802,1518.179443359375,938.2095947265625,0.6496572494506836
DJI_20260917133120_0116_D.JPG,Cam 7,25,KATAKAMUKHA,INCORRECT,FINGERS_BENT,,dwpose_l_wholebody,coco_wholebody_133,OK,436.73,189.84,1,1,1781.5867919921875,761.0565185546875,0.8930546641349792,1798.5230712890625,731.4176025390625,0.9742834568023682,1806.9913330078125,727.1834716796875,0.8897277116775513,1811.2257080078125,727.1834716796875,0.9331485629081726,1790.0548095703125,735.6517333984375,0.9608179330825806,1785.8209228515625,731.4176025390625,0.8684001564979553,1790.0548095703125,735.6517333984375,0.9483847618103027,1900.1417236328125,731.4176025390625,0.8530275225639343,1883.2052001953125,731.4176025390625,0.7196885943412781,1815.4595947265625,794.9293212890625,0.946142852306366,1794.2891845703125,799.1634521484375,0.9612381458282471,1929.7808837890625,921.9525146484375,0.7654906511306763,1883.2052001953125,926.1868896484375,0.6772482395172119,1726.5430908203125,1019.3372802734375,0.5651228427886963,1773.1185302734375,1180.2337646484375,0.4524325132369995,1917.0782470703125,1408.8758544921875,0.7311801314353943,1849.3326416015625,1391.9393310546875,0.6844596862792969,1925.5465087890625,1828.0531005859375,0.7461110353469849,1891.6737060546875,1815.3504638671875,0.6862399578094482,1946.7171630859375,2230.2939453125,0.8014988899230957,1917.0782470703125,2183.71875,0.778882622718811,1984.8240966796875,2276.869140625,0.8556580543518066,1942.4830322265625,2221.82568359375,0.6856158971786499,1773.1185302734375,2285.33740234375,0.7854089140892029,1764.6502685546875,2230.2939453125,0.7301197052001953,1641.045654296875,1043.6005859375,0.3418700397014618,1653.69921875,1048.83642578125,0.26269465684890747,1675.5155029296875,1058.4356689453125,0.2390994280576706,1675.5155029296875,1058.4356689453125,0.22962847352027893,1675.5155029296875,1011.7488403320312,0.24287235736846924,1661.771240234375,994.7319946289062,0.32562941312789917,1666.134521484375,987.3145141601562,0.37671104073524475,1663.29833984375,991.8959350585938,0.2743504047393799,1675.5155029296875,1002.5858764648438,0.22033002972602844,1642.136474609375,984.0420532226562,0.4092262387275696,1643.8818359375,979.6787719726562,0.3191086947917938,1644.318115234375,989.2780151367188,0.2523534893989563,1643.6636962890625,996.6954956054688,0.16789041459560394,1623.37451171875,986.8781127929688,0.36414727568626404,1615.084228515625,968.7705688476562,0.39089810848236084,1612.46630859375,973.1338500976562,0.34303349256515503,1611.5936279296875,974.8792114257812,0.24984955787658691,1603.303466796875,996.2592163085938,0.3672637939453125,1593.486083984375,970.7340698242188,0.4016391634941101,1586.7230224609375,962.007568359375,0.37303000688552856,1578.2147216796875,946.9542846679688,0.3806881606578827,1781.24169921875,1199.24462890625,0.2320510596036911,1781.24169921875,1042.3603515625,0.16685974597930908,1781.24169921875,1042.3603515625,0.17395444214344025,1781.24169921875,1042.3603515625,0.20992499589920044,1781.24169921875,1042.3603515625,0.25015780329704285,1781.24169921875,1042.3603515625,0.2248174250125885,1781.24169921875,1042.3603515625,0.2666095197200775,1781.24169921875,1042.3603515625,0.2968803644180298,1781.24169921875,1042.3603515625,0.30163776874542236,1781.24169921875,1042.3603515625,0.22308188676834106,1781.24169921875,1042.3603515625,0.25730013847351074,1781.24169921875,1042.3603515625,0.2817124128341675,1781.24169921875,1042.3603515625,0.28604528307914734,1781.24169921875,1042.3603515625,0.2057722508907318,1781.24169921875,1042.3603515625,0.24828916788101196,1781.24169921875,1042.3603515625,0.266472190618515,1781.24169921875,1042.3603515625,0.2539999485015869,1781.24169921875,1042.3603515625,0.17971664667129517,1781.24169921875,1042.3603515625,0.20379117131233215,1781.24169921875,1042.3603515625,0.22955961525440216,1781.24169921875,1042.3603515625,0.2244945913553238
DJI_20260917133122_0117_D.JPG,Cam 7,25,KATAKAMUKHA,INCORRECT,FINGERS_BENT,,dwpose_l_wholebody,coco_wholebody_133,OK,418.89,204.01,1,1,1756.401123046875,793.17529296875,0.8952687978744507,1773.1337890625,768.076171875,0.9862534999847412,1781.5,763.89306640625,0.9050439596176147,1785.683349609375,763.89306640625,0.9537034630775452,1764.767333984375,768.076171875,0.9681059718132019,1764.767333984375,763.89306640625,0.8789092302322388,1764.767333984375,768.076171875,0.962067723274231,1869.346435546875,763.89306640625,0.860243558883667,1865.163330078125,763.89306640625,0.7230696678161621,1789.866455078125,826.640625,0.9520145654678345,1768.950439453125,830.82373046875,0.9630383849143982,1894.445556640625,952.135498046875,0.7335505485534668,1886.079345703125,947.9521484375,0.6808114647865295,1693.653564453125,1056.714599609375,0.5560817122459412,1773.1337890625,1190.575927734375,0.4358491003513336,1894.445556640625,1429.01611328125,0.7319597601890564,1865.163330078125,1412.28369140625,0.6739561557769775,1902.811767578125,1847.33251953125,0.7334973812103271,1894.445556640625,1834.783203125,0.6830713152885437,1940.460205078125,2269.83203125,0.7858840227127075,1927.910888671875,2202.9013671875,0.7673206925392151,1978.108642578125,2311.6640625,0.8482497930526733,1965.559326171875,2240.5498046875,0.6850943565368652,1764.767333984375,2307.48046875,0.7976617813110352,1768.950439453125,2248.91650390625,0.7168765068054199,1625.2623291015625,1072.12158203125,0.3103691041469574,1603.4188232421875,1086.1904296875,0.2873360514640808,1589.3499755859375,1086.1904296875,0.23165062069892883,1648.0316162109375,1086.1904296875,0.13674363493919373,1648.0316162109375,1086.1904296875,0.12147405743598938,1585.4625244140625,1033.802734375,0.27521681785583496,1574.355712890625,991.596435546875,0.3249507546424866,1570.0980224609375,991.596435546875,0.3223114609718323,1563.6190185546875,991.596435546875,0.2726409137248993,1606.9359130859375,1020.104248046875,0.3527396321296692,1595.8289794921875,999.371337890625,0.36296215653419495,1593.607666015625,991.596435546875,0.27100667357444763,1596.3843994140625,991.596435546875,0.15433724224567413,1625.632568359375,1016.957275390625,0.43767470121383667,1626.18798828125,1010.848388671875,0.3617219924926758,1625.8177490234375,1018.2530517578125,0.2207798808813095,1621.56005859375,1033.062255859375,0.17979148030281067,1648.0316162109375,1022.69580078125,0.36159947514533997,1648.0316162109375,1017.69775390625,0.3866105079650879,1648.0316162109375,1020.4744873046875,0.2855459451675415,1648.0316162109375,1028.4344482421875,0.25378987193107605,1671.49560546875,1141.11767578125,0.07900814712047577,1662.3907470703125,1119.26611328125,0.09297105669975281,1671.49560546875,1114.612548828125,0.09014777839183807,1655.5115966796875,1067.267333984375,0.13628816604614258,1676.5538330078125,1067.267333984375,0.17782941460609436,1622.734130859375,1067.267333984375,0.19667118787765503,1622.734130859375,1067.267333984375,0.2852655053138733,1622.734130859375,1067.267333984375,0.2666110396385193,1622.734130859375,1067.267333984375,0.26145291328430176,1622.734130859375,1067.267333984375,0.19888538122177124,1622.734130859375,1067.267333984375,0.256006121635437,1622.734130859375,1067.267333984375,0.24102097749710083,1622.734130859375,1067.267333984375,0.2434360384941101,1622.734130859375,1067.267333984375,0.22953826189041138,1622.734130859375,1067.267333984375,0.24456506967544556,1622.734130859375,1067.267333984375,0.24434898793697357,1622.734130859375,1067.267333984375,0.2452915608882904,1622.734130859375,1067.267333984375,0.2280677855014801,1622.734130859375,1067.267333984375,0.25057944655418396,1622.734130859375,1067.267333984375,0.264627605676651,1622.734130859375,1067.267333984375,0.24835440516471863
DJI_20260917133139_0118_D.JPG,Cam 7,26,MUSHTI,INCORRECT,PINKY_DROPPED,,dwpose_l_wholebody,coco_wholebody_133,OK,444.3,179.89,1,1,1802.632568359375,764.93896484375,0.9088665246963501,1819.572021484375,735.294921875,0.9956105947494507,1828.041748046875,731.059814453125,0.9185163378715515,1832.276611328125,731.059814453125,0.9651405215263367,1811.102294921875,735.294921875,0.9802467823028564,1811.102294921875,731.059814453125,0.8941535353660583,1811.102294921875,735.294921875,0.9727883338928223,1921.208740234375,735.294921875,0.8842649459838867,1908.504150390625,735.294921875,0.7261500358581543,1832.276611328125,798.81787109375,0.962207555770874,1815.337158203125,803.052734375,0.9757019281387329,1963.5576171875,930.098876953125,0.8060051202774048,1908.504150390625,925.864013671875,0.6757887601852417,1828.041748046875,1061.379638671875,0.6227430105209351,1802.632568359375,1205.365234375,0.48184844851493835,1942.383056640625,1425.578369140625,0.7641491293907166,1853.450927734375,1412.873779296875,0.6907951235771179,1950.852783203125,1840.595458984375,0.7853403091430664,1904.269287109375,1815.186279296875,0.6862778067588806,1955.087646484375,2230.203857421875,0.839563250541687,1916.973876953125,2170.915283203125,0.7671241760253906,1984.73193359375,2272.552490234375,0.8969324231147766,1938.148193359375,2209.029052734375,0.6927116513252258,1789.927978515625,2285.257080078125,0.8098170757293701,1772.988525390625,2200.559326171875,0.7569477558135986,1688.9691162109375,1047.304931640625,0.22375333309173584,1683.73974609375,1032.01904296875,0.24758100509643555,1676.4991455078125,1022.3648681640625,0.20426174998283386,1654.375,1028.801025390625,0.212707057595253,1640.2958984375,1126.9520263671875,0.19500508904457092,1631.0439453125,1018.74462890625,0.3417561650276184,1636.2733154296875,1023.973876953125,0.2829762399196625,1652.3636474609375,1027.59423828125,0.24789229035377502,1672.8787841796875,1036.4439697265625,0.20188376307487488,1625.814697265625,1048.109375,0.33249741792678833,1635.4688720703125,1052.5341796875,0.2834753394126892,1652.765869140625,1053.740966796875,0.2739378809928894,1669.6607666015625,1054.5455322265625,0.2217884510755539,1629.4349365234375,1067.417724609375,0.2737445831298828,1639.8936767578125,1070.6358642578125,0.23505857586860657,1653.97265625,1070.6358642578125,0.2543245851993561,1672.4765625,1070.233642578125,0.2118995487689972,1640.2958984375,1090.346435546875,0.26831746101379395,1643.1116943359375,1094.369140625,0.29593443870544434,1655.581787109375,1087.12841796875,0.26138365268707275,1662.8223876953125,1083.910400390625,0.22416841983795166,1715.3321533203125,1219.167724609375,0.20612430572509766,1728.3966064453125,1189.0469970703125,0.20864978432655334,1754.525390625,1184.329345703125,0.19320163130760193,1754.525390625,1219.167724609375,0.24890871345996857,1754.525390625,1219.167724609375,0.21820920705795288,1727.6707763671875,1219.167724609375,0.13732872903347015,1727.12646484375,1219.167724609375,0.17117008566856384,1726.58203125,1219.167724609375,0.19428500533103943,1754.525390625,1126.44677734375,0.22024907171726227,1716.602294921875,1219.167724609375,0.12406935542821884,1715.695068359375,1219.167724609375,0.1963544487953186,1720.4127197265625,1219.167724609375,0.2208368182182312,1721.50146484375,1126.44677734375,0.20176571607589722,1709.888671875,1219.167724609375,0.14617085456848145,1708.4371337890625,1219.167724609375,0.17445066571235657,1711.8846435546875,1219.167724609375,0.20367616415023804,1715.3321533203125,1219.167724609375,0.19494347274303436,1701.9049072265625,1219.167724609375,0.1564355045557022,1703.5379638671875,1219.167724609375,0.1971469670534134,1704.6265869140625,1219.167724609375,0.19092756509780884,1705.533935546875,1126.44677734375,0.18564091622829437
DJI_20260917133141_0119_D.JPG,Cam 7,26,MUSHTI,INCORRECT,PINKY_DROPPED,,dwpose_l_wholebody,coco_wholebody_133,OK,422.99,206.87,1,1,1793.4149169921875,767.790771484375,0.8966202735900879,1810.2576904296875,738.31640625,0.9760497808456421,1818.6788330078125,734.105712890625,0.9050359725952148,1818.6788330078125,738.31640625,0.9401509761810303,1801.8363037109375,738.31640625,0.9617208242416382,1801.8363037109375,738.31640625,0.8772343397140503,1801.8363037109375,742.52685546875,0.9538785219192505,1907.1024169921875,738.31640625,0.8734565377235413,1894.4700927734375,738.31640625,0.7217682003974915,1822.8895263671875,801.475830078125,0.9495542049407959,1806.0469970703125,805.6865234375,0.9662453532218933,1949.2086181640625,927.794921875,0.8031774163246155,1890.2596435546875,927.794921875,0.6771191358566284,1839.7320556640625,1054.114013671875,0.6201026439666748,1793.4149169921875,1222.53955078125,0.48062705993652344,1923.9447021484375,1424.64990234375,0.763259768486023,1848.1531982421875,1407.8076171875,0.6896194815635681,1940.7872314453125,1849.92431640625,0.7767661809921265,1915.5235595703125,1828.87109375,0.6925629377365112,1949.2086181640625,2233.09228515625,0.8158550262451172,1923.9447021484375,2182.564453125,0.7771150469779968,1982.8936767578125,2279.4091796875,0.8758072853088379,1944.9979248046875,2220.46044921875,0.6914916038513184,1780.7830810546875,2287.83056640625,0.7787626385688782,1772.3616943359375,2224.6708984375,0.7303919792175293,1679.9171142578125,1054.8193359375,0.15187931060791016,1679.9171142578125,1096.4945068359375,0.13438449800014496,1668.5511474609375,1105.7557373046875,0.2007337212562561,1642.0306396484375,1115.016845703125,0.24277397990226746,1626.455078125,1127.2247314453125,0.2866729497909546,1618.456787109375,1018.1957397460938,0.17698687314987183,1625.192138671875,1025.3521728515625,0.1455543339252472,1636.55810546875,1032.0875244140625,0.13891857862472534,1653.3966064453125,1041.3486328125,0.11767672002315521,1610.45849609375,1047.2420654296875,0.22183459997177124,1621.824462890625,1056.503173828125,0.17442835867404938,1635.295166015625,1061.5548095703125,0.17788629233837128,1647.0821533203125,1056.503173828125,0.16213014721870422,1611.721435546875,1060.712890625,0.21717461943626404,1624.771240234375,1069.9739990234375,0.1731128990650177,1634.0323486328125,1073.7625732421875,0.18235212564468384,1642.87255859375,1067.4482421875,0.1484496295452118,1624.771240234375,1085.970458984375,0.14026078581809998,1628.559814453125,1091.4429931640625,0.1700628697872162,1639.0838623046875,1086.8123779296875,0.1635943055152893,1644.1353759765625,1083.4447021484375,0.1397813856601715,1788.5101318359375,1044.2078857421875,0.19834810495376587,1788.5101318359375,1044.2078857421875,0.14714296162128448,1692.9613037109375,1103.035888671875,0.12493231892585754,1656.6153564453125,1044.2078857421875,0.18567928671836853,1624.3909912109375,1044.2078857421875,0.17329692840576172,1698.581787109375,1044.2078857421875,0.13896478712558746,1616.5223388671875,1044.2078857421875,0.19540159404277802,1659.6129150390625,1044.2078857421875,0.21456345915794373,1659.6129150390625,1044.2078857421875,0.16357365250587463,1622.142822265625,1044.2078857421875,0.12712299823760986,1617.271728515625,1044.2078857421875,0.2257324755191803,1628.887451171875,1044.2078857421875,0.22403407096862793,1788.5101318359375,1044.2078857421875,0.17272567749023438,1685.46728515625,1044.2078857421875,0.1124473512172699,1622.142822265625,1044.2078857421875,0.16479718685150146,1630.011474609375,1074.5587158203125,0.2129499912261963,1623.6416015625,1044.2078857421875,0.20501655340194702,1692.9613037109375,1044.2078857421875,0.10732083022594452,1652.118896484375,1044.2078857421875,0.15008971095085144,1637.130859375,1044.2078857421875,0.19417478144168854,1627.7633056640625,1044.2078857421875,0.11613635718822479
DJI_20260917131822_0036_D.JPG,Cam 8,1,ARAMANDI,CORRECT,,,dwpose_l_wholebody,coco_wholebody_133,OK,431.18,213.5,1,1,1894.611083984375,960.0693359375,0.6582290530204773,1894.611083984375,933.813232421875,0.6692099571228027,1883.3583984375,933.813232421875,0.6004647016525269,1905.86376953125,933.813232421875,0.6869807243347168,1872.105712890625,941.31494140625,0.654132604598999,1875.8564453125,933.813232421875,0.6504480838775635,1849.600341796875,941.31494140625,0.6497071981430054,1770.8310546875,956.318603515625,0.6761826276779175,1868.354736328125,956.318603515625,0.6897412538528442,1902.11279296875,997.57861328125,0.7269759178161621,1868.354736328125,1001.329345703125,0.6889212131500244,1699.563720703125,1125.109619140625,0.5890623331069946,1954.625732421875,1132.611328125,0.6429579257965088,1500.765380859375,1331.409423828125,0.7411985397338867,2149.6728515625,1338.911376953125,0.7757534384727478,1755.827392578125,1571.4677734375,0.5747948884963989,1902.11279296875,1563.966064453125,0.5502299070358276,1624.545654296875,1849.03515625,0.442253977060318,2007.138427734375,1837.782470703125,0.4341350197792053,1755.827392578125,2190.367919921875,0.47643864154815674,1894.611083984375,2201.62060546875,0.5083515644073486,1789.585693359375,2231.6279296875,0.5692650079727173,1875.8564453125,2242.880615234375,0.5384383201599121,1583.285400390625,2212.873291015625,0.5498267412185669,2048.398193359375,2197.86962890625,0.5225309729576111,1972.354736328125,1424.8616943359375,0.2583988904953003,1973.087158203125,1400.6962890625,0.3139113783836365,1961.37060546875,1385.3182373046875,0.3238741457462311,1943.0634765625,1369.9403076171875,0.34576576948165894,1918.165771484375,1353.0977783203125,0.3514661192893982,1940.866455078125,1401.4285888671875,0.31668001413345337,1907.181396484375,1401.4285888671875,0.2620905637741089,1894.000244140625,1405.0899658203125,0.22281721234321594,1809.05517578125,1423.3970947265625,0.20079049468040466,1945.992431640625,1416.8065185546875,0.3180733919143677,1752.669189453125,1429.9876708984375,0.24213555455207825,1767.31494140625,1446.0980224609375,0.26451635360717773,1784.8897705078125,1462.9405517578125,0.2938517928123474,1959.906005859375,1435.845947265625,0.3179078698158264,1935.00830078125,1443.901123046875,0.23625873029232025,1750.472412109375,1459.279052734375,0.25052574276924133,1904.984619140625,1472.460205078125,0.23952245712280273,1972.354736328125,1449.027099609375,0.30840614438056946,1962.102783203125,1457.8145751953125,0.3326110541820526,1956.24462890625,1465.86962890625,0.32959380745887756,1948.189453125,1475.389404296875,0.32101970911026,1691.8729248046875,1427.6590576171875,0.3628944456577301,1708.3515625,1402.025634765625,0.3431340157985687,1723.9146728515625,1380.0540771484375,0.3255450129508972,1734.9005126953125,1368.1527099609375,0.37613609433174133,1748.6326904296875,1352.589599609375,0.4048908054828644,1737.64697265625,1396.53271484375,0.4431408643722534,1762.364990234375,1401.110107421875,0.4039837121963501,1778.8436279296875,1408.4339599609375,0.40458613634109497,1798.9842529296875,1422.1661376953125,0.3102932274341583,1726.6611328125,1414.8424072265625,0.4593973457813263,1746.8017578125,1426.74365234375,0.4276374280452728,1765.1114501953125,1445.05322265625,0.3992067873477936,1781.590087890625,1459.700927734375,0.35003432631492615,1717.50634765625,1433.1519775390625,0.4793676733970642,1734.9005126953125,1444.1378173828125,0.42158079147338867,1748.6326904296875,1458.7855224609375,0.4413585364818573,1762.364990234375,1470.686767578125,0.3766839802265167,1704.6895751953125,1449.630615234375,0.4460989236831665,1718.421875,1458.7855224609375,0.4258884787559509,1726.6611328125,1466.109375,0.4378011226654053,1737.64697265625,1474.3487548828125,0.406948983669281
DJI_20260917131824_0037_D.JPG,Cam 8,1,ARAMANDI,CORRECT,,,dwpose_l_wholebody,coco_wholebody_133,OK,442.4,220.43,1,1,1906.856201171875,961.272216796875,0.7293370366096497,1903.107666015625,935.03369140625,0.73013836145401,1903.107666015625,931.285400390625,0.6773653030395508,1914.352783203125,931.285400390625,0.7415738105773926,1884.365966796875,938.781982421875,0.7153950929641724,1880.617431640625,935.03369140625,0.7066469788551331,1861.875732421875,938.781982421875,0.704258143901825,1831.888916015625,950.027099609375,0.6082689762115479,1820.643798828125,953.775634765625,0.6784236431121826,1910.6044921875,995.007568359375,0.7868605852127075,1876.869384765625,995.007568359375,0.7551456689834595,1944.33984375,1114.955322265625,0.5681664943695068,1741.927978515625,1118.70361328125,0.5902154445648193,2154.248291015625,1324.864013671875,0.6700061559677124,1509.529052734375,1328.6123046875,0.766032874584198,1839.385498046875,1557.2626953125,0.48908519744873047,1816.895263671875,1549.765869140625,0.5301629304885864,1775.663330078125,1864.62890625,0.4469219148159027,1655.715576171875,1838.390380859375,0.44452333450317383,1876.869384765625,2190.737060546875,0.4664198160171509,1816.895263671875,2194.485107421875,0.4886375665664673,1846.88232421875,2224.472412109375,0.5450108647346497,1824.39208984375,2231.968994140625,0.524300217628479,2056.791015625,2216.975341796875,0.5556145906448364,2053.04248046875,2213.227294921875,0.5017333030700684,1976.2384033203125,1418.0064697265625,0.4239482283592224,1972.2969970703125,1390.9786376953125,0.4366738796234131,1959.3460693359375,1374.6492919921875,0.5163103342056274,1946.3951416015625,1361.6983642578125,0.6044905185699463,1930.0657958984375,1345.93212890625,0.7612693905830383,1937.9490966796875,1388.1632080078125,0.601123571395874,1914.2996826171875,1382.5323486328125,0.6890013217926025,1896.281005859375,1382.5323486328125,0.7291714549064636,1876.5731201171875,1388.1632080078125,0.8080903887748718,1945.2691650390625,1408.9971923828125,0.5936800241470337,1926.1243896484375,1414.6280517578125,0.6221185326576233,1913.1734619140625,1423.07421875,0.6205405592918396,1895.15478515625,1436.5882568359375,0.6782816648483276,1958.7830810546875,1424.200439453125,0.5694652199745178,1944.7059326171875,1431.5205078125,0.6464825868606567,1932.8812255859375,1439.9666748046875,0.6421310901641846,1917.1148681640625,1451.7913818359375,0.613117516040802,1974.5491943359375,1437.1512451171875,0.46916627883911133,1968.3553466796875,1444.4713134765625,0.5032265186309814,1964.4136962890625,1448.412841796875,0.5412781238555908,1957.0938720703125,1457.9852294921875,0.48195576667785645,1698.8095703125,1411.8626708984375,0.4120568633079529,1703.83740234375,1385.6068115234375,0.40225690603256226,1717.24462890625,1369.96484375,0.43566128611564636,1729.53466796875,1354.322998046875,0.5280993580818176,1745.176513671875,1339.23974609375,0.6040441989898682,1741.82470703125,1386.7239990234375,0.4954875111579895,1763.611572265625,1392.3104248046875,0.5151814222335815,1779.2535400390625,1399.0140380859375,0.5575386881828308,1794.336669921875,1410.7454833984375,0.6585009694099426,1735.6796875,1406.2763671875,0.4434022903442383,1753.55615234375,1418.0076904296875,0.5891110897064209,1765.84619140625,1429.7391357421875,0.6228121519088745,1780.3707275390625,1444.8223876953125,0.6584814786911011,1723.3896484375,1422.476806640625,0.44406384229660034,1736.2384033203125,1431.4150390625,0.5477669835090637,1747.4111328125,1442.0291748046875,0.6255251169204712,1761.9356689453125,1453.7606201171875,0.6560713052749634,1708.8651123046875,1434.766845703125,0.4088730216026306,1716.68603515625,1441.4705810546875,0.5413109064102173,1722.8310546875,1447.6156005859375,0.620023250579834,1733.4451904296875,1455.4365234375,0.5856837630271912
DJI_20260917131849_0038_D.JPG,Cam 8,2,SAMAPADHAM,CORRECT,,,dwpose_l_wholebody,coco_wholebody_133,OK,440.04,209.4,1,1,1878.76220703125,760.193603515625,0.621239423751831,1874.526123046875,747.48583984375,0.6605051755905151,1810.98681640625,739.013916015625,0.6492428779602051,1874.526123046875,739.013916015625,0.6798968315124512,1878.76220703125,751.7216796875,0.6492490768432617,1904.177734375,730.541748046875,0.691346287727356,1849.1103515625,747.48583984375,0.6519007682800293,1764.39111328125,760.193603515625,0.8483688831329346,1921.12158203125,751.7216796875,0.8196172714233398,1887.23388671875,802.553466796875,0.6404091119766235,1866.05419921875,802.553466796875,0.6293609738349915,1683.90771484375,942.340087890625,0.7822551727294922,2010.076904296875,938.104248046875,0.86015784740448,1505.997314453125,1145.666259765625,0.8222482800483704,2187.9873046875,1145.666259765625,0.8093143105506897,1751.68310546875,1408.296142578125,0.7237406969070435,1967.71728515625,1416.76806640625,0.6978969573974609,1760.1552734375,1814.948486328125,0.8172999024391174,1950.7734375,1810.712646484375,0.8431904911994934,1802.5146484375,2196.185302734375,0.8394763469696045,1899.94189453125,2170.76953125,0.8369094133377075,1810.98681640625,2242.781005859375,0.8694232702255249,1895.7060546875,2221.60107421875,0.8294882774353027,1789.806884765625,2213.129150390625,0.7212589383125305,1904.177734375,2191.949462890625,0.7267500162124634,1703.0657958984375,1233.909912109375,0.24561117589473724,1713.788330078125,1209.64306640625,0.27793610095977783,1725.0751953125,1196.6630859375,0.3187577724456787,1740.8768310546875,1189.8909912109375,0.3919779062271118,1756.678466796875,1180.297119140625,0.3838143050670624,1753.856689453125,1214.1578369140625,0.34119880199432373,1771.915771484375,1223.1873779296875,0.3670608103275299,1786.0244140625,1234.4742431640625,0.37414878606796265,1799.0042724609375,1246.8897705078125,0.48921018838882446,1743.698486328125,1231.088134765625,0.29049429297447205,1762.3218994140625,1241.246337890625,0.38758039474487305,1774.173095703125,1255.35498046875,0.43326330184936523,1788.28173828125,1271.1566162109375,0.5185938477516174,1729.5899658203125,1244.6324462890625,0.2758074998855591,1742.56982421875,1252.533203125,0.37384214997291565,1755.5498046875,1264.384521484375,0.41338759660720825,1769.658447265625,1279.621826171875,0.4815629720687866,1710.4022216796875,1254.7906494140625,0.2968292236328125,1721.124755859375,1260.9984130859375,0.33495596051216125,1729.5899658203125,1266.0775146484375,0.4080568552017212,1739.183837890625,1272.2852783203125,0.5017960667610168,2001.56884765625,1239.69384765625,0.25547704100608826,1997.00341796875,1215.7252197265625,0.24824878573417664,1986.16064453125,1198.6048583984375,0.33584141731262207,1974.7470703125,1184.3377685546875,0.3971503973007202,1963.904052734375,1168.3587646484375,0.5282528400421143,1962.7626953125,1211.73046875,0.3643038868904114,1941.076904296875,1208.306396484375,0.425609827041626,1925.09765625,1210.0184326171875,0.44725385308265686,1905.694580078125,1216.2958984375,0.5421127080917358,1971.322998046875,1227.138916015625,0.3313199281692505,1953.6318359375,1231.704345703125,0.38015496730804443,1941.076904296875,1237.4111328125,0.44877365231513977,1924.527099609375,1248.2540283203125,0.4873058795928955,1983.30712890625,1242.5472412109375,0.30483508110046387,1970.752197265625,1248.2540283203125,0.35378748178482056,1957.055908203125,1255.1021728515625,0.39894813299179077,1942.21826171875,1264.8037109375,0.45964688062667847,1999.2861328125,1256.2435302734375,0.3187786638736725,1993.579345703125,1260.8089599609375,0.36184126138687134,1988.443359375,1265.37451171875,0.378787100315094,1981.59521484375,1273.364013671875,0.4488643407821655
DJI_20260917131851_0039_D.JPG,Cam 8,2,SAMAPADHAM,CORRECT,,,dwpose_l_wholebody,coco_wholebody_133,OK,434.96,207.27,1,1,1874.69287109375,764.1085205078125,0.6028107404708862,1870.51025390625,751.5601806640625,0.628382682800293,1807.76953125,743.1949462890625,0.6248310804367065,1874.69287109375,747.3775634765625,0.6470701694488525,1874.69287109375,759.9256591796875,0.6122506856918335,1903.9716796875,739.0123291015625,0.6623848676681519,1845.413818359375,755.7430419921875,0.6168845295906067,1761.759765625,772.4737548828125,0.8393397927284241,1916.52001953125,764.1085205078125,0.8172529935836792,1878.87548828125,805.9354248046875,0.5982974171638489,1857.9619140625,805.9354248046875,0.575603723526001,1690.65380859375,948.1475830078125,0.7798474431037903,2004.356689453125,948.1475830078125,0.8475964069366455,1510.79736328125,1153.1002197265625,0.8252642750740051,2184.213134765625,1153.1002197265625,0.824083149433136,1753.394287109375,1420.7935791015625,0.7151746153831482,1962.529541015625,1420.7935791015625,0.6884884834289551,1757.576904296875,1826.5159912109375,0.8188753128051758,1945.798828125,1822.3333740234375,0.8502005934715271,1799.404052734375,2207.14208984375,0.8609434962272644,1903.9716796875,2182.0458984375,0.849480152130127,1816.134765625,2253.15185546875,0.88187575340271,1899.7890625,2232.23828125,0.8432667851448059,1774.3076171875,2223.873046875,0.7414146661758423,1895.606201171875,2198.77685546875,0.7278639674186707,1703.9337158203125,1243.3963623046875,0.22979111969470978,1713.8690185546875,1221.3177490234375,0.248843252658844,1724.9083251953125,1206.414794921875,0.29135727882385254,1739.811279296875,1200.34326171875,0.34239304065704346,1753.058349609375,1192.61572265625,0.2898052930831909,1747.538818359375,1225.7335205078125,0.2969801425933838,1767.96142578125,1232.9090576171875,0.33697786927223206,1782.3123779296875,1243.9482421875,0.36304527521133423,1795.007568359375,1256.0914306640625,0.4636997580528259,1737.6033935546875,1241.1884765625,0.2649860978126526,1756.922119140625,1251.67578125,0.34043750166893005,1770.169189453125,1266.0267333984375,0.41359061002731323,1783.96826171875,1280.9298095703125,0.45344626903533936,1724.9083251953125,1254.435546875,0.24515724182128906,1740.9151611328125,1265.474853515625,0.32562047243118286,1753.058349609375,1277.0660400390625,0.4019903540611267,1765.2015380859375,1290.8651123046875,0.4484826326370239,1707.7974853515625,1267.1307373046875,0.270731121301651,1719.388671875,1273.7542724609375,0.3146916627883911,1728.7720947265625,1279.2738037109375,0.3609340488910675,1737.051513671875,1285.8974609375,0.4218846559524536,1996.576904296875,1248.6947021484375,0.40067487955093384,1991.3056640625,1223.5089111328125,0.3863331079483032,1981.93408203125,1208.2803955078125,0.4224323630332947,1972.562744140625,1193.637451171875,0.5605378746986389,1962.60546875,1177.8231201171875,0.6641002893447876,1957.919921875,1222.9232177734375,0.5033257603645325,1937.419677734375,1219.99462890625,0.47875913977622986,1922.191162109375,1222.9232177734375,0.48562851548194885,1905.20556640625,1229.3660888671875,0.578392505645752,1966.70556640625,1239.908935546875,0.48117947578430176,1949.7197265625,1244.009033203125,0.490784227848053,1938.005615234375,1251.03759765625,0.47725123167037964,1922.77685546875,1262.1661376953125,0.5440081357955933,1980.177001953125,1255.1375732421875,0.4624265432357788,1966.70556640625,1261.5804443359375,0.5171635150909424,1954.405517578125,1268.6090087890625,0.48777854442596436,1938.59130859375,1278.566162109375,0.5122808814048767,1996.576904296875,1268.0233154296875,0.41621753573417664,1990.719970703125,1272.708984375,0.46288254857063293,1986.0341796875,1276.80908203125,0.5233325958251953,1978.419921875,1283.837646484375,0.5323500633239746
DJI_20260917132002_0040_D.JPG,Cam 8,3,MUZHUMANDI,CORRECT,,,dwpose_l_wholebody,coco_wholebody_133,OK,399.9,213.66,1,1,1884.57568359375,1366.95068359375,0.48860296607017517,1884.57568359375,1346.231689453125,0.4838092625141144,1834.258056640625,1349.191650390625,0.5173468589782715,1896.415283203125,1346.231689453125,0.5002160668373108,1857.93701171875,1349.191650390625,0.49137580394744873,1887.53564453125,1346.231689453125,0.5420982241630554,1837.218017578125,1349.191650390625,0.48869627714157104,1792.820068359375,1366.95068359375,0.5902635455131531,1920.09423828125,1363.990966796875,0.6509592533111572,1899.375244140625,1411.3486328125,0.5158591866493225,1860.89697265625,1408.388916015625,0.4825252592563629,1704.02392578125,1538.622802734375,0.5187933444976807,2011.85009765625,1538.622802734375,0.5446252226829529,1508.673095703125,1748.7734375,0.510373592376709,2177.602294921875,1754.69287109375,0.6007883548736572,1792.820068359375,1985.5625,0.47339940071105957,1949.69287109375,1988.522216796875,0.501223087310791,1804.659423828125,1991.482177734375,0.30093657970428467,,,0.0,1698.1044921875,2396.9833984375,0.34300193190574646,2041.44873046875,2396.9833984375,0.3468213677406311,1724.7431640625,2420.66259765625,0.3426535427570343,2044.408447265625,2423.622314453125,0.301613450050354,1668.505859375,2479.85986328125,0.3815886676311493,1692.1845703125,2465.060546875,0.3468901813030243,1622.1845703125,1526.83349609375,0.3560347557067871,1622.1845703125,1526.83349609375,0.3167458474636078,1622.1845703125,1526.83349609375,0.3252813220024109,1622.1845703125,1526.83349609375,0.3298388719558716,1622.1845703125,1526.83349609375,0.32840654253959656,1622.1845703125,1526.83349609375,0.36058396100997925,1622.1845703125,1526.83349609375,0.3193400204181671,1622.1845703125,1526.83349609375,0.3459526598453522,1622.1845703125,1526.83349609375,0.334892213344574,1622.1845703125,1526.83349609375,0.37238138914108276,1622.1845703125,1526.83349609375,0.3222947418689728,1622.1845703125,1526.83349609375,0.3285754323005676,1622.1845703125,1526.83349609375,0.3307242691516876,1622.1845703125,1526.83349609375,0.3236863613128662,1622.1845703125,1526.83349609375,0.29319360852241516,1622.1845703125,2247.8115234375,0.31079965829849243,1622.1845703125,2247.8115234375,0.3386436700820923,1622.1845703125,1526.83349609375,0.30501899123191833,1622.1845703125,2247.8115234375,0.31768766045570374,1622.1845703125,2247.8115234375,0.32036304473876953,1622.1845703125,1526.83349609375,0.31019872426986694,2080.831298828125,2209.0205078125,0.45712506771087646,2080.831298828125,2209.0205078125,0.42871159315109253,2080.831298828125,2209.0205078125,0.4179341197013855,2080.831298828125,2209.0205078125,0.4222111999988556,2080.831298828125,2209.0205078125,0.3699485659599304,2080.831298828125,2209.0205078125,0.40353983640670776,2080.831298828125,2209.0205078125,0.42510223388671875,2080.831298828125,2209.0205078125,0.4184260666370392,2080.831298828125,2209.0205078125,0.3682120442390442,2080.831298828125,2209.0205078125,0.4185519218444824,2080.831298828125,2209.0205078125,0.4182368516921997,2080.831298828125,2209.0205078125,0.41603806614875793,2080.831298828125,2209.0205078125,0.35646530985832214,2080.831298828125,2209.0205078125,0.40804409980773926,2080.831298828125,2209.0205078125,0.3829296827316284,2080.831298828125,2209.0205078125,0.42853420972824097,2080.831298828125,2209.0205078125,0.434266597032547,2080.831298828125,2209.0205078125,0.3948636054992676,2080.831298828125,2209.0205078125,0.4317435622215271,2080.831298828125,2209.0205078125,0.4340643882751465,2080.831298828125,2209.0205078125,0.39070791006088257
DJI_20260917132004_0041_D.JPG,Cam 8,3,MUZHUMANDI,CORRECT,,,dwpose_l_wholebody,coco_wholebody_133,OK,443.01,230.25,1,1,1888.19970703125,1364.947998046875,0.5003280639648438,1888.19970703125,1350.254150390625,0.5015931129455566,1847.056884765625,1350.254150390625,0.5097290873527527,1899.95458984375,1347.3154296875,0.5238012671470642,1861.750732421875,1350.254150390625,0.4979110658168793,1894.0771484375,1344.376708984375,0.5516080260276794,1841.179443359375,1350.254150390625,0.4972498416900635,1788.28173828125,1362.00927734375,0.6115211248397827,1929.34228515625,1359.070556640625,0.6969501972198486,1902.8935546875,1411.96826171875,0.5192258954048157,1873.505859375,1409.029541015625,0.4821905791759491,1705.996337890625,1532.45751953125,0.565603494644165,2011.627685546875,1535.396240234375,0.5707275867462158,1506.16015625,1744.048583984375,0.5786658525466919,2202.6474609375,1749.926025390625,0.621321439743042,1770.649169921875,1970.33349609375,0.5196499824523926,1952.8525390625,1987.966064453125,0.5241362452507019,1797.097900390625,1987.966064453125,0.31744086742401123,2070.403076171875,1990.90478515625,0.3208349943161011,1723.62890625,2399.39306640625,0.34455710649490356,2035.137939453125,2387.637939453125,0.3573172390460968,1753.0166015625,2399.39306640625,0.344789981842041,2035.137939453125,2422.903076171875,0.3032263517379761,1688.36376953125,2464.046142578125,0.3700528144836426,1723.62890625,2428.78076171875,0.3316563665866852,1624.271728515625,2246.3037109375,0.365179181098938,1624.271728515625,2246.3037109375,0.3324071168899536,1624.271728515625,2246.3037109375,0.36096569895744324,1624.271728515625,2246.3037109375,0.3599162697792053,1624.271728515625,2246.3037109375,0.32446014881134033,1624.271728515625,2246.3037109375,0.34039902687072754,1624.271728515625,2246.3037109375,0.32962626218795776,1624.271728515625,2246.3037109375,0.32736116647720337,1624.271728515625,1535.11767578125,0.28850385546684265,1624.271728515625,2246.3037109375,0.35947394371032715,1624.271728515625,2246.3037109375,0.32398247718811035,1624.271728515625,2246.3037109375,0.3285859227180481,1624.271728515625,2246.3037109375,0.29281097650527954,1624.271728515625,2246.3037109375,0.3366805613040924,1624.271728515625,2246.3037109375,0.28656184673309326,1624.271728515625,2246.3037109375,0.31451475620269775,1624.271728515625,2246.3037109375,0.3377719521522522,1624.271728515625,2246.3037109375,0.3250487446784973,1624.271728515625,2246.3037109375,0.33869802951812744,1624.271728515625,2246.3037109375,0.3476327061653137,1624.271728515625,2246.3037109375,0.3086242079734802,2021.3651123046875,1841.8984375,0.4837799668312073,2016.8902587890625,1824.7447509765625,0.5174347758293152,2004.9573974609375,1809.8284912109375,0.5717437267303467,1996.7535400390625,1801.62451171875,0.6542041301727295,1980.3455810546875,1791.1832275390625,0.6486109495162964,1991.5328369140625,1848.6107177734375,0.7252744436264038,1974.3790283203125,1862.7811279296875,0.6815147995948792,1964.6834716796875,1875.4598388671875,0.6014930605888367,1946.7840576171875,1892.6136474609375,0.5387760400772095,2004.9573974609375,1868.0018310546875,0.7973010540008545,1995.2618408203125,1888.8846435546875,0.7888759970664978,1990.0411376953125,1906.7840576171875,0.7619180083274841,1976.6165771484375,1930.6500244140625,0.649823784828186,2022.8568115234375,1878.4432373046875,0.7885448336601257,2019.1278076171875,1899.3260498046875,0.7588808536529541,2016.8902587890625,1917.9713134765625,0.7385624647140503,2007.1947021484375,1941.8372802734375,0.6648427248001099,2039.2647705078125,1883.6639404296875,0.6750528812408447,2040.0106201171875,1903.8009033203125,0.6520408987998962,2040.7562255859375,1917.2254638671875,0.637958288192749,2040.0106201171875,1932.8875732421875,0.5617944002151489
DJI_20260917132051_0042_D.JPG,Cam 8,4,SWASTIKAPADAM,CORRECT,,RIGHT,dwpose_l_wholebody,coco_wholebody_133,OK,470.08,228.35,1,1,1766.6165771484375,879.406982421875,0.5825884342193604,1762.6868896484375,863.688232421875,0.6327762603759766,1715.5306396484375,859.758544921875,0.605728805065155,1774.4759521484375,859.758544921875,0.6547752618789673,1758.7572021484375,867.617919921875,0.6117624044418335,1790.1947021484375,855.828857421875,0.630455493927002,1731.2493896484375,867.617919921875,0.606099545955658,1656.5858154296875,891.19580078125,0.817244291305542,1817.7025146484375,887.26611328125,0.8102469444274902,1778.4056396484375,914.77392578125,0.6198889017105103,1746.9681396484375,918.70361328125,0.6012063026428223,1581.9217529296875,1068.03125,0.7549679279327393,1896.2957763671875,1071.9609375,0.811487078666687,1389.3677978515625,1276.30419921875,0.8012361526489258,2088.85009765625,1288.09326171875,0.8383861184120178,1644.7967529296875,1523.873779296875,0.6922866106033325,1853.0694580078125,1519.944091796875,0.6747881174087524,1688.0230712890625,1873.61474609375,0.5611739158630371,1849.1397705078125,1861.825927734375,0.6355224847793579,1746.9681396484375,2184.059326171875,0.6078637838363647,1805.9134521484375,2235.145263671875,0.810625433921814,1774.4759521484375,2231.215576171875,0.6395341157913208,1805.9134521484375,2282.30126953125,0.7696484327316284,1688.0230712890625,2223.356201171875,0.6535147428512573,1774.4759521484375,2239.07470703125,0.6486661434173584,1593.17041015625,1381.355224609375,0.2495514452457428,1602.60302734375,1356.0048828125,0.2721141576766968,1612.625244140625,1341.266357421875,0.35748594999313354,1627.953369140625,1329.475341796875,0.45504629611968994,1646.81884765625,1317.094970703125,0.4799554944038391,1629.721923828125,1364.258544921875,0.38359397649765015,1652.124755859375,1374.870361328125,0.4373915195465088,1666.273681640625,1389.60888671875,0.48331910371780396,1679.833251953125,1404.347412109375,0.5835467576980591,1619.1103515625,1381.94482421875,0.3291047513484955,1639.15478515625,1394.3251953125,0.463855117559433,1655.072509765625,1409.063720703125,0.46957194805145264,1670.400634765625,1424.391845703125,0.5138940811157227,1607.3193359375,1396.683349609375,0.31683582067489624,1623.82666015625,1408.47412109375,0.41225776076316833,1636.20703125,1419.0859375,0.5119912028312683,1650.35595703125,1432.055908203125,0.5381237268447876,1591.9912109375,1408.47412109375,0.3116722106933594,1598.476318359375,1416.727783203125,0.40336766839027405,1603.7822265625,1423.212890625,0.44984591007232666,1611.4462890625,1430.876953125,0.46605348587036133,1896.9300537109375,1373.1363525390625,0.33843994140625,1896.2989501953125,1350.4163818359375,0.4607798457145691,1881.15234375,1334.0074462890625,0.5234115123748779,1864.1123046875,1318.229736328125,0.5804357528686523,1847.703369140625,1297.4029541015625,0.5703909397125244,1856.5389404296875,1351.0474853515625,0.4704740345478058,1826.24560546875,1348.5230712890625,0.3876107931137085,1805.4189453125,1353.5718994140625,0.38182955980300903,1786.485595703125,1364.9320068359375,0.43226128816604614,1863.481201171875,1372.5052490234375,0.5005492568016052,1842.654541015625,1384.4964599609375,0.4052315652370453,1826.24560546875,1397.11865234375,0.3934653401374817,1812.3612060546875,1413.5274658203125,0.42324361205101013,1876.7344970703125,1390.8074951171875,0.44927120208740234,1862.218994140625,1402.798583984375,0.4367046356201172,1852.7523193359375,1415.4208984375,0.41520988941192627,1841.392333984375,1432.4608154296875,0.41450828313827515,1891.8812255859375,1405.3231201171875,0.3840870261192322,1886.201171875,1414.789794921875,0.4064117968082428,1884.307861328125,1421.100830078125,0.42621833086013794,1881.783447265625,1429.9364013671875,0.4314388036727905
DJI_20260917132053_0043_D.JPG,Cam 8,4,SWASTIKAPADAM,CORRECT,,RIGHT,dwpose_l_wholebody,coco_wholebody_133,OK,875.08,304.44,1,1,1751.0831298828125,874.3905029296875,0.5892714262008667,1755.0235595703125,854.6890869140625,0.6446762084960938,1731.3817138671875,854.6890869140625,0.6044445633888245,1770.7845458984375,850.7486572265625,0.6574500203132629,1739.2623291015625,858.6292724609375,0.6219918131828308,1758.9637451171875,850.7486572265625,0.6136666536331177,1707.7398681640625,854.6890869140625,0.6181900501251221,1660.4564208984375,882.2711181640625,0.7464468479156494,1806.2474365234375,882.2711181640625,0.7754155397415161,1766.8446044921875,909.8531494140625,0.6397620439529419,1727.4412841796875,913.7935791015625,0.62943434715271,1585.5906982421875,1063.5250244140625,0.6440917253494263,1885.0533447265625,1067.4652099609375,0.7159581780433655,1384.6353759765625,1272.3607177734375,0.7620850801467896,2078.12841796875,1284.1817626953125,0.8080191612243652,1652.5755615234375,1520.5997314453125,0.6283185482025146,1837.7698974609375,1516.6593017578125,0.6082333326339722,1680.1578369140625,1859.4654541015625,0.47487008571624756,1865.3519287109375,1851.5848388671875,0.5175857543945312,1770.7845458984375,2194.390625,0.5841296911239624,1802.3070068359375,2218.03271484375,0.7305847406387329,1790.4862060546875,2237.73388671875,0.6596341133117676,1806.2474365234375,2269.25634765625,0.7171505689620972,1699.8592529296875,2233.7939453125,0.6360645294189453,1755.0235595703125,2233.7939453125,0.6192534565925598,1587.54345703125,1378.79541015625,0.28025487065315247,1595.151611328125,1356.604736328125,0.27532196044921875,1606.564208984375,1340.75390625,0.3143766522407532,1623.048828125,1329.341552734375,0.38424229621887207,1640.16748046875,1316.027099609375,0.4227725863456726,1624.950927734375,1364.212890625,0.3669005036354065,1647.141845703125,1376.8935546875,0.4054092764854431,1661.09033203125,1390.842041015625,0.42206552624702454,1675.6728515625,1404.156494140625,0.5148457884788513,1614.806396484375,1382.599609375,0.31224536895751953,1635.09521484375,1395.914306640625,0.4794260561466217,1649.677978515625,1410.496826171875,0.45617353916168213,1667.4306640625,1426.347412109375,0.474130243062973,1602.1259765625,1397.81640625,0.314628541469574,1617.342529296875,1409.228759765625,0.4234345257282257,1630.656982421875,1420.64111328125,0.469481885433197,1645.23974609375,1434.58984375,0.4825138747692108,1587.54345703125,1409.228759765625,0.2803952097892761,1593.883544921875,1419.373046875,0.3876102864742279,1598.955810546875,1425.71337890625,0.43175387382507324,1605.296142578125,1432.687744140625,0.4213970899581909,1940.828857421875,1376.578125,0.15373894572257996,1940.828857421875,1350.0902099609375,0.16950686275959015,1623.955078125,1336.355712890625,0.22948689758777618,1632.7843017578125,1324.583251953125,0.31200534105300903,1645.537841796875,1312.8109130859375,0.34507399797439575,1628.8602294921875,1360.881591796875,0.23969727754592896,1657.3101806640625,1370.69189453125,0.24843135476112366,1671.044677734375,1383.4453125,0.24688373506069183,1684.779052734375,1406.009033203125,0.22316722571849823,1610.2205810546875,1377.55908203125,0.2672068178653717,1637.689453125,1394.2366943359375,0.2575966715812683,1660.2532958984375,1413.857421875,0.2408902794122696,1674.96875,1427.591796875,0.19357547163963318,1602.372314453125,1394.2366943359375,0.2890433371067047,1620.0308837890625,1408.9521484375,0.2848781943321228,1638.6705322265625,1422.6866455078125,0.27344590425491333,1654.3670654296875,1434.4591064453125,0.19234344363212585,1590.599853515625,1412.8763427734375,0.2876913547515869,1600.4102783203125,1419.7435302734375,0.2841721773147583,1601.3912353515625,1428.5728759765625,0.279537558555603,1607.2774658203125,1435.4400634765625,0.24782952666282654
DJI_20260917132118_0044_D.JPG,Cam 8,5,SWASTIKAPADAM,CORRECT,,LEFT,dwpose_l_wholebody,coco_wholebody_133,OK,424.34,220.29,1,1,2016.51611328125,890.806396484375,0.6964625120162964,2020.43017578125,863.40966796875,0.7230768203735352,2020.43017578125,863.40966796875,0.683759331703186,2036.08544921875,863.40966796875,0.7289981842041016,1993.033447265625,867.323486328125,0.7116537094116211,1985.205810546875,867.323486328125,0.6921572089195251,1965.63671875,871.2373046875,0.7130500078201294,1969.55029296875,882.978759765625,0.6097089052200317,1961.72265625,886.892578125,0.6587315797805786,2028.2578125,926.03076171875,0.7519288063049316,1985.205810546875,929.944580078125,0.7436764240264893,2083.05126953125,1055.18701171875,0.5458264350891113,1859.96337890625,1059.100830078125,0.541927695274353,1644.703125,1266.533447265625,0.6839310526847839,1636.87548828125,1270.447265625,0.7227908372879028,1938.23974609375,1505.276611328125,0.4995403289794922,1922.58447265625,1501.36279296875,0.524634838104248,1910.843017578125,1857.52099609375,0.487497478723526,1891.27392578125,1849.693115234375,0.4827749729156494,1903.015380859375,2162.79931640625,0.5858325958251953,1899.1015625,2154.97119140625,0.603283166885376,1891.27392578125,2194.109375,0.6510896682739258,1906.92919921875,2194.109375,0.5936607122421265,1891.27392578125,2260.64453125,0.6469407677650452,1903.015380859375,2256.73095703125,0.6181721687316895,1742.2159423828125,1071.0687255859375,0.34721601009368896,1742.2159423828125,1071.0687255859375,0.31717580556869507,1742.2159423828125,1071.0687255859375,0.30258044600486755,1742.2159423828125,1720.1585693359375,0.2972380518913269,1742.2159423828125,1071.0687255859375,0.26822903752326965,1742.2159423828125,1071.0687255859375,0.32241350412368774,1742.2159423828125,1720.1585693359375,0.2767665684223175,1742.2159423828125,1071.0687255859375,0.27716636657714844,1742.2159423828125,1071.0687255859375,0.2784215807914734,1742.2159423828125,1071.0687255859375,0.3398798704147339,1742.2159423828125,1071.0687255859375,0.27875322103500366,1742.2159423828125,1071.0687255859375,0.2639857828617096,1742.2159423828125,1071.0687255859375,0.25387653708457947,1742.2159423828125,1071.0687255859375,0.25823837518692017,1742.2159423828125,1071.0687255859375,0.28355538845062256,1742.2159423828125,1071.0687255859375,0.2530903220176697,1742.2159423828125,1720.1585693359375,0.2662385106086731,1742.2159423828125,1071.0687255859375,0.27486705780029297,1742.2159423828125,1720.1585693359375,0.27276167273521423,1742.2159423828125,1720.1585693359375,0.26663899421691895,1742.2159423828125,1071.0687255859375,0.2895474433898926,1813.432861328125,1370.0767822265625,0.35061752796173096,1828.3963623046875,1348.9215087890625,0.3478887379169464,1841.81201171875,1329.3140869140625,0.35492050647735596,1858.323486328125,1317.9625244140625,0.380751371383667,1879.9947509765625,1307.642822265625,0.43634629249572754,1863.999267578125,1343.7615966796875,0.41422104835510254,1890.314453125,1345.8255615234375,0.4731089472770691,1908.889892578125,1355.11328125,0.5105137228965759,1924.369384765625,1368.012939453125,0.6653180718421936,1856.7755126953125,1361.3050537109375,0.35615861415863037,1884.12255859375,1370.5927734375,0.521804928779602,1904.2459716796875,1385.556396484375,0.5492401123046875,1919.7255859375,1400.5198974609375,0.6995683908462524,1846.455810546875,1376.2686767578125,0.3651520609855652,1868.64306640625,1386.072265625,0.470954567193985,1886.1865234375,1397.93994140625,0.5307015180587769,1902.1820068359375,1413.41943359375,0.5787415504455566,1832.5242919921875,1390.7161865234375,0.34734103083610535,1847.48779296875,1396.3919677734375,0.43515849113464355,1860.3873291015625,1402.583740234375,0.503111720085144,1873.802978515625,1409.8076171875,0.5336477756500244
DJI_20260917132120_0045_D.JPG,Cam 8,5,SWASTIKAPADAM,CORRECT,,LEFT,dwpose_l_wholebody,coco_wholebody_133,OK,477.17,212.53,1,1,2016.406494140625,900.71533203125,0.6462039947509766,2016.406494140625,877.3583984375,0.676021933555603,2008.620849609375,877.3583984375,0.6262809038162231,2028.085205078125,873.4658203125,0.689415693283081,1993.050048828125,881.251220703125,0.6713848114013672,1993.050048828125,873.4658203125,0.6534956097602844,1965.80029296875,881.251220703125,0.6708676218986511,1907.408447265625,892.9296875,0.6363637447357178,2000.83544921875,892.9296875,0.675647497177124,2024.192138671875,939.64306640625,0.6958945989608765,1981.371337890625,939.64306640625,0.6980314254760742,1837.338134765625,1056.427001953125,0.5282982587814331,2082.584228515625,1064.212646484375,0.5844053626060486,1638.805419921875,1274.423583984375,0.7108942270278931,2288.902099609375,1274.423583984375,0.7229341268539429,1887.944580078125,1496.31298828125,0.5497483611106873,2016.406494140625,1496.31298828125,0.5344514846801758,1876.265869140625,1850.55712890625,0.5031501650810242,1903.515380859375,1838.87890625,0.45915648341178894,1895.72998046875,2154.195068359375,0.6053602695465088,1899.622802734375,2150.30224609375,0.6075645685195923,1887.944580078125,2193.123046875,0.6682978868484497,1903.515380859375,2197.015625,0.600271999835968,1899.622802734375,2255.40771484375,0.63722163438797,1911.301025390625,2247.6220703125,0.5973541736602783,2125.890380859375,1368.0948486328125,0.2689475417137146,2117.083984375,1351.2161865234375,0.3340133726596832,2099.4716796875,1336.5390625,0.33190757036209106,2081.125244140625,1326.26513671875,0.40569955110549927,2059.109619140625,1308.6527099609375,0.42438188195228577,2088.4638671875,1353.417724609375,0.3195474445819855,2062.779052734375,1352.683837890625,0.273540735244751,2041.4970703125,1351.9500732421875,0.2989027500152588,2019.481689453125,1360.0224609375,0.2825789749622345,2098.73779296875,1367.3609619140625,0.37343671917915344,2073.052978515625,1380.5703125,0.2556932270526886,2056.908203125,1391.578125,0.25132042169570923,2040.763427734375,1409.9244384765625,0.29577067494392395,2111.213134765625,1386.441162109375,0.3896130323410034,2096.5361328125,1396.715087890625,0.31317198276519775,2076.72216796875,1404.0535888671875,0.2847102880477905,2064.98046875,1420.1983642578125,0.26254698634147644,2125.890380859375,1400.3843994140625,0.3836389183998108,2118.5517578125,1409.1905517578125,0.3370971381664276,2113.414794921875,1418.730712890625,0.3490879535675049,2108.27783203125,1429.004638671875,0.4403037428855896,1652.3494873046875,1101.85498046875,0.17161306738853455,1652.3494873046875,1679.4295654296875,0.15918558835983276,1853.5399169921875,1345.99609375,0.10791104286909103,1870.4940185546875,1326.78125,0.11138853430747986,1895.3602294921875,1321.1298828125,0.11169572174549103,1869.3638916015625,1345.99609375,0.19510190188884735,1889.7088623046875,1338.0841064453125,0.17377826571464539,1897.6209716796875,1336.953857421875,0.15621508657932281,1912.3145751953125,1330.172119140625,0.1059919148683548,1860.3214111328125,1355.038330078125,0.2629023790359497,1887.4483642578125,1361.820068359375,0.22921858727931976,1917.9659423828125,1373.1229248046875,0.17331236600875854,1931.5294189453125,1403.6405029296875,0.1380256712436676,1855.8004150390625,1375.3834228515625,0.2834111154079437,1875.0152587890625,1390.0771484375,0.25271075963974,1896.4906005859375,1413.8131103515625,0.2000395953655243,1922.4871826171875,1420.5947265625,0.14623579382896423,1841.1068115234375,1401.3800048828125,0.24385833740234375,1859.1912841796875,1410.4222412109375,0.23313450813293457,1875.0152587890625,1418.334228515625,0.21117612719535828,1878.4061279296875,1429.6370849609375,0.1560128629207611
DJI_20260917132154_0046_D.JPG,Cam 8,6,ARAMANDI,INCORRECT,INSUFFICIENT_KNEE_BEND,,dwpose_l_wholebody,coco_wholebody_133,OK,443.13,297.92,1,1,1879.477294921875,773.718505859375,0.585574746131897,1875.297119140625,761.178466796875,0.6150410771369934,1808.416259765625,752.818359375,0.628821849822998,1875.297119140625,756.998291015625,0.6487305164337158,1879.477294921875,765.3583984375,0.605566143989563,1912.917724609375,748.63818359375,0.6604121923446655,1854.396728515625,761.178466796875,0.6108238697052002,1766.61572265625,786.258544921875,0.8378671407699585,1925.457763671875,777.898681640625,0.8261842727661133,1883.6572265625,815.51904296875,0.5863921046257019,1866.93701171875,815.51904296875,0.5623232126235962,1687.194580078125,966.001220703125,0.778980016708374,2013.239013671875,966.001220703125,0.8449454307556152,1499.092041015625,1175.003662109375,0.8092219233512878,2209.701416015625,1183.36376953125,0.8205931186676025,1745.715576171875,1442.527099609375,0.7108665704727173,1963.078369140625,1442.527099609375,0.6768697500228882,1724.815185546875,1814.552001953125,0.7748383283615112,1958.898193359375,1818.732177734375,0.8163886070251465,1770.795654296875,2182.396728515625,0.8185780048370361,1912.917724609375,2207.477294921875,0.8321524858474731,1791.696044921875,2232.557373046875,0.8306095004081726,1896.197509765625,2253.457763671875,0.7938014268875122,1662.1142578125,2199.116943359375,0.7104418277740479,2038.319091796875,2190.757080078125,0.7660481929779053,1707.42236328125,1263.665283203125,0.35663890838623047,1713.045654296875,1241.734130859375,0.42017075419425964,1725.4169921875,1228.23828125,0.4631327986717224,1737.788330078125,1219.240966796875,0.5562241077423096,1757.469970703125,1204.620361328125,0.5484265089035034,1751.8466796875,1250.169189453125,0.508646547794342,1771.5283203125,1255.79248046875,0.5474507808685303,1785.58642578125,1263.102783203125,0.605117678642273,1801.894287109375,1273.787109375,0.680055558681488,1742.84912109375,1270.4130859375,0.4569050967693329,1756.34521484375,1281.659912109375,0.5800513625144958,1765.342529296875,1294.03125,0.6504384279251099,1776.02685546875,1310.3388671875,0.6869782209396362,1727.10400390625,1283.346923828125,0.4291318655014038,1734.9765625,1294.03125,0.5112510323524475,1740.599853515625,1305.27783203125,0.6355726718902588,1747.347900390625,1320.4609375,0.6398279070854187,1709.109375,1291.219482421875,0.4250619411468506,1712.483154296875,1299.654541015625,0.45966145396232605,1714.732666015625,1305.27783203125,0.4832208752632141,1718.106689453125,1312.02587890625,0.45608508586883545,2004.5299072265625,1265.6129150390625,0.3060917854309082,2001.1273193359375,1242.361328125,0.31304073333740234,1992.0533447265625,1226.482177734375,0.41320106387138367,1985.2481689453125,1211.170166015625,0.5074700117111206,1974.4730224609375,1193.5897216796875,0.6023468971252441,1965.3992919921875,1241.794189453125,0.4837079346179962,1944.9832763671875,1240.0928955078125,0.5299489498138428,1926.8355712890625,1242.9283447265625,0.5739251971244812,1905.8524169921875,1249.1666259765625,0.671271800994873,1972.7716064453125,1261.075927734375,0.4575864374637604,1958.0267333984375,1267.88134765625,0.5197336673736572,1947.2515869140625,1275.2537841796875,0.5531164407730103,1933.0738525390625,1287.730224609375,0.5992553234100342,1988.0836181640625,1278.08935546875,0.4242708683013916,1976.7413330078125,1286.595947265625,0.4609253406524658,1968.2347412109375,1296.803955078125,0.48131516575813293,1960.2952880859375,1307.011962890625,0.5067932605743408,2004.5299072265625,1290.5657958984375,0.42249733209609985,2000.5601806640625,1300.2066650390625,0.4512978792190552,1996.5902099609375,1310.4146728515625,0.46598488092422485,1992.6204833984375,1324.5924072265625,0.44927316904067993
DJI_20260917132156_0047_D.JPG,Cam 8,6,ARAMANDI,INCORRECT,INSUFFICIENT_KNEE_BEND,,dwpose_l_wholebody,coco_wholebody_133,OK,463.08,192.18,1,1,1915.645751953125,783.626953125,0.6473511457443237,1899.185302734375,767.16650390625,0.6428264379501343,1849.804443359375,763.051513671875,0.6005289554595947,1895.0703125,763.051513671875,0.6715059280395508,1903.300537109375,779.511962890625,0.6363506317138672,1923.875732421875,758.9365234375,0.7169493436813354,1882.72509765625,771.28173828125,0.6313713788986206,1763.387451171875,791.857177734375,0.8340111970901489,1915.645751953125,787.7421875,0.8332995176315308,1907.415771484375,820.662841796875,0.6107621192932129,1899.185302734375,816.547607421875,0.5886411666870117,1681.0859375,972.9208984375,0.7789828777313232,2002.0625,977.0361328125,0.8263144493103027,1500.022216796875,1182.7900390625,0.8132173418998718,2191.356201171875,1199.25048828125,0.8252507448196411,1738.697021484375,1446.155517578125,0.706466794013977,1952.681396484375,1446.155517578125,0.6800919771194458,1730.467041015625,1828.8583984375,0.7767801284790039,1956.796630859375,1824.743408203125,0.8200322389602661,1771.617919921875,2207.4462890625,0.8336846828460693,1915.645751953125,2219.79150390625,0.8327516317367554,1792.193115234375,2256.8271484375,0.8331122398376465,1899.185302734375,2260.9423828125,0.8013877868652344,1656.3955078125,2219.79150390625,0.7234464287757874,2043.213134765625,2207.4462890625,0.8014000654220581,1703.12890625,1274.686767578125,0.33452659845352173,1708.1607666015625,1252.8822021484375,0.3950934112071991,1721.5789794921875,1239.4638671875,0.4224376082420349,1735.5562744140625,1228.8411865234375,0.5114795565605164,1754.00634765625,1215.98193359375,0.4925585091114044,1746.1790771484375,1261.82763671875,0.46991395950317383,1765.747314453125,1266.8594970703125,0.5242413878440857,1780.2838134765625,1274.127685546875,0.5803413391113281,1796.49755859375,1284.19140625,0.6512184143066406,1737.233642578125,1280.8367919921875,0.43700307607650757,1750.0927734375,1292.0186767578125,0.5606306791305542,1759.5972900390625,1304.3187255859375,0.649244487285614,1770.2200927734375,1318.855224609375,0.6987749338150024,1721.5789794921875,1293.6959228515625,0.41207608580589294,1729.96533203125,1304.8778076171875,0.49149277806282043,1735.5562744140625,1316.0596923828125,0.6273947954177856,1742.265380859375,1330.0369873046875,0.6359432339668274,1703.68798828125,1300.9642333984375,0.40445613861083984,1708.1607666015625,1309.90966796875,0.4578210115432739,1710.9561767578125,1315.5006103515625,0.48994874954223633,1715.988037109375,1323.886962890625,0.44686317443847656,1996.028564453125,1278.5572509765625,0.2935854196548462,1994.453369140625,1255.4566650390625,0.2894560694694519,1984.47802734375,1239.1812744140625,0.38512885570526123,1978.177978515625,1225.005859375,0.4785822331905365,1968.20263671875,1207.1553955078125,0.569652795791626,1959.277587890625,1254.4066162109375,0.4579924941062927,1938.27685546875,1251.256591796875,0.5037768483161926,1921.4765625,1254.4066162109375,0.5292976498603821,1901.0009765625,1261.2318115234375,0.6288807392120361,1966.1025390625,1273.30712890625,0.4496077299118042,1950.877197265625,1279.082275390625,0.4934113025665283,1939.326904296875,1288.007568359375,0.5465503334999084,1925.676513671875,1299.557861328125,0.6461127996444702,1980.802978515625,1289.0576171875,0.4004322290420532,1971.352783203125,1296.9327392578125,0.45849400758743286,1963.4775390625,1306.9080810546875,0.49193841218948364,1954.02734375,1317.4083251953125,0.5184144377708435,1997.603515625,1299.557861328125,0.40297314524650574,1995.50341796875,1307.9580078125,0.4157469868659973,1991.828369140625,1314.783203125,0.4191340506076813,1986.05322265625,1328.43359375,0.385860800743103
DJI_20260917132232_0048_D.JPG,Cam 8,7,ARAMANDI,INCORRECT,FEET_TOO_FAR_APART,,dwpose_l_wholebody,coco_wholebody_133,OK,455.19,210.23,1,1,1897.108642578125,903.2830810546875,0.6241880655288696,1889.366943359375,883.9285888671875,0.6329218745231628,1866.141357421875,880.0574951171875,0.5764408111572266,1893.237548828125,880.0574951171875,0.6585688591003418,1873.883056640625,891.6702880859375,0.6264662742614746,1889.366943359375,876.1868896484375,0.6481118202209473,1850.65771484375,887.7994384765625,0.619369626045227,1746.142822265625,899.4122314453125,0.734458863735199,1893.237548828125,895.5413818359375,0.7658429145812988,1897.108642578125,941.9923095703125,0.6588971018791199,1870.01220703125,945.8631591796875,0.6247782707214355,1680.33740234375,1077.4742431640625,0.6869122385978699,1966.784912109375,1077.4742431640625,0.7501471042633057,1494.533447265625,1290.3746337890625,0.7662655115127563,2164.201904296875,1290.3746337890625,0.8156205415725708,1738.401123046875,1534.2420654296875,0.6154849529266357,1943.5595703125,1514.8875732421875,0.6160652041435242,1571.95166015625,1805.2061767578125,0.7157629132270813,2110.009033203125,1785.8519287109375,0.6189574003219604,1684.208251953125,2188.4267578125,0.7060149908065796,2009.364990234375,2196.16845703125,0.7053384780883789,1726.788330078125,2234.8779296875,0.7626038193702698,1974.52685546875,2231.0068359375,0.6704232692718506,1548.726318359375,2200.03955078125,0.7130469083786011,2152.589111328125,2180.68505859375,0.631298840045929,1685.4306640625,1380.8482666015625,0.30529099702835083,1693.63525390625,1359.7506103515625,0.3017570376396179,1707.7003173828125,1344.513427734375,0.3476537764072418,1724.109619140625,1333.3785400390625,0.3998844623565674,1743.4490966796875,1322.8297119140625,0.4867306351661682,1724.6956787109375,1367.9552001953125,0.42868104577064514,1743.4490966796875,1379.6761474609375,0.42337343096733093,1756.3421630859375,1391.3970947265625,0.4306747615337372,1769.8211669921875,1403.7039794921875,0.5562727451324463,1714.73291015625,1386.1226806640625,0.3815886378288269,1731.1422119140625,1400.7738037109375,0.48398905992507935,1742.277099609375,1416.5970458984375,0.4830131530761719,1755.756103515625,1434.1783447265625,0.493520587682724,1701.25390625,1400.187744140625,0.3681749105453491,1712.9747314453125,1411.90869140625,0.44465604424476624,1724.6956787109375,1427.1458740234375,0.49371686577796936,1737.588623046875,1441.7969970703125,0.531453013420105,1686.602783203125,1411.3226318359375,0.3523728549480438,1693.0491943359375,1421.285400390625,0.42096227407455444,1698.90966796875,1430.0760498046875,0.48732608556747437,1706.5283203125,1440.038818359375,0.50413978099823,2026.3453369140625,1161.1051025390625,0.20734864473342896,2026.3453369140625,1346.2318115234375,0.21679697930812836,2026.3453369140625,1341.46044921875,0.17313379049301147,1733.38720703125,1330.00927734375,0.2474345564842224,1753.4266357421875,1312.8326416015625,0.3293110430240631,2026.3453369140625,1365.3170166015625,0.1737196147441864,1946.1873779296875,1380.585205078125,0.14496687054634094,1935.6905517578125,1329.0550537109375,0.15169578790664673,1919.4681396484375,1313.786865234375,0.14304184913635254,1966.2269287109375,1376.76806640625,0.18981772661209106,1935.6905517578125,1395.8533935546875,0.15227283537387848,1917.5596923828125,1419.7098388671875,0.14363576471805573,1896.5657958984375,1432.115234375,0.14226685464382172,2026.3453369140625,1390.1278076171875,0.21804317831993103,1713.34765625,1413.030029296875,0.17057237029075623,2026.3453369140625,1428.2982177734375,0.165631502866745,2026.3453369140625,1440.70361328125,0.1412799209356308,2026.3453369140625,1405.39599609375,0.2131175398826599,2026.3453369140625,1421.618408203125,0.20943883061408997,2026.3453369140625,1431.1610107421875,0.19915050268173218,2026.3453369140625,1438.7950439453125,0.15233370661735535
DJI_20260917132234_0049_D.JPG,Cam 8,7,ARAMANDI,INCORRECT,FEET_TOO_FAR_APART,,dwpose_l_wholebody,coco_wholebody_133,OK,448.11,204.33,1,1,1908.0528564453125,910.76953125,0.684005856513977,1900.3428955078125,887.63916015625,0.68336021900177,1888.7774658203125,883.7841796875,0.613802433013916,1904.1978759765625,883.7841796875,0.7030760049819946,1884.9224853515625,891.494140625,0.6742857694625854,1892.6326904296875,883.7841796875,0.6846689581871033,1865.6470947265625,891.494140625,0.6553941965103149,1749.9942626953125,906.91455078125,0.6978729963302612,1881.0675048828125,903.0595703125,0.718400239944458,1904.1978759765625,949.320556640625,0.725430428981781,1877.2122802734375,953.17578125,0.687555730342865,1684.4576416015625,1088.10400390625,0.6442723274230957,1962.0245361328125,1088.10400390625,0.7252492904663086,1495.5579833984375,1296.279052734375,0.7505481243133545,2158.6337890625,1292.423828125,0.7869529724121094,1746.1392822265625,1531.43994140625,0.5920761823654175,1938.8936767578125,1516.01953125,0.6011434197425842,1564.9498291015625,1809.00634765625,0.6827468872070312,2120.0830078125,1789.73095703125,0.5973567962646484,1680.6024169921875,2190.66064453125,0.6394318342208862,2015.9957275390625,2206.0810546875,0.6433999538421631,1726.8636474609375,2240.77685546875,0.7153087854385376,1965.8795166015625,2240.77685546875,0.6252616047859192,1553.3843994140625,2202.22607421875,0.6666989326477051,2147.06884765625,2190.66064453125,0.6049299836158752,1689.6180419921875,1386.962646484375,0.3491426110267639,1695.9957275390625,1365.5103759765625,0.3492928147315979,1709.3309326171875,1351.015625,0.38455307483673096,1726.724609375,1339.419921875,0.4425738751888275,1746.4373779296875,1328.983642578125,0.5218335390090942,1728.4639892578125,1373.62744140625,0.4659219980239868,1747.596923828125,1384.6434326171875,0.45353996753692627,1760.93212890625,1396.2392578125,0.4520552158355713,1775.4268798828125,1408.414794921875,0.5595377087593079,1719.187255859375,1391.6009521484375,0.3991279602050781,1734.841552734375,1406.095703125,0.5155246257781982,1745.27783203125,1420.0106201171875,0.5168200135231018,1758.6129150390625,1437.9840087890625,0.5375913381576538,1705.2723388671875,1405.515869140625,0.37521928548812866,1716.288330078125,1417.69140625,0.4827190041542053,1726.144775390625,1431.026611328125,0.5295286178588867,1740.0596923828125,1444.9415283203125,0.5587161779403687,1690.7777099609375,1415.9520263671875,0.3504978120326996,1695.9957275390625,1425.2286376953125,0.4420749545097351,1701.793701171875,1433.345703125,0.5090785026550293,1709.3309326171875,1443.2021484375,0.5427777767181396,2026.143310546875,1368.7891845703125,0.1868477612733841,2026.143310546875,1354.3485107421875,0.21258071064949036,2026.143310546875,1346.646728515625,0.16369155049324036,1736.3665771484375,1335.09423828125,0.22951361536979675,1754.658203125,1320.6534423828125,0.31462377309799194,1967.417724609375,1369.7518310546875,0.1827326864004135,1948.16357421875,1377.45361328125,0.16768191754817963,1937.57373046875,1331.2432861328125,0.19121098518371582,1926.02099609375,1322.578857421875,0.20582397282123566,1969.34326171875,1383.2298583984375,0.20387119054794312,1941.424560546875,1395.7451171875,0.18658825755119324,1920.244873046875,1418.8502197265625,0.1734715700149536,1900.990478515625,1431.365478515625,0.17765642702579498,2026.143310546875,1397.6705322265625,0.21698151528835297,1956.827880859375,1415.962158203125,0.1711881458759308,1931.79736328125,1429.4400634765625,0.1776915192604065,2026.143310546875,1441.955322265625,0.14964908361434937,2026.143310546875,1418.8502197265625,0.2252417504787445,2026.143310546875,1427.5146484375,0.2296382635831833,2026.143310546875,1436.1790771484375,0.22219011187553406,1968.38037109375,1444.843505859375,0.1798454225063324
DJI_20260917132249_0050_D.JPG,Cam 8,8,ARAMANDI,INCORRECT,FEET_NOT_IN_LINE,,dwpose_l_wholebody,coco_wholebody_133,OK,429.76,184.18,1,1,1902.350341796875,920.4556884765625,0.6716477870941162,1887.011962890625,905.1173095703125,0.668928325176239,1837.161865234375,897.4481201171875,0.6065623760223389,1883.177490234375,901.2825927734375,0.6843884587287903,1887.011962890625,912.7864990234375,0.6628268957138062,1906.18505859375,893.6134033203125,0.7266878485679626,1864.004150390625,908.9520263671875,0.6623435020446777,1748.965576171875,920.4556884765625,0.8369268774986267,1898.515869140625,912.7864990234375,0.8396745324134827,1894.681396484375,951.1326904296875,0.6572064757347107,1883.177490234375,954.9674072265625,0.6316072344779968,1683.77685546875,1077.6754150390625,0.790217399597168,1979.04296875,1081.5098876953125,0.8317805528640747,1507.384033203125,1284.7449951171875,0.8285013437271118,2166.939697265625,1288.5797119140625,0.8393383026123047,1741.296142578125,1503.3187255859375,0.7130346298217773,1952.200439453125,1499.4840087890625,0.6757584810256958,1760.469482421875,1856.1041259765625,0.7102767825126648,1944.531494140625,1844.6002197265625,0.7199554443359375,1802.650146484375,2166.70849609375,0.69681316614151,1921.523681640625,2159.03955078125,0.7437682151794434,1821.823486328125,2205.0546875,0.7113561630249023,1921.523681640625,2193.55078125,0.7066344618797302,1737.461669921875,2182.046875,0.6508368253707886,1979.04296875,2147.53564453125,0.683734655380249,1702.18310546875,1379.716064453125,0.26834386587142944,1703.25732421875,1357.1556396484375,0.29660603404045105,1714.0003662109375,1343.726806640625,0.3903021812438965,1725.2806396484375,1330.835205078125,0.45428016781806946,1744.6180419921875,1317.943603515625,0.5320716500282288,1727.96630859375,1361.989990234375,0.4343739449977875,1742.469482421875,1371.6588134765625,0.4208834171295166,1752.67529296875,1381.3275146484375,0.4547828435897827,1763.4183349609375,1394.2191162109375,0.585432767868042,1716.6861572265625,1378.6417236328125,0.37901562452316284,1726.3548583984375,1390.9962158203125,0.4340246915817261,1734.9493408203125,1404.425048828125,0.4777810573577881,1744.0809326171875,1420.53955078125,0.5276379585266113,1702.18310546875,1392.607666015625,0.35174301266670227,1711.314697265625,1402.2764892578125,0.3994427025318146,1718.297607421875,1412.4822998046875,0.4842003583908081,1727.96630859375,1424.8367919921875,0.5042476654052734,1688.2171630859375,1402.2764892578125,0.34798863530158997,1690.90283203125,1409.2593994140625,0.4232006371021271,1695.2000732421875,1415.7052001953125,0.48836371302604675,1702.18310546875,1424.2996826171875,0.5160173177719116,1984.4901123046875,1377.61669921875,0.2915932536125183,1981.5855712890625,1356.317626953125,0.28752601146698,1975.2928466796875,1337.9229736328125,0.4306333661079407,1968.0316162109375,1322.916748046875,0.5783343315124512,1957.3822021484375,1305.9742431640625,0.6177719831466675,1959.3184814453125,1354.38134765625,0.4767586588859558,1941.8919677734375,1350.5087890625,0.505358099937439,1926.4017333984375,1352.445068359375,0.4772050976753235,1909.9432373046875,1358.25390625,0.501443088054657,1968.9998779296875,1370.3555908203125,0.4897519052028656,1955.9300537109375,1377.132568359375,0.5341039896011353,1944.3123779296875,1385.8458251953125,0.5896002054214478,1929.7901611328125,1398.431640625,0.6639987230300903,1981.5855712890625,1386.3299560546875,0.48689883947372437,1973.8404541015625,1395.5272216796875,0.4870685338973999,1966.0953369140625,1405.6927490234375,0.5653105974197388,1955.9300537109375,1416.8262939453125,0.6419024467468262,1994.1715087890625,1397.4635009765625,0.5134381651878357,1995.1395263671875,1407.1448974609375,0.5383579730987549,1994.6556396484375,1413.4378662109375,0.5752210021018982,1994.1715087890625,1421.1829833984375,0.5855035781860352
DJI_20260917132251_0051_D.JPG,Cam 8,8,ARAMANDI,INCORRECT,FEET_NOT_IN_LINE,,dwpose_l_wholebody,coco_wholebody_133,OK,465.62,196.16,1,1,1891.0465087890625,922.434326171875,0.659034252166748,1875.6597900390625,907.04736328125,0.664074182510376,1821.8057861328125,899.35400390625,0.6013203859329224,1871.8131103515625,903.20068359375,0.6777567863464355,1875.6597900390625,914.740966796875,0.6618518829345703,1898.7398681640625,899.35400390625,0.7247520685195923,1852.5794677734375,910.894287109375,0.6653256416320801,1741.0250244140625,922.434326171875,0.8481550216674805,1891.0465087890625,918.587646484375,0.8380641937255859,1883.3531494140625,957.0546875,0.6406478881835938,1871.8131103515625,960.9013671875,0.6239948272705078,1675.6312255859375,1091.689208984375,0.8060495853424072,1967.9805908203125,1087.842529296875,0.8265987634658813,1494.8363037109375,1295.564453125,0.8310533761978149,2160.3154296875,1291.7177734375,0.8333537578582764,1733.3316650390625,1514.826171875,0.7167397737503052,1941.0535888671875,1510.9794921875,0.6769018173217773,1741.0250244140625,1861.029541015625,0.7121176719665527,1933.3602294921875,1853.3359375,0.7271497249603271,1783.3389892578125,2164.9189453125,0.7048661708831787,1910.2799072265625,2161.072265625,0.7692838907241821,1794.8790283203125,2207.232421875,0.7222954034805298,1906.4332275390625,2199.5390625,0.7345376014709473,1744.8717041015625,2191.845703125,0.6672269105911255,1967.9805908203125,2157.2255859375,0.7036008238792419,1694.7384033203125,1386.7471923828125,0.2685295343399048,1696.363037109375,1365.626953125,0.2876882553100586,1706.65234375,1351.0052490234375,0.3839147686958313,1718.0247802734375,1336.383544921875,0.4469800591468811,1734.27099609375,1323.9281005859375,0.528926432132721,1719.1077880859375,1367.2515869140625,0.3772115707397461,1734.27099609375,1374.2916259765625,0.39265263080596924,1744.018798828125,1383.4979248046875,0.4524456262588501,1754.8497314453125,1397.0364990234375,0.5202620029449463,1707.19384765625,1384.0394287109375,0.351923406124115,1717.483154296875,1394.3287353515625,0.3858449459075928,1727.23095703125,1408.4088134765625,0.43015915155410767,1735.3541259765625,1424.1136474609375,0.448300838470459,1694.7384033203125,1398.1195068359375,0.3315340280532837,1702.8614501953125,1406.7843017578125,0.3579618036746979,1710.984619140625,1417.0736083984375,0.4314231276512146,1719.1077880859375,1429.529052734375,0.40122729539871216,1680.658203125,1408.950439453125,0.33874964714050293,1684.4490966796875,1416.531982421875,0.4147498309612274,1688.2398681640625,1421.9473876953125,0.4745534062385559,1694.7384033203125,1429.529052734375,0.4825761616230011,1976.2698974609375,1376.569091796875,0.2602558135986328,1973.9544677734375,1353.8800048828125,0.2987602651119232,1966.0828857421875,1338.5994873046875,0.4269863963127136,1960.0633544921875,1325.63427734375,0.545452892780304,1950.3392333984375,1309.890869140625,0.5311107635498047,1954.5067138671875,1355.26904296875,0.41693490743637085,1936.4481201171875,1351.564697265625,0.4121074080467224,1918.852294921875,1356.1951904296875,0.35905200242996216,1900.793701171875,1362.6778564453125,0.40198713541030884,1963.7677001953125,1372.86474609375,0.4134496748447418,1949.8763427734375,1379.347412109375,0.4643157422542572,1938.3001708984375,1388.6082763671875,0.5223692655563354,1923.019775390625,1402.0364990234375,0.6139353513717651,1974.8807373046875,1389.0712890625,0.469767302274704,1968.3980712890625,1397.4061279296875,0.4865928292274475,1960.5262451171875,1407.593017578125,0.5617939233779907,1949.4132080078125,1419.6322021484375,0.6150944828987122,1986.9197998046875,1399.25830078125,0.507923424243927,1988.3089599609375,1408.5191650390625,0.4923943281173706,1988.3089599609375,1415.4647216796875,0.506908118724823,1986.9197998046875,1424.2625732421875,0.5665417313575745
DJI_20260917132329_0052_D.JPG,Cam 8,9,SAMAPADHAM,INCORRECT,FEET_TOO_FAR_APART,,dwpose_l_wholebody,coco_wholebody_133,OK,440.62,244.93,1,1,1891.1884765625,755.164306640625,0.6278736591339111,1878.4208984375,733.885009765625,0.6577857732772827,1814.582763671875,729.629150390625,0.617186427116394,1874.1650390625,729.629150390625,0.6823688745498657,1878.4208984375,738.140869140625,0.6473067998886108,1908.212158203125,725.373291015625,0.7197368741035461,1857.141357421875,738.140869140625,0.6565762162208557,1742.232666015625,755.164306640625,0.8417075276374817,1903.956298828125,750.908447265625,0.8391292691230774,1878.4208984375,793.46728515625,0.6162922382354736,1874.1650390625,793.46728515625,0.6047461032867432,1669.882568359375,938.167236328125,0.7978993058204651,1993.32958984375,929.655517578125,0.8461112976074219,1491.1357421875,1146.705322265625,0.816429078578949,2180.58837890625,1138.193603515625,0.819373369216919,1733.720947265625,1397.802490234375,0.7270863056182861,1955.026611328125,1406.314208984375,0.6866375207901001,1712.441650390625,1802.111083984375,0.8439542055130005,1980.56201171875,1819.134521484375,0.8468691110610962,1720.953369140625,2197.90771484375,0.8666079640388489,1984.81787109375,2172.37255859375,0.862455427646637,1733.720947265625,2244.72265625,0.8606777191162109,1972.05029296875,2223.443115234375,0.8308064341545105,1742.232666015625,2206.419677734375,0.7119920253753662,1959.282470703125,2197.90771484375,0.7941343784332275,1692.13427734375,1242.52001953125,0.19667381048202515,1695.9718017578125,1216.75390625,0.2291450798511505,1706.3878173828125,1198.6629638671875,0.310269832611084,1718.4486083984375,1184.95751953125,0.379245400428772,1735.4432373046875,1168.5111083984375,0.49786293506622314,1735.9913330078125,1212.91650390625,0.35746175050735474,1755.1788330078125,1215.657470703125,0.40865567326545715,1769.432373046875,1224.428955078125,0.45465490221977234,1782.5894775390625,1234.2967529296875,0.5771586894989014,1729.9610595703125,1232.1038818359375,0.30723899602890015,1750.2449951171875,1240.3271484375,0.43089476227760315,1764.49853515625,1251.839599609375,0.5278120040893555,1779.30029296875,1265.544921875,0.6264700889587402,1719.5450439453125,1245.8092041015625,0.29193997383117676,1734.3468017578125,1254.5806884765625,0.4011356234550476,1745.8592529296875,1263.9002685546875,0.5103106498718262,1759.5645751953125,1275.9610595703125,0.608100950717926,1702.5504150390625,1258.418212890625,0.27599775791168213,1711.32177734375,1264.448486328125,0.33014118671417236,1722.2860107421875,1268.834228515625,0.4144883453845978,1733.2503662109375,1275.9610595703125,0.4946674108505249,1989.1239013671875,1234.584716796875,0.28623735904693604,1985.1925048828125,1212.1199951171875,0.286950945854187,1978.4530029296875,1191.9017333984375,0.3706866502761841,1973.9600830078125,1172.2449951171875,0.4299010634422302,1970.0286865234375,1149.2186279296875,0.4300822615623474,1950.3721923828125,1204.8189697265625,0.4656110405921936,1929.5921630859375,1199.764404296875,0.4945674538612366,1912.1820068359375,1200.3260498046875,0.5449588298797607,1893.0869140625,1205.380615234375,0.6312759518623352,1956.5499267578125,1222.790771484375,0.43183961510658264,1940.8245849609375,1226.7220458984375,0.5009132623672485,1926.7840576171875,1234.584716796875,0.5707598924636841,1911.0587158203125,1245.2554931640625,0.6133756041526794,1971.1519775390625,1239.6392822265625,0.3688209354877472,1960.4813232421875,1245.817138671875,0.43678921461105347,1949.2489013671875,1255.3646240234375,0.5165864825248718,1935.7698974609375,1267.7203369140625,0.5474838018417358,1987.4390869140625,1251.9949951171875,0.39796775579452515,1984.0692138671875,1256.4879150390625,0.4076743721961975,1977.3299560546875,1262.6656494140625,0.458504855632782,1966.0975341796875,1271.0899658203125,0.45988667011260986
DJI_20260917132332_0053_D.JPG,Cam 8,9,SAMAPADHAM,INCORRECT,FEET_TOO_FAR_APART,,dwpose_l_wholebody,coco_wholebody_133,OK,422.78,335.89,1,1,1869.86083984375,774.476318359375,0.593561589717865,1857.244873046875,761.8603515625,0.6244328022003174,1794.1650390625,753.44970703125,0.6322530508041382,1857.244873046875,753.44970703125,0.6543436050415039,1865.655517578125,766.065673828125,0.6086812615394592,1899.298095703125,745.0390625,0.6780812740325928,1840.42333984375,761.8603515625,0.6191010475158691,1747.90625,778.681640625,0.8406901359558105,1907.708740234375,770.27099609375,0.8336265087127686,1865.655517578125,816.52978515625,0.5902221202850342,1857.244873046875,816.52978515625,0.5723799467086792,1668.0048828125,946.894775390625,0.7887306213378906,1996.0205078125,942.689453125,0.8371315002441406,1491.38134765625,1165.57177734375,0.8150668144226074,2181.054931640625,1157.1611328125,0.8315520286560059,1731.0849609375,1409.48095703125,0.7183416485786438,1958.172607421875,1422.0966796875,0.6816096901893616,1710.058349609375,1821.60302734375,0.8323888778686523,1987.60986328125,1830.013671875,0.8349449634552002,1718.468994140625,2208.4931640625,0.8651055693626404,1979.19921875,2183.26123046875,0.8503592610359192,1735.290283203125,2254.75146484375,0.8684942722320557,1970.78857421875,2237.93017578125,0.8161513805389404,1735.290283203125,2221.10888671875,0.7013939619064331,1962.3779296875,2221.10888671875,0.7919197082519531,1693.8377685546875,1253.00390625,0.25391685962677,1699.9398193359375,1232.663818359375,0.28019094467163086,1710.10986328125,1214.8662109375,0.37252140045166016,1720.2799072265625,1201.1365966796875,0.5012509822845459,1735.0264892578125,1184.35595703125,0.5855193734169006,1737.060546875,1229.104248046875,0.5094606876373291,1756.3836669921875,1231.6468505859375,0.48100608587265015,1770.11328125,1237.748779296875,0.5489531755447388,1783.8427734375,1247.410400390625,0.6712350845336914,1733.5009765625,1246.90185546875,0.4297953248023987,1750.7901611328125,1254.0208740234375,0.5307142734527588,1765.5367431640625,1264.699462890625,0.5950274467468262,1780.2833251953125,1278.9376220703125,0.64039146900177,1722.31396484375,1262.156982421875,0.38249534368515015,1735.5350341796875,1269.2760009765625,0.5071313977241516,1747.7391357421875,1278.4290771484375,0.5912907123565674,1762.4857177734375,1289.6162109375,0.690504789352417,1706.0418701171875,1275.3780517578125,0.33113253116607666,1714.6864013671875,1278.9376220703125,0.4515850245952606,1724.347900390625,1284.0225830078125,0.5271894931793213,1736.552001953125,1290.6331787109375,0.5790164470672607,1987.8096923828125,1249.4556884765625,0.30345380306243896,1987.8096923828125,1226.560546875,0.3153926432132721,1981.2681884765625,1205.8458251953125,0.4152216911315918,1977.4522705078125,1187.3116455078125,0.5262132883071899,1972.5462646484375,1164.9615478515625,0.5327054262161255,1951.2864990234375,1221.109375,0.46518588066101074,1930.5716552734375,1215.6580810546875,0.4924527704715729,1914.2181396484375,1216.2032470703125,0.5233402252197266,1895.1387939453125,1220.564208984375,0.6388431191444397,1958.3731689453125,1239.098388671875,0.4478100538253784,1943.1094970703125,1242.914306640625,0.5041447281837463,1929.4815673828125,1250.0008544921875,0.5871278047561646,1913.6729736328125,1261.448486328125,0.6380223035812378,1971.4559326171875,1255.4521484375,0.38265642523765564,1960.5535888671875,1262.5386962890625,0.45150893926620483,1950.7413330078125,1271.8057861328125,0.5231846570968628,1937.6583251953125,1283.25341796875,0.5900426506996155,1987.8096923828125,1267.989990234375,0.4177253842353821,1983.4488525390625,1272.3509521484375,0.439058780670166,1977.9974365234375,1278.8924560546875,0.4938417375087738,1967.6402587890625,1287.6143798828125,0.5363541841506958
DJI_20260917132546_0054_D.JPG,Cam 8,10,SAMAPADHAM,INCORRECT,FEET_NOT_ALIGNED,,dwpose_l_wholebody,coco_wholebody_133,OK,447.42,182.57,1,1,1913.82861328125,777.874755859375,0.6592143774032593,1901.341796875,761.2255859375,0.6688370704650879,1851.393798828125,752.90087890625,0.6192206144332886,1897.179443359375,757.063232421875,0.6808283925056458,1901.341796875,769.550048828125,0.6590297222137451,1922.1533203125,748.738525390625,0.7152875661849976,1876.36767578125,765.3876953125,0.6604619026184082,1772.3095703125,773.71240234375,0.8345307111740112,1922.1533203125,765.3876953125,0.8278201818466187,1909.666259765625,815.335693359375,0.6384127140045166,1893.01708984375,819.498046875,0.6200274229049683,1697.3876953125,944.367919921875,0.7977219223976135,2009.56201171875,944.367919921875,0.8281556367874146,1522.5703125,1156.646240234375,0.8123245239257812,2192.70458984375,1148.32177734375,0.8162353038787842,1759.82275390625,1398.061279296875,0.6980221271514893,1976.263671875,1398.061279296875,0.6760578155517578,1788.958984375,1785.157470703125,0.8019016981124878,1963.776611328125,1776.832763671875,0.8006972074508667,1809.7705078125,2143.117431640625,0.7972406148910522,1922.1533203125,2138.955078125,0.8136782646179199,1818.09521484375,2184.740478515625,0.8019338846206665,1909.666259765625,2184.740478515625,0.7978986501693726,1768.1474609375,2159.7666015625,0.6869299411773682,1976.263671875,2138.955078125,0.7403228878974915,1719.305419921875,1238.443359375,0.25413182377815247,1725.2451171875,1216.8446044921875,0.29191315174102783,1732.8046875,1200.10546875,0.346989244222641,1739.8243408203125,1186.0662841796875,0.419907808303833,1747.3839111328125,1163.3875732421875,0.48146355152130127,1763.04296875,1216.8446044921875,0.4322797656059265,1784.101806640625,1221.7042236328125,0.44951510429382324,1798.6810302734375,1229.8038330078125,0.5007522702217102,1813.8001708984375,1241.1431884765625,0.64664226770401,1758.1832275390625,1234.66357421875,0.3636647164821625,1778.7021484375,1241.6832275390625,0.5056290626525879,1794.9012451171875,1250.8626708984375,0.5719054937362671,1812.1802978515625,1263.281982421875,0.6968778967857361,1746.8438720703125,1248.7027587890625,0.35000985860824585,1760.8831787109375,1255.722412109375,0.48018479347229004,1774.92236328125,1262.7420654296875,0.5704460144042969,1791.1214599609375,1270.3016357421875,0.6573276519775391,1729.5648193359375,1261.1220703125,0.326509952545166,1735.5045166015625,1265.44189453125,0.38567978143692017,1742.524169921875,1267.6016845703125,0.4242454469203949,1752.24365234375,1271.3814697265625,0.4371401071548462,2012.678466796875,1239.59521484375,0.30079200863838196,2004.875244140625,1216.1856689453125,0.2739272713661194,1994.470947265625,1199.5389404296875,0.35736823081970215,1986.667724609375,1183.9324951171875,0.41850024461746216,1976.78369140625,1165.2049560546875,0.5225880146026611,1968.46044921875,1213.5845947265625,0.40916526317596436,1947.65185546875,1211.5037841796875,0.4393036961555481,1930.48486328125,1215.145263671875,0.4766277074813843,1911.7572021484375,1223.4686279296875,0.5875207781791687,1975.22314453125,1230.7515869140625,0.3616427183151245,1959.096435546875,1236.994140625,0.40574395656585693,1947.131591796875,1243.2366943359375,0.44413575530052185,1934.12646484375,1254.681396484375,0.49491703510284424,1988.74853515625,1247.3984375,0.33475828170776367,1977.303955078125,1254.1611328125,0.4196070730686188,1966.37939453125,1261.96435546875,0.4434612989425659,1950.773193359375,1272.8887939453125,0.4820784330368042,2004.35498046875,1258.3228759765625,0.3527942895889282,2002.274169921875,1263.5250244140625,0.3734695315361023,1999.673095703125,1265.6058349609375,0.41304731369018555,1995.511474609375,1270.2877197265625,0.4251066744327545
DJI_20260917132548_0055_D.JPG,Cam 8,10,SAMAPADHAM,INCORRECT,FEET_NOT_ALIGNED,,dwpose_l_wholebody,coco_wholebody_133,OK,463.92,217.94,1,1,1886.5333251953125,793.2166748046875,0.6351709365844727,1882.4385986328125,780.9320068359375,0.6294599771499634,1816.9205322265625,772.7423095703125,0.6281763315200806,1882.4385986328125,776.8370361328125,0.6512352228164673,1886.5333251953125,789.1217041015625,0.613090991973877,1915.1973876953125,764.5526123046875,0.6920156478881836,1861.9639892578125,785.0267333984375,0.6203079223632812,1763.6876220703125,793.2166748046875,0.8449211120605469,1919.2921142578125,789.1217041015625,0.8360916376113892,1890.6280517578125,825.9754638671875,0.5987604856491089,1878.3436279296875,825.9754638671875,0.5749353170394897,1698.1695556640625,965.2008056640625,0.8045271635055542,2009.3790283203125,965.2008056640625,0.8282968997955322,1517.9957275390625,1174.0386962890625,0.8206614255905151,2189.55322265625,1165.8489990234375,0.8385618925094604,1759.5926513671875,1411.5406494140625,0.7018694877624512,1972.5255126953125,1411.5406494140625,0.6840914487838745,1784.1617431640625,1808.7423095703125,0.8112567663192749,1956.1461181640625,1800.5526123046875,0.8298514485359192,1812.8258056640625,2164.9951171875,0.8127360343933105,1915.1973876953125,2152.7109375,0.8139910697937012,1825.1104736328125,2210.0390625,0.8234195709228516,1911.1026611328125,2197.75439453125,0.7927010655403137,1747.3079833984375,2181.37451171875,0.6969653367996216,1952.0511474609375,2152.7109375,0.7109016180038452,1710.489501953125,1253.5670166015625,0.17801958322525024,1719.1273193359375,1232.512451171875,0.21092906594276428,1728.8448486328125,1215.23681640625,0.2748801112174988,1736.40283203125,1201.200439453125,0.34409499168395996,1743.9609375,1177.4466552734375,0.46170544624328613,1758.537109375,1230.892822265625,0.3607175946235657,1780.131591796875,1235.7515869140625,0.39194637537002563,1795.78759765625,1244.92919921875,0.4339281916618347,1810.36376953125,1257.345947265625,0.5951162576675415,1753.6783447265625,1248.1683349609375,0.2937299609184265,1774.73291015625,1255.1865234375,0.4444463849067688,1790.9288330078125,1265.44384765625,0.5294337272644043,1807.6644287109375,1277.8607177734375,0.6813184022903442,1742.34130859375,1262.74462890625,0.28014644980430603,1756.377685546875,1268.1431884765625,0.44690829515457153,1770.9539794921875,1276.2410888671875,0.5275702476501465,1787.1497802734375,1284.3389892578125,0.6587105989456177,1725.0657958984375,1275.161376953125,0.25388282537460327,1732.623779296875,1278.400634765625,0.32920801639556885,1740.7216796875,1280.56005859375,0.36385101079940796,1749.8994140625,1285.418701171875,0.3966459333896637,2003.3466796875,1251.525146484375,0.30828097462654114,1997.3095703125,1228.885986328125,0.3180190324783325,1987.750732421875,1212.786865234375,0.404158353805542,1980.70751953125,1198.1971435546875,0.4712015390396118,1971.65185546875,1179.5826416015625,0.5557334423065186,1963.602294921875,1227.376708984375,0.4369177222251892,1943.478515625,1225.3642578125,0.4640069007873535,1927.37939453125,1228.885986328125,0.4877617061138153,1909.26806640625,1236.9354248046875,0.5934031009674072,1969.639404296875,1244.9849853515625,0.4053686857223511,1954.546630859375,1250.51904296875,0.4481533169746399,1941.466064453125,1257.5623779296875,0.4879797697067261,1928.3857421875,1268.1273193359375,0.5264484286308289,1983.222900390625,1260.5809326171875,0.37077444791793823,1971.65185546875,1266.6180419921875,0.4451311230659485,1960.583740234375,1275.170654296875,0.486843466758728,1945.490966796875,1285.735595703125,0.5559521913528442,1999.8251953125,1270.1396484375,0.3889003098011017,1997.812744140625,1274.6676025390625,0.3959597945213318,1994.291015625,1277.6861572265625,0.4319570064544678,1988.25390625,1284.7294921875,0.43490278720855713
DJI_20260917132607_0056_D.JPG,Cam 8,11,SAMAPADHAM,INCORRECT,WEIGHT_ON_ONE_LEG,,dwpose_l_wholebody,coco_wholebody_133,OK,387.01,193.12,1,1,1944.722900390625,742.51416015625,0.636134147644043,1940.467041015625,721.236083984375,0.6773950457572937,1880.888427734375,716.98046875,0.6152218580245972,1940.467041015625,716.98046875,0.6933846473693848,1940.467041015625,729.747314453125,0.6654612421989441,1961.745361328125,712.724853515625,0.7009977698326111,1910.677734375,725.491455078125,0.6590248346328735,1804.286865234375,746.769775390625,0.840873122215271,1961.745361328125,738.258544921875,0.8170827627182007,1953.234130859375,780.814697265625,0.6526823043823242,1931.955810546875,780.814697265625,0.6356126070022583,1731.94140625,929.761962890625,0.800105094909668,2055.369140625,938.273193359375,0.8502213358879089,1544.693603515625,1146.799072265625,0.8165854215621948,2238.361328125,1151.054443359375,0.8067326545715332,1787.264404296875,1406.392333984375,0.7230809926986694,2008.557373046875,1419.159423828125,0.7038954496383667,1765.986328125,1797.910400390625,0.7993340492248535,1978.767822265625,1810.67724609375,0.8185474872589111,1774.497802734375,2163.894775390625,0.8059088587760925,1919.189208984375,2176.661376953125,0.8383623957633972,1783.009033203125,2219.217529296875,0.8533286452293396,1910.677734375,2231.984619140625,0.8202600479125977,1719.174560546875,2180.917236328125,0.7002774477005005,1936.211669921875,2180.917236328125,0.6941605806350708,1736.722900390625,1237.3291015625,0.29433923959732056,1748.248046875,1212.707275390625,0.33423489332199097,1758.2015380859375,1197.5150146484375,0.391012042760849,1769.202880859375,1182.32275390625,0.49119335412979126,1780.7279052734375,1160.8441162109375,0.6781220436096191,1788.5859375,1215.8504638671875,0.47955766320228577,1809.540771484375,1221.613037109375,0.48811817169189453,1826.3045654296875,1231.5665283203125,0.5369528532028198,1840.972900390625,1244.663330078125,0.7003753185272217,1784.39501953125,1234.1859130859375,0.400091290473938,1804.825927734375,1242.5677490234375,0.5517199039459229,1821.06591796875,1254.6168212890625,0.6096906661987305,1839.4013671875,1268.2374267578125,0.7453793287277222,1771.8221435546875,1249.9019775390625,0.4127182364463806,1787.5382080078125,1255.140625,0.5628438591957092,1803.7781982421875,1262.9986572265625,0.6361145973205566,1821.5897216796875,1271.9044189453125,0.7955754995346069,1756.1060791015625,1262.474853515625,0.40520918369293213,1768.678955078125,1265.6180419921875,0.4966522455215454,1779.68017578125,1268.76123046875,0.5333168506622314,1791.205322265625,1272.4283447265625,0.5658899545669556,2043.1641845703125,1243.0159912109375,0.27873551845550537,2040.8948974609375,1221.4593505859375,0.2767951488494873,2035.7894287109375,1200.4700927734375,0.39068782329559326,2034.6549072265625,1181.7498779296875,0.5121824741363525,2028.9820556640625,1160.760498046875,0.5692257881164551,2009.6947021484375,1215.78662109375,0.48061686754226685,1990.9744873046875,1214.084716796875,0.4935745596885681,1976.2252197265625,1218.0556640625,0.5146580934524536,1958.6395263671875,1227.1322021484375,0.5701878070831299,2018.7711181640625,1232.804931640625,0.43677374720573425,2005.7237548828125,1239.0450439453125,0.4835547208786011,1994.9454345703125,1246.419677734375,0.5250757932662964,1980.1961669921875,1258.33251953125,0.562532901763916,2032.3858642578125,1248.6888427734375,0.39890968799591064,2023.3094482421875,1255.4962158203125,0.43361881375312805,2015.3673095703125,1263.4381103515625,0.5180745124816895,2006.2908935546875,1273.081787109375,0.5509859323501587,2048.26953125,1260.6016845703125,0.41939395666122437,2046.5677490234375,1266.841796875,0.4470301866531372,2043.7313232421875,1271.3800048828125,0.48366785049438477,2040.8948974609375,1278.1873779296875,0.47634467482566833
DJI_20260917132608_0057_D.JPG,Cam 8,11,SAMAPADHAM,INCORRECT,WEIGHT_ON_ONE_LEG,,dwpose_l_wholebody,coco_wholebody_133,OK,461.88,234.84,1,1,1938.94873046875,731.8758544921875,0.6321761012077332,1934.67919921875,714.7989501953125,0.6730676889419556,1870.640869140625,710.5299072265625,0.6167372465133667,1934.67919921875,710.5299072265625,0.6897952556610107,1934.67919921875,719.0682373046875,0.6597687005996704,1956.025634765625,706.2606201171875,0.697503924369812,1904.794677734375,719.0682373046875,0.6579545140266418,1802.3330078125,740.4144287109375,0.8363233804702759,1964.56396484375,731.8758544921875,0.8177218437194824,1947.487060546875,770.2991943359375,0.6355571150779724,1926.14111328125,774.5682373046875,0.6238783597946167,1729.75634765625,928.2606201171875,0.8006231784820557,2054.2177734375,928.2606201171875,0.8524786233901978,1541.909912109375,1141.7222900390625,0.8205281496047974,2242.06396484375,1145.9915771484375,0.8277580738067627,1785.25634765625,1406.4149169921875,0.728244423866272,2007.25634765625,1419.2225341796875,0.7033917903900146,1776.7177734375,1794.9149169921875,0.7857235670089722,1977.37158203125,1816.2611083984375,0.8039405345916748,1763.91015625,2162.06884765625,0.8160971403121948,1917.6025390625,2183.4150390625,0.843890368938446,1772.44873046875,2221.83837890625,0.8700990676879883,1904.794677734375,2238.9150390625,0.8259801268577576,1716.948486328125,2174.876953125,0.6910954713821411,1934.67919921875,2183.4150390625,0.704016923904419,1737.3203125,1239.2125244140625,0.32210004329681396,1746.8841552734375,1214.7716064453125,0.36886101961135864,1757.5106201171875,1198.8319091796875,0.4374414384365082,1768.1370849609375,1183.4234619140625,0.5578826665878296,1779.8262939453125,1161.63916015625,0.661973237991333,1789.39013671875,1216.8968505859375,0.5428972244262695,1810.64306640625,1222.2100830078125,0.5324065685272217,1826.0513916015625,1231.77392578125,0.5660102367401123,1840.397216796875,1243.994384765625,0.6735219955444336,1786.2021484375,1234.9619140625,0.46605515480041504,1806.3924560546875,1242.400390625,0.5960386991500854,1821.8009033203125,1254.0894775390625,0.6256807446479797,1838.80322265625,1267.3726806640625,0.7067834138870239,1774.5130615234375,1249.3076171875,0.46039098501205444,1789.39013671875,1255.1522216796875,0.5974313020706177,1803.2044677734375,1263.1220703125,0.6779908537864685,1821.8009033203125,1272.154541015625,0.8022732138633728,1756.447998046875,1261.528076171875,0.4409258961677551,1765.48046875,1264.7159423828125,0.5355856418609619,1772.9190673828125,1267.9039306640625,0.5886901617050171,1782.48291015625,1271.6231689453125,0.6455585956573486,2043.322021484375,1240.719482421875,0.33469533920288086,2041.571533203125,1219.7158203125,0.3577307462692261,2036.32080078125,1198.71240234375,0.46613985300064087,2034.5703125,1179.458984375,0.5679774284362793,2028.152587890625,1159.038818359375,0.6043171882629395,2012.39990234375,1215.04833984375,0.5269100069999695,1993.146728515625,1213.881591796875,0.5404022932052612,1978.560791015625,1218.549072265625,0.5813441872596741,1961.057861328125,1226.717041015625,0.5912968516349792,2020.568115234375,1233.134765625,0.49807530641555786,2007.149169921875,1239.552490234375,0.5650453567504883,1996.647216796875,1247.720703125,0.5988529920578003,1982.0615234375,1259.97265625,0.6373616456985474,2033.403564453125,1248.887451171875,0.45663341879844666,2024.068603515625,1255.888671875,0.49202054738998413,2016.48388671875,1264.64013671875,0.5676580667495728,2007.732421875,1273.97509765625,0.5783833265304565,2049.15625,1259.97265625,0.46807554364204407,2047.406005859375,1266.973876953125,0.5104795098304749,2045.072265625,1271.641357421875,0.5602258443832397,2042.155029296875,1278.642578125,0.5480202436447144
DJI_20260917132638_0058_D.JPG,Cam 8,12,MUZHUMANDI,INCORRECT,KNEES_FACING_FORWARD,,dwpose_l_wholebody,coco_wholebody_133,OK,431.03,187.43,1,1,1827.318603515625,1373.4046630859375,0.45236891508102417,1865.943603515625,1351.3333740234375,0.40826985239982605,1791.452392578125,1351.3333740234375,0.5122166872024536,1871.461669921875,1351.3333740234375,0.4380478858947754,1832.83642578125,1356.8511962890625,0.408712774515152,1871.461669921875,1348.5743408203125,0.4739413857460022,1805.2470703125,1354.0921630859375,0.42451345920562744,1769.380859375,1365.1280517578125,0.6388289332389832,1921.122314453125,1365.1280517578125,0.7082071900367737,1879.73828125,1414.7889404296875,0.40601861476898193,1835.595458984375,1409.2708740234375,0.3782637119293213,1703.16650390625,1514.1104736328125,0.5884172916412354,2001.131591796875,1516.8695068359375,0.6290578842163086,1493.4873046875,1723.7896728515625,0.60642409324646,2191.498046875,1723.7896728515625,0.6659700870513916,1780.416748046875,1911.3973388671875,0.4524132013320923,1956.988525390625,1938.9866943359375,0.5405817031860352,1603.8447265625,1930.7098388671875,0.5760561227798462,2075.622802734375,1938.9866943359375,0.5187028050422668,1689.371826171875,2300.4072265625,0.4659693241119385,1954.2294921875,2294.88916015625,0.4392193555831909,1747.309326171875,2336.2734375,0.48257437348365784,1882.497314453125,2322.478515625,0.4150720536708832,1573.496337890625,2341.79150390625,0.5823560953140259,1584.5322265625,2344.55029296875,0.5663086175918579,1709.2135009765625,1812.0936279296875,0.6237970590591431,1712.7255859375,1794.5330810546875,0.753900408744812,1720.9205322265625,1781.070068359375,0.86121666431427,1734.3836669921875,1772.8751220703125,0.9840194582939148,1752.5294189453125,1761.1680908203125,0.9060428142547607,1741.9931640625,1810.9229736328125,0.9444617629051208,1756.0416259765625,1828.4835205078125,0.9451183080673218,1766.577880859375,1844.2879638671875,0.9738226532936096,1777.6995849609375,1862.433837890625,0.9838423728942871,1732.042236328125,1829.6541748046875,0.9559234976768494,1745.5052490234375,1846.6292724609375,0.9834803342819214,1757.797607421875,1863.0191650390625,0.9644520282745361,1774.7728271484375,1884.091796875,1.1334609985351562,1720.335205078125,1842.5318603515625,0.9212118983268738,1730.2861328125,1856.580322265625,0.9711079597473145,1740.822509765625,1871.214111328125,0.9721053242683411,1758.3829345703125,1891.115966796875,0.9585267305374146,1703.9454345703125,1852.4827880859375,0.8803248405456543,1710.38427734375,1866.53125,0.9005123376846313,1715.0670166015625,1875.3115234375,0.9892882704734802,1723.261962890625,1888.189208984375,0.9416230916976929,2092.99951171875,2177.8662109375,0.415046751499176,2092.99951171875,2177.8662109375,0.38410690426826477,2092.99951171875,2177.8662109375,0.36958277225494385,2092.99951171875,2177.8662109375,0.3767090439796448,2092.99951171875,2177.8662109375,0.3513679504394531,2092.99951171875,2177.8662109375,0.36224716901779175,2092.99951171875,2177.8662109375,0.377508282661438,2092.99951171875,2177.8662109375,0.37728071212768555,2092.99951171875,2177.8662109375,0.33994945883750916,2092.99951171875,2177.8662109375,0.37881410121917725,2092.99951171875,2177.8662109375,0.3504863381385803,2092.99951171875,2177.8662109375,0.3578682541847229,2092.99951171875,2177.8662109375,0.3214261829853058,2092.99951171875,2177.8662109375,0.3741881549358368,2092.99951171875,2177.8662109375,0.33432453870773315,2092.99951171875,2177.8662109375,0.353252649307251,2092.99951171875,2177.8662109375,0.38052141666412354,2092.99951171875,2177.8662109375,0.3768142759799957,2092.99951171875,2177.8662109375,0.36333292722702026,2092.99951171875,2177.8662109375,0.36569106578826904,2092.99951171875,2177.8662109375,0.33987224102020264
DJI_20260917132640_0059_D.JPG,Cam 8,12,MUZHUMANDI,INCORRECT,KNEES_FACING_FORWARD,,dwpose_l_wholebody,coco_wholebody_133,OK,425.21,181.93,1,1,1803.652587890625,1375.760009765625,0.4877060055732727,1842.16748046875,1351.00048828125,0.42902231216430664,1795.3994140625,1351.00048828125,0.5157856345176697,1866.927001953125,1351.00048828125,0.44557732343673706,1811.90576171875,1353.75146484375,0.4499801695346832,1825.6611328125,1351.00048828125,0.4917871356010437,1792.6484375,1351.00048828125,0.47518160939216614,1789.8974609375,1364.755615234375,0.5708352327346802,1888.935302734375,1364.755615234375,0.6010499000549316,1872.428955078125,1417.02587890625,0.44444283843040466,1825.6611328125,1411.523681640625,0.4406968355178833,1996.2265625,1521.56591796875,0.5014593601226807,1685.357177734375,1521.56591796875,0.5152435302734375,2188.800537109375,1727.89501953125,0.5423029661178589,1492.783447265625,1727.89501953125,0.5899623036384583,1932.952392578125,1917.7177734375,0.42262566089630127,1831.163330078125,1936.97509765625,0.4164513349533081,1602.825439453125,1931.47314453125,0.5626591444015503,1608.32763671875,1939.726318359375,0.5459840893745422,1690.859375,2291.861328125,0.4218359589576721,1693.6103515625,2280.857177734375,0.45171406865119934,1767.888916015625,2330.376220703125,0.45217153429985046,1787.146240234375,2311.11865234375,0.43027937412261963,1583.568115234375,2344.13134765625,0.5551713705062866,1578.066162109375,2352.384521484375,0.6397728323936462,1990.514892578125,1817.042236328125,0.6577112674713135,1989.492919921875,1800.6876220703125,0.793971061706543,1981.82666015625,1784.3330078125,0.9101066589355469,1975.1826171875,1770.53369140625,1.1290991306304932,1958.31689453125,1753.1568603515625,0.9783648252487183,1959.85009765625,1811.931396484375,0.9720661640167236,1942.984375,1821.6419677734375,0.9910824298858643,1930.71826171875,1830.8414306640625,1.1024460792541504,1913.8525390625,1842.596435546875,1.0138404369354248,1969.049560546875,1833.907958984375,1.081693410873413,1958.827880859375,1852.3070068359375,1.0746722221374512,1951.672607421875,1870.7059326171875,1.13312566280365,1935.8291015625,1894.726806640625,0.9385704398155212,1982.337646484375,1848.21826171875,1.085611343383789,1977.738037109375,1866.106201171875,1.1572009325027466,1974.160400390625,1884.505126953125,1.1934723854064941,1964.9609375,1910.059326171875,0.8927174806594849,1999.203369140625,1858.43994140625,0.9274238348007202,1997.670166015625,1876.8388671875,0.966361403465271,1998.18115234375,1889.10498046875,1.0112837553024292,1995.625732421875,1909.037109375,0.977604866027832,1706.373046875,1817.9608154296875,0.4870848059654236,1709.798583984375,1801.4039306640625,0.6024471521377563,1719.50439453125,1786.559814453125,0.7183896899223328,1731.493896484375,1776.85400390625,0.8524349331855774,1749.1927490234375,1766.00634765625,0.8268113136291504,1742.9124755859375,1816.248046875,0.7389940619468689,1756.0438232421875,1833.94677734375,0.7216207981109619,1766.8914794921875,1850.5037841796875,0.8310352563858032,1778.31005859375,1868.7734375,0.8331285119056702,1733.777587890625,1836.23046875,0.724929928779602,1746.3380126953125,1851.07470703125,0.7966192960739136,1756.61474609375,1867.631591796875,0.7661762237548828,1771.458984375,1888.18505859375,0.9090381264686584,1722.359130859375,1849.36181640625,0.700485348701477,1730.35205078125,1862.4932861328125,0.7393397092819214,1738.916015625,1875.6246337890625,0.7604127526283264,1755.472900390625,1895.0361328125,0.8023400902748108,1706.373046875,1860.780517578125,0.6384466886520386,1710.9405517578125,1871.6280517578125,0.7184755206108093,1713.795166015625,1877.9083251953125,0.7202414870262146,1721.7880859375,1893.3233642578125,0.5706003308296204
DJI_20260917132713_0060_D.JPG,Cam 8,13,MUZHUMANDI,INCORRECT,BACK_BENT_FORWARD,,dwpose_l_wholebody,coco_wholebody_133,OK,455.35,207.08,1,1,1759.44189453125,1389.06787109375,0.5608572959899902,1785.87890625,1377.318115234375,0.4922289252281189,1771.19189453125,1374.380615234375,0.6277342438697815,1803.50341796875,1380.25537109375,0.4943440556526184,1774.129150390625,1374.380615234375,0.5184637904167175,1785.87890625,1368.505859375,0.5243196487426758,1771.19189453125,1374.380615234375,0.5324889421463013,1800.566162109375,1386.13037109375,0.6179498434066772,1906.313720703125,1383.19287109375,0.6043030023574829,1803.50341796875,1430.19189453125,0.4748571515083313,1771.19189453125,1424.31689453125,0.4707907438278198,1753.567138671875,1509.502685546875,0.49951493740081787,1988.561767578125,1515.37744140625,0.5194897055625916,1527.384765625,1712.185546875,0.540174663066864,2141.30859375,1715.123046875,0.6447290182113647,1809.37841796875,1917.80615234375,0.4727235436439514,1947.437744140625,1920.743408203125,0.4784483313560486,1853.43994140625,1932.4931640625,0.3868187665939331,1932.75048828125,1935.4306640625,0.3906901478767395,1688.943603515625,2381.92041015625,0.35971611738204956,2035.560791015625,2364.2958984375,0.3645365238189697,1694.818359375,2399.544921875,0.37055113911628723,2035.560791015625,2399.544921875,0.3162829279899597,1633.13232421875,2440.669189453125,0.37197190523147583,2070.81005859375,2425.98193359375,0.3310598134994507,1627.57373046875,2161.232421875,0.28586870431900024,1627.57373046875,2161.232421875,0.27481597661972046,1627.57373046875,2161.232421875,0.27657443284988403,1627.57373046875,2161.232421875,0.27142244577407837,1782.391845703125,1723.242431640625,0.23120328783988953,1627.57373046875,1485.060546875,0.28199779987335205,1627.57373046875,2161.232421875,0.25345003604888916,1627.57373046875,2161.232421875,0.2225610762834549,1787.684814453125,1485.060546875,0.2245127260684967,1627.57373046875,1485.060546875,0.3004325032234192,1627.57373046875,2161.232421875,0.22036120295524597,1627.57373046875,2161.232421875,0.21627773344516754,1627.57373046875,1485.060546875,0.19439518451690674,1627.57373046875,2161.232421875,0.2535244822502136,2303.74560546875,1485.060546875,0.2203703224658966,1627.57373046875,2161.232421875,0.21196460723876953,1627.57373046875,2161.232421875,0.2451244443655014,1627.57373046875,2161.232421875,0.27601364254951477,1627.57373046875,2161.232421875,0.26130715012550354,1627.57373046875,2161.232421875,0.2417360097169876,1627.57373046875,2161.232421875,0.21100887656211853,2067.41064453125,2110.375244140625,0.2652474045753479,2067.41064453125,1781.7069091796875,0.2433464527130127,2067.41064453125,1764.5289306640625,0.18940600752830505,1982.6666259765625,1746.2060546875,0.2574158310890198,1968.9244384765625,1724.447509765625,0.2835412919521332,2067.41064453125,1786.2874755859375,0.20365503430366516,2067.41064453125,1777.1260986328125,0.20434680581092834,1960.9080810546875,1770.2550048828125,0.2125224471092224,1951.7467041015625,1751.9320068359375,0.18370473384857178,2067.41064453125,1809.1912841796875,0.22380274534225464,2067.41064453125,1810.3365478515625,0.18725290894508362,2067.41064453125,1829.8045654296875,0.17050571739673615,2067.41064453125,1843.5467529296875,0.14880457520484924,2067.41064453125,1829.8045654296875,0.2573050856590271,2067.41064453125,1843.5467529296875,0.1890055537223816,2067.41064453125,1854.9986572265625,0.2121647447347641,2067.41064453125,1860.7247314453125,0.20828020572662354,2067.41064453125,1849.2728271484375,0.2684738039970398,2067.41064453125,1859.5794677734375,0.27209487557411194,2067.41064453125,1861.8697509765625,0.2737142741680145,2067.41064453125,1866.4505615234375,0.18426398932933807
DJI_20260917132714_0061_D.JPG,Cam 8,13,MUZHUMANDI,INCORRECT,BACK_BENT_FORWARD,,dwpose_l_wholebody,coco_wholebody_133,OK,439.27,218.39,1,1,1831.497802734375,1385.6478271484375,0.41703560948371887,1849.28369140625,1367.8619384765625,0.4176237881183624,1801.854736328125,1367.8619384765625,0.4799029231071472,1875.96240234375,1367.8619384765625,0.44106292724609375,1831.497802734375,1367.8619384765625,0.43848752975463867,1840.390625,1364.8978271484375,0.44267967343330383,1804.81884765625,1364.8978271484375,0.45182862877845764,1804.81884765625,1379.7191162109375,0.5293326377868652,1923.39111328125,1379.7191162109375,0.5656921863555908,1878.9267578125,1424.1837158203125,0.4335659146308899,1837.42626953125,1421.2193603515625,0.4299190640449524,1766.282958984375,1516.0772705078125,0.46449312567710876,1950.070068359375,1513.1129150390625,0.48791444301605225,2160.53564453125,1714.6859130859375,0.5251778364181519,2121.999755859375,1720.6143798828125,0.6149449348449707,1837.42626953125,1907.3656005859375,0.4625225365161896,1878.9267578125,1913.2943115234375,0.4737948179244995,1843.35498046875,1925.1514892578125,0.3801420331001282,1508.38818359375,1931.0799560546875,0.3785073161125183,2018.2490234375,2360.90478515625,0.3509392738342285,2012.3203125,2354.97607421875,0.3607938289642334,1715.8896484375,2396.47607421875,0.37366580963134766,2003.427490234375,2399.4404296875,0.3243861794471741,2062.713623046875,2455.76220703125,0.3815320134162903,2065.677978515625,2429.08349609375,0.35521817207336426,2001.2265625,1815.8240966796875,0.6011890172958374,1998.618408203125,1792.78662109375,0.5974060297012329,1994.70654296875,1769.3145751953125,0.7892031669616699,1988.62109375,1748.0157470703125,0.9467825293540955,1977.31982421875,1726.717041015625,0.8935838937759399,1974.277099609375,1788.0052490234375,0.8491895198822021,1956.890380859375,1785.3973388671875,0.8899649381637573,1941.2421875,1787.135986328125,0.9582253694534302,1923.85546875,1791.9173583984375,0.9080504179000854,1984.709228515625,1808.0,0.9664018154144287,1972.97314453125,1813.216064453125,0.890125572681427,1962.541015625,1820.1707763671875,0.8704746961593628,1947.32763671875,1832.341552734375,0.7744992971420288,1996.445068359375,1823.6480712890625,0.9780387878417969,1989.925048828125,1833.2108154296875,0.9769890308380127,1980.797119140625,1844.9468994140625,0.8238235712051392,1967.757080078125,1862.3336181640625,0.7451273202896118,2010.3544921875,1838.861572265625,0.7860683798789978,2006.877197265625,1847.989501953125,0.7666380405426025,2005.5732421875,1853.6402587890625,0.8508360981941223,2002.095947265625,1863.2030029296875,0.8109067678451538,2053.486328125,2103.38134765625,0.22185024619102478,2053.486328125,1535.48583984375,0.2034561038017273,2053.486328125,1777.75830078125,0.14265750348567963,2053.486328125,1744.41796875,0.1557329297065735,1782.319091796875,1735.52734375,0.16257566213607788,2053.486328125,1791.094482421875,0.19622543454170227,2053.486328125,1781.09228515625,0.17591285705566406,1947.908935546875,1775.53564453125,0.17061543464660645,1923.45947265625,1775.53564453125,0.13817203044891357,2053.486328125,1803.319091796875,0.23061469197273254,2053.486328125,1809.9873046875,0.15042226016521454,2053.486328125,1833.325439453125,0.12963753938674927,1947.908935546875,1844.43896484375,0.123155377805233,2053.486328125,1818.8779296875,0.25707873702049255,2053.486328125,1834.436767578125,0.17290997505187988,2053.486328125,1849.99560546875,0.18798589706420898,2053.486328125,2103.38134765625,0.17607760429382324,2053.486328125,1838.882080078125,0.2335505485534668,2053.486328125,1845.55029296875,0.22857308387756348,2053.486328125,1858.88623046875,0.24014630913734436,2053.486328125,2103.38134765625,0.1612148880958557
DJI_20260917132754_0062_D.JPG,Cam 8,14,MUZHUMANDI,INCORRECT,FEET_APART_HEEL_DOWN,,dwpose_l_wholebody,coco_wholebody_133,OK,467.88,329.69,1,1,1940.528564453125,1376.752685546875,0.4165825843811035,1937.8876953125,1358.26513671875,0.3778660297393799,1848.09130859375,1360.90625,0.4616349935531616,1943.169677734375,1355.6240234375,0.3992994725704193,1914.117919921875,1363.54736328125,0.3866807222366333,1940.528564453125,1355.6240234375,0.44451630115509033,1898.271728515625,1360.90625,0.3918655514717102,1850.732421875,1379.393798828125,0.6611329317092896,1961.6572265625,1376.752685546875,0.6623055934906006,1948.451904296875,1416.36865234375,0.4205874800682068,1937.8876953125,1411.08642578125,0.3916316032409668,1779.423583984375,1535.216552734375,0.556719958782196,2054.0947265625,1535.216552734375,0.592254102230072,1589.2666015625,1728.0146484375,0.5271979570388794,2215.199951171875,1743.861083984375,0.6071724891662598,1829.603759765625,1934.017822265625,0.4561350345611572,2017.11962890625,1931.376953125,0.5081524848937988,1642.087890625,1881.196533203125,0.4224020838737488,2233.687255859375,1875.91455078125,0.38931241631507874,1729.2431640625,2184.919677734375,0.5108417272567749,2125.403564453125,2182.278564453125,0.5157448053359985,1737.16650390625,2224.535400390625,0.4862470030784607,2125.403564453125,2221.89453125,0.47304239869117737,1623.6005859375,2179.637451171875,0.6067323684692383,1631.523681640625,2206.048095703125,0.6228119134902954,1696.123779296875,2171.033203125,0.29401054978370667,1696.123779296875,2171.033203125,0.2598552405834198,1696.123779296875,1794.23291015625,0.2197914719581604,1813.950439453125,1783.186767578125,0.25083303451538086,1833.58837890625,1770.9130859375,0.3428686261177063,1775.90234375,1813.870849609375,0.2713104486465454,1822.5419921875,1826.14453125,0.2436116337776184,1839.72509765625,1837.190673828125,0.2639778256416321,1850.771484375,1853.146484375,0.2450505793094635,1762.4013671875,1833.508544921875,0.3208726644515991,1802.904296875,1865.419921875,0.24089254438877106,1833.58837890625,1882.60302734375,0.26685893535614014,1844.634521484375,1898.558837890625,0.30356985330581665,1752.58251953125,1850.691650390625,0.3261738717556,1772.22021484375,1878.9208984375,0.2843221426010132,1785.72119140625,1897.33154296875,0.29517537355422974,1807.813720703125,1908.377685546875,0.2847254276275635,1740.308837890625,1859.283203125,0.2790670692920685,1742.763427734375,1888.739990234375,0.2695471942424774,1746.445556640625,1905.9228515625,0.29327431321144104,1752.58251953125,1914.514404296875,0.24853557348251343,2121.96044921875,2178.835205078125,0.35096046328544617,2121.96044921875,2178.835205078125,0.2985893189907074,2121.96044921875,2178.835205078125,0.27454453706741333,2121.96044921875,2178.835205078125,0.2697944641113281,2121.96044921875,2178.835205078125,0.2473646104335785,2121.96044921875,1542.319091796875,0.26455265283584595,2121.96044921875,2178.835205078125,0.301293283700943,2121.96044921875,2178.835205078125,0.28621068596839905,2121.96044921875,2178.835205078125,0.21778853237628937,2121.96044921875,2178.835205078125,0.2821713089942932,2121.96044921875,2178.835205078125,0.3006012439727783,2121.96044921875,2178.835205078125,0.2953796982765198,2121.96044921875,2178.835205078125,0.23755449056625366,2121.96044921875,2178.835205078125,0.30154508352279663,2121.96044921875,2178.835205078125,0.2734290361404419,2121.96044921875,2178.835205078125,0.3110523521900177,2121.96044921875,2178.835205078125,0.3076688051223755,2121.96044921875,2178.835205078125,0.29509076476097107,2121.96044921875,2178.835205078125,0.3209541440010071,2121.96044921875,2178.835205078125,0.31568843126296997,2121.96044921875,2178.835205078125,0.24760249257087708
DJI_20260917132756_0063_D.JPG,Cam 8,14,MUZHUMANDI,INCORRECT,FEET_APART_HEEL_DOWN,,dwpose_l_wholebody,coco_wholebody_133,OK,451.0,274.15,1,1,1820.351806640625,1378.65283203125,0.4359622001647949,1837.681884765625,1363.798583984375,0.3570893406867981,1825.30322265625,1361.32275390625,0.5421730279922485,1869.866455078125,1361.32275390625,0.3719000220298767,1830.254638671875,1363.798583984375,0.3567633032798767,1874.81787109375,1358.846923828125,0.38436007499694824,1830.254638671875,1361.32275390625,0.37291622161865234,1840.15771484375,1373.701416015625,0.6941781640052795,1968.895751953125,1373.701416015625,0.6794567108154297,1837.681884765625,1413.313232421875,0.3315002918243408,1827.779052734375,1405.885986328125,0.3182368874549866,1785.691650390625,1519.769775390625,0.6057062149047852,2058.022216796875,1522.245361328125,0.6024093627929688,1595.06005859375,1717.828369140625,0.5764094591140747,2236.27490234375,1732.6826171875,0.6489989757537842,1830.254638671875,1943.119873046875,0.4910587668418884,2025.837646484375,1935.692626953125,0.5310326814651489,1545.54541015625,1866.372314453125,0.5259653925895691,2275.886474609375,1871.32373046875,0.4680902361869812,1741.12841796875,2180.790283203125,0.5041925311088562,2119.91552734375,2175.8388671875,0.5370219945907593,1748.5556640625,2232.780517578125,0.5020878314971924,2114.964111328125,2203.07177734375,0.4852755665779114,1612.390380859375,2195.644775390625,0.5556830763816833,1637.147705078125,2203.07177734375,0.5792327523231506,1727.244384765625,1816.620849609375,0.211268812417984,1754.45703125,1794.140625,0.21969297528266907,1787.585693359375,1782.30908203125,0.22405681014060974,1804.150146484375,1771.66064453125,0.2917167842388153,1827.8134765625,1765.744873046875,0.31582409143447876,1800.6005859375,1811.88818359375,0.2900928854942322,1830.1796875,1816.620849609375,0.291106253862381,1843.194580078125,1826.086181640625,0.2857847809791565,1853.843017578125,1839.10107421875,0.2261117547750473,1785.219482421875,1830.81884765625,0.33129918575286865,1811.2490234375,1856.848388671875,0.3150644898414612,1831.36279296875,1874.595947265625,0.35790833830833435,1845.560791015625,1892.343505859375,0.3551481068134308,1767.471923828125,1849.74951171875,0.36852389574050903,1785.219482421875,1869.86328125,0.36754077672958374,1800.6005859375,1889.97705078125,0.3817925453186035,1817.164794921875,1906.54150390625,0.3826570510864258,1748.541259765625,1862.764404296875,0.3561093509197235,1755.640380859375,1882.878173828125,0.38503193855285645,1760.373046875,1899.4423828125,0.42005497217178345,1767.471923828125,1912.457275390625,0.3672315776348114,2134.54248046875,2184.33544921875,0.3691599369049072,2134.54248046875,2184.33544921875,0.3247818946838379,2134.54248046875,2184.33544921875,0.2978593409061432,2134.54248046875,2184.33544921875,0.2925935387611389,2134.54248046875,2184.33544921875,0.2663600742816925,2134.54248046875,2184.33544921875,0.2997082471847534,2134.54248046875,2184.33544921875,0.3293119966983795,2134.54248046875,2184.33544921875,0.30795758962631226,2134.54248046875,2184.33544921875,0.24262602627277374,2134.54248046875,2184.33544921875,0.31098392605781555,2134.54248046875,2184.33544921875,0.32266294956207275,2134.54248046875,2184.33544921875,0.3102380037307739,2134.54248046875,2184.33544921875,0.24802333116531372,2134.54248046875,2184.33544921875,0.32830750942230225,2134.54248046875,2184.33544921875,0.29586899280548096,2134.54248046875,2184.33544921875,0.3145940899848938,2134.54248046875,2184.33544921875,0.30868110060691833,2134.54248046875,2184.33544921875,0.3227859139442444,2134.54248046875,2184.33544921875,0.33358293771743774,2134.54248046875,2184.33544921875,0.33224159479141235,2134.54248046875,2184.33544921875,0.2671490013599396
DJI_20260917132812_0064_D.JPG,Cam 8,15,SWASTIKAPADAM,INCORRECT,OVERCROSSING_SHINS,RIGHT,dwpose_l_wholebody,coco_wholebody_133,OK,441.12,226.61,1,1,1708.3751220703125,893.6033935546875,0.5855807065963745,1712.3165283203125,877.8380126953125,0.6474345922470093,1684.7269287109375,873.8966064453125,0.6119625568389893,1732.0233154296875,873.8966064453125,0.6557562351226807,1700.4925537109375,881.7791748046875,0.6479992270469666,1720.1990966796875,873.8966064453125,0.607201337814331,1676.8443603515625,881.7791748046875,0.6412057876586914,1633.4896240234375,889.6619873046875,0.7458848357200623,1775.3780517578125,889.6619873046875,0.7578647136688232,1735.9644775390625,936.9581298828125,0.6461207866668701,1692.6097412109375,936.9581298828125,0.6592695713043213,1562.5452880859375,1063.0811767578125,0.6690772175788879,1858.1463623046875,1063.0811767578125,0.6825510859489441,1357.5953369140625,1271.9725341796875,0.7524164319038391,2043.3895263671875,1279.8553466796875,0.753024697303772,1613.7828369140625,1472.9810791015625,0.6404522657394409,1822.6741943359375,1476.9224853515625,0.6597567796707153,1676.8443603515625,1831.6434326171875,0.534451961517334,1850.2635498046875,1815.8782958984375,0.5447114706039429,1720.1990966796875,2146.951171875,0.5800591707229614,1779.3192138671875,2123.30322265625,0.6379903554916382,1728.0819091796875,2194.24755859375,0.6666101813316345,1779.3192138671875,2174.54052734375,0.6299252510070801,1676.8443603515625,2269.1328125,0.6298408508300781,1759.6126708984375,2237.60205078125,0.5903316736221313,1557.478515625,1363.0010986328125,0.23695585131645203,1566.6221923828125,1340.9486083984375,0.26394763588905334,1578.9930419921875,1326.964111328125,0.34712737798690796,1596.74267578125,1315.6688232421875,0.4173731207847595,1616.6436767578125,1302.22216796875,0.5132294297218323,1598.8941650390625,1349.0166015625,0.381722629070282,1620.9466552734375,1356.5467529296875,0.4617798924446106,1636.5447998046875,1366.76611328125,0.5335496664047241,1650.529296875,1378.5992431640625,0.6491703987121582,1592.4398193359375,1366.76611328125,0.3353123068809509,1612.3408203125,1376.985595703125,0.5154167413711548,1629.0146484375,1390.4322509765625,0.5649917125701904,1647.8399658203125,1404.416748046875,0.7251073122024536,1580.606689453125,1381.28857421875,0.34657907485961914,1596.204833984375,1389.8944091796875,0.4934294521808624,1611.2650146484375,1400.1138916015625,0.600495457649231,1628.476806640625,1411.4090576171875,0.7316651344299316,1566.0843505859375,1392.0458984375,0.3150630593299866,1573.0765380859375,1401.1895751953125,0.43070894479751587,1580.06884765625,1407.6439208984375,0.4990423917770386,1589.2125244140625,1415.174072265625,0.565078616142273,1855.9351806640625,1371.2568359375,0.4148827791213989,1850.7745361328125,1343.905029296875,0.37157225608825684,1843.033447265625,1325.326416015625,0.5230608582496643,1835.2923583984375,1304.16748046875,0.642128050327301,1824.454833984375,1278.8798828125,0.7557187080383301,1810.5208740234375,1337.712158203125,0.5330648422241211,1783.1690673828125,1333.58349609375,0.6114284992218018,1761.4940185546875,1334.099609375,0.6726317405700684,1738.270751953125,1340.80859375,0.7864271402359009,1815.681640625,1357.3228759765625,0.5335240960121155,1791.9422607421875,1361.967529296875,0.6327779293060303,1774.911865234375,1370.74072265625,0.695447564125061,1754.26904296875,1383.12646484375,0.7872737646102905,1828.5833740234375,1373.321044921875,0.5611094832420349,1813.1011962890625,1379.513916015625,0.6752588748931885,1796.5869140625,1388.80322265625,0.6737746596336365,1775.427978515625,1404.801513671875,0.7708320617675781,1846.1298828125,1388.80322265625,0.5025725960731506,1835.808349609375,1394.4801025390625,0.6120421886444092,1828.0672607421875,1400.1568603515625,0.6616678833961487,1813.6173095703125,1409.4461669921875,0.670030415058136
DJI_20260917132813_0065_D.JPG,Cam 8,15,SWASTIKAPADAM,INCORRECT,OVERCROSSING_SHINS,RIGHT,dwpose_l_wholebody,coco_wholebody_133,OK,460.57,371.12,1,1,1706.7578125,894.5294189453125,0.5925865173339844,1710.688720703125,878.8055419921875,0.65034419298172,1687.10302734375,874.8746337890625,0.6190364956855774,1730.343505859375,878.8055419921875,0.6595638394355774,1702.826904296875,882.7364501953125,0.6431840658187866,1722.481689453125,874.8746337890625,0.6137555241584778,1679.2412109375,882.7364501953125,0.6367720365524292,1632.069580078125,890.5982666015625,0.7521743774414062,1773.583740234375,890.5982666015625,0.7707687616348267,1730.343505859375,933.8387451171875,0.6372285485267639,1691.033935546875,937.7696533203125,0.6416884660720825,1557.381591796875,1063.5601806640625,0.6717848181724548,1852.202880859375,1063.5601806640625,0.6966426372528076,1360.834228515625,1271.9005126953125,0.733681321144104,2036.95751953125,1275.8314208984375,0.71764075756073,1608.484130859375,1476.3096923828125,0.6377218961715698,1820.75537109375,1480.2408447265625,0.6523419618606567,1675.310302734375,1837.9571533203125,0.5511487126350403,1820.75537109375,1830.0953369140625,0.5310004353523254,1726.412353515625,2160.294921875,0.5737363696098328,1753.92919921875,2148.50244140625,0.6160262227058411,1738.205322265625,2207.46630859375,0.6523112654685974,1757.860107421875,2195.673828125,0.6109778881072998,1702.826904296875,2266.4306640625,0.6144461631774902,1742.136474609375,2246.77587890625,0.6026250123977661,1559.8673095703125,1365.4921875,0.3146156072616577,1564.227294921875,1344.564453125,0.3615913689136505,1576.87109375,1329.74072265625,0.5271203517913818,1592.5667724609375,1317.096923828125,0.6731544733047485,1614.366455078125,1303.1451416015625,0.7484316825866699,1596.49072265625,1350.232421875,0.6126812696456909,1617.41845703125,1357.644287109375,0.5624428987503052,1632.2421875,1366.8001708984375,0.6047348380088806,1647.501953125,1380.31591796875,0.6818752288818359,1591.69482421875,1369.85205078125,0.5369333624839783,1612.1865234375,1379.8798828125,0.6163098812103271,1628.3182373046875,1391.6517333984375,0.6804239749908447,1646.6300048828125,1405.16748046875,0.796003520488739,1580.3590087890625,1383.8038330078125,0.5439881086349487,1594.746826171875,1391.6517333984375,0.6622457504272461,1609.134521484375,1402.1156005859375,0.680721640586853,1626.1383056640625,1413.015380859375,0.8003346920013428,1563.355224609375,1394.7037353515625,0.5056584477424622,1569.459228515625,1403.8594970703125,0.566184937953949,1576.87109375,1410.3994140625,0.6550924777984619,1586.462890625,1418.247314453125,0.7401660084724426,1858.675048828125,1374.1700439453125,0.42973166704177856,1852.1697998046875,1348.1488037109375,0.4406586289405823,1844.163330078125,1328.132568359375,0.5469870567321777,1835.156005859375,1305.6142578125,0.6650015115737915,1822.645751953125,1279.0926513671875,0.6527302265167236,1809.6351318359375,1338.64111328125,0.6123858094215393,1782.11279296875,1336.1390380859375,0.7557945251464844,1759.594482421875,1337.139892578125,0.7492877244949341,1735.574951171875,1344.1455078125,0.8192569613456726,1813.638427734375,1359.658203125,0.5873228311538696,1791.6204833984375,1364.161865234375,0.72377610206604,1774.106201171875,1372.6688232421875,0.8097515106201172,1752.5887451171875,1385.178955078125,0.8312303423881531,1826.6490478515625,1376.171630859375,0.5714094042778015,1811.6368408203125,1382.176513671875,0.71515953540802,1794.6229248046875,1391.183837890625,0.7219812870025635,1773.6058349609375,1406.696533203125,0.8199002146720886,1844.163330078125,1392.1846923828125,0.5147431492805481,1833.6546630859375,1396.6883544921875,0.6182692050933838,1826.1485595703125,1402.6932373046875,0.6665593385696411,1811.1363525390625,1412.200927734375,0.7464733123779297
DJI_20260917132845_0066_D.JPG,Cam 8,16,SWASTIKAPADAM,INCORRECT,OVERCROSSING_SHINS,LEFT,dwpose_l_wholebody,coco_wholebody_133,OK,457.92,186.76,1,1,2022.6641845703125,847.4610595703125,0.7550457715988159,2034.7327880859375,819.3006591796875,0.7958372831344604,2042.7784423828125,819.3006591796875,0.755560040473938,2050.82421875,819.3006591796875,0.7905824184417725,2002.5496826171875,819.3006591796875,0.7892330288887024,1986.4581298828125,819.3006591796875,0.7489832639694214,1974.3895263671875,823.3236083984375,0.7870945930480957,2046.8013916015625,843.4381103515625,0.6885082125663757,1930.1378173828125,851.4840087890625,0.7207099795341492,2042.7784423828125,883.6671142578125,0.8246220350265503,1994.5040283203125,883.6671142578125,0.8228653073310852,2123.236328125,1032.5137939453125,0.6599491834640503,1841.6341552734375,1032.5137939453125,0.6324115991592407,2332.42626953125,1229.6353759765625,0.6836589574813843,1652.5584716796875,1233.6583251953125,0.7010708451271057,2058.8701171875,1466.9857177734375,0.5763757228851318,1918.0689697265625,1471.0084228515625,0.5869920253753662,1998.5267333984375,1861.2286376953125,0.494240939617157,1922.0919189453125,1861.2286376953125,0.5408207178115845,1934.1607666015625,2130.76220703125,0.5267093181610107,2046.8013916015625,2162.9453125,0.5597447156906128,1914.0460205078125,2162.9453125,0.6003273725509644,2062.89306640625,2183.0595703125,0.5654613971710205,1966.3436279296875,2243.40283203125,0.5324079394340515,2131.2822265625,2303.74609375,0.6119300127029419,2139.80322265625,1333.3583984375,0.33034151792526245,2135.522705078125,1311.955810546875,0.3097170889377594,2125.8916015625,1294.833984375,0.4268016815185547,2117.86572265625,1278.2470703125,0.5314713716506958,2107.699462890625,1261.659912109375,0.6491537094116211,2107.699462890625,1311.4208984375,0.43478336930274963,2084.15673828125,1309.280517578125,0.4958024024963379,2064.359375,1313.026123046875,0.5338757038116455,2045.09716796875,1321.052001953125,0.5730639696121216,2116.260498046875,1329.613037109375,0.467157244682312,2096.463134765625,1334.963623046875,0.49655717611312866,2083.62158203125,1344.0595703125,0.5382390022277832,2066.499755859375,1355.8310546875,0.6347975730895996,2129.10205078125,1344.0595703125,0.47683200240135193,2117.86572265625,1353.15576171875,0.5369197130203247,2107.699462890625,1361.716796875,0.5376390814781189,2092.1826171875,1373.488037109375,0.6065773963928223,2143.013671875,1356.3662109375,0.5113130211830139,2140.33837890625,1366.5322265625,0.49567711353302,2138.197998046875,1373.488037109375,0.4893057346343994,2133.382568359375,1382.049072265625,0.5076507329940796,1829.835693359375,1344.0936279296875,0.30859488248825073,1847.448486328125,1317.2110595703125,0.31966546177864075,1861.353271484375,1303.3062744140625,0.3820266127586365,1883.6009521484375,1293.109375,0.4954338073730469,1906.775634765625,1282.4490966796875,0.5788687467575073,1892.870849609375,1317.674560546875,0.4804462790489197,1917.8994140625,1317.674560546875,0.5716527700424194,1938.293212890625,1325.553955078125,0.6923871040344238,1957.759765625,1336.677734375,0.7728709578514099,1889.6263427734375,1335.750732421875,0.4224089980125427,1911.4105224609375,1344.0936279296875,0.5560922622680664,1929.48681640625,1356.60791015625,0.5881576538085938,1943.85498046875,1370.9761962890625,0.6638422012329102,1878.966064453125,1349.1920166015625,0.4024646282196045,1894.724853515625,1356.60791015625,0.5516411662101746,1910.4835205078125,1366.8048095703125,0.5655181407928467,1925.77880859375,1379.319091796875,0.6639163494110107,1861.8167724609375,1361.7064208984375,0.36453479528427124,1871.5501708984375,1364.0238037109375,0.48803842067718506,1882.21044921875,1368.6588134765625,0.5653190612792969,1895.65185546875,1373.7572021484375,0.6385928392410278
DJI_20260917132847_0067_D.JPG,Cam 8,16,SWASTIKAPADAM,INCORRECT,OVERCROSSING_SHINS,LEFT,dwpose_l_wholebody,coco_wholebody_133,OK,441.06,228.43,1,1,2038.0771484375,842.491455078125,0.7830053567886353,2042.093505859375,814.376953125,0.8148635625839233,2046.10986328125,814.376953125,0.7635526657104492,2054.142578125,814.376953125,0.80748051404953,2017.995361328125,818.393310546875,0.7981186509132385,2001.929931640625,814.376953125,0.7600554823875427,1989.880859375,818.393310546875,0.794615626335144,2026.028076171875,838.47509765625,0.664588451385498,1941.6845703125,842.491455078125,0.7196048498153687,2050.12646484375,878.638916015625,0.8577754497528076,2005.9462890625,882.655029296875,0.8417788147926331,2114.387939453125,1027.243896484375,0.6071268320083618,1853.32470703125,1031.260498046875,0.5755736827850342,2327.2548828125,1232.078369140625,0.6589465141296387,1648.490234375,1236.0947265625,0.6919821500778198,2026.028076171875,1461.010986328125,0.5634312033653259,1937.668212890625,1461.010986328125,0.5555468797683716,1981.84814453125,1846.581298828125,0.5004990696907043,1909.5537109375,1838.548583984375,0.5381269454956055,1973.8154296875,2123.710205078125,0.5069072246551514,1985.864501953125,2139.775634765625,0.5585905313491821,1977.831787109375,2163.873779296875,0.5783011317253113,2026.028076171875,2167.889892578125,0.5686327815055847,2022.01171875,2256.250244140625,0.5450664758682251,2102.3388671875,2276.331787109375,0.5645138621330261,2135.48583984375,1334.9058837890625,0.31055861711502075,2129.63525390625,1312.0888671875,0.27208778262138367,2123.19970703125,1294.5372314453125,0.37139981985092163,2117.93408203125,1278.1556396484375,0.48995375633239746,2108.5732421875,1260.01904296875,0.5390651822090149,2103.892822265625,1311.5037841796875,0.4520770013332367,2081.660888671875,1309.16357421875,0.48314937949180603,2062.35400390625,1313.843994140625,0.4996514320373535,2043.0472412109375,1323.204833984375,0.5644880533218384,2113.253662109375,1330.2254638671875,0.4329245090484619,2094.531982421875,1337.24609375,0.4759025573730469,2079.90576171875,1346.6070556640625,0.49164220690727234,2064.109130859375,1358.30810546875,0.610543966293335,2126.125,1347.1920166015625,0.4073222279548645,2115.0087890625,1355.9678955078125,0.46248146891593933,2102.1376953125,1365.913818359375,0.4888995885848999,2089.2666015625,1378.199951171875,0.5257518887519836,2141.336181640625,1358.8931884765625,0.39553678035736084,2138.99609375,1366.498779296875,0.41967567801475525,2136.07080078125,1373.5194091796875,0.4628278911113739,2131.390380859375,1381.710205078125,0.4856851398944855,1825.8060302734375,1344.34521484375,0.31945377588272095,1841.63623046875,1319.2030029296875,0.3386267423629761,1856.0697021484375,1304.76953125,0.41646096110343933,1878.4183349609375,1294.5264892578125,0.48240846395492554,1904.0260009765625,1282.4210205078125,0.5702781081199646,1888.661376953125,1319.6685791015625,0.4788897633552551,1915.2003173828125,1319.2030029296875,0.5599655508995056,1935.6866455078125,1325.721435546875,0.6426854133605957,1953.8448486328125,1336.8956298828125,0.7693170309066772,1884.4710693359375,1337.361328125,0.398240864276886,1906.819580078125,1346.6732177734375,0.5587726831436157,1924.046630859375,1358.3131103515625,0.5900485515594482,1941.2738037109375,1373.677734375,0.697107195854187,1873.7623291015625,1351.3291015625,0.3976372480392456,1890.5238037109375,1358.3131103515625,0.5483474135398865,1905.4228515625,1369.0218505859375,0.6161514520645142,1921.7186279296875,1380.6617431640625,0.7074194550514221,1855.1385498046875,1364.3658447265625,0.3755570352077484,1865.381591796875,1366.2281494140625,0.521381139755249,1876.555908203125,1370.4185791015625,0.5625571012496948,1890.9893798828125,1376.0057373046875,0.6239058375358582
DJI_20260917132902_0068_D.JPG,Cam 8,17,SWASTIKAPADAM,INCORRECT,INSUFFICIENT_ARAMANDI,RIGHT,dwpose_l_wholebody,coco_wholebody_133,OK,449.48,248.87,1,1,1792.516357421875,810.408203125,0.6178944706916809,1780.131591796875,789.76708984375,0.6661516427993774,1718.207763671875,781.510498046875,0.6529293060302734,1784.259765625,785.638671875,0.6856141090393066,1784.259765625,798.0234375,0.6583141684532166,1825.54248046875,781.510498046875,0.7113455533981323,1763.61865234375,793.895263671875,0.6616072654724121,1676.92529296875,806.280029296875,0.8642034530639648,1833.798828125,802.15185546875,0.8509998321533203,1792.516357421875,847.5625,0.6388139724731445,1780.131591796875,847.5625,0.6272797584533691,1598.48828125,983.794921875,0.78202223777771,1916.36376953125,987.923095703125,0.8518869876861572,1400.332275390625,1190.20751953125,0.8265016078948975,2106.263671875,1210.848876953125,0.8292709589004517,1656.2841796875,1442.031005859375,0.7188818454742432,1870.953125,1446.159423828125,0.685920238494873,1734.720703125,1821.830322265625,0.6812313199043274,1866.824951171875,1817.701904296875,0.6664732694625854,1813.15771484375,2176.860107421875,0.6973191499710083,1796.64453125,2176.860107421875,0.7691829204559326,1825.54248046875,2226.399169921875,0.7148404121398926,1767.746826171875,2222.27099609375,0.69835364818573,1854.440185546875,2242.912109375,0.6805499792098999,1780.131591796875,2242.912109375,0.7064036130905151,1611.60400390625,1293.5479736328125,0.1553221493959427,1612.7486572265625,1270.081787109375,0.21491894125938416,1624.7679443359375,1257.490234375,0.3013981580734253,1641.3660888671875,1248.3326416015625,0.3705202341079712,1663.1151123046875,1236.8857421875,0.46489453315734863,1643.0831298828125,1278.6669921875,0.3001951575279236,1658.536376953125,1287.8245849609375,0.35224270820617676,1673.4173583984375,1299.271484375,0.4196884036064148,1686.009033203125,1314.1524658203125,0.5322400331497192,1632.20849609375,1297.554443359375,0.24919205904006958,1643.6553955078125,1310.1461181640625,0.33667072653770447,1654.530029296875,1327.31640625,0.41190192103385925,1665.9769287109375,1346.203857421875,0.45367375016212463,1619.0445556640625,1310.7183837890625,0.223866805434227,1629.3468017578125,1323.88232421875,0.31350159645080566,1636.7872314453125,1337.0462646484375,0.4141393303871155,1648.234130859375,1353.6444091796875,0.4455263614654541,1604.16357421875,1318.731201171875,0.21976472437381744,1607.0252685546875,1331.3228759765625,0.2761693298816681,1611.60400390625,1337.0462646484375,0.3186315596103668,1616.1827392578125,1345.0592041015625,0.31343623995780945,1915.393310546875,1297.235107421875,0.34064561128616333,1908.623291015625,1274.104248046875,0.36100533604621887,1896.2115478515625,1259.4359130859375,0.41639629006385803,1882.107421875,1245.8958740234375,0.5252999067306519,1865.74658203125,1227.842529296875,0.6079108119010925,1869.131591796875,1279.1817626953125,0.45003366470336914,1844.872314453125,1279.7459716796875,0.5057325959205627,1828.511474609375,1285.9517822265625,0.5325992107391357,1807.0731201171875,1297.235107421875,0.6300153136253357,1879.2864990234375,1298.9276123046875,0.46164965629577637,1866.3106689453125,1307.39013671875,0.5192278623580933,1856.1556396484375,1316.4168701171875,0.564645528793335,1840.9232177734375,1331.6492919921875,0.6529072523117065,1896.2115478515625,1313.595947265625,0.45867374539375305,1889.4415283203125,1325.4434814453125,0.4992906153202057,1884.92822265625,1336.726806640625,0.5468623638153076,1875.901611328125,1351.3951416015625,0.5803960561752319,1912.572509765625,1323.186767578125,0.4663078188896179,1910.8798828125,1335.5985107421875,0.5032225847244263,1907.494873046875,1345.7535400390625,0.4956178665161133,1901.853271484375,1360.421875,0.4834020137786865
DJI_20260917132904_0069_D.JPG,Cam 8,17,SWASTIKAPADAM,INCORRECT,INSUFFICIENT_ARAMANDI,RIGHT,dwpose_l_wholebody,coco_wholebody_133,OK,478.32,277.71,1,1,1814.2783203125,816.1824951171875,0.6363217830657959,1798.02392578125,799.9281005859375,0.6643185615539551,1741.134033203125,787.7374267578125,0.6211473941802979,1798.02392578125,795.8646240234375,0.6729429960250854,1798.02392578125,808.0552978515625,0.6527979373931885,1830.532470703125,787.7374267578125,0.7226671576499939,1777.7060546875,803.9915771484375,0.6557013392448425,1676.116943359375,812.1187744140625,0.8585246801376343,1826.468994140625,808.0552978515625,0.8483150005340576,1810.21484375,848.6907958984375,0.6367673873901367,1793.96044921875,852.7545166015625,0.6133853197097778,1594.845458984375,990.9158935546875,0.7854452133178711,1903.6767578125,990.9158935546875,0.849729597568512,1403.857666015625,1198.1580810546875,0.8288213014602661,2098.72802734375,1206.2850341796875,0.8406425714492798,1655.799072265625,1441.9720458984375,0.7071776390075684,1867.1044921875,1441.9720458984375,0.6786170601844788,1724.879638671875,1828.0111083984375,0.6945895552635193,1854.9140625,1819.8841552734375,0.67882239818573,1818.341796875,2177.478515625,0.73880934715271,1781.769775390625,2161.22412109375,0.793825626373291,1830.532470703125,2242.4951171875,0.7393540143966675,1728.943359375,2197.7958984375,0.7136586904525757,1867.1044921875,2258.74951171875,0.710074782371521,1769.5791015625,2275.00390625,0.7423732280731201,1605.7314453125,1296.072021484375,0.16469070315361023,1611.30810546875,1274.322998046875,0.22048026323318481,1624.692138671875,1260.93896484375,0.30686241388320923,1641.979736328125,1252.01611328125,0.37847900390625,1664.286376953125,1240.86279296875,0.48058071732521057,1644.21044921875,1281.572509765625,0.29959702491760254,1658.709716796875,1290.495361328125,0.37383121252059937,1673.766845703125,1302.763916015625,0.43533071875572205,1687.15087890625,1318.936279296875,0.5321699380874634,1632.49951171875,1299.41796875,0.24514827132225037,1645.32568359375,1311.6865234375,0.3601709008216858,1655.36376953125,1328.974365234375,0.43476343154907227,1666.51708984375,1347.93505859375,0.5020511150360107,1619.115478515625,1313.359619140625,0.22076579928398132,1629.7109375,1325.070556640625,0.32507336139678955,1638.076171875,1338.45458984375,0.4205232858657837,1649.2294921875,1355.1845703125,0.46534430980682373,1604.058349609375,1321.724609375,0.21823035180568695,1607.404296875,1331.7626953125,0.2829899489879608,1612.98095703125,1339.01220703125,0.33579862117767334,1618.0,1347.93505859375,0.3588806986808777,1909.53955078125,1301.38916015625,0.36915624141693115,1905.4012451171875,1278.111083984375,0.3923705220222473,1892.468994140625,1264.144287109375,0.473554790019989,1880.5712890625,1249.1429443359375,0.6164849996566772,1864.535400390625,1231.5550537109375,0.6782446503639221,1867.121826171875,1281.732177734375,0.49492454528808594,1844.361083984375,1282.7667236328125,0.5696158409118652,1826.773193359375,1288.4569091796875,0.5678856372833252,1807.633544921875,1299.8372802734375,0.650017261505127,1878.502197265625,1300.871826171875,0.5105465650558472,1865.5699462890625,1309.1484375,0.5626718401908875,1855.741455078125,1318.97705078125,0.6242020130157471,1841.25732421875,1333.9783935546875,0.7241825461387634,1895.57275390625,1315.35595703125,0.5300900936126709,1889.365234375,1326.736328125,0.5900490283966064,1885.2269287109375,1338.11669921875,0.5901429653167725,1876.4329833984375,1354.1527099609375,0.5876437425613403,1912.1259765625,1324.667236328125,0.5389727354049683,1911.0914306640625,1337.599365234375,0.5716718435287476,1907.9876708984375,1346.91064453125,0.5680757164955139,1903.33203125,1361.394775390625,0.5451688766479492
DJI_20260917132926_0070_D.JPG,Cam 8,18,SWASTIKAPADAM,INCORRECT,INSUFFICIENT_ARAMANDI,LEFT,dwpose_l_wholebody,coco_wholebody_133,OK,460.36,305.22,1,1,2030.14404296875,781.584716796875,0.7354451417922974,2030.14404296875,756.763671875,0.7753143906593323,2030.14404296875,760.900634765625,0.7136512398719788,2042.554443359375,760.900634765625,0.7714465856552124,2005.32275390625,765.037353515625,0.7581184506416321,1997.04931640625,760.900634765625,0.7266829013824463,1980.501953125,769.174072265625,0.7487825155258179,1980.501953125,789.8583984375,0.6414921283721924,1955.6806640625,793.9951171875,0.6860054135322571,2042.554443359375,814.679443359375,0.8068552017211914,2005.32275390625,822.953125,0.7806577682495117,2088.0595703125,971.879150390625,0.5859346389770508,1889.4912109375,971.879150390625,0.5658248662948608,1633.00732421875,1182.858154296875,0.6360623240470886,1633.00732421875,1182.858154296875,0.7114737629890442,1955.6806640625,1422.794677734375,0.5442832112312317,1918.44921875,1418.657958984375,0.550489068031311,1939.13330078125,1819.931396484375,0.5963417887687683,1885.3544921875,1819.931396484375,0.5826758146286011,1930.85986328125,2138.4677734375,0.6860218048095703,1918.44921875,2142.604736328125,0.6649267673492432,1930.85986328125,2175.69921875,0.7195038795471191,1934.99658203125,2179.836181640625,0.647479772567749,1934.99658203125,2266.7099609375,0.7309156060218811,1934.99658203125,2250.162353515625,0.6734004020690918,1727.193115234375,1570.174072265625,0.31878507137298584,1727.193115234375,1570.174072265625,0.27905014157295227,1727.193115234375,1570.174072265625,0.26936987042427063,1727.193115234375,1570.174072265625,0.26501989364624023,1727.193115234375,1570.174072265625,0.22703559696674347,1727.193115234375,992.9807739257812,0.2666090130805969,1727.193115234375,1570.174072265625,0.28217655420303345,1727.193115234375,1570.174072265625,0.2578742504119873,1727.193115234375,992.9807739257812,0.20945599675178528,1727.193115234375,992.9807739257812,0.27129754424095154,1727.193115234375,1570.174072265625,0.28481248021125793,1727.193115234375,1570.174072265625,0.2904006838798523,1727.193115234375,1570.174072265625,0.22447524964809418,1727.193115234375,1570.174072265625,0.2611341178417206,1727.193115234375,1570.174072265625,0.2623818516731262,1727.193115234375,1570.174072265625,0.274621844291687,1727.193115234375,1570.174072265625,0.27846628427505493,1727.193115234375,1570.174072265625,0.2819198668003082,1727.193115234375,1570.174072265625,0.30610060691833496,1727.193115234375,1570.174072265625,0.3133268654346466,1727.193115234375,1570.174072265625,0.2697218060493469,1819.4510498046875,1272.068603515625,0.40710321068763733,1827.2860107421875,1249.6829833984375,0.4312167167663574,1842.9559326171875,1236.2515869140625,0.4939698576927185,1861.4241943359375,1223.939453125,0.6181090474128723,1880.4520263671875,1212.74658203125,0.6499302387237549,1867.0206298828125,1258.63720703125,0.513812780380249,1886.0484619140625,1270.3897705078125,0.5341398119926453,1900.0394287109375,1283.261474609375,0.5802038908004761,1911.2322998046875,1298.9315185546875,0.6336096525192261,1858.0662841796875,1275.9862060546875,0.49246108531951904,1873.1766357421875,1289.4176025390625,0.5902376174926758,1884.92919921875,1303.4085693359375,0.6109039783477783,1898.360595703125,1319.6383056640625,0.6838929057121277,1844.0753173828125,1289.9771728515625,0.46173155307769775,1856.947021484375,1301.1700439453125,0.5737887620925903,1868.139892578125,1313.482177734375,0.6467527151107788,1881.0115966796875,1326.35400390625,0.7037216424942017,1829.5245361328125,1300.05078125,0.43816280364990234,1835.6806640625,1306.7664794921875,0.5321031212806702,1842.3963623046875,1313.482177734375,0.600128173828125,1850.2313232421875,1321.317138671875,0.5824916362762451
DJI_20260917132929_0071_D.JPG,Cam 8,18,SWASTIKAPADAM,INCORRECT,INSUFFICIENT_ARAMANDI,LEFT,dwpose_l_wholebody,coco_wholebody_133,OK,490.68,265.27,1,1,2022.12939453125,785.67724609375,0.7038259506225586,2017.94775390625,760.58935546875,0.7607808709144592,2009.58544921875,760.58935546875,0.6800965070724487,2026.310546875,760.58935546875,0.7610567808151245,1997.04150390625,764.770751953125,0.7474837899208069,1997.04150390625,760.58935546875,0.714275598526001,1971.95361328125,764.770751953125,0.742041826248169,1905.052734375,794.039794921875,0.692112922668457,1988.678955078125,789.858642578125,0.6978180408477783,2026.310546875,823.308837890625,0.7749347686767578,1992.8603515625,823.308837890625,0.7574724555015564,1821.4267578125,969.654541015625,0.5976810455322266,2093.21142578125,973.835693359375,0.6873162984848022,1620.724365234375,1182.900634765625,0.6900468468666077,2293.9140625,1178.719482421875,0.6902143955230713,1867.421142578125,1408.691162109375,0.6208747625350952,2022.12939453125,1404.510009765625,0.5911281108856201,1875.78369140625,1805.914794921875,0.6285900473594666,1951.047119140625,1810.09619140625,0.570915699005127,1925.95947265625,2136.23779296875,0.695050835609436,1913.41552734375,2136.23779296875,0.6283000707626343,1934.32177734375,2182.23193359375,0.733770489692688,1921.778076171875,2173.869384765625,0.6247975826263428,1930.140625,2257.495361328125,0.7108763456344604,1925.95947265625,2232.407470703125,0.633922278881073,1814.57421875,1267.092529296875,0.4542090892791748,1823.800537109375,1248.0247802734375,0.4563014507293701,1837.947509765625,1232.6475830078125,0.4837789535522461,1855.169921875,1220.9609375,0.6308383941650391,1876.0830078125,1207.428955078125,0.6418601274490356,1863.78125,1256.0208740234375,0.5297077894210815,1881.6187744140625,1267.70751953125,0.5506072044372559,1895.150634765625,1281.239501953125,0.5605856776237488,1906.83740234375,1296.61669921875,0.6260223388671875,1854.554931640625,1274.4735107421875,0.47984579205513,1868.701904296875,1286.7752685546875,0.5891756415367126,1879.158447265625,1300.9222412109375,0.6425488591194153,1892.0751953125,1317.5296630859375,0.6365278959274292,1840.4078369140625,1288.0054931640625,0.46174564957618713,1851.4794921875,1298.4619140625,0.6110357642173767,1860.0906982421875,1308.91845703125,0.6942079663276672,1873.62255859375,1323.0654296875,0.7118980884552002,1825.03076171875,1296.61669921875,0.42166513204574585,1829.951416015625,1302.1524658203125,0.5395293235778809,1834.8720703125,1307.688232421875,0.5780541896820068,1842.253173828125,1313.839111328125,0.5549435019493103,2106.269775390625,1262.8536376953125,0.2739541232585907,2106.269775390625,1250.021484375,0.34096628427505493,2106.269775390625,1234.7449951171875,0.34926968812942505,2106.269775390625,1219.468505859375,0.4026039242744446,2076.327880859375,1201.13671875,0.4417635202407837,2106.269775390625,1253.0767822265625,0.3733447194099426,2106.269775390625,1256.7430419921875,0.3137466013431549,2106.269775390625,1263.4647216796875,0.2600932717323303,2028.0543212890625,1289.740234375,0.22641950845718384,2106.269775390625,1269.5753173828125,0.3723174035549164,2106.269775390625,1284.851806640625,0.34808290004730225,2106.269775390625,1301.96142578125,0.36449939012527466,2106.269775390625,1319.0711669921875,0.33313918113708496,2106.269775390625,1282.4075927734375,0.3586687743663788,2106.269775390625,1295.850830078125,0.359225869178772,2106.269775390625,1309.9051513671875,0.3974553346633911,2106.269775390625,1324.5706787109375,0.4125710725784302,2106.269775390625,1292.7955322265625,0.2969093918800354,2106.269775390625,1308.68310546875,0.314598023891449,2106.269775390625,1317.2379150390625,0.35538768768310547,2106.269775390625,1322.1263427734375,0.3200075626373291
DJI_20260917133328_0072_D.JPG,Cam 8,19,PATAKA,INCORRECT,ELBOWS_NOT_ALIGNED,,dwpose_l_wholebody,coco_wholebody_133,OK,480.78,267.24,1,1,1880.4388427734375,740.98291015625,0.6477054357528687,1871.9932861328125,728.314453125,0.6229313015937805,1791.7596435546875,711.42333984375,0.6351674795150757,1863.5477294921875,719.868896484375,0.6400995850563049,1880.4388427734375,736.76025390625,0.6094809770584106,1909.9989013671875,711.42333984375,0.725925862789154,1859.3250732421875,728.314453125,0.620450496673584,1741.0858154296875,732.537353515625,0.8619259595870972,1905.7757568359375,736.76025390625,0.8601279258728027,1867.7703857421875,778.98828125,0.5781209468841553,1863.5477294921875,774.765625,0.5488914251327515,1648.1837158203125,926.787109375,0.8196247816085815,2002.9007568359375,926.787109375,0.8613439798355103,1589.0643310546875,1192.8251953125,0.8291454315185547,2083.134765625,1197.0478515625,0.8029110431671143,1741.0858154296875,1416.634765625,0.711563229560852,1956.4495849609375,1403.96630859375,0.7141646146774292,1757.9769287109375,1826.24853515625,0.8087000846862793,1956.4495849609375,1813.580078125,0.8261014223098755,1800.2054443359375,2206.302490234375,0.8811933994293213,1914.2215576171875,2189.4111328125,0.8697130084037781,1817.0965576171875,2256.9765625,0.9061944484710693,1905.7757568359375,2240.0849609375,0.8654540181159973,1783.3138427734375,2223.19384765625,0.7559658288955688,1901.5531005859375,2206.302490234375,0.7411376237869263,1564.3310546875,1037.50341796875,0.39994359016418457,1590.6639404296875,1021.8875122070312,0.33531713485717773,1610.260498046875,998.3103637695312,0.2913911044597626,1630.1632080078125,986.9811401367188,0.263965368270874,1643.6358642578125,965.2411499023438,0.25587791204452515,1596.481689453125,968.3031616210938,0.5419954061508179,1600.156005859375,937.6835327148438,0.425089031457901,1602.2994384765625,937.6835327148438,0.257340669631958,1602.2994384765625,937.6835327148438,0.21921688318252563,1575.3541259765625,964.6288452148438,0.605750560760498,1581.171875,937.6835327148438,0.3684934973716736,1583.3153076171875,937.6835327148438,0.19063013792037964,1583.6214599609375,937.6835327148438,0.231784850358963,1558.819580078125,964.3225708007812,0.613567590713501,1564.6373291015625,937.6835327148438,0.5370973944664001,1568.3116455078125,937.6835327148438,0.2535025477409363,1570.455078125,937.6835327148438,0.20817607641220093,1540.7540283203125,970.4464721679688,0.5921791195869446,1548.715087890625,946.8694458007812,0.6745587587356567,1553.30810546875,937.6835327148438,0.474319189786911,1558.819580078125,937.6835327148438,0.36656200885772705,2034.0693359375,1218.054931640625,0.15623334050178528,2031.954833984375,1218.054931640625,0.0955285131931305,2044.81884765625,1181.5771484375,0.052826203405857086,2046.228759765625,1167.65576171875,0.06696860492229462,2048.8720703125,1156.5537109375,0.10155496001243591,2031.426025390625,1183.1630859375,0.09683878719806671,2040.413330078125,1168.536865234375,0.09036162495613098,2044.290283203125,1161.488037109375,0.10346853733062744,2046.93359375,1128.005859375,0.12641841173171997,2032.4833984375,1182.281982421875,0.09622332453727722,2034.0693359375,1163.42626953125,0.09303285926580429,2030.72119140625,1143.86572265625,0.10121063888072968,2030.544921875,1128.005859375,0.11801658570766449,2027.901611328125,1181.5771484375,0.0823071300983429,2028.78271484375,1164.13134765625,0.07844404876232147,2019.9716796875,1156.37744140625,0.09593576192855835,2014.861328125,1128.005859375,0.10913677513599396,2019.79541015625,1182.281982421875,0.09323542565107346,2014.33251953125,1169.41796875,0.12315845489501953,2012.5703125,1161.488037109375,0.16451220214366913,2009.927001953125,1154.439208984375,0.1465376913547516
DJI_20260917133331_0073_D.JPG,Cam 8,19,PATAKA,INCORRECT,ELBOWS_NOT_ALIGNED,,dwpose_l_wholebody,coco_wholebody_133,OK,475.94,262.39,1,1,1900.29541015625,743.920654296875,0.6504018902778625,1887.510498046875,731.135498046875,0.6364381313323975,1806.537353515625,718.350341796875,0.6375453472137451,1878.987060546875,726.873779296875,0.651612401008606,1896.033935546875,735.397216796875,0.6228211522102356,1925.865966796875,714.088623046875,0.7474622130393982,1874.725341796875,731.135498046875,0.6377848386764526,1751.135009765625,748.182373046875,0.8670173287391663,1921.604248046875,739.658935546875,0.8658884763717651,1887.510498046875,786.537841796875,0.5859668254852295,1878.987060546875,782.276123046875,0.5572521686553955,1653.115478515625,939.960205078125,0.8289748430252075,2019.6240234375,931.436767578125,0.8746721744537354,1601.974609375,1204.187255859375,0.8381059169769287,2104.858642578125,1208.448974609375,0.8063910007476807,1751.135009765625,1434.320556640625,0.7247037887573242,1964.221435546875,1425.797119140625,0.7332586646080017,1768.181884765625,1843.446533203125,0.822577714920044,1964.221435546875,1834.923095703125,0.8307359218597412,1810.799072265625,2222.740234375,0.8800617456436157,1921.604248046875,2209.955078125,0.8790040016174316,1823.58447265625,2273.881103515625,0.9008526802062988,1917.342529296875,2265.357666015625,0.8676449060440063,1798.013916015625,2235.525390625,0.7485674619674683,1904.557373046875,2227.002197265625,0.7384729385375977,1630.0169677734375,998.7466430664062,0.18833501636981964,1617.40966796875,1035.517822265625,0.13698458671569824,1601.125244140625,1059.156494140625,0.14550451934337616,1602.9638671875,1070.450439453125,0.1341782510280609,1606.903564453125,1079.117919921875,0.10686790943145752,1611.36865234375,1056.5299072265625,0.11520931124687195,1611.1060791015625,1082.007080078125,0.14117351174354553,1614.5205078125,1098.29150390625,0.13781090080738068,1617.9349365234375,1132.96142578125,0.1732526421546936,1622.92529296875,1053.9034423828125,0.13453951478004456,1630.542236328125,1076.491455078125,0.1401447206735611,1630.542236328125,1095.9276123046875,0.14197570085525513,1625.0264892578125,1132.96142578125,0.17227038741111755,1640.78564453125,1050.226318359375,0.11104153096675873,1639.209716796875,1072.5516357421875,0.09911809116601944,1636.8458251953125,1085.158935546875,0.10479693114757538,1629.7542724609375,1132.96142578125,0.11639389395713806,1648.9278564453125,1057.58056640625,0.08690332621335983,1603.7518310546875,1071.2384033203125,0.08463363349437714,1648.9278564453125,1078.5926513671875,0.0819903314113617,1648.4024658203125,1084.1082763671875,0.08194731175899506,2046.8175048828125,1212.73388671875,0.1505586951971054,2042.7886962890625,1212.73388671875,0.07927130162715912,2032.5330810546875,1180.8685302734375,0.07941684126853943,2029.6029052734375,1170.0635986328125,0.09717120230197906,2025.2076416015625,1156.3284912109375,0.10017093271017075,2050.66357421875,1166.03466796875,0.0757850781083107,2051.39599609375,1176.4732666015625,0.10555402934551239,2050.114013671875,1185.8131103515625,0.09669020771980286,2045.1693115234375,1119.1522216796875,0.08849255740642548,2052.677978515625,1173.1768798828125,0.07865668833255768,2056.89013671875,1176.4732666015625,0.08559480309486389,2056.89013671875,1190.3914794921875,0.09531255066394806,2058.538330078125,1212.73388671875,0.08843709528446198,2042.9718017578125,1175.5576171875,0.06321550905704498,2043.7042236328125,1176.4732666015625,0.04389289766550064,2060.9189453125,1190.94091796875,0.05939546972513199,2061.285400390625,1212.73388671875,0.09881526231765747,2060.552734375,1176.4732666015625,0.05280786007642746,2029.6029052734375,1172.4443359375,0.05169731006026268,2027.4053955078125,1165.8514404296875,0.05301159620285034,2024.8414306640625,1212.73388671875,0.06221825256943703
DJI_20260917133338_0074_D.JPG,Cam 8,20,ALAPADMA,INCORRECT,ELBOWS_NOT_ALIGNED,,dwpose_l_wholebody,coco_wholebody_133,OK,427.59,256.91,1,1,1880.64404296875,736.8216552734375,0.6353945732116699,1876.376220703125,724.0181884765625,0.6288931369781494,1799.555908203125,715.4825439453125,0.6493425369262695,1867.84033203125,719.7503662109375,0.6542582511901855,1884.91162109375,732.5535888671875,0.6231997609138489,1914.7861328125,706.9471435546875,0.7164977788925171,1859.304931640625,728.2860107421875,0.6366479396820068,1756.8779296875,741.0892333984375,0.8574521541595459,1919.05419921875,732.5535888671875,0.8528997898101807,1880.64404296875,779.4993896484375,0.591462254524231,1867.84033203125,779.4993896484375,0.5634727478027344,1675.7900390625,937.4075927734375,0.839016318321228,2008.677734375,928.8719482421875,0.8716704845428467,1607.50537109375,1206.2781982421875,0.8424849510192871,2094.033203125,1197.7425537109375,0.8041092753410339,1752.6103515625,1423.9354248046875,0.7274976968765259,1961.73193359375,1415.3997802734375,0.7177873849868774,1765.41357421875,1825.1072998046875,0.8054706454277039,1957.464111328125,1816.5721435546875,0.8093074560165405,1803.82373046875,2213.4765625,0.8704919815063477,1919.05419921875,2200.6728515625,0.8734601140022278,1816.626953125,2264.68994140625,0.9113276600837708,1910.5185546875,2247.61865234375,0.8774318695068359,1782.48486328125,2226.27978515625,0.7526535987854004,1901.98291015625,2217.744140625,0.7543361783027649,1666.644775390625,1172.759033203125,0.12102111428976059,1679.841552734375,1172.759033203125,0.06453236192464828,1692.3184814453125,1119.2520751953125,0.08207904547452927,1642.650634765625,1105.0955810546875,0.07984153926372528,1637.371826171875,1094.0582275390625,0.11605843901634216,1678.40185546875,1101.0164794921875,0.08328819274902344,1678.8817138671875,1090.4591064453125,0.08649268001317978,1684.1605224609375,1080.1416015625,0.08773475885391235,1659.20654296875,1050.14892578125,0.10403493046760559,1666.644775390625,1103.6558837890625,0.09518856555223465,1664.7252197265625,1090.93896484375,0.11292946338653564,1662.0858154296875,1080.1416015625,0.13160762190818787,1658.4866943359375,1066.704833984375,0.14249905943870544,1658.246826171875,1111.573974609375,0.0872744768857956,1658.246826171875,1095.73779296875,0.0871652364730835,1654.1678466796875,1089.0194091796875,0.10343094915151596,1655.607421875,1072.4635009765625,0.10472781956195831,1647.20947265625,1118.5322265625,0.08973698318004608,1641.6907958984375,1108.4547119140625,0.11395332962274551,1638.8115234375,1101.2564697265625,0.14880579710006714,1636.8919677734375,1091.898681640625,0.1773943156003952,2026.4193115234375,1198.855224609375,0.12679865956306458,2039.2391357421875,1198.855224609375,0.043469592928886414,2013.9937744140625,1154.28125,0.0746166780591011,2053.242431640625,1155.464599609375,0.06819944083690643,2058.764892578125,1153.4923095703125,0.06673800200223923,2050.481201171875,1152.900634765625,0.06961371749639511,2049.2978515625,1143.43359375,0.07527171075344086,2049.494873046875,1164.5372314453125,0.07433868199586868,2035.0972900390625,1098.0706787109375,0.08364278078079224,2038.0557861328125,1153.4923095703125,0.09288523346185684,2038.6473388671875,1155.464599609375,0.08524061739444733,2038.6473388671875,1162.17041015625,0.08680467307567596,2036.8724365234375,1098.0706787109375,0.10968779027462006,2026.8135986328125,1151.71728515625,0.0772591382265091,2027.0108642578125,1143.8280029296875,0.06172395497560501,2029.1805419921875,1161.7760009765625,0.06151221692562103,2037.6612548828125,1098.0706787109375,0.0890689417719841,2014.9798583984375,1153.4923095703125,0.10259950160980225,2012.6131591796875,1136.530517578125,0.09496617317199707,2055.609130859375,1154.4783935546875,0.053381942212581635,2057.18701171875,1098.0706787109375,0.05008727312088013
DJI_20260917133340_0075_D.JPG,Cam 8,20,ALAPADMA,INCORRECT,ELBOWS_NOT_ALIGNED,,dwpose_l_wholebody,coco_wholebody_133,OK,472.02,299.17,1,1,1861.909912109375,731.347900390625,0.6344543099403381,1866.18017578125,714.266357421875,0.6311666369438171,1789.31396484375,709.99609375,0.6556816697120667,1861.909912109375,709.99609375,0.6589040756225586,1874.72119140625,722.80712890625,0.6183437705039978,1908.8837890625,701.455322265625,0.6979047060012817,1853.369140625,718.536865234375,0.6336790323257446,1755.15087890625,735.6181640625,0.8598271608352661,1917.4248046875,731.347900390625,0.8542554378509521,1870.45068359375,769.781005859375,0.595337986946106,1857.6396484375,769.781005859375,0.5650537014007568,1678.28466796875,932.054443359375,0.8352281451225281,2011.37255859375,927.784423828125,0.879693865776062,1605.6884765625,1201.087158203125,0.8440877199172974,2092.50927734375,1196.81689453125,0.8122929334640503,1755.15087890625,1423.145751953125,0.7281777858734131,1968.6689453125,1414.605224609375,0.7300002574920654,1763.69189453125,1824.559326171875,0.8066983222961426,1968.6689453125,1820.289306640625,0.8262324333190918,1806.395263671875,2204.621337890625,0.8784030675888062,1917.4248046875,2196.080810546875,0.869891881942749,1819.206298828125,2260.135986328125,0.9140117168426514,1913.154296875,2247.324951171875,0.8749045133590698,1785.04345703125,2221.702880859375,0.7501444816589355,1900.34326171875,2213.162353515625,0.7413401007652283,1659.1185302734375,1164.23779296875,0.08812622725963593,1675.1572265625,1164.23779296875,0.051191333681344986,1682.5262451171875,1116.5552978515625,0.05623067915439606,1687.72802734375,1104.201171875,0.052342355251312256,1636.57763671875,1093.5810546875,0.06603634357452393,1653.0498046875,1119.806396484375,0.06861478090286255,1643.7301025390625,1113.7376708984375,0.0720018669962883,1640.26220703125,1097.4822998046875,0.08058035373687744,1636.3609619140625,1085.128173828125,0.10136893391609192,1663.236572265625,1111.353515625,0.09075909852981567,1660.8524169921875,1097.048828125,0.07662753760814667,1657.601318359375,1087.295654296875,0.08838258683681488,1656.5177001953125,1071.0401611328125,0.11783543229103088,1672.7730712890625,1108.969482421875,0.0710129663348198,1670.388916015625,1097.4822998046875,0.06794529408216476,1659.7686767578125,1092.0638427734375,0.06312006711959839,1656.5177001953125,1078.8427734375,0.06588717550039291,1686.4276123046875,1118.5059814453125,0.07721798866987228,1689.4619140625,1113.7376708984375,0.0901431292295456,1690.9791259765625,1097.915771484375,0.10104937851428986,1690.328857421875,1090.9801025390625,0.09855012595653534,2008.7650146484375,1222.4920654296875,0.19014538824558258,2013.9935302734375,1222.4920654296875,0.10636282712221146,2011.2747802734375,1182.1278076171875,0.08284160494804382,2009.6016845703125,1163.723388671875,0.07252319902181625,2006.0462646484375,1115.6209716796875,0.09454751014709473,2011.4840087890625,1155.7760009765625,0.13502798974514008,2010.2291259765625,1135.698486328125,0.12998318672180176,2006.0462646484375,1115.6209716796875,0.1770571768283844,2003.5364990234375,1115.6209716796875,0.17686398327350616,2019.4312744140625,1154.31201171875,0.09122610092163086,2022.1500244140625,1115.6209716796875,0.10445129871368408,2025.7054443359375,1115.6209716796875,0.1692158281803131,2028.2152099609375,1115.6209716796875,0.1597253531217575,2019.8494873046875,1156.82177734375,0.06765741109848022,2025.7054443359375,1115.6209716796875,0.09550628066062927,2028.8426513671875,1115.6209716796875,0.12921461462974548,2075.481201171875,1115.6209716796875,0.14092612266540527,2013.3660888671875,1154.31201171875,0.06076054275035858,2075.481201171875,1149.5018310546875,0.0772477239370346,2075.481201171875,1115.6209716796875,0.13181303441524506,2075.481201171875,1115.6209716796875,0.14547516405582428
DJI_20260917133428_0076_D.JPG,Cam 8,21,ALAPADMA,CORRECT,,,dwpose_l_wholebody,coco_wholebody_133,OK,477.14,281.15,1,1,1898.6282958984375,703.6163330078125,0.6668181419372559,1885.7496337890625,690.7376708984375,0.6396472454071045,1817.0635986328125,677.8592529296875,0.6144592761993408,1881.4566650390625,682.1519775390625,0.6553793549537659,1898.6282958984375,695.0306396484375,0.625325083732605,1915.7996826171875,673.5662841796875,0.7335994839668274,1872.8709716796875,690.7376708984375,0.627973735332489,1748.3780517578125,703.6163330078125,0.8394904732704163,1911.5069580078125,703.6163330078125,0.8412325978279114,1890.0423583984375,742.2520751953125,0.5786803364753723,1885.7496337890625,742.2520751953125,0.5636128187179565,1662.5206298828125,888.2095947265625,0.8094854950904846,2005.9498291015625,888.2095947265625,0.8207377195358276,1486.5133056640625,1042.7528076171875,0.8046910762786865,2173.37158203125,1055.6312255859375,0.7617535591125488,1735.4993896484375,1386.1820068359375,0.711115837097168,1954.4354248046875,1390.4747314453125,0.7006851434707642,1744.0850830078125,1802.5897216796875,0.8110859990119934,1945.8497314453125,1794.0040283203125,0.8442640900611877,1778.4278564453125,2193.240234375,0.8746594190597534,1902.9210205078125,2176.06884765625,0.8581758737564087,1791.3067626953125,2244.7548828125,0.903489887714386,1890.0423583984375,2227.58349609375,0.8667142391204834,1774.1351318359375,2201.826171875,0.7356246709823608,1885.7496337890625,2188.94775390625,0.7301449179649353,1629.13330078125,1076.720458984375,0.21856875717639923,1660.128662109375,1063.593017578125,0.12244853377342224,1675.0794677734375,1020.5640258789062,0.11857805401086807,1690.0301513671875,1015.4589233398438,0.11876091361045837,1741.8106689453125,1014.7296752929688,0.13095779716968536,1678.7259521484375,1023.1166381835938,0.14137011766433716,1690.0301513671875,1019.4701538085938,0.15970399975776672,1741.8106689453125,1020.5640258789062,0.16653163731098175,1741.8106689453125,1018.7407836914062,0.1668439656496048,1678.7259521484375,1042.0784912109375,0.13655254244804382,1690.394775390625,1049.37158203125,0.1436249315738678,1698.4171142578125,1024.2105712890625,0.15172795951366425,1741.8106689453125,1021.2933959960938,0.1518363207578659,1678.7259521484375,1053.3826904296875,0.10962198674678802,1690.0301513671875,1023.1166381835938,0.1168806254863739,1741.8106689453125,1049.0069580078125,0.13995599746704102,1741.8106689453125,1021.2933959960938,0.15512599050998688,1680.913818359375,1086.9306640625,0.08873981237411499,1698.052490234375,1079.6375732421875,0.10170173645019531,1741.8106689453125,1083.2841796875,0.11466370522975922,1741.8106689453125,1050.8302001953125,0.11851300299167633,2041.834228515625,1006.5659790039062,0.13316623866558075,2082.80322265625,1003.5313110351562,0.08530072867870331,2097.326416015625,999.1959838867188,0.06885485351085663,2120.7373046875,1008.3001098632812,0.07702656835317612,2134.8271484375,1006.9995727539062,0.08919104188680649,2107.0810546875,1007.4330444335938,0.10068398714065552,2134.6103515625,1010.0342407226562,0.1644868403673172,2137.21142578125,1010.6846313476562,0.1529679298400879,2141.330078125,1010.9013061523438,0.13489308953285217,2104.262939453125,1024.9912109375,0.0998474508523941,2124.63916015625,1029.10986328125,0.136444553732872,2131.35888671875,1043.849853515625,0.14803741872310638,2138.07861328125,1052.7373046875,0.13251085579395294,2104.046142578125,1030.193603515625,0.08739599585533142,2114.234375,1046.451171875,0.09239642322063446,2122.905029296875,1053.1708984375,0.12760834395885468,2137.42822265625,1056.85595703125,0.12196453660726547,2097.109619140625,1004.3983764648438,0.06450273096561432,2105.7802734375,1057.07275390625,0.08555836975574493,2113.80078125,1058.590087890625,0.11612360924482346,2138.51220703125,1072.679931640625,0.09415797889232635
DJI_20260917133429_0077_D.JPG,Cam 8,21,ALAPADMA,CORRECT,,,dwpose_l_wholebody,coco_wholebody_133,OK,482.3,285.39,1,1,1895.156982421875,702.0726318359375,0.6591576337814331,1886.61865234375,684.9964599609375,0.6327035427093506,1814.044677734375,676.4581298828125,0.6079010367393494,1878.080322265625,680.7271728515625,0.650969922542572,1890.887939453125,693.5345458984375,0.6218934059143066,1912.233154296875,672.1890869140625,0.7207217216491699,1869.542236328125,689.2652587890625,0.6243066191673279,1745.739501953125,710.6107177734375,0.836586058139801,1907.964111328125,702.0726318359375,0.8347716331481934,1895.156982421875,736.2249755859375,0.5913786292076111,1886.61865234375,736.2249755859375,0.5852544903755188,1660.3583984375,894.1802978515625,0.8004915714263916,2010.421630859375,889.9112548828125,0.8167881369590759,1489.595947265625,1043.5975341796875,0.8039045333862305,2176.914794921875,1064.9427490234375,0.7746964693069458,1732.932373046875,1389.3914794921875,0.7119722366333008,1946.385498046875,1393.6605224609375,0.6988557577133179,1741.470458984375,1803.4906005859375,0.8048011660575867,1950.654541015625,1790.6834716796875,0.8337336778640747,1771.35400390625,2200.513671875,0.8833385705947876,1899.426025390625,2183.43701171875,0.8623251914978027,1784.161376953125,2251.7421875,0.9126753807067871,1890.887939453125,2234.666015625,0.8675075769424438,1775.623046875,2209.0517578125,0.7396272420883179,1882.349609375,2191.9755859375,0.7304674386978149,1629.3232421875,1082.6234130859375,0.2199915051460266,1654.84326171875,1075.1800537109375,0.14440356194972992,1673.9832763671875,1077.6611328125,0.11587557196617126,1687.806640625,1018.1144409179688,0.11915157735347748,1697.731201171875,1017.4055786132812,0.08632373064756393,1678.591064453125,1067.38232421875,0.12578655779361725,1687.0977783203125,1067.38232421875,0.15304499864578247,1738.137939453125,1069.5089111328125,0.15283657610416412,1738.137939453125,1067.38232421875,0.11610305309295654,1678.2366943359375,1067.38232421875,0.14685814082622528,1687.806640625,1069.5089111328125,0.16509312391281128,1707.6556396484375,1074.11669921875,0.14583447575569153,1738.137939453125,1071.9901123046875,0.11823658645153046,1678.945556640625,1070.9267578125,0.11980397999286652,1687.0977783203125,1077.6611328125,0.1177193820476532,1709.0733642578125,1081.56005859375,0.13068386912345886,1738.137939453125,1078.7244873046875,0.13051296770572662,1679.6544189453125,1095.3834228515625,0.11425290256738663,1692.06005859375,1094.674560546875,0.14113076031208038,1696.3133544921875,1093.6112060546875,0.14415723085403442,1738.137939453125,1096.09228515625,0.10543841868638992,2042.8338623046875,966.771240234375,0.16277503967285156,2081.27587890625,965.8101806640625,0.17012563347816467,2104.3408203125,963.6478271484375,0.1632765233516693,2116.35400390625,964.84912109375,0.1795167624950409,2130.529296875,962.446533203125,0.2147665023803711,2116.59423828125,1002.3299560546875,0.08749429881572723,2132.93212890625,1010.018310546875,0.12908685207366943,2136.29541015625,1011.9404296875,0.14036546647548676,2138.2177734375,1063.5966796875,0.14587070047855377,2104.3408203125,1008.5767822265625,0.08388550579547882,2122.6005859375,1013.3819580078125,0.11245174705982208,2127.88623046875,1038.12890625,0.12114948034286499,2134.61376953125,1063.5966796875,0.13480839133262634,2095.931640625,1010.7391357421875,0.08498690277338028,2104.3408203125,1033.0833740234375,0.09863021224737167,2113.23046875,1043.4146728515625,0.10073930025100708,2130.048828125,1063.5966796875,0.13275788724422455,2084.87939453125,1021.3106689453125,0.07283173501491547,2088.7236328125,1037.1678466796875,0.07278566062450409,2086.0810546875,1063.5966796875,0.11114230751991272,2087.2822265625,1063.5966796875,0.12069816887378693
DJI_20260917133438_0078_D.JPG,Cam 8,22,MUSHTI,CORRECT,,,dwpose_l_wholebody,coco_wholebody_133,OK,489.29,270.85,1,1,1928.933349609375,710.2576904296875,0.6823749542236328,1916.231201171875,693.3211669921875,0.6636484265327454,1865.422119140625,689.0872802734375,0.6066555976867676,1911.996826171875,693.3211669921875,0.6752290725708008,1911.996826171875,701.7894287109375,0.6545432209968567,1933.16748046875,684.8531494140625,0.7376221418380737,1890.82666015625,697.5552978515625,0.656039297580719,1763.803955078125,727.1939697265625,0.8184275031089783,1924.699462890625,714.4918212890625,0.8272613286972046,1924.699462890625,744.1304931640625,0.636361837387085,1911.996826171875,748.3643798828125,0.6295458078384399,1683.356201171875,909.2598876953125,0.8151570558547974,2017.849365234375,909.2598876953125,0.8081064224243164,1522.460693359375,1065.9212646484375,0.7959323525428772,2182.978759765625,1074.3892822265625,0.7525007724761963,1755.335693359375,1404.6485595703125,0.7046413421630859,1967.040283203125,1404.6485595703125,0.6905519366264343,1768.037841796875,1815.3555908203125,0.8037927150726318,1975.508544921875,1811.1214599609375,0.8407405018806458,1797.676513671875,2209.1259765625,0.8824067711830139,1928.933349609375,2200.65771484375,0.8665807843208313,1810.37890625,2259.93505859375,0.9079360365867615,1916.231201171875,2247.232421875,0.8712588548660278,1806.144775390625,2221.828125,0.7449491024017334,1911.996826171875,2209.1259765625,0.733150839805603,1697.164794921875,1085.6163330078125,0.1352284699678421,1683.4163818359375,1074.4688720703125,0.12957251071929932,1680.8153076171875,1046.228759765625,0.13059791922569275,1673.3836669921875,1016.1307373046875,0.16701902449131012,1667.0667724609375,1001.6390380859375,0.23903191089630127,1691.591064453125,1055.146728515625,0.11915906518697739,1680.0721435546875,1030.2508544921875,0.11588238179683685,1673.3836669921875,1008.3275146484375,0.16995179653167725,1667.0667724609375,994.20751953125,0.22122779488563538,1703.481689453125,1044.742431640625,0.1471998542547226,1691.219482421875,1021.3328857421875,0.15007422864437103,1684.159423828125,1000.8958740234375,0.18189314007759094,1673.3836669921875,979.7158203125,0.17852690815925598,1707.940673828125,1039.911865234375,0.14963194727897644,1701.623779296875,1016.1307373046875,0.14810144901275635,1702.366943359375,1002.0106201171875,0.15546919405460358,1710.541748046875,980.83056640625,0.16297434270381927,1722.4322509765625,1044.370849609375,0.11088740825653076,1724.6617431640625,1020.9613037109375,0.12816090881824493,1725.7764892578125,1013.5296630859375,0.16474658250808716,1785.9725341796875,1004.6116943359375,0.16308724880218506,1998.6290283203125,1063.261962890625,0.150661438703537,1998.6290283203125,980.0725708007812,0.08104290068149567,2072.94873046875,973.9557495117188,0.05650416389107704,2124.942138671875,974.8732299804688,0.10644365847110748,2154.914794921875,972.7323608398438,0.23124001920223236,2086.40576171875,973.0381469726562,0.07257896661758423,2154.914794921875,972.4264526367188,0.108344167470932,2154.914794921875,976.0966186523438,0.13692894577980042,2154.914794921875,973.3440551757812,0.17004051804542542,2085.794189453125,981.9076538085938,0.06331131607294083,2154.914794921875,984.9660034179688,0.06843237578868866,2154.914794921875,984.9660034179688,0.11521046608686447,2154.914794921875,973.0381469726562,0.13724909722805023,2087.323486328125,990.4712524414062,0.06512799859046936,2154.914794921875,994.4472045898438,0.052912741899490356,2154.914794921875,995.3646850585938,0.1295919418334961,2154.914794921875,1003.0108032226562,0.13525375723838806,2085.794189453125,1004.8458862304688,0.07153196632862091,2113.931640625,972.1206665039062,0.07306152582168579,2154.914794921875,973.9557495117188,0.08792772889137268,2154.914794921875,972.7323608398438,0.13532336056232452
DJI_20260917133440_0079_D.JPG,Cam 8,22,MUSHTI,CORRECT,,,dwpose_l_wholebody,coco_wholebody_133,OK,472.23,207.91,1,1,1916.398681640625,724.0361328125,0.696018397808075,1895.105224609375,707.001220703125,0.6635675430297852,1844.00048828125,698.48388671875,0.6114797592163086,1886.587646484375,702.74267578125,0.6719900369644165,1899.364013671875,715.518798828125,0.6541745662689209,1916.398681640625,694.22509765625,0.7554529905319214,1878.0703125,711.260009765625,0.6538631319999695,1746.050048828125,732.553466796875,0.8336001634597778,1907.881103515625,724.0361328125,0.8389499187469482,1903.62255859375,762.364501953125,0.6064462661743164,1895.105224609375,762.364501953125,0.5975732803344727,1660.8759765625,907.160888671875,0.808918833732605,1997.314208984375,902.902099609375,0.8029078841209412,1516.079833984375,1060.474365234375,0.7907666563987732,2167.662841796875,1068.991943359375,0.7705417275428772,1737.532958984375,1409.688720703125,0.7082864046096802,1946.209716796875,1409.688720703125,0.6979762315750122,1750.308837890625,1818.525146484375,0.8093719482421875,1946.209716796875,1818.525146484375,0.8372388482093811,1784.378662109375,2214.58544921875,0.8887320756912231,1912.139892578125,2197.550537109375,0.8614907264709473,1792.89599609375,2265.68994140625,0.912187933921814,1903.62255859375,2248.655029296875,0.8684248924255371,1792.89599609375,2223.102783203125,0.7531778216362,1895.105224609375,2210.32666015625,0.7446791529655457,1557.338134765625,1114.2088623046875,0.24839365482330322,1557.338134765625,1114.2088623046875,0.23268365859985352,1557.338134765625,1114.2088623046875,0.2668687105178833,1557.338134765625,1114.2088623046875,0.3051639199256897,1557.338134765625,1114.2088623046875,0.27908051013946533,1557.338134765625,1114.2088623046875,0.24252218008041382,1557.338134765625,1114.2088623046875,0.2630425989627838,1557.338134765625,1114.2088623046875,0.26973626017570496,1557.338134765625,1114.2088623046875,0.2442886233329773,1557.338134765625,1114.2088623046875,0.25324007868766785,1557.338134765625,1114.2088623046875,0.2804446220397949,1557.338134765625,1114.2088623046875,0.2817169427871704,1557.338134765625,1114.2088623046875,0.24183350801467896,1557.338134765625,1114.2088623046875,0.2510235607624054,1557.338134765625,1114.2088623046875,0.27633893489837646,1557.338134765625,1114.2088623046875,0.29944440722465515,1557.338134765625,1114.2088623046875,0.28311842679977417,1557.338134765625,1114.2088623046875,0.253341406583786,1557.338134765625,1114.2088623046875,0.3373185992240906,1557.338134765625,1114.2088623046875,0.33350253105163574,1557.338134765625,1114.2088623046875,0.3030358552932739,2005.837158203125,1041.937744140625,0.09800255298614502,2058.125244140625,974.5504760742188,0.04160270094871521,2065.115478515625,974.5504760742188,0.05578611046075821,2108.4560546875,981.2612915039062,0.05427532643079758,2120.759033203125,1011.1801147460938,0.09911027550697327,2091.3994140625,973.9912719726562,0.0878579318523407,2148.720458984375,979.5835571289062,0.0780857726931572,2148.720458984375,984.3369750976562,0.13418248295783997,2148.720458984375,1006.9859008789062,0.1364489495754242,2088.32373046875,970.6359252929688,0.09535716474056244,2148.720458984375,980.9816284179688,0.0829581469297409,2148.720458984375,985.1758422851562,0.13542954623699188,2148.720458984375,1013.6965942382812,0.11042767763137817,2089.442138671875,973.9912719726562,0.09096331149339676,2107.057861328125,981.2612915039062,0.08106550574302673,2148.720458984375,995.2420043945312,0.11609235405921936,2148.720458984375,1011.1801147460938,0.11315439641475677,2097.83056640625,974.2708129882812,0.07408197224140167,2105.380126953125,978.1854858398438,0.07294104248285294,2110.69287109375,977.6262817382812,0.07873795926570892,2148.720458984375,976.7874145507812,0.06500890851020813
DJI_20260917133513_0080_D.JPG,Cam 8,23,KATAKAMUKHA,CORRECT,,,dwpose_l_wholebody,coco_wholebody_133,OK,493.77,320.86,1,1,1897.6583251953125,724.7996826171875,0.6579736471176147,1876.2821044921875,711.9739990234375,0.6345793008804321,1807.8790283203125,703.4237060546875,0.6134151220321655,1872.0069580078125,707.6988525390625,0.6486331224441528,1884.8323974609375,720.5245361328125,0.6212021708488464,1910.4837646484375,694.8734130859375,0.7338244318962097,1863.4566650390625,711.9739990234375,0.6262295246124268,1743.7508544921875,733.3499755859375,0.833040714263916,1906.2086181640625,720.5245361328125,0.8312469124794006,1876.2821044921875,767.5516357421875,0.5641732215881348,1880.5574951171875,767.5516357421875,0.5507263541221619,1662.5220947265625,917.1837158203125,0.8020256161689758,2000.2630615234375,904.3582763671875,0.8027621507644653,1495.7891845703125,1053.9903564453125,0.7810468673706055,2171.271484375,1045.4398193359375,0.7499221563339233,1730.9251708984375,1408.8321533203125,0.7102376818656921,1940.4102783203125,1404.5570068359375,0.7005922794342041,1739.4757080078125,1814.9764404296875,0.8016195297241211,1936.1351318359375,1810.7010498046875,0.8316873908042908,1769.4022216796875,2216.84521484375,0.8980884552001953,1906.2086181640625,2204.02001953125,0.8682698011398315,1782.2279052734375,2268.14794921875,0.9236264228820801,1897.6583251953125,2255.322265625,0.8819801807403564,1777.9525146484375,2233.9462890625,0.7736221551895142,1884.8323974609375,2221.12060546875,0.7507022619247437,1533.386962890625,1077.5135498046875,0.15804141759872437,1717.6004638671875,1077.5135498046875,0.08969735354185104,1533.386962890625,995.3204345703125,0.060823045670986176,1533.386962890625,996.4019775390625,0.060665808618068695,1717.6004638671875,991.7154541015625,0.08023779839277267,1717.6004638671875,981.62158203125,0.060743845999240875,1717.6004638671875,995.3204345703125,0.0999353677034378,1717.6004638671875,938.7225341796875,0.12449133396148682,1717.6004638671875,944.1300048828125,0.1071750745177269,1717.6004638671875,971.167236328125,0.06907114386558533,1717.6004638671875,948.095458984375,0.0911986380815506,1717.6004638671875,945.21142578125,0.12394864857196808,1717.6004638671875,945.21142578125,0.10367809236049652,1717.6004638671875,981.62158203125,0.06862165033817291,1717.6004638671875,981.62158203125,0.061338406056165695,1717.6004638671875,955.305419921875,0.09339787065982819,1717.6004638671875,946.6534423828125,0.10038352012634277,1717.6004638671875,991.7154541015625,0.06191818788647652,1533.386962890625,1077.5135498046875,0.0931168645620346,1533.386962890625,1077.5135498046875,0.11008727550506592,1533.386962890625,1031.3699951171875,0.08911645412445068,2130.91162109375,1066.765380859375,0.11355771124362946,2072.883544921875,1015.587890625,0.08472076058387756,2057.167724609375,1013.572998046875,0.07004429399967194,2047.899169921875,976.902587890625,0.05387517437338829,1979.797119140625,969.6490478515625,0.08080379664897919,2037.01904296875,969.6490478515625,0.10339119285345078,1999.945556640625,943.85888671875,0.09024086594581604,1991.483154296875,938.21728515625,0.10694027692079544,1976.5732421875,919.6805419921875,0.10403876006603241,2028.153564453125,959.5748291015625,0.13473084568977356,2014.049560546875,937.00830078125,0.1500592678785324,2009.616943359375,926.1280517578125,0.16160789132118225,2009.2138671875,904.7706298828125,0.16356557607650757,2036.213134765625,958.768798828125,0.10340666770935059,2017.2734375,930.560791015625,0.11542218923568726,2018.88525390625,915.65087890625,0.12097908556461334,2015.66162109375,895.502197265625,0.15113626420497894,2049.9140625,970.455078125,0.06841045618057251,2051.526123046875,926.93408203125,0.08956559002399445,2045.4814453125,911.2181396484375,0.08693848550319672,2041.048828125,901.143798828125,0.08848698437213898
DJI_20260917133515_0081_D.JPG,Cam 8,23,KATAKAMUKHA,CORRECT,,,dwpose_l_wholebody,coco_wholebody_133,OK,488.88,253.44,1,1,1908.3077392578125,731.8721923828125,0.6658005714416504,1891.2308349609375,714.7950439453125,0.647505521774292,1827.1922607421875,706.2567138671875,0.6063112020492554,1882.6925048828125,714.7950439453125,0.6604341268539429,1891.2308349609375,723.3336181640625,0.6372119188308716,1916.8463134765625,701.9874267578125,0.7385402917861938,1869.8846435546875,719.0643310546875,0.642981767654419,1746.0767822265625,736.1412353515625,0.8260480761528015,1908.3077392578125,727.6029052734375,0.8261204361915588,1891.2308349609375,774.5645751953125,0.5786066651344299,1886.9615478515625,774.5645751953125,0.5755892992019653,1660.6920166015625,919.7186279296875,0.8083765506744385,2002.2310791015625,906.9107666015625,0.8014816641807556,1502.7298583984375,1056.3345947265625,0.7862343788146973,2173.00048828125,1047.7960205078125,0.7427828311920166,1733.2689208984375,1410.6812744140625,0.7107681035995483,1946.7310791015625,1410.6812744140625,0.7026766538619995,1750.3458251953125,1820.5284423828125,0.8039124011993408,1951.0001220703125,1811.9898681640625,0.8166150450706482,1775.9613037109375,2209.029296875,0.8789390325546265,1916.8463134765625,2200.49072265625,0.8578502535820007,1788.7691650390625,2264.52978515625,0.9151215553283691,1908.3077392578125,2251.7216796875,0.8661351203918457,1788.7691650390625,2238.9140625,0.770905077457428,1895.5001220703125,2213.298828125,0.7599763870239258,1707.0081787109375,1082.930908203125,0.22803929448127747,1707.0081787109375,1082.930908203125,0.17437468469142914,1707.0081787109375,1082.930908203125,0.12803569436073303,1537.19677734375,1082.930908203125,0.14228452742099762,1707.0081787109375,1082.930908203125,0.16789519786834717,1537.19677734375,1082.930908203125,0.09558630734682083,1707.0081787109375,1082.930908203125,0.1451748013496399,1707.0081787109375,1082.930908203125,0.13235542178153992,1537.19677734375,1082.930908203125,0.1393115520477295,1537.19677734375,1082.930908203125,0.10604158043861389,1707.0081787109375,1082.930908203125,0.13663038611412048,1707.0081787109375,1082.930908203125,0.1493758261203766,1537.19677734375,1082.930908203125,0.14499837160110474,1707.0081787109375,1082.930908203125,0.10506704449653625,1707.0081787109375,1082.930908203125,0.09744001179933548,1707.0081787109375,1082.930908203125,0.1617465317249298,1537.19677734375,1082.930908203125,0.1734972894191742,1707.0081787109375,1082.930908203125,0.11405517160892487,1707.0081787109375,1082.930908203125,0.15739724040031433,1707.0081787109375,1082.930908203125,0.15524882078170776,1537.19677734375,1082.930908203125,0.1185988038778305,1795.54150390625,1390.8076171875,0.3966636061668396,1795.54150390625,1390.8076171875,0.4303245544433594,1795.54150390625,1390.8076171875,0.4525909423828125,1795.54150390625,1390.8076171875,0.4655192196369171,1795.54150390625,1390.8076171875,0.42111095786094666,1795.54150390625,1390.8076171875,0.44023093581199646,1795.54150390625,1390.8076171875,0.4525122046470642,1795.54150390625,1390.8076171875,0.45280539989471436,1795.54150390625,1390.8076171875,0.4103841781616211,1795.54150390625,1390.8076171875,0.4412481188774109,1795.54150390625,1390.8076171875,0.4641953706741333,1795.54150390625,1390.8076171875,0.4668470621109009,1795.54150390625,1390.8076171875,0.4074806571006775,1795.54150390625,1390.8076171875,0.4310041666030884,1795.54150390625,1390.8076171875,0.4156024754047394,1795.54150390625,1390.8076171875,0.46086567640304565,1795.54150390625,1390.8076171875,0.46248698234558105,1795.54150390625,1390.8076171875,0.40341049432754517,1795.54150390625,1390.8076171875,0.44738900661468506,1795.54150390625,1390.8076171875,0.45826753973960876,1795.54150390625,1390.8076171875,0.42127636075019836
DJI_20260917133530_0082_D.JPG,Cam 8,24,PATAKA,INCORRECT,FINGERS_TOO_FAR_APART,,dwpose_l_wholebody,coco_wholebody_133,OK,457.76,227.43,1,1,1903.173828125,693.834228515625,0.662061333656311,1885.883056640625,676.543701171875,0.6497542262077332,1816.720458984375,667.898193359375,0.6161302924156189,1881.560302734375,672.220947265625,0.6677423119544983,1898.851318359375,685.18896484375,0.6358935832977295,1920.464599609375,663.57568359375,0.7269613742828369,1872.915283203125,680.866455078125,0.6408594846725464,1756.202880859375,702.479736328125,0.8389344215393066,1916.141845703125,693.834228515625,0.8329633474349976,1890.205810546875,728.415771484375,0.5976269841194153,1885.883056640625,732.738525390625,0.5788990259170532,1669.74951171875,884.031982421875,0.7994403839111328,2011.240478515625,879.709228515625,0.818420946598053,1496.842529296875,1039.648193359375,0.8029126524925232,2179.824951171875,1043.970703125,0.7740349769592285,1738.912353515625,1376.81640625,0.7110931873321533,1959.368408203125,1381.13916015625,0.7038922309875488,1751.88037109375,1804.760986328125,0.8088945150375366,1955.0458984375,1796.11572265625,0.855337381362915,1777.816162109375,2193.801513671875,0.8701817989349365,1911.819091796875,2176.5107421875,0.8607482314109802,1790.784423828125,2245.673583984375,0.9038779735565186,1903.173828125,2228.3828125,0.8671971559524536,1777.816162109375,2206.76953125,0.7621198892593384,1890.205810546875,2193.801513671875,0.7501792907714844,1557.874755859375,1102.6102294921875,0.22604604065418243,1557.874755859375,1102.6102294921875,0.1863127201795578,1557.874755859375,1102.6102294921875,0.16444990038871765,1557.874755859375,1102.6102294921875,0.1716187298297882,1728.5948486328125,1102.6102294921875,0.16151419281959534,1728.5948486328125,1102.6102294921875,0.09477242082357407,1728.5948486328125,1102.6102294921875,0.13537901639938354,1728.5948486328125,1102.6102294921875,0.14105845987796783,1557.874755859375,1102.6102294921875,0.1523009091615677,1728.5948486328125,1102.6102294921875,0.10459718108177185,1728.5948486328125,1102.6102294921875,0.1357421576976776,1728.5948486328125,1102.6102294921875,0.14943960309028625,1728.5948486328125,1102.6102294921875,0.1260562688112259,1728.5948486328125,1102.6102294921875,0.12305646389722824,1728.5948486328125,1102.6102294921875,0.13087725639343262,1728.5948486328125,1102.6102294921875,0.16275987029075623,1728.5948486328125,1102.6102294921875,0.16961608827114105,1728.5948486328125,1102.6102294921875,0.1560596227645874,1728.5948486328125,1102.6102294921875,0.1962994635105133,1728.5948486328125,1102.6102294921875,0.19715479016304016,1557.874755859375,1102.6102294921875,0.17385035753250122,2108.098388671875,1118.59765625,0.3236006498336792,2108.098388671875,1118.59765625,0.32467275857925415,2108.098388671875,1118.59765625,0.3391271233558655,2108.098388671875,1118.59765625,0.32910680770874023,2108.098388671875,1118.59765625,0.3513556718826294,2108.098388671875,1118.59765625,0.352682501077652,2108.098388671875,1118.59765625,0.3533627986907959,2108.098388671875,1118.59765625,0.3466328978538513,2108.098388671875,1118.59765625,0.3420295715332031,2108.098388671875,1118.59765625,0.33756223320961,2108.098388671875,1118.59765625,0.33897149562835693,2108.098388671875,1118.59765625,0.3317795395851135,2108.098388671875,1118.59765625,0.31235945224761963,2108.098388671875,1118.59765625,0.3067880868911743,2108.098388671875,1118.59765625,0.30291473865509033,2108.098388671875,1118.59765625,0.3423870801925659,2108.098388671875,1118.59765625,0.34193623065948486,2108.098388671875,1118.59765625,0.29363417625427246,2108.098388671875,1118.59765625,0.3187016248703003,2108.098388671875,1118.59765625,0.3269166946411133,2108.098388671875,1118.59765625,0.29998093843460083
DJI_20260917133533_0083_D.JPG,Cam 8,24,PATAKA,INCORRECT,FINGERS_TOO_FAR_APART,,dwpose_l_wholebody,coco_wholebody_133,OK,454.75,237.72,1,1,1884.593017578125,699.653076171875,0.649124264717102,1880.2734375,682.375,0.6496448516845703,1811.16162109375,673.736083984375,0.6273928880691528,1875.9541015625,678.055419921875,0.6691109538078308,1888.91259765625,691.013916015625,0.6355650424957275,1914.82958984375,669.41650390625,0.7044961452484131,1867.315185546875,686.694580078125,0.6441740989685059,1759.32763671875,703.972412109375,0.8287826180458069,1923.468505859375,699.653076171875,0.8288044929504395,1888.91259765625,734.208984375,0.6057720184326172,1875.9541015625,738.528564453125,0.5905210375785828,1672.937744140625,885.391357421875,0.7931828498840332,2018.49755859375,885.391357421875,0.8067654371261597,1495.83837890625,1045.212646484375,0.8036105632781982,2178.31884765625,1045.212646484375,0.761681318283081,1746.369140625,1369.175048828125,0.7047206163406372,1958.0244140625,1373.49462890625,0.7019768953323364,1759.32763671875,1809.763671875,0.8146688938140869,1962.343994140625,1792.48583984375,0.8337443470954895,1780.92529296875,2198.5185546875,0.8791792392730713,1919.14892578125,2176.9208984375,0.8533728122711182,1793.8837890625,2250.352294921875,0.9094815254211426,1910.51025390625,2228.7548828125,0.8697786331176758,1780.92529296875,2211.47705078125,0.7524973154067993,1897.5517578125,2194.198974609375,0.755156397819519,1583.846923828125,1142.554443359375,0.2185160219669342,1583.846923828125,1142.554443359375,0.19232210516929626,1583.846923828125,1142.554443359375,0.16219772398471832,1583.846923828125,1142.554443359375,0.17974860966205597,1782.20947265625,944.1919555664062,0.14344970881938934,1583.846923828125,1142.554443359375,0.1426270306110382,1782.20947265625,1142.554443359375,0.16627323627471924,1782.20947265625,1142.554443359375,0.1792280226945877,1782.20947265625,1142.554443359375,0.1486130654811859,1583.846923828125,1142.554443359375,0.12619611620903015,1782.20947265625,1142.554443359375,0.13467857241630554,1782.20947265625,1142.554443359375,0.15710830688476562,1782.20947265625,1142.554443359375,0.1363607496023178,1583.846923828125,1142.554443359375,0.11606236547231674,1782.20947265625,1142.554443359375,0.12838968634605408,1782.20947265625,1142.554443359375,0.16221588850021362,1782.20947265625,1142.554443359375,0.16450752317905426,1583.846923828125,1142.554443359375,0.12471538782119751,1782.20947265625,1142.554443359375,0.1452355682849884,1782.20947265625,1142.554443359375,0.1536397933959961,1782.20947265625,1142.554443359375,0.14332260191440582,1975.06591796875,1131.241455078125,0.15187036991119385,1991.7578125,1063.697265625,0.09487926959991455,2010.390869140625,1046.6171875,0.09725940227508545,2025.141845703125,1015.9506225585938,0.08918368071317673,2028.247314453125,990.7185668945312,0.13363775610923767,1999.90966796875,1032.25439453125,0.0816035121679306,1973.125,1005.8578491210938,0.09487000852823257,1979.72412109375,996.5414428710938,0.09933063387870789,1981.27685546875,932.8790893554688,0.11587485671043396,1986.3232421875,1035.35986328125,0.10580648481845856,1986.3232421875,1010.1278686523438,0.09467826783657074,1989.4287109375,993.0477905273438,0.11196169257164001,1984.38232421875,932.8790893554688,0.14775049686431885,1967.30224609375,1035.35986328125,0.08122330904006958,1998.7451171875,1009.7396850585938,0.08586832880973816,1986.3232421875,991.8832397460938,0.08309966325759888,1981.6650390625,991.8832397460938,0.07577015459537506,1960.703125,1040.40625,0.07733409851789474,2024.753662109375,1015.5624389648438,0.08440883457660675,2029.411865234375,1007.4105834960938,0.10183942317962646,2029.411865234375,989.5540161132812,0.0958789810538292
DJI_20260917133617_0084_D.JPG,Cam 8,25,KATAKAMUKHA,INCORRECT,FINGERS_BENT,,dwpose_l_wholebody,coco_wholebody_133,OK,437.16,211.8,1,1,1888.0107421875,731.6553955078125,0.6422628164291382,1870.8955078125,718.8189697265625,0.6419541239738464,1802.43408203125,710.2613525390625,0.6248153448104858,1866.61669921875,714.5401611328125,0.6604746580123901,1879.453125,723.0977783203125,0.6266833543777466,1909.40478515625,701.7037353515625,0.7208617329597473,1858.05908203125,718.8189697265625,0.6418848037719727,1746.8095703125,740.2130126953125,0.829928994178772,1909.40478515625,727.3765869140625,0.8276934623718262,1875.17431640625,774.4434814453125,0.5902013778686523,1870.8955078125,774.4434814453125,0.5750106573104858,1661.23291015625,915.6446533203125,0.8114100098609924,1999.260009765625,911.3658447265625,0.8084086179733276,1507.195556640625,1069.6822509765625,0.8041015267372131,2149.018798828125,1065.4034423828125,0.7732497453689575,1738.251953125,1407.7093505859375,0.7064933776855469,1952.19287109375,1403.4302978515625,0.7060351371765137,1755.3671875,1831.3126220703125,0.8124927282333374,1956.4716796875,1809.9185791015625,0.8402895331382751,1781.0400390625,2220.685546875,0.888238787651062,1922.2412109375,2199.29150390625,0.8653404712677002,1793.87646484375,2276.31005859375,0.9118688702583313,1913.68359375,2250.63720703125,0.869437575340271,1798.1552734375,2233.52197265625,0.760127067565918,1900.84716796875,2220.685546875,0.7779104709625244,1582.737060546875,1168.3187255859375,0.20942002534866333,1582.737060546875,1090.2218017578125,0.14001506567001343,1582.737060546875,1078.814453125,0.12107828259468079,1582.737060546875,1078.814453125,0.12345808744430542,1582.737060546875,944.1192626953125,0.11379081010818481,1582.737060546875,1069.1619873046875,0.11002236604690552,1582.737060546875,1168.3187255859375,0.11705871671438217,1582.737060546875,944.1192626953125,0.11464297771453857,1582.737060546875,944.1192626953125,0.15044286847114563,1582.737060546875,1056.4383544921875,0.10460410267114639,1582.737060546875,1023.0936279296875,0.12253791093826294,1582.737060546875,944.1192626953125,0.11649826169013977,1582.737060546875,944.1192626953125,0.14967787265777588,1582.737060546875,1056.4383544921875,0.10388918220996857,1582.737060546875,1024.409912109375,0.11092285811901093,1582.737060546875,944.1192626953125,0.12847566604614258,1582.737060546875,944.1192626953125,0.1299091875553131,1582.737060546875,1168.3187255859375,0.10877341777086258,1582.737060546875,1168.3187255859375,0.13283760845661163,1582.737060546875,1027.4810791015625,0.14171487092971802,1582.737060546875,944.1192626953125,0.14943325519561768,2068.154296875,1025.84033203125,0.053609758615493774,2002.9755859375,1025.84033203125,0.06432738900184631,1991.4296875,1057.49853515625,0.06658774614334106,1985.097900390625,1054.146484375,0.07807409018278122,1973.179443359375,1051.539306640625,0.08956222236156464,1960.143798828125,1021.743408203125,0.1098654493689537,1957.164306640625,1001.631103515625,0.0967637449502945,1961.633544921875,991.574951171875,0.0945805013179779,1969.827392578125,974.06982421875,0.09455591440200806,1955.67431640625,1022.1158447265625,0.11819043755531311,1950.087646484375,1009.4525146484375,0.1009175032377243,1963.868408203125,993.4371337890625,0.07587137818336487,1972.80712890625,1046.697509765625,0.07944314181804657,1959.0263671875,1025.4678955078125,0.09863486886024475,1954.55712890625,1011.3148193359375,0.08689071983098984,1967.5927734375,1050.4219970703125,0.08142059296369553,1973.179443359375,1056.753662109375,0.08567705750465393,1955.67431640625,1020.2535400390625,0.0755162239074707,1960.516357421875,1017.646484375,0.06390735507011414,1966.475341796875,1050.4219970703125,0.06852537393569946,1972.80712890625,1051.539306640625,0.0812450647354126
DJI_20260917133619_0085_D.JPG,Cam 8,25,KATAKAMUKHA,INCORRECT,FINGERS_BENT,,dwpose_l_wholebody,coco_wholebody_133,OK,417.56,197.12,1,1,1900.49267578125,746.1396484375,0.6591489911079407,1879.20751953125,729.11181640625,0.653368353843689,1811.095947265625,720.59765625,0.6218341588973999,1874.95068359375,724.854736328125,0.6691495180130005,1887.7216796875,737.625732421875,0.6385248899459839,1913.263427734375,716.3408203125,0.7386476993560791,1866.4365234375,729.11181640625,0.6519783139228821,1751.498291015625,754.65380859375,0.8367840051651001,1909.00634765625,741.8828125,0.837175190448761,1883.464599609375,784.452392578125,0.5979639291763306,1883.464599609375,784.452392578125,0.5896115899085999,1662.1015625,924.9326171875,0.809535801410675,2002.659912109375,912.161865234375,0.8107558488845825,1508.8505859375,1082.44091796875,0.8055411577224731,2147.397216796875,1078.18408203125,0.7822003960609436,1742.984375,1401.71435546875,0.7073650360107422,1951.576171875,1401.71435546875,0.7062489986419678,1755.75537109375,1827.412109375,0.8232896327972412,1964.34716796875,1818.8984375,0.8489365577697754,1777.0400390625,2231.8251953125,0.891472339630127,1926.0341796875,2206.283203125,0.8706982135772705,1789.81103515625,2287.166015625,0.9075192213058472,1913.263427734375,2257.3671875,0.8723186254501343,1798.3251953125,2244.59619140625,0.7568389773368835,1909.00634765625,2223.31103515625,0.775363028049469,1782.6463623046875,1167.9161376953125,0.1388920396566391,1782.6463623046875,1167.9161376953125,0.07025142014026642,1782.6463623046875,1087.448974609375,0.0366981104016304,1576.0196533203125,1035.6912841796875,0.060946330428123474,1782.6463623046875,1018.3037719726562,0.09720642119646072,1782.6463623046875,1060.3570556640625,0.06713058054447174,1782.6463623046875,1167.9161376953125,0.10156470537185669,1782.6463623046875,961.2893676757812,0.08923273533582687,1782.6463623046875,961.2893676757812,0.12373478710651398,1782.6463623046875,1058.7396240234375,0.07463306933641434,1782.6463623046875,1033.26513671875,0.10860637575387955,1782.6463623046875,1019.5169067382812,0.10807336866855621,1782.6463623046875,961.2893676757812,0.12594400346279144,1782.6463623046875,1060.3570556640625,0.07594142854213715,1782.6463623046875,1036.0955810546875,0.11432729661464691,1782.6463623046875,1167.9161376953125,0.14388355612754822,1782.6463623046875,1167.9161376953125,0.1608107089996338,1782.6463623046875,1064.804931640625,0.07787694782018661,1782.6463623046875,1167.9161376953125,0.12667430937290192,1782.6463623046875,1167.9161376953125,0.14942306280136108,1782.6463623046875,1167.9161376953125,0.14291948080062866,2100.802734375,1106.7960205078125,0.15022805333137512,2100.802734375,1106.7960205078125,0.07351859658956528,2100.802734375,1106.7960205078125,0.05786854028701782,2100.802734375,1106.7960205078125,0.06377098709344864,2100.802734375,1106.7960205078125,0.07308870553970337,2018.0660400390625,994.5340576171875,0.08339029550552368,2100.802734375,990.9649658203125,0.07921192049980164,2100.802734375,1106.7960205078125,0.09052809327840805,2100.802734375,1106.7960205078125,0.12004077434539795,2018.0660400390625,999.40087890625,0.10736370086669922,2100.802734375,1001.023193359375,0.07554498314857483,2100.802734375,1106.7960205078125,0.08591953665018082,2100.802734375,1106.7960205078125,0.10049480944871902,2018.0660400390625,1006.5389404296875,0.0950361043214798,2100.802734375,1004.9166259765625,0.06615819036960602,2100.802734375,1037.037841796875,0.07887047529220581,2100.802734375,1106.7960205078125,0.09857521206140518,2018.0660400390625,1023.735107421875,0.07762254774570465,2100.802734375,1035.41552734375,0.06344714760780334,2100.802734375,1041.9046630859375,0.08612187206745148,2100.802734375,1043.2025146484375,0.07832586765289307
DJI_20260917133654_0086_D.JPG,Cam 8,26,MUSHTI,INCORRECT,PINKY_DROPPED,,dwpose_l_wholebody,coco_wholebody_133,OK,428.78,212.58,1,1,1895.62353515625,734.7615966796875,0.6695574522018433,1874.30810546875,717.7091064453125,0.6383700370788574,1810.36181640625,709.1829833984375,0.6127938032150269,1865.781982421875,713.4461669921875,0.6562929153442383,1882.834228515625,726.2354736328125,0.6271966695785522,1908.412841796875,700.6568603515625,0.7403209805488586,1857.255859375,717.7091064453125,0.6380635499954224,1742.152587890625,739.0245361328125,0.8378326892852783,1899.886474609375,730.4984130859375,0.8370934724807739,1878.571044921875,773.1292724609375,0.5850995779037476,1874.30810546875,773.1292724609375,0.5717031955718994,1656.890869140625,922.3370361328125,0.8076837062835693,1993.67431640625,909.5479736328125,0.8237851858139038,1516.209228515625,1101.3865966796875,0.8033204078674316,2134.356201171875,1101.3865966796875,0.801609992980957,1733.626220703125,1408.3287353515625,0.7113558053970337,1942.517333984375,1404.0655517578125,0.7118034362792969,1759.204833984375,1834.6368408203125,0.8230074644088745,1963.832763671875,1813.3214111328125,0.8384109735488892,1780.520263671875,2231.103515625,0.8974557518959045,1925.465087890625,2196.9990234375,0.8725122213363647,1793.3095703125,2286.5234375,0.9039249420166016,1916.938720703125,2252.4189453125,0.8652454018592834,1793.3095703125,2239.6298828125,0.7579084038734436,1912.67578125,2218.314453125,0.7980079650878906,1644.9718017578125,1104.5272216796875,0.22376376390457153,1652.67138671875,1072.5738525390625,0.12456542998552322,1700.0240478515625,1051.7847900390625,0.09135687351226807,1714.6533203125,1032.5357666015625,0.13032293319702148,1730.0526123046875,1019.0614013671875,0.14534536004066467,1705.02880859375,1069.1090087890625,0.14391407370567322,1716.9632568359375,1036.3856201171875,0.17802169919013977,1719.6580810546875,1017.1365966796875,0.18605752289295197,1745.4517822265625,1012.5167236328125,0.16482681035995483,1702.7188720703125,1066.4140625,0.17137748003005981,1716.1932373046875,1037.155517578125,0.18656469881534576,1719.2730712890625,1024.066162109375,0.19111299514770508,1740.83203125,1005.9720458984375,0.1675860583782196,1694.63427734375,1069.1090087890625,0.15939468145370483,1687.3197021484375,1046.3951416015625,0.17178207635879517,1671.92041015625,1028.6859130859375,0.15526708960533142,1773.9404296875,1009.4368896484375,0.160810649394989,1694.249267578125,1072.958740234375,0.10552877187728882,1667.6856689453125,1046.780029296875,0.14372122287750244,1659.216064453125,1035.2305908203125,0.1810537576675415,1651.9013671875,1020.2164306640625,0.18789637088775635,2086.76123046875,1130.7301025390625,0.1395508497953415,2086.76123046875,1130.7301025390625,0.11490269005298615,2086.76123046875,1130.7301025390625,0.09424713253974915,2086.76123046875,1130.7301025390625,0.08857902884483337,1964.540283203125,995.208740234375,0.10604885220527649,2086.76123046875,1023.2476806640625,0.06339401006698608,2086.76123046875,1018.574462890625,0.06798562407493591,1965.97802734375,1008.86865234375,0.0767156332731247,1963.102294921875,994.48974609375,0.1392539143562317,2086.76123046875,1020.7313232421875,0.06276386976242065,1978.559814453125,1020.7313232421875,0.060239214450120926,1970.291748046875,1018.574462890625,0.084129698574543,1966.697021484375,996.6466064453125,0.0909743532538414,2086.76123046875,1023.6070556640625,0.04824007302522659,1973.16748046875,1020.7313232421875,0.061076655983924866,1967.056640625,1020.7313232421875,0.07646411657333374,1966.337646484375,1018.574462890625,0.06385034322738647,2086.76123046875,1130.7301025390625,0.04658977687358856,2086.76123046875,1130.7301025390625,0.07614904642105103,1967.056640625,1130.7301025390625,0.08118325471878052,1967.056640625,1130.7301025390625,0.07151421159505844
DJI_20260917133656_0087_D.JPG,Cam 8,26,MUSHTI,INCORRECT,PINKY_DROPPED,,dwpose_l_wholebody,coco_wholebody_133,OK,450.77,213.41,1,1,1885.1614990234375,747.8873291015625,0.6459063291549683,1868.1485595703125,726.6212158203125,0.6516410112380981,1804.3502197265625,722.3680419921875,0.631263792514801,1868.1485595703125,722.3680419921875,0.6728022694587708,1876.6551513671875,735.1275634765625,0.6375752687454224,1902.1744384765625,718.1146240234375,0.7214523553848267,1855.3890380859375,730.8743896484375,0.6538769006729126,1749.0579833984375,752.1405029296875,0.8345363140106201,1906.4278564453125,743.6341552734375,0.8335443735122681,1876.6551513671875,786.1663818359375,0.6080225110054016,1868.1485595703125,786.1663818359375,0.5974724292755127,1659.7398681640625,935.0299072265625,0.8210817575454712,1995.7457275390625,930.7767333984375,0.8386905193328857,1519.3831787109375,1113.6658935546875,0.7982286214828491,2131.84912109375,1109.4124755859375,0.7752381563186646,1732.0450439453125,1428.4053955078125,0.7112501859664917,1944.7069091796875,1424.1522216796875,0.7090247869491577,1749.0579833984375,1840.9693603515625,0.8132225871086121,1961.7198486328125,1828.2098388671875,0.8396339416503906,1774.5772705078125,2236.5205078125,0.9026058912277222,1919.1876220703125,2215.25439453125,0.8738618493080139,1787.3370361328125,2287.5595703125,0.9212491512298584,1906.4278564453125,2270.54638671875,0.8768960237503052,1791.5904541015625,2249.2802734375,0.7573002576828003,1906.4278564453125,2232.267578125,0.7716056704521179,1648.0977783203125,1116.429443359375,0.23427438735961914,1658.145751953125,1088.5185546875,0.14800119400024414,1660.750732421875,1062.4683837890625,0.11086012423038483,1659.63427734375,1043.489013671875,0.16878433525562286,1654.42431640625,1031.9525146484375,0.1502566933631897,1705.7802734375,1076.9820556640625,0.14303606748580933,1716.2003173828125,1053.9090576171875,0.17097733914852142,1717.3167724609375,1043.8612060546875,0.17984698712825775,1771.64990234375,1033.441162109375,0.148894801735878,1699.0816650390625,1084.0528564453125,0.16311456263065338,1694.2437744140625,1057.2584228515625,0.16594117879867554,1694.988037109375,1047.5826416015625,0.14746235311031342,1771.64990234375,1033.441162109375,0.13190124928951263,1696.1044921875,1093.3564453125,0.12743796408176422,1687.9173583984375,1055.0255126953125,0.12271983921527863,1744.1112060546875,1044.60546875,0.1124999150633812,1771.64990234375,1033.441162109375,0.14481036365032196,1710.2459716796875,1114.196533203125,0.10402098298072815,1716.944580078125,1050.559814453125,0.13188429176807404,1717.68896484375,1042.00048828125,0.14472387731075287,1655.912841796875,1032.32470703125,0.12427830696105957,2082.785400390625,1181.8695068359375,0.0838799774646759,1989.757568359375,1089.6990966796875,0.04868774861097336,2006.04833984375,1045.1143798828125,0.0685165598988533,2004.33349609375,1037.3978271484375,0.09554263204336166,1966.17919921875,1031.82470703125,0.09721662104129791,1973.467041015625,1072.5511474609375,0.09963284432888031,1961.46337890625,1050.6875,0.09959287196397781,1959.748779296875,1035.6829833984375,0.09539031982421875,1955.890380859375,1043.3995361328125,0.08686678111553192,1959.748779296875,1072.5511474609375,0.09902670979499817,1944.744140625,1065.6920166015625,0.0980176031589508,1945.6015625,1054.1170654296875,0.08598004281520844,1947.31640625,1052.8309326171875,0.06575721502304077,1959.748779296875,1079.839111328125,0.0814804881811142,1943.4580078125,1072.5511474609375,0.08479557186365128,1943.4580078125,1057.546630859375,0.07463452219963074,1944.744140625,1093.1287841796875,0.05910111218690872,1973.467041015625,1090.1278076171875,0.06734982132911682,1943.88671875,1094.843505859375,0.059260595589876175,1940.028564453125,1095.700927734375,0.056564897298812866,1942.6005859375,1095.272216796875,0.04554089903831482
